START 2026-09-23T04:33:41+00:00 host=radonduo load=8.00 8.04 8.09 git=b683253
-- Configuring done
-- Generating done
-- Build files have been written to: /home/wenqianz/UNSW/pivoter/research/r1_skyline_index_20260918/build
Consolidate compiler generated dependencies of target chain_index_tool
[ 50%] Building CXX object CMakeFiles/chain_index_tool.dir/chain_index_tool.cpp.o
In file included from /home/wenqianz/UNSW/pivoter/research/r1_skyline_index_20260918/../r1_terminal_20260918/../r1_orderreplay_20260917/active/../../r1_fullrange_20260917/../r1_tworoads_20260917/stream/../../r1_bottomup_20260917/../r1_sizesplit_20260917/../r1_floorbatch_20260916/../r1_envelopecore_20260916/../r1_jointpeel_20260916/ceiling/ceiling.hpp:3,
                 from /home/wenqianz/UNSW/pivoter/research/r1_skyline_index_20260918/../r1_terminal_20260918/../r1_orderreplay_20260917/active/../../r1_fullrange_20260917/../r1_tworoads_20260917/stream/../../r1_bottomup_20260917/../r1_sizesplit_20260917/../r1_floorbatch_20260916/../r1_envelopecore_20260916/envelope.hpp:3,
                 from /home/wenqianz/UNSW/pivoter/research/r1_skyline_index_20260918/../r1_terminal_20260918/../r1_orderreplay_20260917/active/../../r1_fullrange_20260917/../r1_tworoads_20260917/stream/../../r1_bottomup_20260917/../r1_sizesplit_20260917/../r1_floorbatch_20260916/floor.hpp:3,
                 from /home/wenqianz/UNSW/pivoter/research/r1_skyline_index_20260918/../r1_terminal_20260918/../r1_orderreplay_20260917/active/../../r1_fullrange_20260917/../r1_tworoads_20260917/stream/../../r1_bottomup_20260917/../r1_sizesplit_20260917/split.hpp:3,
                 from /home/wenqianz/UNSW/pivoter/research/r1_skyline_index_20260918/../r1_terminal_20260918/../r1_orderreplay_20260917/active/../../r1_fullrange_20260917/../r1_tworoads_20260917/stream/../../r1_bottomup_20260917/bottomup.hpp:3,
                 from /home/wenqianz/UNSW/pivoter/research/r1_skyline_index_20260918/../r1_terminal_20260918/../r1_orderreplay_20260917/active/../../r1_fullrange_20260917/../r1_tworoads_20260917/stream/../capped.hpp:3,
                 from /home/wenqianz/UNSW/pivoter/research/r1_skyline_index_20260918/../r1_terminal_20260918/../r1_orderreplay_20260917/active/../../r1_fullrange_20260917/../r1_tworoads_20260917/stream/../components.hpp:3,
                 from /home/wenqianz/UNSW/pivoter/research/r1_skyline_index_20260918/../r1_terminal_20260918/../r1_orderreplay_20260917/active/../../r1_fullrange_20260917/../r1_tworoads_20260917/stream/stream.hpp:3,
                 from /home/wenqianz/UNSW/pivoter/research/r1_skyline_index_20260918/../r1_terminal_20260918/../r1_orderreplay_20260917/active/../../r1_fullrange_20260917/generated.hpp:3,
                 from /home/wenqianz/UNSW/pivoter/research/r1_skyline_index_20260918/../r1_terminal_20260918/../r1_orderreplay_20260917/active/../order.hpp:3,
                 from /home/wenqianz/UNSW/pivoter/research/r1_skyline_index_20260918/../r1_terminal_20260918/../r1_orderreplay_20260917/active/active.hpp:3,
                 from /home/wenqianz/UNSW/pivoter/research/r1_skyline_index_20260918/../r1_terminal_20260918/terminal.hpp:3,
                 from /home/wenqianz/UNSW/pivoter/research/r1_skyline_index_20260918/common.hpp:6,
                 from /home/wenqianz/UNSW/pivoter/research/r1_skyline_index_20260918/count.cpp:1,
                 from /home/wenqianz/UNSW/pivoter/research/r1_skyline_index_20260918/chain_index_tool.cpp:12:
/home/wenqianz/UNSW/pivoter/research/r1_skyline_index_20260918/../r1_terminal_20260918/../r1_orderreplay_20260917/active/../../r1_fullrange_20260917/../r1_tworoads_20260917/stream/../../r1_bottomup_20260917/../r1_sizesplit_20260917/../r1_floorbatch_20260916/../r1_envelopecore_20260916/../r1_jointpeel_20260916/ceiling/../joint.hpp: In function ‘bool allsize::choose_at_most(uint64_t, int, partial::Count)’:
/home/wenqianz/UNSW/pivoter/research/r1_skyline_index_20260918/../r1_terminal_20260918/../r1_orderreplay_20260917/active/../../r1_fullrange_20260917/../r1_tworoads_20260917/stream/../../r1_bottomup_20260917/../r1_sizesplit_20260917/../r1_floorbatch_20260916/../r1_envelopecore_20260916/../r1_jointpeel_20260916/ceiling/../joint.hpp:198:14: warning: ISO C++ does not support ‘__int128’ for ‘value’ [-Wpedantic]
  198 |     unsigned __int128 value = 1;
      |              ^~~~~~~~
In file included from /home/wenqianz/UNSW/pivoter/research/r1_skyline_index_20260918/../r1_terminal_20260918/../r1_orderreplay_20260917/active/../../r1_fullrange_20260917/../r1_tworoads_20260917/stream/../components.hpp:3,
                 from /home/wenqianz/UNSW/pivoter/research/r1_skyline_index_20260918/../r1_terminal_20260918/../r1_orderreplay_20260917/active/../../r1_fullrange_20260917/../r1_tworoads_20260917/stream/stream.hpp:3,
                 from /home/wenqianz/UNSW/pivoter/research/r1_skyline_index_20260918/../r1_terminal_20260918/../r1_orderreplay_20260917/active/../../r1_fullrange_20260917/generated.hpp:3,
                 from /home/wenqianz/UNSW/pivoter/research/r1_skyline_index_20260918/../r1_terminal_20260918/../r1_orderreplay_20260917/active/../order.hpp:3,
                 from /home/wenqianz/UNSW/pivoter/research/r1_skyline_index_20260918/../r1_terminal_20260918/../r1_orderreplay_20260917/active/active.hpp:3,
                 from /home/wenqianz/UNSW/pivoter/research/r1_skyline_index_20260918/../r1_terminal_20260918/terminal.hpp:3,
                 from /home/wenqianz/UNSW/pivoter/research/r1_skyline_index_20260918/common.hpp:6,
                 from /home/wenqianz/UNSW/pivoter/research/r1_skyline_index_20260918/count.cpp:1,
                 from /home/wenqianz/UNSW/pivoter/research/r1_skyline_index_20260918/chain_index_tool.cpp:12:
/home/wenqianz/UNSW/pivoter/research/r1_skyline_index_20260918/../r1_terminal_20260918/../r1_orderreplay_20260917/active/../../r1_fullrange_20260917/../r1_tworoads_20260917/stream/../capped.hpp: In function ‘partial::Count tworoads::capped_choose(uint64_t, int, partial::Count, tworoads::Statistics&)’:
/home/wenqianz/UNSW/pivoter/research/r1_skyline_index_20260918/../r1_terminal_20260918/../r1_orderreplay_20260917/active/../../r1_fullrange_20260917/../r1_tworoads_20260917/stream/../capped.hpp:28:14: warning: ISO C++ does not support ‘__int128’ for ‘value’ [-Wpedantic]
   28 |     unsigned __int128 value=1;
      |              ^~~~~~~~
/home/wenqianz/UNSW/pivoter/research/r1_skyline_index_20260918/../r1_terminal_20260918/../r1_orderreplay_20260917/active/../../r1_fullrange_20260917/../r1_tworoads_20260917/stream/../capped.hpp:34:49: warning: ISO C++ does not support ‘__int128’ for ‘type name’ [-Wpedantic]
   34 |     return static_cast<Count>(std::min<unsigned __int128>(cap,value));
      |                                                 ^~~~~~~~
/home/wenqianz/UNSW/pivoter/research/r1_skyline_index_20260918/../r1_terminal_20260918/../r1_orderreplay_20260917/active/../../r1_fullrange_20260917/../r1_tworoads_20260917/stream/../capped.hpp: In function ‘tworoads::Result tworoads::capped(const partial::Graph&, const allsize::Layout&, const partial::Combinations&, const Vertices&, const std::vector<long unsigned int>*)’:
/home/wenqianz/UNSW/pivoter/research/r1_skyline_index_20260918/../r1_terminal_20260918/../r1_orderreplay_20260917/active/../../r1_fullrange_20260917/../r1_tworoads_20260917/stream/../capped.hpp:101:36: warning: ISO C++ does not support ‘__int128’ for ‘ratio’ [-Wpedantic]
  101 |                     const unsigned __int128 ratio=ordinary[v]<static_cast<Vertex>(s-1) ? 0 :
      |                                    ^~~~~~~~
/home/wenqianz/UNSW/pivoter/research/r1_skyline_index_20260918/../r1_terminal_20260918/../r1_orderreplay_20260917/active/../../r1_fullrange_20260917/../r1_tworoads_20260917/stream/../capped.hpp:102:46: warning: ISO C++ does not support ‘__int128’ for ‘type name’ [-Wpedantic]
  102 |                         static_cast<unsigned __int128>(previous[v])*(ordinary[v]-s+2)/(s-1);
      |                                              ^~~~~~~~
/home/wenqianz/UNSW/pivoter/research/r1_skyline_index_20260918/../r1_terminal_20260918/../r1_orderreplay_20260917/active/../../r1_fullrange_20260917/../r1_tworoads_20260917/stream/../capped.hpp:103:64: warning: ISO C++ does not support ‘__int128’ for ‘type name’ [-Wpedantic]
  103 |                     value=static_cast<Count>(std::min<unsigned __int128>(value,ratio));
      |                                                                ^~~~~~~~
In file included from /home/wenqianz/UNSW/pivoter/research/r1_skyline_index_20260918/../r1_terminal_20260918/../r1_orderreplay_20260917/active/../../r1_fullrange_20260917/generated.hpp:3,
                 from /home/wenqianz/UNSW/pivoter/research/r1_skyline_index_20260918/../r1_terminal_20260918/../r1_orderreplay_20260917/active/../order.hpp:3,
                 from /home/wenqianz/UNSW/pivoter/research/r1_skyline_index_20260918/../r1_terminal_20260918/../r1_orderreplay_20260917/active/active.hpp:3,
                 from /home/wenqianz/UNSW/pivoter/research/r1_skyline_index_20260918/../r1_terminal_20260918/terminal.hpp:3,
                 from /home/wenqianz/UNSW/pivoter/research/r1_skyline_index_20260918/common.hpp:6,
                 from /home/wenqianz/UNSW/pivoter/research/r1_skyline_index_20260918/count.cpp:1,
                 from /home/wenqianz/UNSW/pivoter/research/r1_skyline_index_20260918/chain_index_tool.cpp:12:
/home/wenqianz/UNSW/pivoter/research/r1_skyline_index_20260918/../r1_terminal_20260918/../r1_orderreplay_20260917/active/../../r1_fullrange_20260917/../r1_tworoads_20260917/stream/stream.hpp: In function ‘orderdp::Result orderdp::solve(const partial::Graph&, const allsize::Layout&, const partial::Combinations&, const Vertices&, const std::vector<long unsigned int>*)’:
/home/wenqianz/UNSW/pivoter/research/r1_skyline_index_20260918/../r1_terminal_20260918/../r1_orderreplay_20260917/active/../../r1_fullrange_20260917/../r1_tworoads_20260917/stream/stream.hpp:152:36: warning: ISO C++ does not support ‘__int128’ for ‘ratio’ [-Wpedantic]
  152 |                     const unsigned __int128 ratio=static_cast<unsigned __int128>(previous[v])*(ordinary[v]-s+2)/(s-1);
      |                                    ^~~~~~~~
/home/wenqianz/UNSW/pivoter/research/r1_skyline_index_20260918/../r1_terminal_20260918/../r1_orderreplay_20260917/active/../../r1_fullrange_20260917/../r1_tworoads_20260917/stream/stream.hpp:152:72: warning: ISO C++ does not support ‘__int128’ for ‘type name’ [-Wpedantic]
  152 |                     const unsigned __int128 ratio=static_cast<unsigned __int128>(previous[v])*(ordinary[v]-s+2)/(s-1);
      |                                                                        ^~~~~~~~
In file included from /home/wenqianz/UNSW/pivoter/research/r1_skyline_index_20260918/../r1_terminal_20260918/../r1_orderreplay_20260917/active/../order.hpp:3,
                 from /home/wenqianz/UNSW/pivoter/research/r1_skyline_index_20260918/../r1_terminal_20260918/../r1_orderreplay_20260917/active/active.hpp:3,
                 from /home/wenqianz/UNSW/pivoter/research/r1_skyline_index_20260918/../r1_terminal_20260918/terminal.hpp:3,
                 from /home/wenqianz/UNSW/pivoter/research/r1_skyline_index_20260918/common.hpp:6,
                 from /home/wenqianz/UNSW/pivoter/research/r1_skyline_index_20260918/count.cpp:1,
                 from /home/wenqianz/UNSW/pivoter/research/r1_skyline_index_20260918/chain_index_tool.cpp:12:
/home/wenqianz/UNSW/pivoter/research/r1_skyline_index_20260918/../r1_terminal_20260918/../r1_orderreplay_20260917/active/../../r1_fullrange_20260917/generated.hpp: At global scope:
/home/wenqianz/UNSW/pivoter/research/r1_skyline_index_20260918/../r1_terminal_20260918/../r1_orderreplay_20260917/active/../../r1_fullrange_20260917/generated.hpp:11:56: warning: ISO C++ does not support ‘__int128’ for ‘type name’ [-Wpedantic]
   11 | template<> struct Wide<uint64_t> { using type=unsigned __int128; };
      |                                                        ^~~~~~~~
/home/wenqianz/UNSW/pivoter/research/r1_skyline_index_20260918/../r1_terminal_20260918/../r1_orderreplay_20260917/active/../../r1_fullrange_20260917/generated.hpp:12:33: warning: ISO C++ does not support ‘__int128’ for ‘type name’ [-Wpedantic]
   12 | template<> struct Wide<unsigned __int128> { using type=boost::multiprecision::uint256_t; };
      |                                 ^~~~~~~~
In file included from /home/wenqianz/UNSW/pivoter/research/r1_skyline_index_20260918/chain_index_tool.cpp:12:
/home/wenqianz/UNSW/pivoter/research/r1_skyline_index_20260918/count.cpp: In function ‘boost::multiprecision::cpp_int shadow(int, boost::multiprecision::cpp_int)’:
/home/wenqianz/UNSW/pivoter/research/r1_skyline_index_20260918/count.cpp:22:5: warning: this ‘if’ clause does not guard... [-Wmisleading-indentation]
   22 |     if(!k)return 0; cpp_int ans=0;
      |     ^~
/home/wenqianz/UNSW/pivoter/research/r1_skyline_index_20260918/count.cpp:22:21: note: ...this statement, but the latter is misleadingly indented as if it were guarded by the ‘if’
   22 |     if(!k)return 0; cpp_int ans=0;
      |                     ^~~~~~~
In file included from /home/wenqianz/UNSW/pivoter/research/r1_skyline_index_20260918/chain_index_tool.cpp:12:
/home/wenqianz/UNSW/pivoter/research/r1_skyline_index_20260918/count.cpp: In function ‘int skyline_stage1_count_main(int, char**)’:
/home/wenqianz/UNSW/pivoter/research/r1_skyline_index_20260918/count.cpp:139:445: warning: ISO C++ does not support ‘__int128’ for ‘type name’ [-Wpedantic]
  139 | int main(int argc,char** argv){try{if(argc==2&&std::string(argv[1])=="--selftest"){selftest();return 0;}require(argc==3&&std::string(argv[1])=="--graph","usage: count --selftest | --graph path");Input in=prepare(argv[2]);int maximum=std::max(2,static_cast<int>(in.d)+1);Layout l(in.graph,maximum);l.prepare(in.graph.n);unsigned b=width(count_bound(in.graph,l,in.d));if(b==64)print(measure<uint64_t>(in,b));else if(b==128)print(measure<unsigned __int128>(in,b));else if(b==256)print(measure<boost::multiprecision::uint256_t>(in,b));else print(measure<boost::multiprecision::uint512_t>(in,b));}catch(const std::exception& e){std::cerr<<e.what()<<'\n';return 1;}}
      |                                                                                                                                                                                                                                                                                                                                                                                                                                                             ^~~~~~~~
In file included from /home/wenqianz/UNSW/pivoter/research/r1_skyline_index_20260918/chain_index_tool.cpp:14:
/home/wenqianz/UNSW/pivoter/research/r1_skyline_index_20260918/chain_index.hpp: In member function ‘void chainindex::ChainIndex<T>::compact_runs(bool)’:
/home/wenqianz/UNSW/pivoter/research/r1_skyline_index_20260918/chain_index.hpp:183:9: warning: this ‘if’ clause does not guard... [-Wmisleading-indentation]
  183 |         if (compact) return; packed_tops = pack_tops;
      |         ^~
/home/wenqianz/UNSW/pivoter/research/r1_skyline_index_20260918/chain_index.hpp:183:30: note: ...this statement, but the latter is misleadingly indented as if it were guarded by the ‘if’
  183 |         if (compact) return; packed_tops = pack_tops;
      |                              ^~~~~~~~~~~
/home/wenqianz/UNSW/pivoter/research/r1_skyline_index_20260918/chain_index_tool.cpp: In function ‘void dispatch_width(const cpp_int&, F&&)’:
/home/wenqianz/UNSW/pivoter/research/r1_skyline_index_20260918/chain_index_tool.cpp:80:86: warning: ISO C++ does not support ‘__int128’ for ‘type name’ [-Wpedantic]
   80 |         try { if (bits == 64) f(uint64_t{}, bits); else if (bits == 128) f((unsigned __int128){}, bits); else if (bits == 256) f(boost::multiprecision::uint256_t{}, bits); else f(boost::multiprecision::uint512_t{}, bits); return; }
      |                                                                                      ^~~~~~~~
/home/wenqianz/UNSW/pivoter/research/r1_skyline_index_20260918/chain_index_tool.cpp:80:96: warning: ISO C++ forbids compound-literals [-Wpedantic]
   80 |         try { if (bits == 64) f(uint64_t{}, bits); else if (bits == 128) f((unsigned __int128){}, bits); else if (bits == 256) f(boost::multiprecision::uint256_t{}, bits); else f(boost::multiprecision::uint512_t{}, bits); return; }
      |                                                                                                ^
/home/wenqianz/UNSW/pivoter/research/r1_skyline_index_20260918/chain_index_tool.cpp: In function ‘V to_value(const T&)’:
/home/wenqianz/UNSW/pivoter/research/r1_skyline_index_20260918/chain_index_tool.cpp:95:119: warning: ISO C++ does not support ‘__int128’ for ‘type name’ [-Wpedantic]
   95 |     else if constexpr (std::is_same_v<V, double>) { if constexpr (std::is_integral_v<T> || std::is_same_v<T, unsigned __int128>) return static_cast<double>(x); else return x.template convert_to<double>(); }
      |                                                                                                                       ^~~~~~~~
/home/wenqianz/UNSW/pivoter/research/r1_skyline_index_20260918/chain_index_tool.cpp: In lambda function:
/home/wenqianz/UNSW/pivoter/research/r1_skyline_index_20260918/chain_index_tool.cpp:122:9: warning: this ‘if’ clause does not guard... [-Wmisleading-indentation]
  122 |         if (s < 2 || s > S) return; const auto t0 = Clock::now();
      |         ^~
/home/wenqianz/UNSW/pivoter/research/r1_skyline_index_20260918/chain_index_tool.cpp:122:37: note: ...this statement, but the latter is misleadingly indented as if it were guarded by the ‘if’
  122 |         if (s < 2 || s > S) return; const auto t0 = Clock::now();
      |                                     ^~~~~
/home/wenqianz/UNSW/pivoter/research/r1_skyline_index_20260918/chain_index_tool.cpp: In lambda function:
/home/wenqianz/UNSW/pivoter/research/r1_skyline_index_20260918/chain_index_tool.cpp:250:21: warning: this ‘for’ clause does not guard... [-Wmisleading-indentation]
  250 |                     for (auto& x : ids) x = inv[x]; std::sort(ids.begin(), ids.end()); require(ids == truth, "community differs from brute force"); ++queries;
      |                     ^~~
/home/wenqianz/UNSW/pivoter/research/r1_skyline_index_20260918/chain_index_tool.cpp:250:53: note: ...this statement, but the latter is misleadingly indented as if it were guarded by the ‘for’
  250 |                     for (auto& x : ids) x = inv[x]; std::sort(ids.begin(), ids.end()); require(ids == truth, "community differs from brute force"); ++queries;
      |                                                     ^~~
/home/wenqianz/UNSW/pivoter/research/r1_skyline_index_20260918/chain_index_tool.cpp:253:25: warning: this ‘for’ clause does not guard... [-Wmisleading-indentation]
  253 |                         for (auto& x : ex) x = inv[x]; std::sort(ex.begin(), ex.end()); require(ex == truth, "pointer form differs from brute force"); }
      |                         ^~~
/home/wenqianz/UNSW/pivoter/research/r1_skyline_index_20260918/chain_index_tool.cpp:253:56: note: ...this statement, but the latter is misleadingly indented as if it were guarded by the ‘for’
  253 |                         for (auto& x : ex) x = inv[x]; std::sort(ex.begin(), ex.end()); require(ex == truth, "pointer form differs from brute force"); }
      |                                                        ^~~
In file included from /home/wenqianz/UNSW/pivoter/research/r1_skyline_index_20260918/chain_index_tool.cpp:12:
/home/wenqianz/UNSW/pivoter/research/r1_skyline_index_20260918/count.cpp: In function ‘int skyline_stage1_count_main(int, char**)’:
/home/wenqianz/UNSW/pivoter/research/r1_skyline_index_20260918/count.cpp:139:660: warning: control reaches end of non-void function [-Wreturn-type]
  139 | int main(int argc,char** argv){try{if(argc==2&&std::string(argv[1])=="--selftest"){selftest();return 0;}require(argc==3&&std::string(argv[1])=="--graph","usage: count --selftest | --graph path");Input in=prepare(argv[2]);int maximum=std::max(2,static_cast<int>(in.d)+1);Layout l(in.graph,maximum);l.prepare(in.graph.n);unsigned b=width(count_bound(in.graph,l,in.d));if(b==64)print(measure<uint64_t>(in,b));else if(b==128)print(measure<unsigned __int128>(in,b));else if(b==256)print(measure<boost::multiprecision::uint256_t>(in,b));else print(measure<boost::multiprecision::uint512_t>(in,b));}catch(const std::exception& e){std::cerr<<e.what()<<'\n';return 1;}}
      |                                                                                                                                                                                                                                                                                                                                                                                                                                                                                                                                                                                                                                                                                    ^
In file included from /usr/include/string.h:535,
                 from /usr/include/boost/range/detail/implementation_help.hpp:18,
                 from /usr/include/boost/range/end.hpp:20,
                 from /usr/include/boost/range/functions.hpp:19,
                 from /usr/include/boost/range/iterator_range_core.hpp:38,
                 from /usr/include/boost/lexical_cast.hpp:30,
                 from /usr/include/boost/multiprecision/detail/number_base.hpp:20,
                 from /usr/include/boost/multiprecision/traits/is_variable_precision.hpp:10,
                 from /usr/include/boost/multiprecision/detail/precision.hpp:9,
                 from /usr/include/boost/multiprecision/number.hpp:25,
                 from /usr/include/boost/multiprecision/cpp_int.hpp:12,
                 from /home/wenqianz/UNSW/pivoter/research/r1_skyline_index_20260918/../r1_terminal_20260918/../r1_orderreplay_20260917/active/../../r1_fullrange_20260917/../r1_tworoads_20260917/stream/../../r1_bottomup_20260917/../r1_sizesplit_20260917/../r1_floorbatch_20260916/../r1_envelopecore_20260916/envelope.hpp:4,
                 from /home/wenqianz/UNSW/pivoter/research/r1_skyline_index_20260918/../r1_terminal_20260918/../r1_orderreplay_20260917/active/../../r1_fullrange_20260917/../r1_tworoads_20260917/stream/../../r1_bottomup_20260917/../r1_sizesplit_20260917/../r1_floorbatch_20260916/floor.hpp:3,
                 from /home/wenqianz/UNSW/pivoter/research/r1_skyline_index_20260918/../r1_terminal_20260918/../r1_orderreplay_20260917/active/../../r1_fullrange_20260917/../r1_tworoads_20260917/stream/../../r1_bottomup_20260917/../r1_sizesplit_20260917/split.hpp:3,
                 from /home/wenqianz/UNSW/pivoter/research/r1_skyline_index_20260918/../r1_terminal_20260918/../r1_orderreplay_20260917/active/../../r1_fullrange_20260917/../r1_tworoads_20260917/stream/../../r1_bottomup_20260917/bottomup.hpp:3,
                 from /home/wenqianz/UNSW/pivoter/research/r1_skyline_index_20260918/../r1_terminal_20260918/../r1_orderreplay_20260917/active/../../r1_fullrange_20260917/../r1_tworoads_20260917/stream/../capped.hpp:3,
                 from /home/wenqianz/UNSW/pivoter/research/r1_skyline_index_20260918/../r1_terminal_20260918/../r1_orderreplay_20260917/active/../../r1_fullrange_20260917/../r1_tworoads_20260917/stream/../components.hpp:3,
                 from /home/wenqianz/UNSW/pivoter/research/r1_skyline_index_20260918/../r1_terminal_20260918/../r1_orderreplay_20260917/active/../../r1_fullrange_20260917/../r1_tworoads_20260917/stream/stream.hpp:3,
                 from /home/wenqianz/UNSW/pivoter/research/r1_skyline_index_20260918/../r1_terminal_20260918/../r1_orderreplay_20260917/active/../../r1_fullrange_20260917/generated.hpp:3,
                 from /home/wenqianz/UNSW/pivoter/research/r1_skyline_index_20260918/../r1_terminal_20260918/../r1_orderreplay_20260917/active/../order.hpp:3,
                 from /home/wenqianz/UNSW/pivoter/research/r1_skyline_index_20260918/../r1_terminal_20260918/../r1_orderreplay_20260917/active/active.hpp:3,
                 from /home/wenqianz/UNSW/pivoter/research/r1_skyline_index_20260918/../r1_terminal_20260918/terminal.hpp:3,
                 from /home/wenqianz/UNSW/pivoter/research/r1_skyline_index_20260918/common.hpp:6,
                 from /home/wenqianz/UNSW/pivoter/research/r1_skyline_index_20260918/count.cpp:1,
                 from /home/wenqianz/UNSW/pivoter/research/r1_skyline_index_20260918/chain_index_tool.cpp:12:
In function ‘void* memcpy(void*, const void*, size_t)’,
    inlined from ‘static T chainindex::Traits<T>::load(const unsigned char*) [with long unsigned int Wb = 16; T = long unsigned int]’ at /home/wenqianz/UNSW/pivoter/research/r1_skyline_index_20260918/chain_index.hpp:36:85,
    inlined from ‘chainindex::ChainIndex<long unsigned int>::climb_bytes<16>(const chainindex::ChainIndex<long unsigned int>::Layer&, uint32_t, const long unsigned int&) const::<lambda(uint32_t)>’ at /home/wenqianz/UNSW/pivoter/research/r1_skyline_index_20260918/chain_index.hpp:95:78,
    inlined from ‘uint32_t chainindex::ChainIndex<T>::climb_bytes(const chainindex::ChainIndex<T>::Layer&, uint32_t, const T&) const [with long unsigned int Wb = 16; T = long unsigned int]’ at /home/wenqianz/UNSW/pivoter/research/r1_skyline_index_20260918/chain_index.hpp:96:116,
    inlined from ‘chainindex::ChainIndex<long unsigned int>::climb(int, uint32_t, const long unsigned int&) const::<lambda(auto:44)> [with auto:44 = std::integral_constant<long unsigned int, 16>]’ at /home/wenqianz/UNSW/pivoter/research/r1_skyline_index_20260918/chain_index.hpp:105:98,
    inlined from ‘auto chainindex::with_width(unsigned int, F&&) [with F = chainindex::ChainIndex<long unsigned int>::climb(int, uint32_t, const long unsigned int&) const::<lambda(auto:44)>]’ at /home/wenqianz/UNSW/pivoter/research/r1_skyline_index_20260918/chain_index.hpp:60:81:
/usr/include/x86_64-linux-gnu/bits/string_fortified.h:29:33: warning: ‘void* __builtin___memcpy_chk(void*, const void*, long unsigned int, long unsigned int)’ forming offset [8, 15] is out of the bounds [0, 8] of object ‘x’ with type ‘long unsigned int’ [-Warray-bounds]
   29 |   return __builtin___memcpy_chk (__dest, __src, __len,
      |          ~~~~~~~~~~~~~~~~~~~~~~~^~~~~~~~~~~~~~~~~~~~~~
   30 |                                  __glibc_objsize0 (__dest));
      |                                  ~~~~~~~~~~~~~~~~~~~~~~~~~~
In file included from /home/wenqianz/UNSW/pivoter/research/r1_skyline_index_20260918/chain_index_tool.cpp:14:
/home/wenqianz/UNSW/pivoter/research/r1_skyline_index_20260918/chain_index.hpp: In function ‘auto chainindex::with_width(unsigned int, F&&) [with F = chainindex::ChainIndex<long unsigned int>::climb(int, uint32_t, const long unsigned int&) const::<lambda(auto:44)>]’:
/home/wenqianz/UNSW/pivoter/research/r1_skyline_index_20260918/chain_index.hpp:36:67: note: ‘x’ declared here
   36 |     template<size_t Wb> static T load(const unsigned char* p) { T x = 0; std::memcpy(&x, p, Wb); return x; }   // constant-size load, Wb <= W
      |                                                                   ^
In file included from /usr/include/string.h:535,
                 from /usr/include/boost/range/detail/implementation_help.hpp:18,
                 from /usr/include/boost/range/end.hpp:20,
                 from /usr/include/boost/range/functions.hpp:19,
                 from /usr/include/boost/range/iterator_range_core.hpp:38,
                 from /usr/include/boost/lexical_cast.hpp:30,
                 from /usr/include/boost/multiprecision/detail/number_base.hpp:20,
                 from /usr/include/boost/multiprecision/traits/is_variable_precision.hpp:10,
                 from /usr/include/boost/multiprecision/detail/precision.hpp:9,
                 from /usr/include/boost/multiprecision/number.hpp:25,
                 from /usr/include/boost/multiprecision/cpp_int.hpp:12,
                 from /home/wenqianz/UNSW/pivoter/research/r1_skyline_index_20260918/../r1_terminal_20260918/../r1_orderreplay_20260917/active/../../r1_fullrange_20260917/../r1_tworoads_20260917/stream/../../r1_bottomup_20260917/../r1_sizesplit_20260917/../r1_floorbatch_20260916/../r1_envelopecore_20260916/envelope.hpp:4,
                 from /home/wenqianz/UNSW/pivoter/research/r1_skyline_index_20260918/../r1_terminal_20260918/../r1_orderreplay_20260917/active/../../r1_fullrange_20260917/../r1_tworoads_20260917/stream/../../r1_bottomup_20260917/../r1_sizesplit_20260917/../r1_floorbatch_20260916/floor.hpp:3,
                 from /home/wenqianz/UNSW/pivoter/research/r1_skyline_index_20260918/../r1_terminal_20260918/../r1_orderreplay_20260917/active/../../r1_fullrange_20260917/../r1_tworoads_20260917/stream/../../r1_bottomup_20260917/../r1_sizesplit_20260917/split.hpp:3,
                 from /home/wenqianz/UNSW/pivoter/research/r1_skyline_index_20260918/../r1_terminal_20260918/../r1_orderreplay_20260917/active/../../r1_fullrange_20260917/../r1_tworoads_20260917/stream/../../r1_bottomup_20260917/bottomup.hpp:3,
                 from /home/wenqianz/UNSW/pivoter/research/r1_skyline_index_20260918/../r1_terminal_20260918/../r1_orderreplay_20260917/active/../../r1_fullrange_20260917/../r1_tworoads_20260917/stream/../capped.hpp:3,
                 from /home/wenqianz/UNSW/pivoter/research/r1_skyline_index_20260918/../r1_terminal_20260918/../r1_orderreplay_20260917/active/../../r1_fullrange_20260917/../r1_tworoads_20260917/stream/../components.hpp:3,
                 from /home/wenqianz/UNSW/pivoter/research/r1_skyline_index_20260918/../r1_terminal_20260918/../r1_orderreplay_20260917/active/../../r1_fullrange_20260917/../r1_tworoads_20260917/stream/stream.hpp:3,
                 from /home/wenqianz/UNSW/pivoter/research/r1_skyline_index_20260918/../r1_terminal_20260918/../r1_orderreplay_20260917/active/../../r1_fullrange_20260917/generated.hpp:3,
                 from /home/wenqianz/UNSW/pivoter/research/r1_skyline_index_20260918/../r1_terminal_20260918/../r1_orderreplay_20260917/active/../order.hpp:3,
                 from /home/wenqianz/UNSW/pivoter/research/r1_skyline_index_20260918/../r1_terminal_20260918/../r1_orderreplay_20260917/active/active.hpp:3,
                 from /home/wenqianz/UNSW/pivoter/research/r1_skyline_index_20260918/../r1_terminal_20260918/terminal.hpp:3,
                 from /home/wenqianz/UNSW/pivoter/research/r1_skyline_index_20260918/common.hpp:6,
                 from /home/wenqianz/UNSW/pivoter/research/r1_skyline_index_20260918/count.cpp:1,
                 from /home/wenqianz/UNSW/pivoter/research/r1_skyline_index_20260918/chain_index_tool.cpp:12:
In function ‘void* memcpy(void*, const void*, size_t)’,
    inlined from ‘static T chainindex::Traits<T>::load(const unsigned char*) [with long unsigned int Wb = 16; T = long unsigned int]’ at /home/wenqianz/UNSW/pivoter/research/r1_skyline_index_20260918/chain_index.hpp:36:85,
    inlined from ‘chainindex::ChainIndex<long unsigned int>::climb_bytes<16>(const chainindex::ChainIndex<long unsigned int>::Layer&, uint32_t, const long unsigned int&) const::<lambda(uint32_t)>’ at /home/wenqianz/UNSW/pivoter/research/r1_skyline_index_20260918/chain_index.hpp:95:78,
    inlined from ‘uint32_t chainindex::ChainIndex<T>::climb_bytes(const chainindex::ChainIndex<T>::Layer&, uint32_t, const T&) const [with long unsigned int Wb = 16; T = long unsigned int]’ at /home/wenqianz/UNSW/pivoter/research/r1_skyline_index_20260918/chain_index.hpp:96:43,
    inlined from ‘chainindex::ChainIndex<long unsigned int>::climb(int, uint32_t, const long unsigned int&) const::<lambda(auto:44)> [with auto:44 = std::integral_constant<long unsigned int, 16>]’ at /home/wenqianz/UNSW/pivoter/research/r1_skyline_index_20260918/chain_index.hpp:105:98,
    inlined from ‘auto chainindex::with_width(unsigned int, F&&) [with F = chainindex::ChainIndex<long unsigned int>::climb(int, uint32_t, const long unsigned int&) const::<lambda(auto:44)>]’ at /home/wenqianz/UNSW/pivoter/research/r1_skyline_index_20260918/chain_index.hpp:60:81:
/usr/include/x86_64-linux-gnu/bits/string_fortified.h:29:33: warning: ‘void* __builtin___memcpy_chk(void*, const void*, long unsigned int, long unsigned int)’ forming offset [8, 15] is out of the bounds [0, 8] of object ‘x’ with type ‘long unsigned int’ [-Warray-bounds]
   29 |   return __builtin___memcpy_chk (__dest, __src, __len,
      |          ~~~~~~~~~~~~~~~~~~~~~~~^~~~~~~~~~~~~~~~~~~~~~
   30 |                                  __glibc_objsize0 (__dest));
      |                                  ~~~~~~~~~~~~~~~~~~~~~~~~~~
In file included from /home/wenqianz/UNSW/pivoter/research/r1_skyline_index_20260918/chain_index_tool.cpp:14:
/home/wenqianz/UNSW/pivoter/research/r1_skyline_index_20260918/chain_index.hpp: In function ‘auto chainindex::with_width(unsigned int, F&&) [with F = chainindex::ChainIndex<long unsigned int>::climb(int, uint32_t, const long unsigned int&) const::<lambda(auto:44)>]’:
/home/wenqianz/UNSW/pivoter/research/r1_skyline_index_20260918/chain_index.hpp:36:67: note: ‘x’ declared here
   36 |     template<size_t Wb> static T load(const unsigned char* p) { T x = 0; std::memcpy(&x, p, Wb); return x; }   // constant-size load, Wb <= W
      |                                                                   ^
In file included from /usr/include/string.h:535,
                 from /usr/include/boost/range/detail/implementation_help.hpp:18,
                 from /usr/include/boost/range/end.hpp:20,
                 from /usr/include/boost/range/functions.hpp:19,
                 from /usr/include/boost/range/iterator_range_core.hpp:38,
                 from /usr/include/boost/lexical_cast.hpp:30,
                 from /usr/include/boost/multiprecision/detail/number_base.hpp:20,
                 from /usr/include/boost/multiprecision/traits/is_variable_precision.hpp:10,
                 from /usr/include/boost/multiprecision/detail/precision.hpp:9,
                 from /usr/include/boost/multiprecision/number.hpp:25,
                 from /usr/include/boost/multiprecision/cpp_int.hpp:12,
                 from /home/wenqianz/UNSW/pivoter/research/r1_skyline_index_20260918/../r1_terminal_20260918/../r1_orderreplay_20260917/active/../../r1_fullrange_20260917/../r1_tworoads_20260917/stream/../../r1_bottomup_20260917/../r1_sizesplit_20260917/../r1_floorbatch_20260916/../r1_envelopecore_20260916/envelope.hpp:4,
                 from /home/wenqianz/UNSW/pivoter/research/r1_skyline_index_20260918/../r1_terminal_20260918/../r1_orderreplay_20260917/active/../../r1_fullrange_20260917/../r1_tworoads_20260917/stream/../../r1_bottomup_20260917/../r1_sizesplit_20260917/../r1_floorbatch_20260916/floor.hpp:3,
                 from /home/wenqianz/UNSW/pivoter/research/r1_skyline_index_20260918/../r1_terminal_20260918/../r1_orderreplay_20260917/active/../../r1_fullrange_20260917/../r1_tworoads_20260917/stream/../../r1_bottomup_20260917/../r1_sizesplit_20260917/split.hpp:3,
                 from /home/wenqianz/UNSW/pivoter/research/r1_skyline_index_20260918/../r1_terminal_20260918/../r1_orderreplay_20260917/active/../../r1_fullrange_20260917/../r1_tworoads_20260917/stream/../../r1_bottomup_20260917/bottomup.hpp:3,
                 from /home/wenqianz/UNSW/pivoter/research/r1_skyline_index_20260918/../r1_terminal_20260918/../r1_orderreplay_20260917/active/../../r1_fullrange_20260917/../r1_tworoads_20260917/stream/../capped.hpp:3,
                 from /home/wenqianz/UNSW/pivoter/research/r1_skyline_index_20260918/../r1_terminal_20260918/../r1_orderreplay_20260917/active/../../r1_fullrange_20260917/../r1_tworoads_20260917/stream/../components.hpp:3,
                 from /home/wenqianz/UNSW/pivoter/research/r1_skyline_index_20260918/../r1_terminal_20260918/../r1_orderreplay_20260917/active/../../r1_fullrange_20260917/../r1_tworoads_20260917/stream/stream.hpp:3,
                 from /home/wenqianz/UNSW/pivoter/research/r1_skyline_index_20260918/../r1_terminal_20260918/../r1_orderreplay_20260917/active/../../r1_fullrange_20260917/generated.hpp:3,
                 from /home/wenqianz/UNSW/pivoter/research/r1_skyline_index_20260918/../r1_terminal_20260918/../r1_orderreplay_20260917/active/../order.hpp:3,
                 from /home/wenqianz/UNSW/pivoter/research/r1_skyline_index_20260918/../r1_terminal_20260918/../r1_orderreplay_20260917/active/active.hpp:3,
                 from /home/wenqianz/UNSW/pivoter/research/r1_skyline_index_20260918/../r1_terminal_20260918/terminal.hpp:3,
                 from /home/wenqianz/UNSW/pivoter/research/r1_skyline_index_20260918/common.hpp:6,
                 from /home/wenqianz/UNSW/pivoter/research/r1_skyline_index_20260918/count.cpp:1,
                 from /home/wenqianz/UNSW/pivoter/research/r1_skyline_index_20260918/chain_index_tool.cpp:12:
In function ‘void* memcpy(void*, const void*, size_t)’,
    inlined from ‘static T chainindex::Traits<T>::load(const unsigned char*) [with long unsigned int Wb = 32; T = long unsigned int]’ at /home/wenqianz/UNSW/pivoter/research/r1_skyline_index_20260918/chain_index.hpp:36:85,
    inlined from ‘chainindex::ChainIndex<long unsigned int>::climb_bytes<32>(const chainindex::ChainIndex<long unsigned int>::Layer&, uint32_t, const long unsigned int&) const::<lambda(uint32_t)>’ at /home/wenqianz/UNSW/pivoter/research/r1_skyline_index_20260918/chain_index.hpp:95:78,
    inlined from ‘uint32_t chainindex::ChainIndex<T>::climb_bytes(const chainindex::ChainIndex<T>::Layer&, uint32_t, const T&) const [with long unsigned int Wb = 32; T = long unsigned int]’ at /home/wenqianz/UNSW/pivoter/research/r1_skyline_index_20260918/chain_index.hpp:96:116,
    inlined from ‘chainindex::ChainIndex<long unsigned int>::climb(int, uint32_t, const long unsigned int&) const::<lambda(auto:44)> [with auto:44 = std::integral_constant<long unsigned int, 32>]’ at /home/wenqianz/UNSW/pivoter/research/r1_skyline_index_20260918/chain_index.hpp:105:98,
    inlined from ‘auto chainindex::with_width(unsigned int, F&&) [with F = chainindex::ChainIndex<long unsigned int>::climb(int, uint32_t, const long unsigned int&) const::<lambda(auto:44)>]’ at /home/wenqianz/UNSW/pivoter/research/r1_skyline_index_20260918/chain_index.hpp:60:138:
/usr/include/x86_64-linux-gnu/bits/string_fortified.h:29:33: warning: ‘void* __builtin___memcpy_chk(void*, const void*, long unsigned int, long unsigned int)’ forming offset [8, 31] is out of the bounds [0, 8] of object ‘x’ with type ‘long unsigned int’ [-Warray-bounds]
   29 |   return __builtin___memcpy_chk (__dest, __src, __len,
      |          ~~~~~~~~~~~~~~~~~~~~~~~^~~~~~~~~~~~~~~~~~~~~~
   30 |                                  __glibc_objsize0 (__dest));
      |                                  ~~~~~~~~~~~~~~~~~~~~~~~~~~
In file included from /home/wenqianz/UNSW/pivoter/research/r1_skyline_index_20260918/chain_index_tool.cpp:14:
/home/wenqianz/UNSW/pivoter/research/r1_skyline_index_20260918/chain_index.hpp: In function ‘auto chainindex::with_width(unsigned int, F&&) [with F = chainindex::ChainIndex<long unsigned int>::climb(int, uint32_t, const long unsigned int&) const::<lambda(auto:44)>]’:
/home/wenqianz/UNSW/pivoter/research/r1_skyline_index_20260918/chain_index.hpp:36:67: note: ‘x’ declared here
   36 |     template<size_t Wb> static T load(const unsigned char* p) { T x = 0; std::memcpy(&x, p, Wb); return x; }   // constant-size load, Wb <= W
      |                                                                   ^
In file included from /usr/include/string.h:535,
                 from /usr/include/boost/range/detail/implementation_help.hpp:18,
                 from /usr/include/boost/range/end.hpp:20,
                 from /usr/include/boost/range/functions.hpp:19,
                 from /usr/include/boost/range/iterator_range_core.hpp:38,
                 from /usr/include/boost/lexical_cast.hpp:30,
                 from /usr/include/boost/multiprecision/detail/number_base.hpp:20,
                 from /usr/include/boost/multiprecision/traits/is_variable_precision.hpp:10,
                 from /usr/include/boost/multiprecision/detail/precision.hpp:9,
                 from /usr/include/boost/multiprecision/number.hpp:25,
                 from /usr/include/boost/multiprecision/cpp_int.hpp:12,
                 from /home/wenqianz/UNSW/pivoter/research/r1_skyline_index_20260918/../r1_terminal_20260918/../r1_orderreplay_20260917/active/../../r1_fullrange_20260917/../r1_tworoads_20260917/stream/../../r1_bottomup_20260917/../r1_sizesplit_20260917/../r1_floorbatch_20260916/../r1_envelopecore_20260916/envelope.hpp:4,
                 from /home/wenqianz/UNSW/pivoter/research/r1_skyline_index_20260918/../r1_terminal_20260918/../r1_orderreplay_20260917/active/../../r1_fullrange_20260917/../r1_tworoads_20260917/stream/../../r1_bottomup_20260917/../r1_sizesplit_20260917/../r1_floorbatch_20260916/floor.hpp:3,
                 from /home/wenqianz/UNSW/pivoter/research/r1_skyline_index_20260918/../r1_terminal_20260918/../r1_orderreplay_20260917/active/../../r1_fullrange_20260917/../r1_tworoads_20260917/stream/../../r1_bottomup_20260917/../r1_sizesplit_20260917/split.hpp:3,
                 from /home/wenqianz/UNSW/pivoter/research/r1_skyline_index_20260918/../r1_terminal_20260918/../r1_orderreplay_20260917/active/../../r1_fullrange_20260917/../r1_tworoads_20260917/stream/../../r1_bottomup_20260917/bottomup.hpp:3,
                 from /home/wenqianz/UNSW/pivoter/research/r1_skyline_index_20260918/../r1_terminal_20260918/../r1_orderreplay_20260917/active/../../r1_fullrange_20260917/../r1_tworoads_20260917/stream/../capped.hpp:3,
                 from /home/wenqianz/UNSW/pivoter/research/r1_skyline_index_20260918/../r1_terminal_20260918/../r1_orderreplay_20260917/active/../../r1_fullrange_20260917/../r1_tworoads_20260917/stream/../components.hpp:3,
                 from /home/wenqianz/UNSW/pivoter/research/r1_skyline_index_20260918/../r1_terminal_20260918/../r1_orderreplay_20260917/active/../../r1_fullrange_20260917/../r1_tworoads_20260917/stream/stream.hpp:3,
                 from /home/wenqianz/UNSW/pivoter/research/r1_skyline_index_20260918/../r1_terminal_20260918/../r1_orderreplay_20260917/active/../../r1_fullrange_20260917/generated.hpp:3,
                 from /home/wenqianz/UNSW/pivoter/research/r1_skyline_index_20260918/../r1_terminal_20260918/../r1_orderreplay_20260917/active/../order.hpp:3,
                 from /home/wenqianz/UNSW/pivoter/research/r1_skyline_index_20260918/../r1_terminal_20260918/../r1_orderreplay_20260917/active/active.hpp:3,
                 from /home/wenqianz/UNSW/pivoter/research/r1_skyline_index_20260918/../r1_terminal_20260918/terminal.hpp:3,
                 from /home/wenqianz/UNSW/pivoter/research/r1_skyline_index_20260918/common.hpp:6,
                 from /home/wenqianz/UNSW/pivoter/research/r1_skyline_index_20260918/count.cpp:1,
                 from /home/wenqianz/UNSW/pivoter/research/r1_skyline_index_20260918/chain_index_tool.cpp:12:
In function ‘void* memcpy(void*, const void*, size_t)’,
    inlined from ‘static T chainindex::Traits<T>::load(const unsigned char*) [with long unsigned int Wb = 32; T = long unsigned int]’ at /home/wenqianz/UNSW/pivoter/research/r1_skyline_index_20260918/chain_index.hpp:36:85,
    inlined from ‘chainindex::ChainIndex<long unsigned int>::climb_bytes<32>(const chainindex::ChainIndex<long unsigned int>::Layer&, uint32_t, const long unsigned int&) const::<lambda(uint32_t)>’ at /home/wenqianz/UNSW/pivoter/research/r1_skyline_index_20260918/chain_index.hpp:95:78,
    inlined from ‘uint32_t chainindex::ChainIndex<T>::climb_bytes(const chainindex::ChainIndex<T>::Layer&, uint32_t, const T&) const [with long unsigned int Wb = 32; T = long unsigned int]’ at /home/wenqianz/UNSW/pivoter/research/r1_skyline_index_20260918/chain_index.hpp:96:43,
    inlined from ‘chainindex::ChainIndex<long unsigned int>::climb(int, uint32_t, const long unsigned int&) const::<lambda(auto:44)> [with auto:44 = std::integral_constant<long unsigned int, 32>]’ at /home/wenqianz/UNSW/pivoter/research/r1_skyline_index_20260918/chain_index.hpp:105:98,
    inlined from ‘auto chainindex::with_width(unsigned int, F&&) [with F = chainindex::ChainIndex<long unsigned int>::climb(int, uint32_t, const long unsigned int&) const::<lambda(auto:44)>]’ at /home/wenqianz/UNSW/pivoter/research/r1_skyline_index_20260918/chain_index.hpp:60:138:
/usr/include/x86_64-linux-gnu/bits/string_fortified.h:29:33: warning: ‘void* __builtin___memcpy_chk(void*, const void*, long unsigned int, long unsigned int)’ forming offset [8, 31] is out of the bounds [0, 8] of object ‘x’ with type ‘long unsigned int’ [-Warray-bounds]
   29 |   return __builtin___memcpy_chk (__dest, __src, __len,
      |          ~~~~~~~~~~~~~~~~~~~~~~~^~~~~~~~~~~~~~~~~~~~~~
   30 |                                  __glibc_objsize0 (__dest));
      |                                  ~~~~~~~~~~~~~~~~~~~~~~~~~~
In file included from /home/wenqianz/UNSW/pivoter/research/r1_skyline_index_20260918/chain_index_tool.cpp:14:
/home/wenqianz/UNSW/pivoter/research/r1_skyline_index_20260918/chain_index.hpp: In function ‘auto chainindex::with_width(unsigned int, F&&) [with F = chainindex::ChainIndex<long unsigned int>::climb(int, uint32_t, const long unsigned int&) const::<lambda(auto:44)>]’:
/home/wenqianz/UNSW/pivoter/research/r1_skyline_index_20260918/chain_index.hpp:36:67: note: ‘x’ declared here
   36 |     template<size_t Wb> static T load(const unsigned char* p) { T x = 0; std::memcpy(&x, p, Wb); return x; }   // constant-size load, Wb <= W
      |                                                                   ^
In file included from /usr/include/string.h:535,
                 from /usr/include/boost/range/detail/implementation_help.hpp:18,
                 from /usr/include/boost/range/end.hpp:20,
                 from /usr/include/boost/range/functions.hpp:19,
                 from /usr/include/boost/range/iterator_range_core.hpp:38,
                 from /usr/include/boost/lexical_cast.hpp:30,
                 from /usr/include/boost/multiprecision/detail/number_base.hpp:20,
                 from /usr/include/boost/multiprecision/traits/is_variable_precision.hpp:10,
                 from /usr/include/boost/multiprecision/detail/precision.hpp:9,
                 from /usr/include/boost/multiprecision/number.hpp:25,
                 from /usr/include/boost/multiprecision/cpp_int.hpp:12,
                 from /home/wenqianz/UNSW/pivoter/research/r1_skyline_index_20260918/../r1_terminal_20260918/../r1_orderreplay_20260917/active/../../r1_fullrange_20260917/../r1_tworoads_20260917/stream/../../r1_bottomup_20260917/../r1_sizesplit_20260917/../r1_floorbatch_20260916/../r1_envelopecore_20260916/envelope.hpp:4,
                 from /home/wenqianz/UNSW/pivoter/research/r1_skyline_index_20260918/../r1_terminal_20260918/../r1_orderreplay_20260917/active/../../r1_fullrange_20260917/../r1_tworoads_20260917/stream/../../r1_bottomup_20260917/../r1_sizesplit_20260917/../r1_floorbatch_20260916/floor.hpp:3,
                 from /home/wenqianz/UNSW/pivoter/research/r1_skyline_index_20260918/../r1_terminal_20260918/../r1_orderreplay_20260917/active/../../r1_fullrange_20260917/../r1_tworoads_20260917/stream/../../r1_bottomup_20260917/../r1_sizesplit_20260917/split.hpp:3,
                 from /home/wenqianz/UNSW/pivoter/research/r1_skyline_index_20260918/../r1_terminal_20260918/../r1_orderreplay_20260917/active/../../r1_fullrange_20260917/../r1_tworoads_20260917/stream/../../r1_bottomup_20260917/bottomup.hpp:3,
                 from /home/wenqianz/UNSW/pivoter/research/r1_skyline_index_20260918/../r1_terminal_20260918/../r1_orderreplay_20260917/active/../../r1_fullrange_20260917/../r1_tworoads_20260917/stream/../capped.hpp:3,
                 from /home/wenqianz/UNSW/pivoter/research/r1_skyline_index_20260918/../r1_terminal_20260918/../r1_orderreplay_20260917/active/../../r1_fullrange_20260917/../r1_tworoads_20260917/stream/../components.hpp:3,
                 from /home/wenqianz/UNSW/pivoter/research/r1_skyline_index_20260918/../r1_terminal_20260918/../r1_orderreplay_20260917/active/../../r1_fullrange_20260917/../r1_tworoads_20260917/stream/stream.hpp:3,
                 from /home/wenqianz/UNSW/pivoter/research/r1_skyline_index_20260918/../r1_terminal_20260918/../r1_orderreplay_20260917/active/../../r1_fullrange_20260917/generated.hpp:3,
                 from /home/wenqianz/UNSW/pivoter/research/r1_skyline_index_20260918/../r1_terminal_20260918/../r1_orderreplay_20260917/active/../order.hpp:3,
                 from /home/wenqianz/UNSW/pivoter/research/r1_skyline_index_20260918/../r1_terminal_20260918/../r1_orderreplay_20260917/active/active.hpp:3,
                 from /home/wenqianz/UNSW/pivoter/research/r1_skyline_index_20260918/../r1_terminal_20260918/terminal.hpp:3,
                 from /home/wenqianz/UNSW/pivoter/research/r1_skyline_index_20260918/common.hpp:6,
                 from /home/wenqianz/UNSW/pivoter/research/r1_skyline_index_20260918/count.cpp:1,
                 from /home/wenqianz/UNSW/pivoter/research/r1_skyline_index_20260918/chain_index_tool.cpp:12:
In function ‘void* memcpy(void*, const void*, size_t)’,
    inlined from ‘static T chainindex::Traits<T>::load(const unsigned char*) [with long unsigned int Wb = 64; T = long unsigned int]’ at /home/wenqianz/UNSW/pivoter/research/r1_skyline_index_20260918/chain_index.hpp:36:85,
    inlined from ‘chainindex::ChainIndex<long unsigned int>::climb_bytes<64>(const chainindex::ChainIndex<long unsigned int>::Layer&, uint32_t, const long unsigned int&) const::<lambda(uint32_t)>’ at /home/wenqianz/UNSW/pivoter/research/r1_skyline_index_20260918/chain_index.hpp:95:78,
    inlined from ‘uint32_t chainindex::ChainIndex<T>::climb_bytes(const chainindex::ChainIndex<T>::Layer&, uint32_t, const T&) const [with long unsigned int Wb = 64; T = long unsigned int]’ at /home/wenqianz/UNSW/pivoter/research/r1_skyline_index_20260918/chain_index.hpp:96:116,
    inlined from ‘chainindex::ChainIndex<long unsigned int>::climb(int, uint32_t, const long unsigned int&) const::<lambda(auto:44)> [with auto:44 = std::integral_constant<long unsigned int, 64>]’ at /home/wenqianz/UNSW/pivoter/research/r1_skyline_index_20260918/chain_index.hpp:105:98,
    inlined from ‘auto chainindex::with_width(unsigned int, F&&) [with F = chainindex::ChainIndex<long unsigned int>::climb(int, uint32_t, const long unsigned int&) const::<lambda(auto:44)>]’ at /home/wenqianz/UNSW/pivoter/research/r1_skyline_index_20260918/chain_index.hpp:61:26:
/usr/include/x86_64-linux-gnu/bits/string_fortified.h:29:33: warning: ‘void* __builtin___memcpy_chk(void*, const void*, long unsigned int, long unsigned int)’ forming offset [8, 63] is out of the bounds [0, 8] of object ‘x’ with type ‘long unsigned int’ [-Warray-bounds]
   29 |   return __builtin___memcpy_chk (__dest, __src, __len,
      |          ~~~~~~~~~~~~~~~~~~~~~~~^~~~~~~~~~~~~~~~~~~~~~
   30 |                                  __glibc_objsize0 (__dest));
      |                                  ~~~~~~~~~~~~~~~~~~~~~~~~~~
In file included from /home/wenqianz/UNSW/pivoter/research/r1_skyline_index_20260918/chain_index_tool.cpp:14:
/home/wenqianz/UNSW/pivoter/research/r1_skyline_index_20260918/chain_index.hpp: In function ‘auto chainindex::with_width(unsigned int, F&&) [with F = chainindex::ChainIndex<long unsigned int>::climb(int, uint32_t, const long unsigned int&) const::<lambda(auto:44)>]’:
/home/wenqianz/UNSW/pivoter/research/r1_skyline_index_20260918/chain_index.hpp:36:67: note: ‘x’ declared here
   36 |     template<size_t Wb> static T load(const unsigned char* p) { T x = 0; std::memcpy(&x, p, Wb); return x; }   // constant-size load, Wb <= W
      |                                                                   ^
In file included from /usr/include/string.h:535,
                 from /usr/include/boost/range/detail/implementation_help.hpp:18,
                 from /usr/include/boost/range/end.hpp:20,
                 from /usr/include/boost/range/functions.hpp:19,
                 from /usr/include/boost/range/iterator_range_core.hpp:38,
                 from /usr/include/boost/lexical_cast.hpp:30,
                 from /usr/include/boost/multiprecision/detail/number_base.hpp:20,
                 from /usr/include/boost/multiprecision/traits/is_variable_precision.hpp:10,
                 from /usr/include/boost/multiprecision/detail/precision.hpp:9,
                 from /usr/include/boost/multiprecision/number.hpp:25,
                 from /usr/include/boost/multiprecision/cpp_int.hpp:12,
                 from /home/wenqianz/UNSW/pivoter/research/r1_skyline_index_20260918/../r1_terminal_20260918/../r1_orderreplay_20260917/active/../../r1_fullrange_20260917/../r1_tworoads_20260917/stream/../../r1_bottomup_20260917/../r1_sizesplit_20260917/../r1_floorbatch_20260916/../r1_envelopecore_20260916/envelope.hpp:4,
                 from /home/wenqianz/UNSW/pivoter/research/r1_skyline_index_20260918/../r1_terminal_20260918/../r1_orderreplay_20260917/active/../../r1_fullrange_20260917/../r1_tworoads_20260917/stream/../../r1_bottomup_20260917/../r1_sizesplit_20260917/../r1_floorbatch_20260916/floor.hpp:3,
                 from /home/wenqianz/UNSW/pivoter/research/r1_skyline_index_20260918/../r1_terminal_20260918/../r1_orderreplay_20260917/active/../../r1_fullrange_20260917/../r1_tworoads_20260917/stream/../../r1_bottomup_20260917/../r1_sizesplit_20260917/split.hpp:3,
                 from /home/wenqianz/UNSW/pivoter/research/r1_skyline_index_20260918/../r1_terminal_20260918/../r1_orderreplay_20260917/active/../../r1_fullrange_20260917/../r1_tworoads_20260917/stream/../../r1_bottomup_20260917/bottomup.hpp:3,
                 from /home/wenqianz/UNSW/pivoter/research/r1_skyline_index_20260918/../r1_terminal_20260918/../r1_orderreplay_20260917/active/../../r1_fullrange_20260917/../r1_tworoads_20260917/stream/../capped.hpp:3,
                 from /home/wenqianz/UNSW/pivoter/research/r1_skyline_index_20260918/../r1_terminal_20260918/../r1_orderreplay_20260917/active/../../r1_fullrange_20260917/../r1_tworoads_20260917/stream/../components.hpp:3,
                 from /home/wenqianz/UNSW/pivoter/research/r1_skyline_index_20260918/../r1_terminal_20260918/../r1_orderreplay_20260917/active/../../r1_fullrange_20260917/../r1_tworoads_20260917/stream/stream.hpp:3,
                 from /home/wenqianz/UNSW/pivoter/research/r1_skyline_index_20260918/../r1_terminal_20260918/../r1_orderreplay_20260917/active/../../r1_fullrange_20260917/generated.hpp:3,
                 from /home/wenqianz/UNSW/pivoter/research/r1_skyline_index_20260918/../r1_terminal_20260918/../r1_orderreplay_20260917/active/../order.hpp:3,
                 from /home/wenqianz/UNSW/pivoter/research/r1_skyline_index_20260918/../r1_terminal_20260918/../r1_orderreplay_20260917/active/active.hpp:3,
                 from /home/wenqianz/UNSW/pivoter/research/r1_skyline_index_20260918/../r1_terminal_20260918/terminal.hpp:3,
                 from /home/wenqianz/UNSW/pivoter/research/r1_skyline_index_20260918/common.hpp:6,
                 from /home/wenqianz/UNSW/pivoter/research/r1_skyline_index_20260918/count.cpp:1,
                 from /home/wenqianz/UNSW/pivoter/research/r1_skyline_index_20260918/chain_index_tool.cpp:12:
In function ‘void* memcpy(void*, const void*, size_t)’,
    inlined from ‘static T chainindex::Traits<T>::load(const unsigned char*) [with long unsigned int Wb = 64; T = long unsigned int]’ at /home/wenqianz/UNSW/pivoter/research/r1_skyline_index_20260918/chain_index.hpp:36:85,
    inlined from ‘chainindex::ChainIndex<long unsigned int>::climb_bytes<64>(const chainindex::ChainIndex<long unsigned int>::Layer&, uint32_t, const long unsigned int&) const::<lambda(uint32_t)>’ at /home/wenqianz/UNSW/pivoter/research/r1_skyline_index_20260918/chain_index.hpp:95:78,
    inlined from ‘uint32_t chainindex::ChainIndex<T>::climb_bytes(const chainindex::ChainIndex<T>::Layer&, uint32_t, const T&) const [with long unsigned int Wb = 64; T = long unsigned int]’ at /home/wenqianz/UNSW/pivoter/research/r1_skyline_index_20260918/chain_index.hpp:96:43,
    inlined from ‘chainindex::ChainIndex<long unsigned int>::climb(int, uint32_t, const long unsigned int&) const::<lambda(auto:44)> [with auto:44 = std::integral_constant<long unsigned int, 64>]’ at /home/wenqianz/UNSW/pivoter/research/r1_skyline_index_20260918/chain_index.hpp:105:98,
    inlined from ‘auto chainindex::with_width(unsigned int, F&&) [with F = chainindex::ChainIndex<long unsigned int>::climb(int, uint32_t, const long unsigned int&) const::<lambda(auto:44)>]’ at /home/wenqianz/UNSW/pivoter/research/r1_skyline_index_20260918/chain_index.hpp:61:26:
/usr/include/x86_64-linux-gnu/bits/string_fortified.h:29:33: warning: ‘void* __builtin___memcpy_chk(void*, const void*, long unsigned int, long unsigned int)’ forming offset [8, 63] is out of the bounds [0, 8] of object ‘x’ with type ‘long unsigned int’ [-Warray-bounds]
   29 |   return __builtin___memcpy_chk (__dest, __src, __len,
      |          ~~~~~~~~~~~~~~~~~~~~~~~^~~~~~~~~~~~~~~~~~~~~~
   30 |                                  __glibc_objsize0 (__dest));
      |                                  ~~~~~~~~~~~~~~~~~~~~~~~~~~
In file included from /home/wenqianz/UNSW/pivoter/research/r1_skyline_index_20260918/chain_index_tool.cpp:14:
/home/wenqianz/UNSW/pivoter/research/r1_skyline_index_20260918/chain_index.hpp: In function ‘auto chainindex::with_width(unsigned int, F&&) [with F = chainindex::ChainIndex<long unsigned int>::climb(int, uint32_t, const long unsigned int&) const::<lambda(auto:44)>]’:
/home/wenqianz/UNSW/pivoter/research/r1_skyline_index_20260918/chain_index.hpp:36:67: note: ‘x’ declared here
   36 |     template<size_t Wb> static T load(const unsigned char* p) { T x = 0; std::memcpy(&x, p, Wb); return x; }   // constant-size load, Wb <= W
      |                                                                   ^
In file included from /usr/include/string.h:535,
                 from /usr/include/boost/range/detail/implementation_help.hpp:18,
                 from /usr/include/boost/range/end.hpp:20,
                 from /usr/include/boost/range/functions.hpp:19,
                 from /usr/include/boost/range/iterator_range_core.hpp:38,
                 from /usr/include/boost/lexical_cast.hpp:30,
                 from /usr/include/boost/multiprecision/detail/number_base.hpp:20,
                 from /usr/include/boost/multiprecision/traits/is_variable_precision.hpp:10,
                 from /usr/include/boost/multiprecision/detail/precision.hpp:9,
                 from /usr/include/boost/multiprecision/number.hpp:25,
                 from /usr/include/boost/multiprecision/cpp_int.hpp:12,
                 from /home/wenqianz/UNSW/pivoter/research/r1_skyline_index_20260918/../r1_terminal_20260918/../r1_orderreplay_20260917/active/../../r1_fullrange_20260917/../r1_tworoads_20260917/stream/../../r1_bottomup_20260917/../r1_sizesplit_20260917/../r1_floorbatch_20260916/../r1_envelopecore_20260916/envelope.hpp:4,
                 from /home/wenqianz/UNSW/pivoter/research/r1_skyline_index_20260918/../r1_terminal_20260918/../r1_orderreplay_20260917/active/../../r1_fullrange_20260917/../r1_tworoads_20260917/stream/../../r1_bottomup_20260917/../r1_sizesplit_20260917/../r1_floorbatch_20260916/floor.hpp:3,
                 from /home/wenqianz/UNSW/pivoter/research/r1_skyline_index_20260918/../r1_terminal_20260918/../r1_orderreplay_20260917/active/../../r1_fullrange_20260917/../r1_tworoads_20260917/stream/../../r1_bottomup_20260917/../r1_sizesplit_20260917/split.hpp:3,
                 from /home/wenqianz/UNSW/pivoter/research/r1_skyline_index_20260918/../r1_terminal_20260918/../r1_orderreplay_20260917/active/../../r1_fullrange_20260917/../r1_tworoads_20260917/stream/../../r1_bottomup_20260917/bottomup.hpp:3,
                 from /home/wenqianz/UNSW/pivoter/research/r1_skyline_index_20260918/../r1_terminal_20260918/../r1_orderreplay_20260917/active/../../r1_fullrange_20260917/../r1_tworoads_20260917/stream/../capped.hpp:3,
                 from /home/wenqianz/UNSW/pivoter/research/r1_skyline_index_20260918/../r1_terminal_20260918/../r1_orderreplay_20260917/active/../../r1_fullrange_20260917/../r1_tworoads_20260917/stream/../components.hpp:3,
                 from /home/wenqianz/UNSW/pivoter/research/r1_skyline_index_20260918/../r1_terminal_20260918/../r1_orderreplay_20260917/active/../../r1_fullrange_20260917/../r1_tworoads_20260917/stream/stream.hpp:3,
                 from /home/wenqianz/UNSW/pivoter/research/r1_skyline_index_20260918/../r1_terminal_20260918/../r1_orderreplay_20260917/active/../../r1_fullrange_20260917/generated.hpp:3,
                 from /home/wenqianz/UNSW/pivoter/research/r1_skyline_index_20260918/../r1_terminal_20260918/../r1_orderreplay_20260917/active/../order.hpp:3,
                 from /home/wenqianz/UNSW/pivoter/research/r1_skyline_index_20260918/../r1_terminal_20260918/../r1_orderreplay_20260917/active/active.hpp:3,
                 from /home/wenqianz/UNSW/pivoter/research/r1_skyline_index_20260918/../r1_terminal_20260918/terminal.hpp:3,
                 from /home/wenqianz/UNSW/pivoter/research/r1_skyline_index_20260918/common.hpp:6,
                 from /home/wenqianz/UNSW/pivoter/research/r1_skyline_index_20260918/count.cpp:1,
                 from /home/wenqianz/UNSW/pivoter/research/r1_skyline_index_20260918/chain_index_tool.cpp:12:
In function ‘void* memcpy(void*, const void*, size_t)’,
    inlined from ‘static double chainindex::Traits<double>::load(const unsigned char*) [with long unsigned int Wb = 16]’ at /home/wenqianz/UNSW/pivoter/research/r1_skyline_index_20260918/chain_index.hpp:52:174,
    inlined from ‘chainindex::ChainIndex<double>::climb_bytes<16>(const chainindex::ChainIndex<double>::Layer&, uint32_t, const double&) const::<lambda(uint32_t)>’ at /home/wenqianz/UNSW/pivoter/research/r1_skyline_index_20260918/chain_index.hpp:95:78,
    inlined from ‘uint32_t chainindex::ChainIndex<T>::climb_bytes(const chainindex::ChainIndex<T>::Layer&, uint32_t, const T&) const [with long unsigned int Wb = 16; T = double]’ at /home/wenqianz/UNSW/pivoter/research/r1_skyline_index_20260918/chain_index.hpp:96:116,
    inlined from ‘chainindex::ChainIndex<double>::climb(int, uint32_t, const double&) const::<lambda(auto:44)> [with auto:44 = std::integral_constant<long unsigned int, 16>]’ at /home/wenqianz/UNSW/pivoter/research/r1_skyline_index_20260918/chain_index.hpp:105:98,
    inlined from ‘auto chainindex::with_width(unsigned int, F&&) [with F = chainindex::ChainIndex<double>::climb(int, uint32_t, const double&) const::<lambda(auto:44)>]’ at /home/wenqianz/UNSW/pivoter/research/r1_skyline_index_20260918/chain_index.hpp:60:81:
/usr/include/x86_64-linux-gnu/bits/string_fortified.h:29:33: warning: ‘void* __builtin___memcpy_chk(void*, const void*, long unsigned int, long unsigned int)’ forming offset [8, 15] is out of the bounds [0, 8] of object ‘u’ with type ‘uint64_t’ {aka ‘long unsigned int’} [-Warray-bounds]
   29 |   return __builtin___memcpy_chk (__dest, __src, __len,
      |          ~~~~~~~~~~~~~~~~~~~~~~~^~~~~~~~~~~~~~~~~~~~~~
   30 |                                  __glibc_objsize0 (__dest));
      |                                  ~~~~~~~~~~~~~~~~~~~~~~~~~~
In file included from /home/wenqianz/UNSW/pivoter/research/r1_skyline_index_20260918/chain_index_tool.cpp:14:
/home/wenqianz/UNSW/pivoter/research/r1_skyline_index_20260918/chain_index.hpp: In function ‘auto chainindex::with_width(unsigned int, F&&) [with F = chainindex::ChainIndex<double>::climb(int, uint32_t, const double&) const::<lambda(auto:44)>]’:
/home/wenqianz/UNSW/pivoter/research/r1_skyline_index_20260918/chain_index.hpp:52:156: note: ‘u’ declared here
   52 |     template<size_t Wb> static double load(const unsigned char* p) { if constexpr (Wb == 8) { double x; std::memcpy(&x, p, 8); return x; } else { uint64_t u = 0; std::memcpy(&u, p, Wb); return static_cast<double>(u); } }
      |                                                                                                                                                            ^
In file included from /usr/include/string.h:535,
                 from /usr/include/boost/range/detail/implementation_help.hpp:18,
                 from /usr/include/boost/range/end.hpp:20,
                 from /usr/include/boost/range/functions.hpp:19,
                 from /usr/include/boost/range/iterator_range_core.hpp:38,
                 from /usr/include/boost/lexical_cast.hpp:30,
                 from /usr/include/boost/multiprecision/detail/number_base.hpp:20,
                 from /usr/include/boost/multiprecision/traits/is_variable_precision.hpp:10,
                 from /usr/include/boost/multiprecision/detail/precision.hpp:9,
                 from /usr/include/boost/multiprecision/number.hpp:25,
                 from /usr/include/boost/multiprecision/cpp_int.hpp:12,
                 from /home/wenqianz/UNSW/pivoter/research/r1_skyline_index_20260918/../r1_terminal_20260918/../r1_orderreplay_20260917/active/../../r1_fullrange_20260917/../r1_tworoads_20260917/stream/../../r1_bottomup_20260917/../r1_sizesplit_20260917/../r1_floorbatch_20260916/../r1_envelopecore_20260916/envelope.hpp:4,
                 from /home/wenqianz/UNSW/pivoter/research/r1_skyline_index_20260918/../r1_terminal_20260918/../r1_orderreplay_20260917/active/../../r1_fullrange_20260917/../r1_tworoads_20260917/stream/../../r1_bottomup_20260917/../r1_sizesplit_20260917/../r1_floorbatch_20260916/floor.hpp:3,
                 from /home/wenqianz/UNSW/pivoter/research/r1_skyline_index_20260918/../r1_terminal_20260918/../r1_orderreplay_20260917/active/../../r1_fullrange_20260917/../r1_tworoads_20260917/stream/../../r1_bottomup_20260917/../r1_sizesplit_20260917/split.hpp:3,
                 from /home/wenqianz/UNSW/pivoter/research/r1_skyline_index_20260918/../r1_terminal_20260918/../r1_orderreplay_20260917/active/../../r1_fullrange_20260917/../r1_tworoads_20260917/stream/../../r1_bottomup_20260917/bottomup.hpp:3,
                 from /home/wenqianz/UNSW/pivoter/research/r1_skyline_index_20260918/../r1_terminal_20260918/../r1_orderreplay_20260917/active/../../r1_fullrange_20260917/../r1_tworoads_20260917/stream/../capped.hpp:3,
                 from /home/wenqianz/UNSW/pivoter/research/r1_skyline_index_20260918/../r1_terminal_20260918/../r1_orderreplay_20260917/active/../../r1_fullrange_20260917/../r1_tworoads_20260917/stream/../components.hpp:3,
                 from /home/wenqianz/UNSW/pivoter/research/r1_skyline_index_20260918/../r1_terminal_20260918/../r1_orderreplay_20260917/active/../../r1_fullrange_20260917/../r1_tworoads_20260917/stream/stream.hpp:3,
                 from /home/wenqianz/UNSW/pivoter/research/r1_skyline_index_20260918/../r1_terminal_20260918/../r1_orderreplay_20260917/active/../../r1_fullrange_20260917/generated.hpp:3,
                 from /home/wenqianz/UNSW/pivoter/research/r1_skyline_index_20260918/../r1_terminal_20260918/../r1_orderreplay_20260917/active/../order.hpp:3,
                 from /home/wenqianz/UNSW/pivoter/research/r1_skyline_index_20260918/../r1_terminal_20260918/../r1_orderreplay_20260917/active/active.hpp:3,
                 from /home/wenqianz/UNSW/pivoter/research/r1_skyline_index_20260918/../r1_terminal_20260918/terminal.hpp:3,
                 from /home/wenqianz/UNSW/pivoter/research/r1_skyline_index_20260918/common.hpp:6,
                 from /home/wenqianz/UNSW/pivoter/research/r1_skyline_index_20260918/count.cpp:1,
                 from /home/wenqianz/UNSW/pivoter/research/r1_skyline_index_20260918/chain_index_tool.cpp:12:
In function ‘void* memcpy(void*, const void*, size_t)’,
    inlined from ‘static double chainindex::Traits<double>::load(const unsigned char*) [with long unsigned int Wb = 16]’ at /home/wenqianz/UNSW/pivoter/research/r1_skyline_index_20260918/chain_index.hpp:52:174,
    inlined from ‘chainindex::ChainIndex<double>::climb_bytes<16>(const chainindex::ChainIndex<double>::Layer&, uint32_t, const double&) const::<lambda(uint32_t)>’ at /home/wenqianz/UNSW/pivoter/research/r1_skyline_index_20260918/chain_index.hpp:95:78,
    inlined from ‘uint32_t chainindex::ChainIndex<T>::climb_bytes(const chainindex::ChainIndex<T>::Layer&, uint32_t, const T&) const [with long unsigned int Wb = 16; T = double]’ at /home/wenqianz/UNSW/pivoter/research/r1_skyline_index_20260918/chain_index.hpp:96:43,
    inlined from ‘chainindex::ChainIndex<double>::climb(int, uint32_t, const double&) const::<lambda(auto:44)> [with auto:44 = std::integral_constant<long unsigned int, 16>]’ at /home/wenqianz/UNSW/pivoter/research/r1_skyline_index_20260918/chain_index.hpp:105:98,
    inlined from ‘auto chainindex::with_width(unsigned int, F&&) [with F = chainindex::ChainIndex<double>::climb(int, uint32_t, const double&) const::<lambda(auto:44)>]’ at /home/wenqianz/UNSW/pivoter/research/r1_skyline_index_20260918/chain_index.hpp:60:81:
/usr/include/x86_64-linux-gnu/bits/string_fortified.h:29:33: warning: ‘void* __builtin___memcpy_chk(void*, const void*, long unsigned int, long unsigned int)’ forming offset [8, 15] is out of the bounds [0, 8] of object ‘u’ with type ‘uint64_t’ {aka ‘long unsigned int’} [-Warray-bounds]
   29 |   return __builtin___memcpy_chk (__dest, __src, __len,
      |          ~~~~~~~~~~~~~~~~~~~~~~~^~~~~~~~~~~~~~~~~~~~~~
   30 |                                  __glibc_objsize0 (__dest));
      |                                  ~~~~~~~~~~~~~~~~~~~~~~~~~~
In file included from /home/wenqianz/UNSW/pivoter/research/r1_skyline_index_20260918/chain_index_tool.cpp:14:
/home/wenqianz/UNSW/pivoter/research/r1_skyline_index_20260918/chain_index.hpp: In function ‘auto chainindex::with_width(unsigned int, F&&) [with F = chainindex::ChainIndex<double>::climb(int, uint32_t, const double&) const::<lambda(auto:44)>]’:
/home/wenqianz/UNSW/pivoter/research/r1_skyline_index_20260918/chain_index.hpp:52:156: note: ‘u’ declared here
   52 |     template<size_t Wb> static double load(const unsigned char* p) { if constexpr (Wb == 8) { double x; std::memcpy(&x, p, 8); return x; } else { uint64_t u = 0; std::memcpy(&u, p, Wb); return static_cast<double>(u); } }
      |                                                                                                                                                            ^
In file included from /usr/include/string.h:535,
                 from /usr/include/boost/range/detail/implementation_help.hpp:18,
                 from /usr/include/boost/range/end.hpp:20,
                 from /usr/include/boost/range/functions.hpp:19,
                 from /usr/include/boost/range/iterator_range_core.hpp:38,
                 from /usr/include/boost/lexical_cast.hpp:30,
                 from /usr/include/boost/multiprecision/detail/number_base.hpp:20,
                 from /usr/include/boost/multiprecision/traits/is_variable_precision.hpp:10,
                 from /usr/include/boost/multiprecision/detail/precision.hpp:9,
                 from /usr/include/boost/multiprecision/number.hpp:25,
                 from /usr/include/boost/multiprecision/cpp_int.hpp:12,
                 from /home/wenqianz/UNSW/pivoter/research/r1_skyline_index_20260918/../r1_terminal_20260918/../r1_orderreplay_20260917/active/../../r1_fullrange_20260917/../r1_tworoads_20260917/stream/../../r1_bottomup_20260917/../r1_sizesplit_20260917/../r1_floorbatch_20260916/../r1_envelopecore_20260916/envelope.hpp:4,
                 from /home/wenqianz/UNSW/pivoter/research/r1_skyline_index_20260918/../r1_terminal_20260918/../r1_orderreplay_20260917/active/../../r1_fullrange_20260917/../r1_tworoads_20260917/stream/../../r1_bottomup_20260917/../r1_sizesplit_20260917/../r1_floorbatch_20260916/floor.hpp:3,
                 from /home/wenqianz/UNSW/pivoter/research/r1_skyline_index_20260918/../r1_terminal_20260918/../r1_orderreplay_20260917/active/../../r1_fullrange_20260917/../r1_tworoads_20260917/stream/../../r1_bottomup_20260917/../r1_sizesplit_20260917/split.hpp:3,
                 from /home/wenqianz/UNSW/pivoter/research/r1_skyline_index_20260918/../r1_terminal_20260918/../r1_orderreplay_20260917/active/../../r1_fullrange_20260917/../r1_tworoads_20260917/stream/../../r1_bottomup_20260917/bottomup.hpp:3,
                 from /home/wenqianz/UNSW/pivoter/research/r1_skyline_index_20260918/../r1_terminal_20260918/../r1_orderreplay_20260917/active/../../r1_fullrange_20260917/../r1_tworoads_20260917/stream/../capped.hpp:3,
                 from /home/wenqianz/UNSW/pivoter/research/r1_skyline_index_20260918/../r1_terminal_20260918/../r1_orderreplay_20260917/active/../../r1_fullrange_20260917/../r1_tworoads_20260917/stream/../components.hpp:3,
                 from /home/wenqianz/UNSW/pivoter/research/r1_skyline_index_20260918/../r1_terminal_20260918/../r1_orderreplay_20260917/active/../../r1_fullrange_20260917/../r1_tworoads_20260917/stream/stream.hpp:3,
                 from /home/wenqianz/UNSW/pivoter/research/r1_skyline_index_20260918/../r1_terminal_20260918/../r1_orderreplay_20260917/active/../../r1_fullrange_20260917/generated.hpp:3,
                 from /home/wenqianz/UNSW/pivoter/research/r1_skyline_index_20260918/../r1_terminal_20260918/../r1_orderreplay_20260917/active/../order.hpp:3,
                 from /home/wenqianz/UNSW/pivoter/research/r1_skyline_index_20260918/../r1_terminal_20260918/../r1_orderreplay_20260917/active/active.hpp:3,
                 from /home/wenqianz/UNSW/pivoter/research/r1_skyline_index_20260918/../r1_terminal_20260918/terminal.hpp:3,
                 from /home/wenqianz/UNSW/pivoter/research/r1_skyline_index_20260918/common.hpp:6,
                 from /home/wenqianz/UNSW/pivoter/research/r1_skyline_index_20260918/count.cpp:1,
                 from /home/wenqianz/UNSW/pivoter/research/r1_skyline_index_20260918/chain_index_tool.cpp:12:
In function ‘void* memcpy(void*, const void*, size_t)’,
    inlined from ‘static double chainindex::Traits<double>::load(const unsigned char*) [with long unsigned int Wb = 32]’ at /home/wenqianz/UNSW/pivoter/research/r1_skyline_index_20260918/chain_index.hpp:52:174,
    inlined from ‘chainindex::ChainIndex<double>::climb_bytes<32>(const chainindex::ChainIndex<double>::Layer&, uint32_t, const double&) const::<lambda(uint32_t)>’ at /home/wenqianz/UNSW/pivoter/research/r1_skyline_index_20260918/chain_index.hpp:95:78,
    inlined from ‘uint32_t chainindex::ChainIndex<T>::climb_bytes(const chainindex::ChainIndex<T>::Layer&, uint32_t, const T&) const [with long unsigned int Wb = 32; T = double]’ at /home/wenqianz/UNSW/pivoter/research/r1_skyline_index_20260918/chain_index.hpp:96:116,
    inlined from ‘chainindex::ChainIndex<double>::climb(int, uint32_t, const double&) const::<lambda(auto:44)> [with auto:44 = std::integral_constant<long unsigned int, 32>]’ at /home/wenqianz/UNSW/pivoter/research/r1_skyline_index_20260918/chain_index.hpp:105:98,
    inlined from ‘auto chainindex::with_width(unsigned int, F&&) [with F = chainindex::ChainIndex<double>::climb(int, uint32_t, const double&) const::<lambda(auto:44)>]’ at /home/wenqianz/UNSW/pivoter/research/r1_skyline_index_20260918/chain_index.hpp:60:138:
/usr/include/x86_64-linux-gnu/bits/string_fortified.h:29:33: warning: ‘void* __builtin___memcpy_chk(void*, const void*, long unsigned int, long unsigned int)’ forming offset [8, 31] is out of the bounds [0, 8] of object ‘u’ with type ‘uint64_t’ {aka ‘long unsigned int’} [-Warray-bounds]
   29 |   return __builtin___memcpy_chk (__dest, __src, __len,
      |          ~~~~~~~~~~~~~~~~~~~~~~~^~~~~~~~~~~~~~~~~~~~~~
   30 |                                  __glibc_objsize0 (__dest));
      |                                  ~~~~~~~~~~~~~~~~~~~~~~~~~~
In file included from /home/wenqianz/UNSW/pivoter/research/r1_skyline_index_20260918/chain_index_tool.cpp:14:
/home/wenqianz/UNSW/pivoter/research/r1_skyline_index_20260918/chain_index.hpp: In function ‘auto chainindex::with_width(unsigned int, F&&) [with F = chainindex::ChainIndex<double>::climb(int, uint32_t, const double&) const::<lambda(auto:44)>]’:
/home/wenqianz/UNSW/pivoter/research/r1_skyline_index_20260918/chain_index.hpp:52:156: note: ‘u’ declared here
   52 |     template<size_t Wb> static double load(const unsigned char* p) { if constexpr (Wb == 8) { double x; std::memcpy(&x, p, 8); return x; } else { uint64_t u = 0; std::memcpy(&u, p, Wb); return static_cast<double>(u); } }
      |                                                                                                                                                            ^
In file included from /usr/include/string.h:535,
                 from /usr/include/boost/range/detail/implementation_help.hpp:18,
                 from /usr/include/boost/range/end.hpp:20,
                 from /usr/include/boost/range/functions.hpp:19,
                 from /usr/include/boost/range/iterator_range_core.hpp:38,
                 from /usr/include/boost/lexical_cast.hpp:30,
                 from /usr/include/boost/multiprecision/detail/number_base.hpp:20,
                 from /usr/include/boost/multiprecision/traits/is_variable_precision.hpp:10,
                 from /usr/include/boost/multiprecision/detail/precision.hpp:9,
                 from /usr/include/boost/multiprecision/number.hpp:25,
                 from /usr/include/boost/multiprecision/cpp_int.hpp:12,
                 from /home/wenqianz/UNSW/pivoter/research/r1_skyline_index_20260918/../r1_terminal_20260918/../r1_orderreplay_20260917/active/../../r1_fullrange_20260917/../r1_tworoads_20260917/stream/../../r1_bottomup_20260917/../r1_sizesplit_20260917/../r1_floorbatch_20260916/../r1_envelopecore_20260916/envelope.hpp:4,
                 from /home/wenqianz/UNSW/pivoter/research/r1_skyline_index_20260918/../r1_terminal_20260918/../r1_orderreplay_20260917/active/../../r1_fullrange_20260917/../r1_tworoads_20260917/stream/../../r1_bottomup_20260917/../r1_sizesplit_20260917/../r1_floorbatch_20260916/floor.hpp:3,
                 from /home/wenqianz/UNSW/pivoter/research/r1_skyline_index_20260918/../r1_terminal_20260918/../r1_orderreplay_20260917/active/../../r1_fullrange_20260917/../r1_tworoads_20260917/stream/../../r1_bottomup_20260917/../r1_sizesplit_20260917/split.hpp:3,
                 from /home/wenqianz/UNSW/pivoter/research/r1_skyline_index_20260918/../r1_terminal_20260918/../r1_orderreplay_20260917/active/../../r1_fullrange_20260917/../r1_tworoads_20260917/stream/../../r1_bottomup_20260917/bottomup.hpp:3,
                 from /home/wenqianz/UNSW/pivoter/research/r1_skyline_index_20260918/../r1_terminal_20260918/../r1_orderreplay_20260917/active/../../r1_fullrange_20260917/../r1_tworoads_20260917/stream/../capped.hpp:3,
                 from /home/wenqianz/UNSW/pivoter/research/r1_skyline_index_20260918/../r1_terminal_20260918/../r1_orderreplay_20260917/active/../../r1_fullrange_20260917/../r1_tworoads_20260917/stream/../components.hpp:3,
                 from /home/wenqianz/UNSW/pivoter/research/r1_skyline_index_20260918/../r1_terminal_20260918/../r1_orderreplay_20260917/active/../../r1_fullrange_20260917/../r1_tworoads_20260917/stream/stream.hpp:3,
                 from /home/wenqianz/UNSW/pivoter/research/r1_skyline_index_20260918/../r1_terminal_20260918/../r1_orderreplay_20260917/active/../../r1_fullrange_20260917/generated.hpp:3,
                 from /home/wenqianz/UNSW/pivoter/research/r1_skyline_index_20260918/../r1_terminal_20260918/../r1_orderreplay_20260917/active/../order.hpp:3,
                 from /home/wenqianz/UNSW/pivoter/research/r1_skyline_index_20260918/../r1_terminal_20260918/../r1_orderreplay_20260917/active/active.hpp:3,
                 from /home/wenqianz/UNSW/pivoter/research/r1_skyline_index_20260918/../r1_terminal_20260918/terminal.hpp:3,
                 from /home/wenqianz/UNSW/pivoter/research/r1_skyline_index_20260918/common.hpp:6,
                 from /home/wenqianz/UNSW/pivoter/research/r1_skyline_index_20260918/count.cpp:1,
                 from /home/wenqianz/UNSW/pivoter/research/r1_skyline_index_20260918/chain_index_tool.cpp:12:
In function ‘void* memcpy(void*, const void*, size_t)’,
    inlined from ‘static double chainindex::Traits<double>::load(const unsigned char*) [with long unsigned int Wb = 32]’ at /home/wenqianz/UNSW/pivoter/research/r1_skyline_index_20260918/chain_index.hpp:52:174,
    inlined from ‘chainindex::ChainIndex<double>::climb_bytes<32>(const chainindex::ChainIndex<double>::Layer&, uint32_t, const double&) const::<lambda(uint32_t)>’ at /home/wenqianz/UNSW/pivoter/research/r1_skyline_index_20260918/chain_index.hpp:95:78,
    inlined from ‘uint32_t chainindex::ChainIndex<T>::climb_bytes(const chainindex::ChainIndex<T>::Layer&, uint32_t, const T&) const [with long unsigned int Wb = 32; T = double]’ at /home/wenqianz/UNSW/pivoter/research/r1_skyline_index_20260918/chain_index.hpp:96:43,
    inlined from ‘chainindex::ChainIndex<double>::climb(int, uint32_t, const double&) const::<lambda(auto:44)> [with auto:44 = std::integral_constant<long unsigned int, 32>]’ at /home/wenqianz/UNSW/pivoter/research/r1_skyline_index_20260918/chain_index.hpp:105:98,
    inlined from ‘auto chainindex::with_width(unsigned int, F&&) [with F = chainindex::ChainIndex<double>::climb(int, uint32_t, const double&) const::<lambda(auto:44)>]’ at /home/wenqianz/UNSW/pivoter/research/r1_skyline_index_20260918/chain_index.hpp:60:138:
/usr/include/x86_64-linux-gnu/bits/string_fortified.h:29:33: warning: ‘void* __builtin___memcpy_chk(void*, const void*, long unsigned int, long unsigned int)’ forming offset [8, 31] is out of the bounds [0, 8] of object ‘u’ with type ‘uint64_t’ {aka ‘long unsigned int’} [-Warray-bounds]
   29 |   return __builtin___memcpy_chk (__dest, __src, __len,
      |          ~~~~~~~~~~~~~~~~~~~~~~~^~~~~~~~~~~~~~~~~~~~~~
   30 |                                  __glibc_objsize0 (__dest));
      |                                  ~~~~~~~~~~~~~~~~~~~~~~~~~~
In file included from /home/wenqianz/UNSW/pivoter/research/r1_skyline_index_20260918/chain_index_tool.cpp:14:
/home/wenqianz/UNSW/pivoter/research/r1_skyline_index_20260918/chain_index.hpp: In function ‘auto chainindex::with_width(unsigned int, F&&) [with F = chainindex::ChainIndex<double>::climb(int, uint32_t, const double&) const::<lambda(auto:44)>]’:
/home/wenqianz/UNSW/pivoter/research/r1_skyline_index_20260918/chain_index.hpp:52:156: note: ‘u’ declared here
   52 |     template<size_t Wb> static double load(const unsigned char* p) { if constexpr (Wb == 8) { double x; std::memcpy(&x, p, 8); return x; } else { uint64_t u = 0; std::memcpy(&u, p, Wb); return static_cast<double>(u); } }
      |                                                                                                                                                            ^
In file included from /usr/include/string.h:535,
                 from /usr/include/boost/range/detail/implementation_help.hpp:18,
                 from /usr/include/boost/range/end.hpp:20,
                 from /usr/include/boost/range/functions.hpp:19,
                 from /usr/include/boost/range/iterator_range_core.hpp:38,
                 from /usr/include/boost/lexical_cast.hpp:30,
                 from /usr/include/boost/multiprecision/detail/number_base.hpp:20,
                 from /usr/include/boost/multiprecision/traits/is_variable_precision.hpp:10,
                 from /usr/include/boost/multiprecision/detail/precision.hpp:9,
                 from /usr/include/boost/multiprecision/number.hpp:25,
                 from /usr/include/boost/multiprecision/cpp_int.hpp:12,
                 from /home/wenqianz/UNSW/pivoter/research/r1_skyline_index_20260918/../r1_terminal_20260918/../r1_orderreplay_20260917/active/../../r1_fullrange_20260917/../r1_tworoads_20260917/stream/../../r1_bottomup_20260917/../r1_sizesplit_20260917/../r1_floorbatch_20260916/../r1_envelopecore_20260916/envelope.hpp:4,
                 from /home/wenqianz/UNSW/pivoter/research/r1_skyline_index_20260918/../r1_terminal_20260918/../r1_orderreplay_20260917/active/../../r1_fullrange_20260917/../r1_tworoads_20260917/stream/../../r1_bottomup_20260917/../r1_sizesplit_20260917/../r1_floorbatch_20260916/floor.hpp:3,
                 from /home/wenqianz/UNSW/pivoter/research/r1_skyline_index_20260918/../r1_terminal_20260918/../r1_orderreplay_20260917/active/../../r1_fullrange_20260917/../r1_tworoads_20260917/stream/../../r1_bottomup_20260917/../r1_sizesplit_20260917/split.hpp:3,
                 from /home/wenqianz/UNSW/pivoter/research/r1_skyline_index_20260918/../r1_terminal_20260918/../r1_orderreplay_20260917/active/../../r1_fullrange_20260917/../r1_tworoads_20260917/stream/../../r1_bottomup_20260917/bottomup.hpp:3,
                 from /home/wenqianz/UNSW/pivoter/research/r1_skyline_index_20260918/../r1_terminal_20260918/../r1_orderreplay_20260917/active/../../r1_fullrange_20260917/../r1_tworoads_20260917/stream/../capped.hpp:3,
                 from /home/wenqianz/UNSW/pivoter/research/r1_skyline_index_20260918/../r1_terminal_20260918/../r1_orderreplay_20260917/active/../../r1_fullrange_20260917/../r1_tworoads_20260917/stream/../components.hpp:3,
                 from /home/wenqianz/UNSW/pivoter/research/r1_skyline_index_20260918/../r1_terminal_20260918/../r1_orderreplay_20260917/active/../../r1_fullrange_20260917/../r1_tworoads_20260917/stream/stream.hpp:3,
                 from /home/wenqianz/UNSW/pivoter/research/r1_skyline_index_20260918/../r1_terminal_20260918/../r1_orderreplay_20260917/active/../../r1_fullrange_20260917/generated.hpp:3,
                 from /home/wenqianz/UNSW/pivoter/research/r1_skyline_index_20260918/../r1_terminal_20260918/../r1_orderreplay_20260917/active/../order.hpp:3,
                 from /home/wenqianz/UNSW/pivoter/research/r1_skyline_index_20260918/../r1_terminal_20260918/../r1_orderreplay_20260917/active/active.hpp:3,
                 from /home/wenqianz/UNSW/pivoter/research/r1_skyline_index_20260918/../r1_terminal_20260918/terminal.hpp:3,
                 from /home/wenqianz/UNSW/pivoter/research/r1_skyline_index_20260918/common.hpp:6,
                 from /home/wenqianz/UNSW/pivoter/research/r1_skyline_index_20260918/count.cpp:1,
                 from /home/wenqianz/UNSW/pivoter/research/r1_skyline_index_20260918/chain_index_tool.cpp:12:
In function ‘void* memcpy(void*, const void*, size_t)’,
    inlined from ‘static double chainindex::Traits<double>::load(const unsigned char*) [with long unsigned int Wb = 64]’ at /home/wenqianz/UNSW/pivoter/research/r1_skyline_index_20260918/chain_index.hpp:52:174,
    inlined from ‘chainindex::ChainIndex<double>::climb_bytes<64>(const chainindex::ChainIndex<double>::Layer&, uint32_t, const double&) const::<lambda(uint32_t)>’ at /home/wenqianz/UNSW/pivoter/research/r1_skyline_index_20260918/chain_index.hpp:95:78,
    inlined from ‘uint32_t chainindex::ChainIndex<T>::climb_bytes(const chainindex::ChainIndex<T>::Layer&, uint32_t, const T&) const [with long unsigned int Wb = 64; T = double]’ at /home/wenqianz/UNSW/pivoter/research/r1_skyline_index_20260918/chain_index.hpp:96:116,
    inlined from ‘chainindex::ChainIndex<double>::climb(int, uint32_t, const double&) const::<lambda(auto:44)> [with auto:44 = std::integral_constant<long unsigned int, 64>]’ at /home/wenqianz/UNSW/pivoter/research/r1_skyline_index_20260918/chain_index.hpp:105:98,
    inlined from ‘auto chainindex::with_width(unsigned int, F&&) [with F = chainindex::ChainIndex<double>::climb(int, uint32_t, const double&) const::<lambda(auto:44)>]’ at /home/wenqianz/UNSW/pivoter/research/r1_skyline_index_20260918/chain_index.hpp:61:26:
/usr/include/x86_64-linux-gnu/bits/string_fortified.h:29:33: warning: ‘void* __builtin___memcpy_chk(void*, const void*, long unsigned int, long unsigned int)’ forming offset [8, 63] is out of the bounds [0, 8] of object ‘u’ with type ‘uint64_t’ {aka ‘long unsigned int’} [-Warray-bounds]
   29 |   return __builtin___memcpy_chk (__dest, __src, __len,
      |          ~~~~~~~~~~~~~~~~~~~~~~~^~~~~~~~~~~~~~~~~~~~~~
   30 |                                  __glibc_objsize0 (__dest));
      |                                  ~~~~~~~~~~~~~~~~~~~~~~~~~~
In file included from /home/wenqianz/UNSW/pivoter/research/r1_skyline_index_20260918/chain_index_tool.cpp:14:
/home/wenqianz/UNSW/pivoter/research/r1_skyline_index_20260918/chain_index.hpp: In function ‘auto chainindex::with_width(unsigned int, F&&) [with F = chainindex::ChainIndex<double>::climb(int, uint32_t, const double&) const::<lambda(auto:44)>]’:
/home/wenqianz/UNSW/pivoter/research/r1_skyline_index_20260918/chain_index.hpp:52:156: note: ‘u’ declared here
   52 |     template<size_t Wb> static double load(const unsigned char* p) { if constexpr (Wb == 8) { double x; std::memcpy(&x, p, 8); return x; } else { uint64_t u = 0; std::memcpy(&u, p, Wb); return static_cast<double>(u); } }
      |                                                                                                                                                            ^
In file included from /usr/include/string.h:535,
                 from /usr/include/boost/range/detail/implementation_help.hpp:18,
                 from /usr/include/boost/range/end.hpp:20,
                 from /usr/include/boost/range/functions.hpp:19,
                 from /usr/include/boost/range/iterator_range_core.hpp:38,
                 from /usr/include/boost/lexical_cast.hpp:30,
                 from /usr/include/boost/multiprecision/detail/number_base.hpp:20,
                 from /usr/include/boost/multiprecision/traits/is_variable_precision.hpp:10,
                 from /usr/include/boost/multiprecision/detail/precision.hpp:9,
                 from /usr/include/boost/multiprecision/number.hpp:25,
                 from /usr/include/boost/multiprecision/cpp_int.hpp:12,
                 from /home/wenqianz/UNSW/pivoter/research/r1_skyline_index_20260918/../r1_terminal_20260918/../r1_orderreplay_20260917/active/../../r1_fullrange_20260917/../r1_tworoads_20260917/stream/../../r1_bottomup_20260917/../r1_sizesplit_20260917/../r1_floorbatch_20260916/../r1_envelopecore_20260916/envelope.hpp:4,
                 from /home/wenqianz/UNSW/pivoter/research/r1_skyline_index_20260918/../r1_terminal_20260918/../r1_orderreplay_20260917/active/../../r1_fullrange_20260917/../r1_tworoads_20260917/stream/../../r1_bottomup_20260917/../r1_sizesplit_20260917/../r1_floorbatch_20260916/floor.hpp:3,
                 from /home/wenqianz/UNSW/pivoter/research/r1_skyline_index_20260918/../r1_terminal_20260918/../r1_orderreplay_20260917/active/../../r1_fullrange_20260917/../r1_tworoads_20260917/stream/../../r1_bottomup_20260917/../r1_sizesplit_20260917/split.hpp:3,
                 from /home/wenqianz/UNSW/pivoter/research/r1_skyline_index_20260918/../r1_terminal_20260918/../r1_orderreplay_20260917/active/../../r1_fullrange_20260917/../r1_tworoads_20260917/stream/../../r1_bottomup_20260917/bottomup.hpp:3,
                 from /home/wenqianz/UNSW/pivoter/research/r1_skyline_index_20260918/../r1_terminal_20260918/../r1_orderreplay_20260917/active/../../r1_fullrange_20260917/../r1_tworoads_20260917/stream/../capped.hpp:3,
                 from /home/wenqianz/UNSW/pivoter/research/r1_skyline_index_20260918/../r1_terminal_20260918/../r1_orderreplay_20260917/active/../../r1_fullrange_20260917/../r1_tworoads_20260917/stream/../components.hpp:3,
                 from /home/wenqianz/UNSW/pivoter/research/r1_skyline_index_20260918/../r1_terminal_20260918/../r1_orderreplay_20260917/active/../../r1_fullrange_20260917/../r1_tworoads_20260917/stream/stream.hpp:3,
                 from /home/wenqianz/UNSW/pivoter/research/r1_skyline_index_20260918/../r1_terminal_20260918/../r1_orderreplay_20260917/active/../../r1_fullrange_20260917/generated.hpp:3,
                 from /home/wenqianz/UNSW/pivoter/research/r1_skyline_index_20260918/../r1_terminal_20260918/../r1_orderreplay_20260917/active/../order.hpp:3,
                 from /home/wenqianz/UNSW/pivoter/research/r1_skyline_index_20260918/../r1_terminal_20260918/../r1_orderreplay_20260917/active/active.hpp:3,
                 from /home/wenqianz/UNSW/pivoter/research/r1_skyline_index_20260918/../r1_terminal_20260918/terminal.hpp:3,
                 from /home/wenqianz/UNSW/pivoter/research/r1_skyline_index_20260918/common.hpp:6,
                 from /home/wenqianz/UNSW/pivoter/research/r1_skyline_index_20260918/count.cpp:1,
                 from /home/wenqianz/UNSW/pivoter/research/r1_skyline_index_20260918/chain_index_tool.cpp:12:
In function ‘void* memcpy(void*, const void*, size_t)’,
    inlined from ‘static double chainindex::Traits<double>::load(const unsigned char*) [with long unsigned int Wb = 64]’ at /home/wenqianz/UNSW/pivoter/research/r1_skyline_index_20260918/chain_index.hpp:52:174,
    inlined from ‘chainindex::ChainIndex<double>::climb_bytes<64>(const chainindex::ChainIndex<double>::Layer&, uint32_t, const double&) const::<lambda(uint32_t)>’ at /home/wenqianz/UNSW/pivoter/research/r1_skyline_index_20260918/chain_index.hpp:95:78,
    inlined from ‘uint32_t chainindex::ChainIndex<T>::climb_bytes(const chainindex::ChainIndex<T>::Layer&, uint32_t, const T&) const [with long unsigned int Wb = 64; T = double]’ at /home/wenqianz/UNSW/pivoter/research/r1_skyline_index_20260918/chain_index.hpp:96:43,
    inlined from ‘chainindex::ChainIndex<double>::climb(int, uint32_t, const double&) const::<lambda(auto:44)> [with auto:44 = std::integral_constant<long unsigned int, 64>]’ at /home/wenqianz/UNSW/pivoter/research/r1_skyline_index_20260918/chain_index.hpp:105:98,
    inlined from ‘auto chainindex::with_width(unsigned int, F&&) [with F = chainindex::ChainIndex<double>::climb(int, uint32_t, const double&) const::<lambda(auto:44)>]’ at /home/wenqianz/UNSW/pivoter/research/r1_skyline_index_20260918/chain_index.hpp:61:26:
/usr/include/x86_64-linux-gnu/bits/string_fortified.h:29:33: warning: ‘void* __builtin___memcpy_chk(void*, const void*, long unsigned int, long unsigned int)’ forming offset [8, 63] is out of the bounds [0, 8] of object ‘u’ with type ‘uint64_t’ {aka ‘long unsigned int’} [-Warray-bounds]
   29 |   return __builtin___memcpy_chk (__dest, __src, __len,
      |          ~~~~~~~~~~~~~~~~~~~~~~~^~~~~~~~~~~~~~~~~~~~~~
   30 |                                  __glibc_objsize0 (__dest));
      |                                  ~~~~~~~~~~~~~~~~~~~~~~~~~~
In file included from /home/wenqianz/UNSW/pivoter/research/r1_skyline_index_20260918/chain_index_tool.cpp:14:
/home/wenqianz/UNSW/pivoter/research/r1_skyline_index_20260918/chain_index.hpp: In function ‘auto chainindex::with_width(unsigned int, F&&) [with F = chainindex::ChainIndex<double>::climb(int, uint32_t, const double&) const::<lambda(auto:44)>]’:
/home/wenqianz/UNSW/pivoter/research/r1_skyline_index_20260918/chain_index.hpp:52:156: note: ‘u’ declared here
   52 |     template<size_t Wb> static double load(const unsigned char* p) { if constexpr (Wb == 8) { double x; std::memcpy(&x, p, 8); return x; } else { uint64_t u = 0; std::memcpy(&u, p, Wb); return static_cast<double>(u); } }
      |                                                                                                                                                            ^
/home/wenqianz/UNSW/pivoter/research/r1_skyline_index_20260918/chain_index_tool.cpp: In function ‘bench<boost::multiprecision::number<boost::multiprecision::backends::cpp_int_backend<512, 512, boost::multiprecision::unsigned_magnitude, boost::multiprecision::unchecked, void> > >(const Input&, const terminal::Index&, const tailpeel::Prepared*, unsigned int, const string&, double)::<lambda(const std::vector<bench<boost::multiprecision::number<boost::multiprecision::backends::cpp_int_backend<512, 512, boost::multiprecision::unsigned_magnitude, boost::multiprecision::unchecked, void> > >(const Input&, const terminal::Index&, const tailpeel::Prepared*, unsigned int, const string&, double)::Q, std::allocator<bench<boost::multiprecision::number<boost::multiprecision::backends::cpp_int_backend<512, 512, boost::multiprecision::unsigned_magnitude, boost::multiprecision::unchecked, void> > >(const Input&, const terminal::Index&, const tailpeel::Prepared*, unsigned int, const string&, double)::Q> >&)>’:
/home/wenqianz/UNSW/pivoter/research/r1_skyline_index_20260918/chain_index_tool.cpp:325:207: warning: ‘r.chainindex::ChainIndex<double>::Runs::nmid’ may be used uninitialized in this function [-Wmaybe-uninitialized]
  325 |         for (int pass = 0; pass < 6; ++pass) { const auto st = Clock::now(); for (const auto& q : qs) { typename ChainIndex<V>::Runs r; uint32_t nd = 0; ix.community_runs(q.v, q.s, q.k, r, nd); z += r.nmid + r.lo0 + nd; }
      |                                                                                                                                                                                                        ~~~~~~~^~~~~~~
/home/wenqianz/UNSW/pivoter/research/r1_skyline_index_20260918/chain_index_tool.cpp:325:134: note: ‘r.chainindex::ChainIndex<double>::Runs::nmid’ was declared here
  325 |         for (int pass = 0; pass < 6; ++pass) { const auto st = Clock::now(); for (const auto& q : qs) { typename ChainIndex<V>::Runs r; uint32_t nd = 0; ix.community_runs(q.v, q.s, q.k, r, nd); z += r.nmid + r.lo0 + nd; }
      |                                                                                                                                      ^
/home/wenqianz/UNSW/pivoter/research/r1_skyline_index_20260918/chain_index_tool.cpp:325:207: warning: ‘r.chainindex::ChainIndex<double>::Runs::lo0’ may be used uninitialized in this function [-Wmaybe-uninitialized]
  325 |         for (int pass = 0; pass < 6; ++pass) { const auto st = Clock::now(); for (const auto& q : qs) { typename ChainIndex<V>::Runs r; uint32_t nd = 0; ix.community_runs(q.v, q.s, q.k, r, nd); z += r.nmid + r.lo0 + nd; }
      |                                                                                                                                                                                                        ~~~~~~~^~~~~~~
/home/wenqianz/UNSW/pivoter/research/r1_skyline_index_20260918/chain_index_tool.cpp:325:134: note: ‘r.chainindex::ChainIndex<double>::Runs::lo0’ was declared here
  325 |         for (int pass = 0; pass < 6; ++pass) { const auto st = Clock::now(); for (const auto& q : qs) { typename ChainIndex<V>::Runs r; uint32_t nd = 0; ix.community_runs(q.v, q.s, q.k, r, nd); z += r.nmid + r.lo0 + nd; }
      |                                                                                                                                      ^
/home/wenqianz/UNSW/pivoter/research/r1_skyline_index_20260918/chain_index_tool.cpp: In function ‘bench<boost::multiprecision::number<boost::multiprecision::backends::cpp_int_backend<256, 256, boost::multiprecision::unsigned_magnitude, boost::multiprecision::unchecked, void> > >(const Input&, const terminal::Index&, const tailpeel::Prepared*, unsigned int, const string&, double)::<lambda(const std::vector<bench<boost::multiprecision::number<boost::multiprecision::backends::cpp_int_backend<256, 256, boost::multiprecision::unsigned_magnitude, boost::multiprecision::unchecked, void> > >(const Input&, const terminal::Index&, const tailpeel::Prepared*, unsigned int, const string&, double)::Q, std::allocator<bench<boost::multiprecision::number<boost::multiprecision::backends::cpp_int_backend<256, 256, boost::multiprecision::unsigned_magnitude, boost::multiprecision::unchecked, void> > >(const Input&, const terminal::Index&, const tailpeel::Prepared*, unsigned int, const string&, double)::Q> >&)>’:
/home/wenqianz/UNSW/pivoter/research/r1_skyline_index_20260918/chain_index_tool.cpp:325:207: warning: ‘r.chainindex::ChainIndex<double>::Runs::nmid’ may be used uninitialized in this function [-Wmaybe-uninitialized]
  325 |         for (int pass = 0; pass < 6; ++pass) { const auto st = Clock::now(); for (const auto& q : qs) { typename ChainIndex<V>::Runs r; uint32_t nd = 0; ix.community_runs(q.v, q.s, q.k, r, nd); z += r.nmid + r.lo0 + nd; }
      |                                                                                                                                                                                                        ~~~~~~~^~~~~~~
/home/wenqianz/UNSW/pivoter/research/r1_skyline_index_20260918/chain_index_tool.cpp:325:134: note: ‘r.chainindex::ChainIndex<double>::Runs::nmid’ was declared here
  325 |         for (int pass = 0; pass < 6; ++pass) { const auto st = Clock::now(); for (const auto& q : qs) { typename ChainIndex<V>::Runs r; uint32_t nd = 0; ix.community_runs(q.v, q.s, q.k, r, nd); z += r.nmid + r.lo0 + nd; }
      |                                                                                                                                      ^
/home/wenqianz/UNSW/pivoter/research/r1_skyline_index_20260918/chain_index_tool.cpp:325:207: warning: ‘r.chainindex::ChainIndex<double>::Runs::lo0’ may be used uninitialized in this function [-Wmaybe-uninitialized]
  325 |         for (int pass = 0; pass < 6; ++pass) { const auto st = Clock::now(); for (const auto& q : qs) { typename ChainIndex<V>::Runs r; uint32_t nd = 0; ix.community_runs(q.v, q.s, q.k, r, nd); z += r.nmid + r.lo0 + nd; }
      |                                                                                                                                                                                                        ~~~~~~~^~~~~~~
/home/wenqianz/UNSW/pivoter/research/r1_skyline_index_20260918/chain_index_tool.cpp:325:134: note: ‘r.chainindex::ChainIndex<double>::Runs::lo0’ was declared here
  325 |         for (int pass = 0; pass < 6; ++pass) { const auto st = Clock::now(); for (const auto& q : qs) { typename ChainIndex<V>::Runs r; uint32_t nd = 0; ix.community_runs(q.v, q.s, q.k, r, nd); z += r.nmid + r.lo0 + nd; }
      |                                                                                                                                      ^
/home/wenqianz/UNSW/pivoter/research/r1_skyline_index_20260918/chain_index_tool.cpp: In function ‘bench<__int128 unsigned>(const Input&, const terminal::Index&, const tailpeel::Prepared*, unsigned int, const string&, double)::<lambda(const std::vector<bench<__int128 unsigned>(const Input&, const terminal::Index&, const tailpeel::Prepared*, unsigned int, const string&, double)::Q, std::allocator<bench<__int128 unsigned>(const Input&, const terminal::Index&, const tailpeel::Prepared*, unsigned int, const string&, double)::Q> >&)>’:
/home/wenqianz/UNSW/pivoter/research/r1_skyline_index_20260918/chain_index_tool.cpp:325:207: warning: ‘r.chainindex::ChainIndex<double>::Runs::nmid’ may be used uninitialized in this function [-Wmaybe-uninitialized]
  325 |         for (int pass = 0; pass < 6; ++pass) { const auto st = Clock::now(); for (const auto& q : qs) { typename ChainIndex<V>::Runs r; uint32_t nd = 0; ix.community_runs(q.v, q.s, q.k, r, nd); z += r.nmid + r.lo0 + nd; }
      |                                                                                                                                                                                                        ~~~~~~~^~~~~~~
/home/wenqianz/UNSW/pivoter/research/r1_skyline_index_20260918/chain_index_tool.cpp:325:134: note: ‘r.chainindex::ChainIndex<double>::Runs::nmid’ was declared here
  325 |         for (int pass = 0; pass < 6; ++pass) { const auto st = Clock::now(); for (const auto& q : qs) { typename ChainIndex<V>::Runs r; uint32_t nd = 0; ix.community_runs(q.v, q.s, q.k, r, nd); z += r.nmid + r.lo0 + nd; }
      |                                                                                                                                      ^
/home/wenqianz/UNSW/pivoter/research/r1_skyline_index_20260918/chain_index_tool.cpp:325:207: warning: ‘r.chainindex::ChainIndex<double>::Runs::lo0’ may be used uninitialized in this function [-Wmaybe-uninitialized]
  325 |         for (int pass = 0; pass < 6; ++pass) { const auto st = Clock::now(); for (const auto& q : qs) { typename ChainIndex<V>::Runs r; uint32_t nd = 0; ix.community_runs(q.v, q.s, q.k, r, nd); z += r.nmid + r.lo0 + nd; }
      |                                                                                                                                                                                                        ~~~~~~~^~~~~~~
/home/wenqianz/UNSW/pivoter/research/r1_skyline_index_20260918/chain_index_tool.cpp:325:134: note: ‘r.chainindex::ChainIndex<double>::Runs::lo0’ was declared here
  325 |         for (int pass = 0; pass < 6; ++pass) { const auto st = Clock::now(); for (const auto& q : qs) { typename ChainIndex<V>::Runs r; uint32_t nd = 0; ix.community_runs(q.v, q.s, q.k, r, nd); z += r.nmid + r.lo0 + nd; }
      |                                                                                                                                      ^
/home/wenqianz/UNSW/pivoter/research/r1_skyline_index_20260918/chain_index_tool.cpp: In function ‘bench<long unsigned int>(const Input&, const terminal::Index&, const tailpeel::Prepared*, unsigned int, const string&, double)::<lambda(const std::vector<bench<long unsigned int>(const Input&, const terminal::Index&, const tailpeel::Prepared*, unsigned int, const string&, double)::Q, std::allocator<bench<long unsigned int>(const Input&, const terminal::Index&, const tailpeel::Prepared*, unsigned int, const string&, double)::Q> >&)>’:
/home/wenqianz/UNSW/pivoter/research/r1_skyline_index_20260918/chain_index_tool.cpp:325:207: warning: ‘r.chainindex::ChainIndex<double>::Runs::nmid’ may be used uninitialized in this function [-Wmaybe-uninitialized]
  325 |         for (int pass = 0; pass < 6; ++pass) { const auto st = Clock::now(); for (const auto& q : qs) { typename ChainIndex<V>::Runs r; uint32_t nd = 0; ix.community_runs(q.v, q.s, q.k, r, nd); z += r.nmid + r.lo0 + nd; }
      |                                                                                                                                                                                                        ~~~~~~~^~~~~~~
/home/wenqianz/UNSW/pivoter/research/r1_skyline_index_20260918/chain_index_tool.cpp:325:134: note: ‘r.chainindex::ChainIndex<double>::Runs::nmid’ was declared here
  325 |         for (int pass = 0; pass < 6; ++pass) { const auto st = Clock::now(); for (const auto& q : qs) { typename ChainIndex<V>::Runs r; uint32_t nd = 0; ix.community_runs(q.v, q.s, q.k, r, nd); z += r.nmid + r.lo0 + nd; }
      |                                                                                                                                      ^
/home/wenqianz/UNSW/pivoter/research/r1_skyline_index_20260918/chain_index_tool.cpp:325:207: warning: ‘r.chainindex::ChainIndex<double>::Runs::lo0’ may be used uninitialized in this function [-Wmaybe-uninitialized]
  325 |         for (int pass = 0; pass < 6; ++pass) { const auto st = Clock::now(); for (const auto& q : qs) { typename ChainIndex<V>::Runs r; uint32_t nd = 0; ix.community_runs(q.v, q.s, q.k, r, nd); z += r.nmid + r.lo0 + nd; }
      |                                                                                                                                                                                                        ~~~~~~~^~~~~~~
/home/wenqianz/UNSW/pivoter/research/r1_skyline_index_20260918/chain_index_tool.cpp:325:134: note: ‘r.chainindex::ChainIndex<double>::Runs::lo0’ was declared here
  325 |         for (int pass = 0; pass < 6; ++pass) { const auto st = Clock::now(); for (const auto& q : qs) { typename ChainIndex<V>::Runs r; uint32_t nd = 0; ix.community_runs(q.v, q.s, q.k, r, nd); z += r.nmid + r.lo0 + nd; }
      |                                                                                                                                      ^
In file included from /usr/include/string.h:535,
                 from /usr/include/boost/range/detail/implementation_help.hpp:18,
                 from /usr/include/boost/range/end.hpp:20,
                 from /usr/include/boost/range/functions.hpp:19,
                 from /usr/include/boost/range/iterator_range_core.hpp:38,
                 from /usr/include/boost/lexical_cast.hpp:30,
                 from /usr/include/boost/multiprecision/detail/number_base.hpp:20,
                 from /usr/include/boost/multiprecision/traits/is_variable_precision.hpp:10,
                 from /usr/include/boost/multiprecision/detail/precision.hpp:9,
                 from /usr/include/boost/multiprecision/number.hpp:25,
                 from /usr/include/boost/multiprecision/cpp_int.hpp:12,
                 from /home/wenqianz/UNSW/pivoter/research/r1_skyline_index_20260918/../r1_terminal_20260918/../r1_orderreplay_20260917/active/../../r1_fullrange_20260917/../r1_tworoads_20260917/stream/../../r1_bottomup_20260917/../r1_sizesplit_20260917/../r1_floorbatch_20260916/../r1_envelopecore_20260916/envelope.hpp:4,
                 from /home/wenqianz/UNSW/pivoter/research/r1_skyline_index_20260918/../r1_terminal_20260918/../r1_orderreplay_20260917/active/../../r1_fullrange_20260917/../r1_tworoads_20260917/stream/../../r1_bottomup_20260917/../r1_sizesplit_20260917/../r1_floorbatch_20260916/floor.hpp:3,
                 from /home/wenqianz/UNSW/pivoter/research/r1_skyline_index_20260918/../r1_terminal_20260918/../r1_orderreplay_20260917/active/../../r1_fullrange_20260917/../r1_tworoads_20260917/stream/../../r1_bottomup_20260917/../r1_sizesplit_20260917/split.hpp:3,
                 from /home/wenqianz/UNSW/pivoter/research/r1_skyline_index_20260918/../r1_terminal_20260918/../r1_orderreplay_20260917/active/../../r1_fullrange_20260917/../r1_tworoads_20260917/stream/../../r1_bottomup_20260917/bottomup.hpp:3,
                 from /home/wenqianz/UNSW/pivoter/research/r1_skyline_index_20260918/../r1_terminal_20260918/../r1_orderreplay_20260917/active/../../r1_fullrange_20260917/../r1_tworoads_20260917/stream/../capped.hpp:3,
                 from /home/wenqianz/UNSW/pivoter/research/r1_skyline_index_20260918/../r1_terminal_20260918/../r1_orderreplay_20260917/active/../../r1_fullrange_20260917/../r1_tworoads_20260917/stream/../components.hpp:3,
                 from /home/wenqianz/UNSW/pivoter/research/r1_skyline_index_20260918/../r1_terminal_20260918/../r1_orderreplay_20260917/active/../../r1_fullrange_20260917/../r1_tworoads_20260917/stream/stream.hpp:3,
                 from /home/wenqianz/UNSW/pivoter/research/r1_skyline_index_20260918/../r1_terminal_20260918/../r1_orderreplay_20260917/active/../../r1_fullrange_20260917/generated.hpp:3,
                 from /home/wenqianz/UNSW/pivoter/research/r1_skyline_index_20260918/../r1_terminal_20260918/../r1_orderreplay_20260917/active/../order.hpp:3,
                 from /home/wenqianz/UNSW/pivoter/research/r1_skyline_index_20260918/../r1_terminal_20260918/../r1_orderreplay_20260917/active/active.hpp:3,
                 from /home/wenqianz/UNSW/pivoter/research/r1_skyline_index_20260918/../r1_terminal_20260918/terminal.hpp:3,
                 from /home/wenqianz/UNSW/pivoter/research/r1_skyline_index_20260918/common.hpp:6,
                 from /home/wenqianz/UNSW/pivoter/research/r1_skyline_index_20260918/count.cpp:1,
                 from /home/wenqianz/UNSW/pivoter/research/r1_skyline_index_20260918/chain_index_tool.cpp:12:
In function ‘void* memcpy(void*, const void*, size_t)’,
    inlined from ‘static double chainindex::Traits<double>::load(const unsigned char*) [with long unsigned int Wb = 16]’ at /home/wenqianz/UNSW/pivoter/research/r1_skyline_index_20260918/chain_index.hpp:52:174,
    inlined from ‘chainindex::ChainIndex<double>::value(uint32_t, int) const::<lambda(auto:45)> [with auto:45 = std::integral_constant<long unsigned int, 16>]’ at /home/wenqianz/UNSW/pivoter/research/r1_skyline_index_20260918/chain_index.hpp:112:200,
    inlined from ‘auto chainindex::with_width(unsigned int, F&&) [with F = chainindex::ChainIndex<double>::value(uint32_t, int) const::<lambda(auto:45)>]’ at /home/wenqianz/UNSW/pivoter/research/r1_skyline_index_20260918/chain_index.hpp:60:81,
    inlined from ‘T chainindex::ChainIndex<T>::value(uint32_t, int) const [with T = double]’ at /home/wenqianz/UNSW/pivoter/research/r1_skyline_index_20260918/chain_index.hpp:112:122:
/usr/include/x86_64-linux-gnu/bits/string_fortified.h:29:33: warning: ‘void* __builtin___memcpy_chk(void*, const void*, long unsigned int, long unsigned int)’ forming offset [8, 15] is out of the bounds [0, 8] of object ‘u’ with type ‘uint64_t’ {aka ‘long unsigned int’} [-Warray-bounds]
   29 |   return __builtin___memcpy_chk (__dest, __src, __len,
      |          ~~~~~~~~~~~~~~~~~~~~~~~^~~~~~~~~~~~~~~~~~~~~~
   30 |                                  __glibc_objsize0 (__dest));
      |                                  ~~~~~~~~~~~~~~~~~~~~~~~~~~
In file included from /home/wenqianz/UNSW/pivoter/research/r1_skyline_index_20260918/chain_index_tool.cpp:14:
/home/wenqianz/UNSW/pivoter/research/r1_skyline_index_20260918/chain_index.hpp: In member function ‘T chainindex::ChainIndex<T>::value(uint32_t, int) const [with T = double]’:
/home/wenqianz/UNSW/pivoter/research/r1_skyline_index_20260918/chain_index.hpp:52:156: note: ‘u’ declared here
   52 |     template<size_t Wb> static double load(const unsigned char* p) { if constexpr (Wb == 8) { double x; std::memcpy(&x, p, 8); return x; } else { uint64_t u = 0; std::memcpy(&u, p, Wb); return static_cast<double>(u); } }
      |                                                                                                                                                            ^
In file included from /usr/include/string.h:535,
                 from /usr/include/boost/range/detail/implementation_help.hpp:18,
                 from /usr/include/boost/range/end.hpp:20,
                 from /usr/include/boost/range/functions.hpp:19,
                 from /usr/include/boost/range/iterator_range_core.hpp:38,
                 from /usr/include/boost/lexical_cast.hpp:30,
                 from /usr/include/boost/multiprecision/detail/number_base.hpp:20,
                 from /usr/include/boost/multiprecision/traits/is_variable_precision.hpp:10,
                 from /usr/include/boost/multiprecision/detail/precision.hpp:9,
                 from /usr/include/boost/multiprecision/number.hpp:25,
                 from /usr/include/boost/multiprecision/cpp_int.hpp:12,
                 from /home/wenqianz/UNSW/pivoter/research/r1_skyline_index_20260918/../r1_terminal_20260918/../r1_orderreplay_20260917/active/../../r1_fullrange_20260917/../r1_tworoads_20260917/stream/../../r1_bottomup_20260917/../r1_sizesplit_20260917/../r1_floorbatch_20260916/../r1_envelopecore_20260916/envelope.hpp:4,
                 from /home/wenqianz/UNSW/pivoter/research/r1_skyline_index_20260918/../r1_terminal_20260918/../r1_orderreplay_20260917/active/../../r1_fullrange_20260917/../r1_tworoads_20260917/stream/../../r1_bottomup_20260917/../r1_sizesplit_20260917/../r1_floorbatch_20260916/floor.hpp:3,
                 from /home/wenqianz/UNSW/pivoter/research/r1_skyline_index_20260918/../r1_terminal_20260918/../r1_orderreplay_20260917/active/../../r1_fullrange_20260917/../r1_tworoads_20260917/stream/../../r1_bottomup_20260917/../r1_sizesplit_20260917/split.hpp:3,
                 from /home/wenqianz/UNSW/pivoter/research/r1_skyline_index_20260918/../r1_terminal_20260918/../r1_orderreplay_20260917/active/../../r1_fullrange_20260917/../r1_tworoads_20260917/stream/../../r1_bottomup_20260917/bottomup.hpp:3,
                 from /home/wenqianz/UNSW/pivoter/research/r1_skyline_index_20260918/../r1_terminal_20260918/../r1_orderreplay_20260917/active/../../r1_fullrange_20260917/../r1_tworoads_20260917/stream/../capped.hpp:3,
                 from /home/wenqianz/UNSW/pivoter/research/r1_skyline_index_20260918/../r1_terminal_20260918/../r1_orderreplay_20260917/active/../../r1_fullrange_20260917/../r1_tworoads_20260917/stream/../components.hpp:3,
                 from /home/wenqianz/UNSW/pivoter/research/r1_skyline_index_20260918/../r1_terminal_20260918/../r1_orderreplay_20260917/active/../../r1_fullrange_20260917/../r1_tworoads_20260917/stream/stream.hpp:3,
                 from /home/wenqianz/UNSW/pivoter/research/r1_skyline_index_20260918/../r1_terminal_20260918/../r1_orderreplay_20260917/active/../../r1_fullrange_20260917/generated.hpp:3,
                 from /home/wenqianz/UNSW/pivoter/research/r1_skyline_index_20260918/../r1_terminal_20260918/../r1_orderreplay_20260917/active/../order.hpp:3,
                 from /home/wenqianz/UNSW/pivoter/research/r1_skyline_index_20260918/../r1_terminal_20260918/../r1_orderreplay_20260917/active/active.hpp:3,
                 from /home/wenqianz/UNSW/pivoter/research/r1_skyline_index_20260918/../r1_terminal_20260918/terminal.hpp:3,
                 from /home/wenqianz/UNSW/pivoter/research/r1_skyline_index_20260918/common.hpp:6,
                 from /home/wenqianz/UNSW/pivoter/research/r1_skyline_index_20260918/count.cpp:1,
                 from /home/wenqianz/UNSW/pivoter/research/r1_skyline_index_20260918/chain_index_tool.cpp:12:
In function ‘void* memcpy(void*, const void*, size_t)’,
    inlined from ‘static double chainindex::Traits<double>::load(const unsigned char*) [with long unsigned int Wb = 32]’ at /home/wenqianz/UNSW/pivoter/research/r1_skyline_index_20260918/chain_index.hpp:52:174,
    inlined from ‘chainindex::ChainIndex<double>::value(uint32_t, int) const::<lambda(auto:45)> [with auto:45 = std::integral_constant<long unsigned int, 32>]’ at /home/wenqianz/UNSW/pivoter/research/r1_skyline_index_20260918/chain_index.hpp:112:200,
    inlined from ‘auto chainindex::with_width(unsigned int, F&&) [with F = chainindex::ChainIndex<double>::value(uint32_t, int) const::<lambda(auto:45)>]’ at /home/wenqianz/UNSW/pivoter/research/r1_skyline_index_20260918/chain_index.hpp:60:138,
    inlined from ‘T chainindex::ChainIndex<T>::value(uint32_t, int) const [with T = double]’ at /home/wenqianz/UNSW/pivoter/research/r1_skyline_index_20260918/chain_index.hpp:112:122:
/usr/include/x86_64-linux-gnu/bits/string_fortified.h:29:33: warning: ‘void* __builtin___memcpy_chk(void*, const void*, long unsigned int, long unsigned int)’ forming offset [8, 31] is out of the bounds [0, 8] of object ‘u’ with type ‘uint64_t’ {aka ‘long unsigned int’} [-Warray-bounds]
   29 |   return __builtin___memcpy_chk (__dest, __src, __len,
      |          ~~~~~~~~~~~~~~~~~~~~~~~^~~~~~~~~~~~~~~~~~~~~~
   30 |                                  __glibc_objsize0 (__dest));
      |                                  ~~~~~~~~~~~~~~~~~~~~~~~~~~
In file included from /home/wenqianz/UNSW/pivoter/research/r1_skyline_index_20260918/chain_index_tool.cpp:14:
/home/wenqianz/UNSW/pivoter/research/r1_skyline_index_20260918/chain_index.hpp: In member function ‘T chainindex::ChainIndex<T>::value(uint32_t, int) const [with T = double]’:
/home/wenqianz/UNSW/pivoter/research/r1_skyline_index_20260918/chain_index.hpp:52:156: note: ‘u’ declared here
   52 |     template<size_t Wb> static double load(const unsigned char* p) { if constexpr (Wb == 8) { double x; std::memcpy(&x, p, 8); return x; } else { uint64_t u = 0; std::memcpy(&u, p, Wb); return static_cast<double>(u); } }
      |                                                                                                                                                            ^
In file included from /usr/include/string.h:535,
                 from /usr/include/boost/range/detail/implementation_help.hpp:18,
                 from /usr/include/boost/range/end.hpp:20,
                 from /usr/include/boost/range/functions.hpp:19,
                 from /usr/include/boost/range/iterator_range_core.hpp:38,
                 from /usr/include/boost/lexical_cast.hpp:30,
                 from /usr/include/boost/multiprecision/detail/number_base.hpp:20,
                 from /usr/include/boost/multiprecision/traits/is_variable_precision.hpp:10,
                 from /usr/include/boost/multiprecision/detail/precision.hpp:9,
                 from /usr/include/boost/multiprecision/number.hpp:25,
                 from /usr/include/boost/multiprecision/cpp_int.hpp:12,
                 from /home/wenqianz/UNSW/pivoter/research/r1_skyline_index_20260918/../r1_terminal_20260918/../r1_orderreplay_20260917/active/../../r1_fullrange_20260917/../r1_tworoads_20260917/stream/../../r1_bottomup_20260917/../r1_sizesplit_20260917/../r1_floorbatch_20260916/../r1_envelopecore_20260916/envelope.hpp:4,
                 from /home/wenqianz/UNSW/pivoter/research/r1_skyline_index_20260918/../r1_terminal_20260918/../r1_orderreplay_20260917/active/../../r1_fullrange_20260917/../r1_tworoads_20260917/stream/../../r1_bottomup_20260917/../r1_sizesplit_20260917/../r1_floorbatch_20260916/floor.hpp:3,
                 from /home/wenqianz/UNSW/pivoter/research/r1_skyline_index_20260918/../r1_terminal_20260918/../r1_orderreplay_20260917/active/../../r1_fullrange_20260917/../r1_tworoads_20260917/stream/../../r1_bottomup_20260917/../r1_sizesplit_20260917/split.hpp:3,
                 from /home/wenqianz/UNSW/pivoter/research/r1_skyline_index_20260918/../r1_terminal_20260918/../r1_orderreplay_20260917/active/../../r1_fullrange_20260917/../r1_tworoads_20260917/stream/../../r1_bottomup_20260917/bottomup.hpp:3,
                 from /home/wenqianz/UNSW/pivoter/research/r1_skyline_index_20260918/../r1_terminal_20260918/../r1_orderreplay_20260917/active/../../r1_fullrange_20260917/../r1_tworoads_20260917/stream/../capped.hpp:3,
                 from /home/wenqianz/UNSW/pivoter/research/r1_skyline_index_20260918/../r1_terminal_20260918/../r1_orderreplay_20260917/active/../../r1_fullrange_20260917/../r1_tworoads_20260917/stream/../components.hpp:3,
                 from /home/wenqianz/UNSW/pivoter/research/r1_skyline_index_20260918/../r1_terminal_20260918/../r1_orderreplay_20260917/active/../../r1_fullrange_20260917/../r1_tworoads_20260917/stream/stream.hpp:3,
                 from /home/wenqianz/UNSW/pivoter/research/r1_skyline_index_20260918/../r1_terminal_20260918/../r1_orderreplay_20260917/active/../../r1_fullrange_20260917/generated.hpp:3,
                 from /home/wenqianz/UNSW/pivoter/research/r1_skyline_index_20260918/../r1_terminal_20260918/../r1_orderreplay_20260917/active/../order.hpp:3,
                 from /home/wenqianz/UNSW/pivoter/research/r1_skyline_index_20260918/../r1_terminal_20260918/../r1_orderreplay_20260917/active/active.hpp:3,
                 from /home/wenqianz/UNSW/pivoter/research/r1_skyline_index_20260918/../r1_terminal_20260918/terminal.hpp:3,
                 from /home/wenqianz/UNSW/pivoter/research/r1_skyline_index_20260918/common.hpp:6,
                 from /home/wenqianz/UNSW/pivoter/research/r1_skyline_index_20260918/count.cpp:1,
                 from /home/wenqianz/UNSW/pivoter/research/r1_skyline_index_20260918/chain_index_tool.cpp:12:
In function ‘void* memcpy(void*, const void*, size_t)’,
    inlined from ‘static double chainindex::Traits<double>::load(const unsigned char*) [with long unsigned int Wb = 64]’ at /home/wenqianz/UNSW/pivoter/research/r1_skyline_index_20260918/chain_index.hpp:52:174,
    inlined from ‘chainindex::ChainIndex<double>::value(uint32_t, int) const::<lambda(auto:45)> [with auto:45 = std::integral_constant<long unsigned int, 64>]’ at /home/wenqianz/UNSW/pivoter/research/r1_skyline_index_20260918/chain_index.hpp:112:200,
    inlined from ‘auto chainindex::with_width(unsigned int, F&&) [with F = chainindex::ChainIndex<double>::value(uint32_t, int) const::<lambda(auto:45)>]’ at /home/wenqianz/UNSW/pivoter/research/r1_skyline_index_20260918/chain_index.hpp:61:26,
    inlined from ‘T chainindex::ChainIndex<T>::value(uint32_t, int) const [with T = double]’ at /home/wenqianz/UNSW/pivoter/research/r1_skyline_index_20260918/chain_index.hpp:112:122:
/usr/include/x86_64-linux-gnu/bits/string_fortified.h:29:33: warning: ‘void* __builtin___memcpy_chk(void*, const void*, long unsigned int, long unsigned int)’ forming offset [8, 63] is out of the bounds [0, 8] of object ‘u’ with type ‘uint64_t’ {aka ‘long unsigned int’} [-Warray-bounds]
   29 |   return __builtin___memcpy_chk (__dest, __src, __len,
      |          ~~~~~~~~~~~~~~~~~~~~~~~^~~~~~~~~~~~~~~~~~~~~~
   30 |                                  __glibc_objsize0 (__dest));
      |                                  ~~~~~~~~~~~~~~~~~~~~~~~~~~
In file included from /home/wenqianz/UNSW/pivoter/research/r1_skyline_index_20260918/chain_index_tool.cpp:14:
/home/wenqianz/UNSW/pivoter/research/r1_skyline_index_20260918/chain_index.hpp: In member function ‘T chainindex::ChainIndex<T>::value(uint32_t, int) const [with T = double]’:
/home/wenqianz/UNSW/pivoter/research/r1_skyline_index_20260918/chain_index.hpp:52:156: note: ‘u’ declared here
   52 |     template<size_t Wb> static double load(const unsigned char* p) { if constexpr (Wb == 8) { double x; std::memcpy(&x, p, 8); return x; } else { uint64_t u = 0; std::memcpy(&u, p, Wb); return static_cast<double>(u); } }
      |                                                                                                                                                            ^
In file included from /usr/include/string.h:535,
                 from /usr/include/boost/range/detail/implementation_help.hpp:18,
                 from /usr/include/boost/range/end.hpp:20,
                 from /usr/include/boost/range/functions.hpp:19,
                 from /usr/include/boost/range/iterator_range_core.hpp:38,
                 from /usr/include/boost/lexical_cast.hpp:30,
                 from /usr/include/boost/multiprecision/detail/number_base.hpp:20,
                 from /usr/include/boost/multiprecision/traits/is_variable_precision.hpp:10,
                 from /usr/include/boost/multiprecision/detail/precision.hpp:9,
                 from /usr/include/boost/multiprecision/number.hpp:25,
                 from /usr/include/boost/multiprecision/cpp_int.hpp:12,
                 from /home/wenqianz/UNSW/pivoter/research/r1_skyline_index_20260918/../r1_terminal_20260918/../r1_orderreplay_20260917/active/../../r1_fullrange_20260917/../r1_tworoads_20260917/stream/../../r1_bottomup_20260917/../r1_sizesplit_20260917/../r1_floorbatch_20260916/../r1_envelopecore_20260916/envelope.hpp:4,
                 from /home/wenqianz/UNSW/pivoter/research/r1_skyline_index_20260918/../r1_terminal_20260918/../r1_orderreplay_20260917/active/../../r1_fullrange_20260917/../r1_tworoads_20260917/stream/../../r1_bottomup_20260917/../r1_sizesplit_20260917/../r1_floorbatch_20260916/floor.hpp:3,
                 from /home/wenqianz/UNSW/pivoter/research/r1_skyline_index_20260918/../r1_terminal_20260918/../r1_orderreplay_20260917/active/../../r1_fullrange_20260917/../r1_tworoads_20260917/stream/../../r1_bottomup_20260917/../r1_sizesplit_20260917/split.hpp:3,
                 from /home/wenqianz/UNSW/pivoter/research/r1_skyline_index_20260918/../r1_terminal_20260918/../r1_orderreplay_20260917/active/../../r1_fullrange_20260917/../r1_tworoads_20260917/stream/../../r1_bottomup_20260917/bottomup.hpp:3,
                 from /home/wenqianz/UNSW/pivoter/research/r1_skyline_index_20260918/../r1_terminal_20260918/../r1_orderreplay_20260917/active/../../r1_fullrange_20260917/../r1_tworoads_20260917/stream/../capped.hpp:3,
                 from /home/wenqianz/UNSW/pivoter/research/r1_skyline_index_20260918/../r1_terminal_20260918/../r1_orderreplay_20260917/active/../../r1_fullrange_20260917/../r1_tworoads_20260917/stream/../components.hpp:3,
                 from /home/wenqianz/UNSW/pivoter/research/r1_skyline_index_20260918/../r1_terminal_20260918/../r1_orderreplay_20260917/active/../../r1_fullrange_20260917/../r1_tworoads_20260917/stream/stream.hpp:3,
                 from /home/wenqianz/UNSW/pivoter/research/r1_skyline_index_20260918/../r1_terminal_20260918/../r1_orderreplay_20260917/active/../../r1_fullrange_20260917/generated.hpp:3,
                 from /home/wenqianz/UNSW/pivoter/research/r1_skyline_index_20260918/../r1_terminal_20260918/../r1_orderreplay_20260917/active/../order.hpp:3,
                 from /home/wenqianz/UNSW/pivoter/research/r1_skyline_index_20260918/../r1_terminal_20260918/../r1_orderreplay_20260917/active/active.hpp:3,
                 from /home/wenqianz/UNSW/pivoter/research/r1_skyline_index_20260918/../r1_terminal_20260918/terminal.hpp:3,
                 from /home/wenqianz/UNSW/pivoter/research/r1_skyline_index_20260918/common.hpp:6,
                 from /home/wenqianz/UNSW/pivoter/research/r1_skyline_index_20260918/count.cpp:1,
                 from /home/wenqianz/UNSW/pivoter/research/r1_skyline_index_20260918/chain_index_tool.cpp:12:
In function ‘void* memcpy(void*, const void*, size_t)’,
    inlined from ‘static double chainindex::Traits<double>::load(const unsigned char*) [with long unsigned int Wb = 16]’ at /home/wenqianz/UNSW/pivoter/research/r1_skyline_index_20260918/chain_index.hpp:52:174,
    inlined from ‘chainindex::ChainIndex<double>::value(uint32_t, int) const::<lambda(auto:45)> [with auto:45 = std::integral_constant<long unsigned int, 16>]’ at /home/wenqianz/UNSW/pivoter/research/r1_skyline_index_20260918/chain_index.hpp:112:200,
    inlined from ‘auto chainindex::with_width(unsigned int, F&&) [with F = chainindex::ChainIndex<double>::value(uint32_t, int) const::<lambda(auto:45)>]’ at /home/wenqianz/UNSW/pivoter/research/r1_skyline_index_20260918/chain_index.hpp:60:81,
    inlined from ‘T chainindex::ChainIndex<T>::value(uint32_t, int) const [with T = double]’ at /home/wenqianz/UNSW/pivoter/research/r1_skyline_index_20260918/chain_index.hpp:112:122,
    inlined from ‘bench<__int128 unsigned>(const Input&, const terminal::Index&, const tailpeel::Prepared*, unsigned int, const string&, double)::<lambda()>’ at /home/wenqianz/UNSW/pivoter/research/r1_skyline_index_20260918/chain_index_tool.cpp:338:144:
/usr/include/x86_64-linux-gnu/bits/string_fortified.h:29:33: warning: ‘void* __builtin___memcpy_chk(void*, const void*, long unsigned int, long unsigned int)’ forming offset [8, 15] is out of the bounds [0, 8] of object ‘u’ with type ‘uint64_t’ {aka ‘long unsigned int’} [-Warray-bounds]
   29 |   return __builtin___memcpy_chk (__dest, __src, __len,
      |          ~~~~~~~~~~~~~~~~~~~~~~~^~~~~~~~~~~~~~~~~~~~~~
   30 |                                  __glibc_objsize0 (__dest));
      |                                  ~~~~~~~~~~~~~~~~~~~~~~~~~~
In file included from /home/wenqianz/UNSW/pivoter/research/r1_skyline_index_20260918/chain_index_tool.cpp:14:
/home/wenqianz/UNSW/pivoter/research/r1_skyline_index_20260918/chain_index.hpp: In lambda function:
/home/wenqianz/UNSW/pivoter/research/r1_skyline_index_20260918/chain_index.hpp:52:156: note: ‘u’ declared here
   52 |     template<size_t Wb> static double load(const unsigned char* p) { if constexpr (Wb == 8) { double x; std::memcpy(&x, p, 8); return x; } else { uint64_t u = 0; std::memcpy(&u, p, Wb); return static_cast<double>(u); } }
      |                                                                                                                                                            ^
In file included from /usr/include/string.h:535,
                 from /usr/include/boost/range/detail/implementation_help.hpp:18,
                 from /usr/include/boost/range/end.hpp:20,
                 from /usr/include/boost/range/functions.hpp:19,
                 from /usr/include/boost/range/iterator_range_core.hpp:38,
                 from /usr/include/boost/lexical_cast.hpp:30,
                 from /usr/include/boost/multiprecision/detail/number_base.hpp:20,
                 from /usr/include/boost/multiprecision/traits/is_variable_precision.hpp:10,
                 from /usr/include/boost/multiprecision/detail/precision.hpp:9,
                 from /usr/include/boost/multiprecision/number.hpp:25,
                 from /usr/include/boost/multiprecision/cpp_int.hpp:12,
                 from /home/wenqianz/UNSW/pivoter/research/r1_skyline_index_20260918/../r1_terminal_20260918/../r1_orderreplay_20260917/active/../../r1_fullrange_20260917/../r1_tworoads_20260917/stream/../../r1_bottomup_20260917/../r1_sizesplit_20260917/../r1_floorbatch_20260916/../r1_envelopecore_20260916/envelope.hpp:4,
                 from /home/wenqianz/UNSW/pivoter/research/r1_skyline_index_20260918/../r1_terminal_20260918/../r1_orderreplay_20260917/active/../../r1_fullrange_20260917/../r1_tworoads_20260917/stream/../../r1_bottomup_20260917/../r1_sizesplit_20260917/../r1_floorbatch_20260916/floor.hpp:3,
                 from /home/wenqianz/UNSW/pivoter/research/r1_skyline_index_20260918/../r1_terminal_20260918/../r1_orderreplay_20260917/active/../../r1_fullrange_20260917/../r1_tworoads_20260917/stream/../../r1_bottomup_20260917/../r1_sizesplit_20260917/split.hpp:3,
                 from /home/wenqianz/UNSW/pivoter/research/r1_skyline_index_20260918/../r1_terminal_20260918/../r1_orderreplay_20260917/active/../../r1_fullrange_20260917/../r1_tworoads_20260917/stream/../../r1_bottomup_20260917/bottomup.hpp:3,
                 from /home/wenqianz/UNSW/pivoter/research/r1_skyline_index_20260918/../r1_terminal_20260918/../r1_orderreplay_20260917/active/../../r1_fullrange_20260917/../r1_tworoads_20260917/stream/../capped.hpp:3,
                 from /home/wenqianz/UNSW/pivoter/research/r1_skyline_index_20260918/../r1_terminal_20260918/../r1_orderreplay_20260917/active/../../r1_fullrange_20260917/../r1_tworoads_20260917/stream/../components.hpp:3,
                 from /home/wenqianz/UNSW/pivoter/research/r1_skyline_index_20260918/../r1_terminal_20260918/../r1_orderreplay_20260917/active/../../r1_fullrange_20260917/../r1_tworoads_20260917/stream/stream.hpp:3,
                 from /home/wenqianz/UNSW/pivoter/research/r1_skyline_index_20260918/../r1_terminal_20260918/../r1_orderreplay_20260917/active/../../r1_fullrange_20260917/generated.hpp:3,
                 from /home/wenqianz/UNSW/pivoter/research/r1_skyline_index_20260918/../r1_terminal_20260918/../r1_orderreplay_20260917/active/../order.hpp:3,
                 from /home/wenqianz/UNSW/pivoter/research/r1_skyline_index_20260918/../r1_terminal_20260918/../r1_orderreplay_20260917/active/active.hpp:3,
                 from /home/wenqianz/UNSW/pivoter/research/r1_skyline_index_20260918/../r1_terminal_20260918/terminal.hpp:3,
                 from /home/wenqianz/UNSW/pivoter/research/r1_skyline_index_20260918/common.hpp:6,
                 from /home/wenqianz/UNSW/pivoter/research/r1_skyline_index_20260918/count.cpp:1,
                 from /home/wenqianz/UNSW/pivoter/research/r1_skyline_index_20260918/chain_index_tool.cpp:12:
In function ‘void* memcpy(void*, const void*, size_t)’,
    inlined from ‘static double chainindex::Traits<double>::load(const unsigned char*) [with long unsigned int Wb = 32]’ at /home/wenqianz/UNSW/pivoter/research/r1_skyline_index_20260918/chain_index.hpp:52:174,
    inlined from ‘chainindex::ChainIndex<double>::value(uint32_t, int) const::<lambda(auto:45)> [with auto:45 = std::integral_constant<long unsigned int, 32>]’ at /home/wenqianz/UNSW/pivoter/research/r1_skyline_index_20260918/chain_index.hpp:112:200,
    inlined from ‘auto chainindex::with_width(unsigned int, F&&) [with F = chainindex::ChainIndex<double>::value(uint32_t, int) const::<lambda(auto:45)>]’ at /home/wenqianz/UNSW/pivoter/research/r1_skyline_index_20260918/chain_index.hpp:60:138,
    inlined from ‘T chainindex::ChainIndex<T>::value(uint32_t, int) const [with T = double]’ at /home/wenqianz/UNSW/pivoter/research/r1_skyline_index_20260918/chain_index.hpp:112:122,
    inlined from ‘bench<__int128 unsigned>(const Input&, const terminal::Index&, const tailpeel::Prepared*, unsigned int, const string&, double)::<lambda()>’ at /home/wenqianz/UNSW/pivoter/research/r1_skyline_index_20260918/chain_index_tool.cpp:338:144:
/usr/include/x86_64-linux-gnu/bits/string_fortified.h:29:33: warning: ‘void* __builtin___memcpy_chk(void*, const void*, long unsigned int, long unsigned int)’ forming offset [8, 31] is out of the bounds [0, 8] of object ‘u’ with type ‘uint64_t’ {aka ‘long unsigned int’} [-Warray-bounds]
   29 |   return __builtin___memcpy_chk (__dest, __src, __len,
      |          ~~~~~~~~~~~~~~~~~~~~~~~^~~~~~~~~~~~~~~~~~~~~~
   30 |                                  __glibc_objsize0 (__dest));
      |                                  ~~~~~~~~~~~~~~~~~~~~~~~~~~
In file included from /home/wenqianz/UNSW/pivoter/research/r1_skyline_index_20260918/chain_index_tool.cpp:14:
/home/wenqianz/UNSW/pivoter/research/r1_skyline_index_20260918/chain_index.hpp: In lambda function:
/home/wenqianz/UNSW/pivoter/research/r1_skyline_index_20260918/chain_index.hpp:52:156: note: ‘u’ declared here
   52 |     template<size_t Wb> static double load(const unsigned char* p) { if constexpr (Wb == 8) { double x; std::memcpy(&x, p, 8); return x; } else { uint64_t u = 0; std::memcpy(&u, p, Wb); return static_cast<double>(u); } }
      |                                                                                                                                                            ^
In file included from /usr/include/string.h:535,
                 from /usr/include/boost/range/detail/implementation_help.hpp:18,
                 from /usr/include/boost/range/end.hpp:20,
                 from /usr/include/boost/range/functions.hpp:19,
                 from /usr/include/boost/range/iterator_range_core.hpp:38,
                 from /usr/include/boost/lexical_cast.hpp:30,
                 from /usr/include/boost/multiprecision/detail/number_base.hpp:20,
                 from /usr/include/boost/multiprecision/traits/is_variable_precision.hpp:10,
                 from /usr/include/boost/multiprecision/detail/precision.hpp:9,
                 from /usr/include/boost/multiprecision/number.hpp:25,
                 from /usr/include/boost/multiprecision/cpp_int.hpp:12,
                 from /home/wenqianz/UNSW/pivoter/research/r1_skyline_index_20260918/../r1_terminal_20260918/../r1_orderreplay_20260917/active/../../r1_fullrange_20260917/../r1_tworoads_20260917/stream/../../r1_bottomup_20260917/../r1_sizesplit_20260917/../r1_floorbatch_20260916/../r1_envelopecore_20260916/envelope.hpp:4,
                 from /home/wenqianz/UNSW/pivoter/research/r1_skyline_index_20260918/../r1_terminal_20260918/../r1_orderreplay_20260917/active/../../r1_fullrange_20260917/../r1_tworoads_20260917/stream/../../r1_bottomup_20260917/../r1_sizesplit_20260917/../r1_floorbatch_20260916/floor.hpp:3,
                 from /home/wenqianz/UNSW/pivoter/research/r1_skyline_index_20260918/../r1_terminal_20260918/../r1_orderreplay_20260917/active/../../r1_fullrange_20260917/../r1_tworoads_20260917/stream/../../r1_bottomup_20260917/../r1_sizesplit_20260917/split.hpp:3,
                 from /home/wenqianz/UNSW/pivoter/research/r1_skyline_index_20260918/../r1_terminal_20260918/../r1_orderreplay_20260917/active/../../r1_fullrange_20260917/../r1_tworoads_20260917/stream/../../r1_bottomup_20260917/bottomup.hpp:3,
                 from /home/wenqianz/UNSW/pivoter/research/r1_skyline_index_20260918/../r1_terminal_20260918/../r1_orderreplay_20260917/active/../../r1_fullrange_20260917/../r1_tworoads_20260917/stream/../capped.hpp:3,
                 from /home/wenqianz/UNSW/pivoter/research/r1_skyline_index_20260918/../r1_terminal_20260918/../r1_orderreplay_20260917/active/../../r1_fullrange_20260917/../r1_tworoads_20260917/stream/../components.hpp:3,
                 from /home/wenqianz/UNSW/pivoter/research/r1_skyline_index_20260918/../r1_terminal_20260918/../r1_orderreplay_20260917/active/../../r1_fullrange_20260917/../r1_tworoads_20260917/stream/stream.hpp:3,
                 from /home/wenqianz/UNSW/pivoter/research/r1_skyline_index_20260918/../r1_terminal_20260918/../r1_orderreplay_20260917/active/../../r1_fullrange_20260917/generated.hpp:3,
                 from /home/wenqianz/UNSW/pivoter/research/r1_skyline_index_20260918/../r1_terminal_20260918/../r1_orderreplay_20260917/active/../order.hpp:3,
                 from /home/wenqianz/UNSW/pivoter/research/r1_skyline_index_20260918/../r1_terminal_20260918/../r1_orderreplay_20260917/active/active.hpp:3,
                 from /home/wenqianz/UNSW/pivoter/research/r1_skyline_index_20260918/../r1_terminal_20260918/terminal.hpp:3,
                 from /home/wenqianz/UNSW/pivoter/research/r1_skyline_index_20260918/common.hpp:6,
                 from /home/wenqianz/UNSW/pivoter/research/r1_skyline_index_20260918/count.cpp:1,
                 from /home/wenqianz/UNSW/pivoter/research/r1_skyline_index_20260918/chain_index_tool.cpp:12:
In function ‘void* memcpy(void*, const void*, size_t)’,
    inlined from ‘static double chainindex::Traits<double>::load(const unsigned char*) [with long unsigned int Wb = 64]’ at /home/wenqianz/UNSW/pivoter/research/r1_skyline_index_20260918/chain_index.hpp:52:174,
    inlined from ‘chainindex::ChainIndex<double>::value(uint32_t, int) const::<lambda(auto:45)> [with auto:45 = std::integral_constant<long unsigned int, 64>]’ at /home/wenqianz/UNSW/pivoter/research/r1_skyline_index_20260918/chain_index.hpp:112:200,
    inlined from ‘auto chainindex::with_width(unsigned int, F&&) [with F = chainindex::ChainIndex<double>::value(uint32_t, int) const::<lambda(auto:45)>]’ at /home/wenqianz/UNSW/pivoter/research/r1_skyline_index_20260918/chain_index.hpp:61:26,
    inlined from ‘T chainindex::ChainIndex<T>::value(uint32_t, int) const [with T = double]’ at /home/wenqianz/UNSW/pivoter/research/r1_skyline_index_20260918/chain_index.hpp:112:122,
    inlined from ‘bench<__int128 unsigned>(const Input&, const terminal::Index&, const tailpeel::Prepared*, unsigned int, const string&, double)::<lambda()>’ at /home/wenqianz/UNSW/pivoter/research/r1_skyline_index_20260918/chain_index_tool.cpp:338:144:
/usr/include/x86_64-linux-gnu/bits/string_fortified.h:29:33: warning: ‘void* __builtin___memcpy_chk(void*, const void*, long unsigned int, long unsigned int)’ forming offset [8, 63] is out of the bounds [0, 8] of object ‘u’ with type ‘uint64_t’ {aka ‘long unsigned int’} [-Warray-bounds]
   29 |   return __builtin___memcpy_chk (__dest, __src, __len,
      |          ~~~~~~~~~~~~~~~~~~~~~~~^~~~~~~~~~~~~~~~~~~~~~
   30 |                                  __glibc_objsize0 (__dest));
      |                                  ~~~~~~~~~~~~~~~~~~~~~~~~~~
In file included from /home/wenqianz/UNSW/pivoter/research/r1_skyline_index_20260918/chain_index_tool.cpp:14:
/home/wenqianz/UNSW/pivoter/research/r1_skyline_index_20260918/chain_index.hpp: In lambda function:
/home/wenqianz/UNSW/pivoter/research/r1_skyline_index_20260918/chain_index.hpp:52:156: note: ‘u’ declared here
   52 |     template<size_t Wb> static double load(const unsigned char* p) { if constexpr (Wb == 8) { double x; std::memcpy(&x, p, 8); return x; } else { uint64_t u = 0; std::memcpy(&u, p, Wb); return static_cast<double>(u); } }
      |                                                                                                                                                            ^
In file included from /usr/include/string.h:535,
                 from /usr/include/boost/range/detail/implementation_help.hpp:18,
                 from /usr/include/boost/range/end.hpp:20,
                 from /usr/include/boost/range/functions.hpp:19,
                 from /usr/include/boost/range/iterator_range_core.hpp:38,
                 from /usr/include/boost/lexical_cast.hpp:30,
                 from /usr/include/boost/multiprecision/detail/number_base.hpp:20,
                 from /usr/include/boost/multiprecision/traits/is_variable_precision.hpp:10,
                 from /usr/include/boost/multiprecision/detail/precision.hpp:9,
                 from /usr/include/boost/multiprecision/number.hpp:25,
                 from /usr/include/boost/multiprecision/cpp_int.hpp:12,
                 from /home/wenqianz/UNSW/pivoter/research/r1_skyline_index_20260918/../r1_terminal_20260918/../r1_orderreplay_20260917/active/../../r1_fullrange_20260917/../r1_tworoads_20260917/stream/../../r1_bottomup_20260917/../r1_sizesplit_20260917/../r1_floorbatch_20260916/../r1_envelopecore_20260916/envelope.hpp:4,
                 from /home/wenqianz/UNSW/pivoter/research/r1_skyline_index_20260918/../r1_terminal_20260918/../r1_orderreplay_20260917/active/../../r1_fullrange_20260917/../r1_tworoads_20260917/stream/../../r1_bottomup_20260917/../r1_sizesplit_20260917/../r1_floorbatch_20260916/floor.hpp:3,
                 from /home/wenqianz/UNSW/pivoter/research/r1_skyline_index_20260918/../r1_terminal_20260918/../r1_orderreplay_20260917/active/../../r1_fullrange_20260917/../r1_tworoads_20260917/stream/../../r1_bottomup_20260917/../r1_sizesplit_20260917/split.hpp:3,
                 from /home/wenqianz/UNSW/pivoter/research/r1_skyline_index_20260918/../r1_terminal_20260918/../r1_orderreplay_20260917/active/../../r1_fullrange_20260917/../r1_tworoads_20260917/stream/../../r1_bottomup_20260917/bottomup.hpp:3,
                 from /home/wenqianz/UNSW/pivoter/research/r1_skyline_index_20260918/../r1_terminal_20260918/../r1_orderreplay_20260917/active/../../r1_fullrange_20260917/../r1_tworoads_20260917/stream/../capped.hpp:3,
                 from /home/wenqianz/UNSW/pivoter/research/r1_skyline_index_20260918/../r1_terminal_20260918/../r1_orderreplay_20260917/active/../../r1_fullrange_20260917/../r1_tworoads_20260917/stream/../components.hpp:3,
                 from /home/wenqianz/UNSW/pivoter/research/r1_skyline_index_20260918/../r1_terminal_20260918/../r1_orderreplay_20260917/active/../../r1_fullrange_20260917/../r1_tworoads_20260917/stream/stream.hpp:3,
                 from /home/wenqianz/UNSW/pivoter/research/r1_skyline_index_20260918/../r1_terminal_20260918/../r1_orderreplay_20260917/active/../../r1_fullrange_20260917/generated.hpp:3,
                 from /home/wenqianz/UNSW/pivoter/research/r1_skyline_index_20260918/../r1_terminal_20260918/../r1_orderreplay_20260917/active/../order.hpp:3,
                 from /home/wenqianz/UNSW/pivoter/research/r1_skyline_index_20260918/../r1_terminal_20260918/../r1_orderreplay_20260917/active/active.hpp:3,
                 from /home/wenqianz/UNSW/pivoter/research/r1_skyline_index_20260918/../r1_terminal_20260918/terminal.hpp:3,
                 from /home/wenqianz/UNSW/pivoter/research/r1_skyline_index_20260918/common.hpp:6,
                 from /home/wenqianz/UNSW/pivoter/research/r1_skyline_index_20260918/count.cpp:1,
                 from /home/wenqianz/UNSW/pivoter/research/r1_skyline_index_20260918/chain_index_tool.cpp:12:
In function ‘void* memcpy(void*, const void*, size_t)’,
    inlined from ‘static double chainindex::Traits<double>::load(const unsigned char*) [with long unsigned int Wb = 16]’ at /home/wenqianz/UNSW/pivoter/research/r1_skyline_index_20260918/chain_index.hpp:52:174,
    inlined from ‘chainindex::ChainIndex<double>::value(uint32_t, int) const::<lambda(auto:45)> [with auto:45 = std::integral_constant<long unsigned int, 16>]’ at /home/wenqianz/UNSW/pivoter/research/r1_skyline_index_20260918/chain_index.hpp:112:200,
    inlined from ‘auto chainindex::with_width(unsigned int, F&&) [with F = chainindex::ChainIndex<double>::value(uint32_t, int) const::<lambda(auto:45)>]’ at /home/wenqianz/UNSW/pivoter/research/r1_skyline_index_20260918/chain_index.hpp:60:81,
    inlined from ‘T chainindex::ChainIndex<T>::value(uint32_t, int) const [with T = double]’ at /home/wenqianz/UNSW/pivoter/research/r1_skyline_index_20260918/chain_index.hpp:112:122,
    inlined from ‘bench<boost::multiprecision::number<boost::multiprecision::backends::cpp_int_backend<512, 512, boost::multiprecision::unsigned_magnitude, boost::multiprecision::unchecked, void> > >(const Input&, const terminal::Index&, const tailpeel::Prepared*, unsigned int, const string&, double)::<lambda()>’ at /home/wenqianz/UNSW/pivoter/research/r1_skyline_index_20260918/chain_index_tool.cpp:338:144:
/usr/include/x86_64-linux-gnu/bits/string_fortified.h:29:33: warning: ‘void* __builtin___memcpy_chk(void*, const void*, long unsigned int, long unsigned int)’ forming offset [8, 15] is out of the bounds [0, 8] of object ‘u’ with type ‘uint64_t’ {aka ‘long unsigned int’} [-Warray-bounds]
   29 |   return __builtin___memcpy_chk (__dest, __src, __len,
      |          ~~~~~~~~~~~~~~~~~~~~~~~^~~~~~~~~~~~~~~~~~~~~~
   30 |                                  __glibc_objsize0 (__dest));
      |                                  ~~~~~~~~~~~~~~~~~~~~~~~~~~
In file included from /home/wenqianz/UNSW/pivoter/research/r1_skyline_index_20260918/chain_index_tool.cpp:14:
/home/wenqianz/UNSW/pivoter/research/r1_skyline_index_20260918/chain_index.hpp: In lambda function:
/home/wenqianz/UNSW/pivoter/research/r1_skyline_index_20260918/chain_index.hpp:52:156: note: ‘u’ declared here
   52 |     template<size_t Wb> static double load(const unsigned char* p) { if constexpr (Wb == 8) { double x; std::memcpy(&x, p, 8); return x; } else { uint64_t u = 0; std::memcpy(&u, p, Wb); return static_cast<double>(u); } }
      |                                                                                                                                                            ^
In file included from /usr/include/string.h:535,
                 from /usr/include/boost/range/detail/implementation_help.hpp:18,
                 from /usr/include/boost/range/end.hpp:20,
                 from /usr/include/boost/range/functions.hpp:19,
                 from /usr/include/boost/range/iterator_range_core.hpp:38,
                 from /usr/include/boost/lexical_cast.hpp:30,
                 from /usr/include/boost/multiprecision/detail/number_base.hpp:20,
                 from /usr/include/boost/multiprecision/traits/is_variable_precision.hpp:10,
                 from /usr/include/boost/multiprecision/detail/precision.hpp:9,
                 from /usr/include/boost/multiprecision/number.hpp:25,
                 from /usr/include/boost/multiprecision/cpp_int.hpp:12,
                 from /home/wenqianz/UNSW/pivoter/research/r1_skyline_index_20260918/../r1_terminal_20260918/../r1_orderreplay_20260917/active/../../r1_fullrange_20260917/../r1_tworoads_20260917/stream/../../r1_bottomup_20260917/../r1_sizesplit_20260917/../r1_floorbatch_20260916/../r1_envelopecore_20260916/envelope.hpp:4,
                 from /home/wenqianz/UNSW/pivoter/research/r1_skyline_index_20260918/../r1_terminal_20260918/../r1_orderreplay_20260917/active/../../r1_fullrange_20260917/../r1_tworoads_20260917/stream/../../r1_bottomup_20260917/../r1_sizesplit_20260917/../r1_floorbatch_20260916/floor.hpp:3,
                 from /home/wenqianz/UNSW/pivoter/research/r1_skyline_index_20260918/../r1_terminal_20260918/../r1_orderreplay_20260917/active/../../r1_fullrange_20260917/../r1_tworoads_20260917/stream/../../r1_bottomup_20260917/../r1_sizesplit_20260917/split.hpp:3,
                 from /home/wenqianz/UNSW/pivoter/research/r1_skyline_index_20260918/../r1_terminal_20260918/../r1_orderreplay_20260917/active/../../r1_fullrange_20260917/../r1_tworoads_20260917/stream/../../r1_bottomup_20260917/bottomup.hpp:3,
                 from /home/wenqianz/UNSW/pivoter/research/r1_skyline_index_20260918/../r1_terminal_20260918/../r1_orderreplay_20260917/active/../../r1_fullrange_20260917/../r1_tworoads_20260917/stream/../capped.hpp:3,
                 from /home/wenqianz/UNSW/pivoter/research/r1_skyline_index_20260918/../r1_terminal_20260918/../r1_orderreplay_20260917/active/../../r1_fullrange_20260917/../r1_tworoads_20260917/stream/../components.hpp:3,
                 from /home/wenqianz/UNSW/pivoter/research/r1_skyline_index_20260918/../r1_terminal_20260918/../r1_orderreplay_20260917/active/../../r1_fullrange_20260917/../r1_tworoads_20260917/stream/stream.hpp:3,
                 from /home/wenqianz/UNSW/pivoter/research/r1_skyline_index_20260918/../r1_terminal_20260918/../r1_orderreplay_20260917/active/../../r1_fullrange_20260917/generated.hpp:3,
                 from /home/wenqianz/UNSW/pivoter/research/r1_skyline_index_20260918/../r1_terminal_20260918/../r1_orderreplay_20260917/active/../order.hpp:3,
                 from /home/wenqianz/UNSW/pivoter/research/r1_skyline_index_20260918/../r1_terminal_20260918/../r1_orderreplay_20260917/active/active.hpp:3,
                 from /home/wenqianz/UNSW/pivoter/research/r1_skyline_index_20260918/../r1_terminal_20260918/terminal.hpp:3,
                 from /home/wenqianz/UNSW/pivoter/research/r1_skyline_index_20260918/common.hpp:6,
                 from /home/wenqianz/UNSW/pivoter/research/r1_skyline_index_20260918/count.cpp:1,
                 from /home/wenqianz/UNSW/pivoter/research/r1_skyline_index_20260918/chain_index_tool.cpp:12:
In function ‘void* memcpy(void*, const void*, size_t)’,
    inlined from ‘static double chainindex::Traits<double>::load(const unsigned char*) [with long unsigned int Wb = 32]’ at /home/wenqianz/UNSW/pivoter/research/r1_skyline_index_20260918/chain_index.hpp:52:174,
    inlined from ‘chainindex::ChainIndex<double>::value(uint32_t, int) const::<lambda(auto:45)> [with auto:45 = std::integral_constant<long unsigned int, 32>]’ at /home/wenqianz/UNSW/pivoter/research/r1_skyline_index_20260918/chain_index.hpp:112:200,
    inlined from ‘auto chainindex::with_width(unsigned int, F&&) [with F = chainindex::ChainIndex<double>::value(uint32_t, int) const::<lambda(auto:45)>]’ at /home/wenqianz/UNSW/pivoter/research/r1_skyline_index_20260918/chain_index.hpp:60:138,
    inlined from ‘T chainindex::ChainIndex<T>::value(uint32_t, int) const [with T = double]’ at /home/wenqianz/UNSW/pivoter/research/r1_skyline_index_20260918/chain_index.hpp:112:122,
    inlined from ‘bench<boost::multiprecision::number<boost::multiprecision::backends::cpp_int_backend<512, 512, boost::multiprecision::unsigned_magnitude, boost::multiprecision::unchecked, void> > >(const Input&, const terminal::Index&, const tailpeel::Prepared*, unsigned int, const string&, double)::<lambda()>’ at /home/wenqianz/UNSW/pivoter/research/r1_skyline_index_20260918/chain_index_tool.cpp:338:144:
/usr/include/x86_64-linux-gnu/bits/string_fortified.h:29:33: warning: ‘void* __builtin___memcpy_chk(void*, const void*, long unsigned int, long unsigned int)’ forming offset [8, 31] is out of the bounds [0, 8] of object ‘u’ with type ‘uint64_t’ {aka ‘long unsigned int’} [-Warray-bounds]
   29 |   return __builtin___memcpy_chk (__dest, __src, __len,
      |          ~~~~~~~~~~~~~~~~~~~~~~~^~~~~~~~~~~~~~~~~~~~~~
   30 |                                  __glibc_objsize0 (__dest));
      |                                  ~~~~~~~~~~~~~~~~~~~~~~~~~~
In file included from /home/wenqianz/UNSW/pivoter/research/r1_skyline_index_20260918/chain_index_tool.cpp:14:
/home/wenqianz/UNSW/pivoter/research/r1_skyline_index_20260918/chain_index.hpp: In lambda function:
/home/wenqianz/UNSW/pivoter/research/r1_skyline_index_20260918/chain_index.hpp:52:156: note: ‘u’ declared here
   52 |     template<size_t Wb> static double load(const unsigned char* p) { if constexpr (Wb == 8) { double x; std::memcpy(&x, p, 8); return x; } else { uint64_t u = 0; std::memcpy(&u, p, Wb); return static_cast<double>(u); } }
      |                                                                                                                                                            ^
In file included from /usr/include/string.h:535,
                 from /usr/include/boost/range/detail/implementation_help.hpp:18,
                 from /usr/include/boost/range/end.hpp:20,
                 from /usr/include/boost/range/functions.hpp:19,
                 from /usr/include/boost/range/iterator_range_core.hpp:38,
                 from /usr/include/boost/lexical_cast.hpp:30,
                 from /usr/include/boost/multiprecision/detail/number_base.hpp:20,
                 from /usr/include/boost/multiprecision/traits/is_variable_precision.hpp:10,
                 from /usr/include/boost/multiprecision/detail/precision.hpp:9,
                 from /usr/include/boost/multiprecision/number.hpp:25,
                 from /usr/include/boost/multiprecision/cpp_int.hpp:12,
                 from /home/wenqianz/UNSW/pivoter/research/r1_skyline_index_20260918/../r1_terminal_20260918/../r1_orderreplay_20260917/active/../../r1_fullrange_20260917/../r1_tworoads_20260917/stream/../../r1_bottomup_20260917/../r1_sizesplit_20260917/../r1_floorbatch_20260916/../r1_envelopecore_20260916/envelope.hpp:4,
                 from /home/wenqianz/UNSW/pivoter/research/r1_skyline_index_20260918/../r1_terminal_20260918/../r1_orderreplay_20260917/active/../../r1_fullrange_20260917/../r1_tworoads_20260917/stream/../../r1_bottomup_20260917/../r1_sizesplit_20260917/../r1_floorbatch_20260916/floor.hpp:3,
                 from /home/wenqianz/UNSW/pivoter/research/r1_skyline_index_20260918/../r1_terminal_20260918/../r1_orderreplay_20260917/active/../../r1_fullrange_20260917/../r1_tworoads_20260917/stream/../../r1_bottomup_20260917/../r1_sizesplit_20260917/split.hpp:3,
                 from /home/wenqianz/UNSW/pivoter/research/r1_skyline_index_20260918/../r1_terminal_20260918/../r1_orderreplay_20260917/active/../../r1_fullrange_20260917/../r1_tworoads_20260917/stream/../../r1_bottomup_20260917/bottomup.hpp:3,
                 from /home/wenqianz/UNSW/pivoter/research/r1_skyline_index_20260918/../r1_terminal_20260918/../r1_orderreplay_20260917/active/../../r1_fullrange_20260917/../r1_tworoads_20260917/stream/../capped.hpp:3,
                 from /home/wenqianz/UNSW/pivoter/research/r1_skyline_index_20260918/../r1_terminal_20260918/../r1_orderreplay_20260917/active/../../r1_fullrange_20260917/../r1_tworoads_20260917/stream/../components.hpp:3,
                 from /home/wenqianz/UNSW/pivoter/research/r1_skyline_index_20260918/../r1_terminal_20260918/../r1_orderreplay_20260917/active/../../r1_fullrange_20260917/../r1_tworoads_20260917/stream/stream.hpp:3,
                 from /home/wenqianz/UNSW/pivoter/research/r1_skyline_index_20260918/../r1_terminal_20260918/../r1_orderreplay_20260917/active/../../r1_fullrange_20260917/generated.hpp:3,
                 from /home/wenqianz/UNSW/pivoter/research/r1_skyline_index_20260918/../r1_terminal_20260918/../r1_orderreplay_20260917/active/../order.hpp:3,
                 from /home/wenqianz/UNSW/pivoter/research/r1_skyline_index_20260918/../r1_terminal_20260918/../r1_orderreplay_20260917/active/active.hpp:3,
                 from /home/wenqianz/UNSW/pivoter/research/r1_skyline_index_20260918/../r1_terminal_20260918/terminal.hpp:3,
                 from /home/wenqianz/UNSW/pivoter/research/r1_skyline_index_20260918/common.hpp:6,
                 from /home/wenqianz/UNSW/pivoter/research/r1_skyline_index_20260918/count.cpp:1,
                 from /home/wenqianz/UNSW/pivoter/research/r1_skyline_index_20260918/chain_index_tool.cpp:12:
In function ‘void* memcpy(void*, const void*, size_t)’,
    inlined from ‘static double chainindex::Traits<double>::load(const unsigned char*) [with long unsigned int Wb = 64]’ at /home/wenqianz/UNSW/pivoter/research/r1_skyline_index_20260918/chain_index.hpp:52:174,
    inlined from ‘chainindex::ChainIndex<double>::value(uint32_t, int) const::<lambda(auto:45)> [with auto:45 = std::integral_constant<long unsigned int, 64>]’ at /home/wenqianz/UNSW/pivoter/research/r1_skyline_index_20260918/chain_index.hpp:112:200,
    inlined from ‘auto chainindex::with_width(unsigned int, F&&) [with F = chainindex::ChainIndex<double>::value(uint32_t, int) const::<lambda(auto:45)>]’ at /home/wenqianz/UNSW/pivoter/research/r1_skyline_index_20260918/chain_index.hpp:61:26,
    inlined from ‘T chainindex::ChainIndex<T>::value(uint32_t, int) const [with T = double]’ at /home/wenqianz/UNSW/pivoter/research/r1_skyline_index_20260918/chain_index.hpp:112:122,
    inlined from ‘bench<boost::multiprecision::number<boost::multiprecision::backends::cpp_int_backend<512, 512, boost::multiprecision::unsigned_magnitude, boost::multiprecision::unchecked, void> > >(const Input&, const terminal::Index&, const tailpeel::Prepared*, unsigned int, const string&, double)::<lambda()>’ at /home/wenqianz/UNSW/pivoter/research/r1_skyline_index_20260918/chain_index_tool.cpp:338:144:
/usr/include/x86_64-linux-gnu/bits/string_fortified.h:29:33: warning: ‘void* __builtin___memcpy_chk(void*, const void*, long unsigned int, long unsigned int)’ forming offset [8, 63] is out of the bounds [0, 8] of object ‘u’ with type ‘uint64_t’ {aka ‘long unsigned int’} [-Warray-bounds]
   29 |   return __builtin___memcpy_chk (__dest, __src, __len,
      |          ~~~~~~~~~~~~~~~~~~~~~~~^~~~~~~~~~~~~~~~~~~~~~
   30 |                                  __glibc_objsize0 (__dest));
      |                                  ~~~~~~~~~~~~~~~~~~~~~~~~~~
In file included from /home/wenqianz/UNSW/pivoter/research/r1_skyline_index_20260918/chain_index_tool.cpp:14:
/home/wenqianz/UNSW/pivoter/research/r1_skyline_index_20260918/chain_index.hpp: In lambda function:
/home/wenqianz/UNSW/pivoter/research/r1_skyline_index_20260918/chain_index.hpp:52:156: note: ‘u’ declared here
   52 |     template<size_t Wb> static double load(const unsigned char* p) { if constexpr (Wb == 8) { double x; std::memcpy(&x, p, 8); return x; } else { uint64_t u = 0; std::memcpy(&u, p, Wb); return static_cast<double>(u); } }
      |                                                                                                                                                            ^
In file included from /usr/include/string.h:535,
                 from /usr/include/boost/range/detail/implementation_help.hpp:18,
                 from /usr/include/boost/range/end.hpp:20,
                 from /usr/include/boost/range/functions.hpp:19,
                 from /usr/include/boost/range/iterator_range_core.hpp:38,
                 from /usr/include/boost/lexical_cast.hpp:30,
                 from /usr/include/boost/multiprecision/detail/number_base.hpp:20,
                 from /usr/include/boost/multiprecision/traits/is_variable_precision.hpp:10,
                 from /usr/include/boost/multiprecision/detail/precision.hpp:9,
                 from /usr/include/boost/multiprecision/number.hpp:25,
                 from /usr/include/boost/multiprecision/cpp_int.hpp:12,
                 from /home/wenqianz/UNSW/pivoter/research/r1_skyline_index_20260918/../r1_terminal_20260918/../r1_orderreplay_20260917/active/../../r1_fullrange_20260917/../r1_tworoads_20260917/stream/../../r1_bottomup_20260917/../r1_sizesplit_20260917/../r1_floorbatch_20260916/../r1_envelopecore_20260916/envelope.hpp:4,
                 from /home/wenqianz/UNSW/pivoter/research/r1_skyline_index_20260918/../r1_terminal_20260918/../r1_orderreplay_20260917/active/../../r1_fullrange_20260917/../r1_tworoads_20260917/stream/../../r1_bottomup_20260917/../r1_sizesplit_20260917/../r1_floorbatch_20260916/floor.hpp:3,
                 from /home/wenqianz/UNSW/pivoter/research/r1_skyline_index_20260918/../r1_terminal_20260918/../r1_orderreplay_20260917/active/../../r1_fullrange_20260917/../r1_tworoads_20260917/stream/../../r1_bottomup_20260917/../r1_sizesplit_20260917/split.hpp:3,
                 from /home/wenqianz/UNSW/pivoter/research/r1_skyline_index_20260918/../r1_terminal_20260918/../r1_orderreplay_20260917/active/../../r1_fullrange_20260917/../r1_tworoads_20260917/stream/../../r1_bottomup_20260917/bottomup.hpp:3,
                 from /home/wenqianz/UNSW/pivoter/research/r1_skyline_index_20260918/../r1_terminal_20260918/../r1_orderreplay_20260917/active/../../r1_fullrange_20260917/../r1_tworoads_20260917/stream/../capped.hpp:3,
                 from /home/wenqianz/UNSW/pivoter/research/r1_skyline_index_20260918/../r1_terminal_20260918/../r1_orderreplay_20260917/active/../../r1_fullrange_20260917/../r1_tworoads_20260917/stream/../components.hpp:3,
                 from /home/wenqianz/UNSW/pivoter/research/r1_skyline_index_20260918/../r1_terminal_20260918/../r1_orderreplay_20260917/active/../../r1_fullrange_20260917/../r1_tworoads_20260917/stream/stream.hpp:3,
                 from /home/wenqianz/UNSW/pivoter/research/r1_skyline_index_20260918/../r1_terminal_20260918/../r1_orderreplay_20260917/active/../../r1_fullrange_20260917/generated.hpp:3,
                 from /home/wenqianz/UNSW/pivoter/research/r1_skyline_index_20260918/../r1_terminal_20260918/../r1_orderreplay_20260917/active/../order.hpp:3,
                 from /home/wenqianz/UNSW/pivoter/research/r1_skyline_index_20260918/../r1_terminal_20260918/../r1_orderreplay_20260917/active/active.hpp:3,
                 from /home/wenqianz/UNSW/pivoter/research/r1_skyline_index_20260918/../r1_terminal_20260918/terminal.hpp:3,
                 from /home/wenqianz/UNSW/pivoter/research/r1_skyline_index_20260918/common.hpp:6,
                 from /home/wenqianz/UNSW/pivoter/research/r1_skyline_index_20260918/count.cpp:1,
                 from /home/wenqianz/UNSW/pivoter/research/r1_skyline_index_20260918/chain_index_tool.cpp:12:
In function ‘void* memcpy(void*, const void*, size_t)’,
    inlined from ‘static double chainindex::Traits<double>::load(const unsigned char*) [with long unsigned int Wb = 16]’ at /home/wenqianz/UNSW/pivoter/research/r1_skyline_index_20260918/chain_index.hpp:52:174,
    inlined from ‘chainindex::ChainIndex<double>::value(uint32_t, int) const::<lambda(auto:45)> [with auto:45 = std::integral_constant<long unsigned int, 16>]’ at /home/wenqianz/UNSW/pivoter/research/r1_skyline_index_20260918/chain_index.hpp:112:200,
    inlined from ‘auto chainindex::with_width(unsigned int, F&&) [with F = chainindex::ChainIndex<double>::value(uint32_t, int) const::<lambda(auto:45)>]’ at /home/wenqianz/UNSW/pivoter/research/r1_skyline_index_20260918/chain_index.hpp:60:81,
    inlined from ‘T chainindex::ChainIndex<T>::value(uint32_t, int) const [with T = double]’ at /home/wenqianz/UNSW/pivoter/research/r1_skyline_index_20260918/chain_index.hpp:112:122,
    inlined from ‘bench<boost::multiprecision::number<boost::multiprecision::backends::cpp_int_backend<256, 256, boost::multiprecision::unsigned_magnitude, boost::multiprecision::unchecked, void> > >(const Input&, const terminal::Index&, const tailpeel::Prepared*, unsigned int, const string&, double)::<lambda()>’ at /home/wenqianz/UNSW/pivoter/research/r1_skyline_index_20260918/chain_index_tool.cpp:338:144:
/usr/include/x86_64-linux-gnu/bits/string_fortified.h:29:33: warning: ‘void* __builtin___memcpy_chk(void*, const void*, long unsigned int, long unsigned int)’ forming offset [8, 15] is out of the bounds [0, 8] of object ‘u’ with type ‘uint64_t’ {aka ‘long unsigned int’} [-Warray-bounds]
   29 |   return __builtin___memcpy_chk (__dest, __src, __len,
      |          ~~~~~~~~~~~~~~~~~~~~~~~^~~~~~~~~~~~~~~~~~~~~~
   30 |                                  __glibc_objsize0 (__dest));
      |                                  ~~~~~~~~~~~~~~~~~~~~~~~~~~
In file included from /home/wenqianz/UNSW/pivoter/research/r1_skyline_index_20260918/chain_index_tool.cpp:14:
/home/wenqianz/UNSW/pivoter/research/r1_skyline_index_20260918/chain_index.hpp: In lambda function:
/home/wenqianz/UNSW/pivoter/research/r1_skyline_index_20260918/chain_index.hpp:52:156: note: ‘u’ declared here
   52 |     template<size_t Wb> static double load(const unsigned char* p) { if constexpr (Wb == 8) { double x; std::memcpy(&x, p, 8); return x; } else { uint64_t u = 0; std::memcpy(&u, p, Wb); return static_cast<double>(u); } }
      |                                                                                                                                                            ^
In file included from /usr/include/string.h:535,
                 from /usr/include/boost/range/detail/implementation_help.hpp:18,
                 from /usr/include/boost/range/end.hpp:20,
                 from /usr/include/boost/range/functions.hpp:19,
                 from /usr/include/boost/range/iterator_range_core.hpp:38,
                 from /usr/include/boost/lexical_cast.hpp:30,
                 from /usr/include/boost/multiprecision/detail/number_base.hpp:20,
                 from /usr/include/boost/multiprecision/traits/is_variable_precision.hpp:10,
                 from /usr/include/boost/multiprecision/detail/precision.hpp:9,
                 from /usr/include/boost/multiprecision/number.hpp:25,
                 from /usr/include/boost/multiprecision/cpp_int.hpp:12,
                 from /home/wenqianz/UNSW/pivoter/research/r1_skyline_index_20260918/../r1_terminal_20260918/../r1_orderreplay_20260917/active/../../r1_fullrange_20260917/../r1_tworoads_20260917/stream/../../r1_bottomup_20260917/../r1_sizesplit_20260917/../r1_floorbatch_20260916/../r1_envelopecore_20260916/envelope.hpp:4,
                 from /home/wenqianz/UNSW/pivoter/research/r1_skyline_index_20260918/../r1_terminal_20260918/../r1_orderreplay_20260917/active/../../r1_fullrange_20260917/../r1_tworoads_20260917/stream/../../r1_bottomup_20260917/../r1_sizesplit_20260917/../r1_floorbatch_20260916/floor.hpp:3,
                 from /home/wenqianz/UNSW/pivoter/research/r1_skyline_index_20260918/../r1_terminal_20260918/../r1_orderreplay_20260917/active/../../r1_fullrange_20260917/../r1_tworoads_20260917/stream/../../r1_bottomup_20260917/../r1_sizesplit_20260917/split.hpp:3,
                 from /home/wenqianz/UNSW/pivoter/research/r1_skyline_index_20260918/../r1_terminal_20260918/../r1_orderreplay_20260917/active/../../r1_fullrange_20260917/../r1_tworoads_20260917/stream/../../r1_bottomup_20260917/bottomup.hpp:3,
                 from /home/wenqianz/UNSW/pivoter/research/r1_skyline_index_20260918/../r1_terminal_20260918/../r1_orderreplay_20260917/active/../../r1_fullrange_20260917/../r1_tworoads_20260917/stream/../capped.hpp:3,
                 from /home/wenqianz/UNSW/pivoter/research/r1_skyline_index_20260918/../r1_terminal_20260918/../r1_orderreplay_20260917/active/../../r1_fullrange_20260917/../r1_tworoads_20260917/stream/../components.hpp:3,
                 from /home/wenqianz/UNSW/pivoter/research/r1_skyline_index_20260918/../r1_terminal_20260918/../r1_orderreplay_20260917/active/../../r1_fullrange_20260917/../r1_tworoads_20260917/stream/stream.hpp:3,
                 from /home/wenqianz/UNSW/pivoter/research/r1_skyline_index_20260918/../r1_terminal_20260918/../r1_orderreplay_20260917/active/../../r1_fullrange_20260917/generated.hpp:3,
                 from /home/wenqianz/UNSW/pivoter/research/r1_skyline_index_20260918/../r1_terminal_20260918/../r1_orderreplay_20260917/active/../order.hpp:3,
                 from /home/wenqianz/UNSW/pivoter/research/r1_skyline_index_20260918/../r1_terminal_20260918/../r1_orderreplay_20260917/active/active.hpp:3,
                 from /home/wenqianz/UNSW/pivoter/research/r1_skyline_index_20260918/../r1_terminal_20260918/terminal.hpp:3,
                 from /home/wenqianz/UNSW/pivoter/research/r1_skyline_index_20260918/common.hpp:6,
                 from /home/wenqianz/UNSW/pivoter/research/r1_skyline_index_20260918/count.cpp:1,
                 from /home/wenqianz/UNSW/pivoter/research/r1_skyline_index_20260918/chain_index_tool.cpp:12:
In function ‘void* memcpy(void*, const void*, size_t)’,
    inlined from ‘static double chainindex::Traits<double>::load(const unsigned char*) [with long unsigned int Wb = 32]’ at /home/wenqianz/UNSW/pivoter/research/r1_skyline_index_20260918/chain_index.hpp:52:174,
    inlined from ‘chainindex::ChainIndex<double>::value(uint32_t, int) const::<lambda(auto:45)> [with auto:45 = std::integral_constant<long unsigned int, 32>]’ at /home/wenqianz/UNSW/pivoter/research/r1_skyline_index_20260918/chain_index.hpp:112:200,
    inlined from ‘auto chainindex::with_width(unsigned int, F&&) [with F = chainindex::ChainIndex<double>::value(uint32_t, int) const::<lambda(auto:45)>]’ at /home/wenqianz/UNSW/pivoter/research/r1_skyline_index_20260918/chain_index.hpp:60:138,
    inlined from ‘T chainindex::ChainIndex<T>::value(uint32_t, int) const [with T = double]’ at /home/wenqianz/UNSW/pivoter/research/r1_skyline_index_20260918/chain_index.hpp:112:122,
    inlined from ‘bench<boost::multiprecision::number<boost::multiprecision::backends::cpp_int_backend<256, 256, boost::multiprecision::unsigned_magnitude, boost::multiprecision::unchecked, void> > >(const Input&, const terminal::Index&, const tailpeel::Prepared*, unsigned int, const string&, double)::<lambda()>’ at /home/wenqianz/UNSW/pivoter/research/r1_skyline_index_20260918/chain_index_tool.cpp:338:144:
/usr/include/x86_64-linux-gnu/bits/string_fortified.h:29:33: warning: ‘void* __builtin___memcpy_chk(void*, const void*, long unsigned int, long unsigned int)’ forming offset [8, 31] is out of the bounds [0, 8] of object ‘u’ with type ‘uint64_t’ {aka ‘long unsigned int’} [-Warray-bounds]
   29 |   return __builtin___memcpy_chk (__dest, __src, __len,
      |          ~~~~~~~~~~~~~~~~~~~~~~~^~~~~~~~~~~~~~~~~~~~~~
   30 |                                  __glibc_objsize0 (__dest));
      |                                  ~~~~~~~~~~~~~~~~~~~~~~~~~~
In file included from /home/wenqianz/UNSW/pivoter/research/r1_skyline_index_20260918/chain_index_tool.cpp:14:
/home/wenqianz/UNSW/pivoter/research/r1_skyline_index_20260918/chain_index.hpp: In lambda function:
/home/wenqianz/UNSW/pivoter/research/r1_skyline_index_20260918/chain_index.hpp:52:156: note: ‘u’ declared here
   52 |     template<size_t Wb> static double load(const unsigned char* p) { if constexpr (Wb == 8) { double x; std::memcpy(&x, p, 8); return x; } else { uint64_t u = 0; std::memcpy(&u, p, Wb); return static_cast<double>(u); } }
      |                                                                                                                                                            ^
In file included from /usr/include/string.h:535,
                 from /usr/include/boost/range/detail/implementation_help.hpp:18,
                 from /usr/include/boost/range/end.hpp:20,
                 from /usr/include/boost/range/functions.hpp:19,
                 from /usr/include/boost/range/iterator_range_core.hpp:38,
                 from /usr/include/boost/lexical_cast.hpp:30,
                 from /usr/include/boost/multiprecision/detail/number_base.hpp:20,
                 from /usr/include/boost/multiprecision/traits/is_variable_precision.hpp:10,
                 from /usr/include/boost/multiprecision/detail/precision.hpp:9,
                 from /usr/include/boost/multiprecision/number.hpp:25,
                 from /usr/include/boost/multiprecision/cpp_int.hpp:12,
                 from /home/wenqianz/UNSW/pivoter/research/r1_skyline_index_20260918/../r1_terminal_20260918/../r1_orderreplay_20260917/active/../../r1_fullrange_20260917/../r1_tworoads_20260917/stream/../../r1_bottomup_20260917/../r1_sizesplit_20260917/../r1_floorbatch_20260916/../r1_envelopecore_20260916/envelope.hpp:4,
                 from /home/wenqianz/UNSW/pivoter/research/r1_skyline_index_20260918/../r1_terminal_20260918/../r1_orderreplay_20260917/active/../../r1_fullrange_20260917/../r1_tworoads_20260917/stream/../../r1_bottomup_20260917/../r1_sizesplit_20260917/../r1_floorbatch_20260916/floor.hpp:3,
                 from /home/wenqianz/UNSW/pivoter/research/r1_skyline_index_20260918/../r1_terminal_20260918/../r1_orderreplay_20260917/active/../../r1_fullrange_20260917/../r1_tworoads_20260917/stream/../../r1_bottomup_20260917/../r1_sizesplit_20260917/split.hpp:3,
                 from /home/wenqianz/UNSW/pivoter/research/r1_skyline_index_20260918/../r1_terminal_20260918/../r1_orderreplay_20260917/active/../../r1_fullrange_20260917/../r1_tworoads_20260917/stream/../../r1_bottomup_20260917/bottomup.hpp:3,
                 from /home/wenqianz/UNSW/pivoter/research/r1_skyline_index_20260918/../r1_terminal_20260918/../r1_orderreplay_20260917/active/../../r1_fullrange_20260917/../r1_tworoads_20260917/stream/../capped.hpp:3,
                 from /home/wenqianz/UNSW/pivoter/research/r1_skyline_index_20260918/../r1_terminal_20260918/../r1_orderreplay_20260917/active/../../r1_fullrange_20260917/../r1_tworoads_20260917/stream/../components.hpp:3,
                 from /home/wenqianz/UNSW/pivoter/research/r1_skyline_index_20260918/../r1_terminal_20260918/../r1_orderreplay_20260917/active/../../r1_fullrange_20260917/../r1_tworoads_20260917/stream/stream.hpp:3,
                 from /home/wenqianz/UNSW/pivoter/research/r1_skyline_index_20260918/../r1_terminal_20260918/../r1_orderreplay_20260917/active/../../r1_fullrange_20260917/generated.hpp:3,
                 from /home/wenqianz/UNSW/pivoter/research/r1_skyline_index_20260918/../r1_terminal_20260918/../r1_orderreplay_20260917/active/../order.hpp:3,
                 from /home/wenqianz/UNSW/pivoter/research/r1_skyline_index_20260918/../r1_terminal_20260918/../r1_orderreplay_20260917/active/active.hpp:3,
                 from /home/wenqianz/UNSW/pivoter/research/r1_skyline_index_20260918/../r1_terminal_20260918/terminal.hpp:3,
                 from /home/wenqianz/UNSW/pivoter/research/r1_skyline_index_20260918/common.hpp:6,
                 from /home/wenqianz/UNSW/pivoter/research/r1_skyline_index_20260918/count.cpp:1,
                 from /home/wenqianz/UNSW/pivoter/research/r1_skyline_index_20260918/chain_index_tool.cpp:12:
In function ‘void* memcpy(void*, const void*, size_t)’,
    inlined from ‘static double chainindex::Traits<double>::load(const unsigned char*) [with long unsigned int Wb = 64]’ at /home/wenqianz/UNSW/pivoter/research/r1_skyline_index_20260918/chain_index.hpp:52:174,
    inlined from ‘chainindex::ChainIndex<double>::value(uint32_t, int) const::<lambda(auto:45)> [with auto:45 = std::integral_constant<long unsigned int, 64>]’ at /home/wenqianz/UNSW/pivoter/research/r1_skyline_index_20260918/chain_index.hpp:112:200,
    inlined from ‘auto chainindex::with_width(unsigned int, F&&) [with F = chainindex::ChainIndex<double>::value(uint32_t, int) const::<lambda(auto:45)>]’ at /home/wenqianz/UNSW/pivoter/research/r1_skyline_index_20260918/chain_index.hpp:61:26,
    inlined from ‘T chainindex::ChainIndex<T>::value(uint32_t, int) const [with T = double]’ at /home/wenqianz/UNSW/pivoter/research/r1_skyline_index_20260918/chain_index.hpp:112:122,
    inlined from ‘bench<boost::multiprecision::number<boost::multiprecision::backends::cpp_int_backend<256, 256, boost::multiprecision::unsigned_magnitude, boost::multiprecision::unchecked, void> > >(const Input&, const terminal::Index&, const tailpeel::Prepared*, unsigned int, const string&, double)::<lambda()>’ at /home/wenqianz/UNSW/pivoter/research/r1_skyline_index_20260918/chain_index_tool.cpp:338:144:
/usr/include/x86_64-linux-gnu/bits/string_fortified.h:29:33: warning: ‘void* __builtin___memcpy_chk(void*, const void*, long unsigned int, long unsigned int)’ forming offset [8, 63] is out of the bounds [0, 8] of object ‘u’ with type ‘uint64_t’ {aka ‘long unsigned int’} [-Warray-bounds]
   29 |   return __builtin___memcpy_chk (__dest, __src, __len,
      |          ~~~~~~~~~~~~~~~~~~~~~~~^~~~~~~~~~~~~~~~~~~~~~
   30 |                                  __glibc_objsize0 (__dest));
      |                                  ~~~~~~~~~~~~~~~~~~~~~~~~~~
In file included from /home/wenqianz/UNSW/pivoter/research/r1_skyline_index_20260918/chain_index_tool.cpp:14:
/home/wenqianz/UNSW/pivoter/research/r1_skyline_index_20260918/chain_index.hpp: In lambda function:
/home/wenqianz/UNSW/pivoter/research/r1_skyline_index_20260918/chain_index.hpp:52:156: note: ‘u’ declared here
   52 |     template<size_t Wb> static double load(const unsigned char* p) { if constexpr (Wb == 8) { double x; std::memcpy(&x, p, 8); return x; } else { uint64_t u = 0; std::memcpy(&u, p, Wb); return static_cast<double>(u); } }
      |                                                                                                                                                            ^
In file included from /usr/include/string.h:535,
                 from /usr/include/boost/range/detail/implementation_help.hpp:18,
                 from /usr/include/boost/range/end.hpp:20,
                 from /usr/include/boost/range/functions.hpp:19,
                 from /usr/include/boost/range/iterator_range_core.hpp:38,
                 from /usr/include/boost/lexical_cast.hpp:30,
                 from /usr/include/boost/multiprecision/detail/number_base.hpp:20,
                 from /usr/include/boost/multiprecision/traits/is_variable_precision.hpp:10,
                 from /usr/include/boost/multiprecision/detail/precision.hpp:9,
                 from /usr/include/boost/multiprecision/number.hpp:25,
                 from /usr/include/boost/multiprecision/cpp_int.hpp:12,
                 from /home/wenqianz/UNSW/pivoter/research/r1_skyline_index_20260918/../r1_terminal_20260918/../r1_orderreplay_20260917/active/../../r1_fullrange_20260917/../r1_tworoads_20260917/stream/../../r1_bottomup_20260917/../r1_sizesplit_20260917/../r1_floorbatch_20260916/../r1_envelopecore_20260916/envelope.hpp:4,
                 from /home/wenqianz/UNSW/pivoter/research/r1_skyline_index_20260918/../r1_terminal_20260918/../r1_orderreplay_20260917/active/../../r1_fullrange_20260917/../r1_tworoads_20260917/stream/../../r1_bottomup_20260917/../r1_sizesplit_20260917/../r1_floorbatch_20260916/floor.hpp:3,
                 from /home/wenqianz/UNSW/pivoter/research/r1_skyline_index_20260918/../r1_terminal_20260918/../r1_orderreplay_20260917/active/../../r1_fullrange_20260917/../r1_tworoads_20260917/stream/../../r1_bottomup_20260917/../r1_sizesplit_20260917/split.hpp:3,
                 from /home/wenqianz/UNSW/pivoter/research/r1_skyline_index_20260918/../r1_terminal_20260918/../r1_orderreplay_20260917/active/../../r1_fullrange_20260917/../r1_tworoads_20260917/stream/../../r1_bottomup_20260917/bottomup.hpp:3,
                 from /home/wenqianz/UNSW/pivoter/research/r1_skyline_index_20260918/../r1_terminal_20260918/../r1_orderreplay_20260917/active/../../r1_fullrange_20260917/../r1_tworoads_20260917/stream/../capped.hpp:3,
                 from /home/wenqianz/UNSW/pivoter/research/r1_skyline_index_20260918/../r1_terminal_20260918/../r1_orderreplay_20260917/active/../../r1_fullrange_20260917/../r1_tworoads_20260917/stream/../components.hpp:3,
                 from /home/wenqianz/UNSW/pivoter/research/r1_skyline_index_20260918/../r1_terminal_20260918/../r1_orderreplay_20260917/active/../../r1_fullrange_20260917/../r1_tworoads_20260917/stream/stream.hpp:3,
                 from /home/wenqianz/UNSW/pivoter/research/r1_skyline_index_20260918/../r1_terminal_20260918/../r1_orderreplay_20260917/active/../../r1_fullrange_20260917/generated.hpp:3,
                 from /home/wenqianz/UNSW/pivoter/research/r1_skyline_index_20260918/../r1_terminal_20260918/../r1_orderreplay_20260917/active/../order.hpp:3,
                 from /home/wenqianz/UNSW/pivoter/research/r1_skyline_index_20260918/../r1_terminal_20260918/../r1_orderreplay_20260917/active/active.hpp:3,
                 from /home/wenqianz/UNSW/pivoter/research/r1_skyline_index_20260918/../r1_terminal_20260918/terminal.hpp:3,
                 from /home/wenqianz/UNSW/pivoter/research/r1_skyline_index_20260918/common.hpp:6,
                 from /home/wenqianz/UNSW/pivoter/research/r1_skyline_index_20260918/count.cpp:1,
                 from /home/wenqianz/UNSW/pivoter/research/r1_skyline_index_20260918/chain_index_tool.cpp:12:
In function ‘void* memcpy(void*, const void*, size_t)’,
    inlined from ‘static double chainindex::Traits<double>::load(const unsigned char*) [with long unsigned int Wb = 16]’ at /home/wenqianz/UNSW/pivoter/research/r1_skyline_index_20260918/chain_index.hpp:52:174,
    inlined from ‘chainindex::ChainIndex<double>::value(uint32_t, int) const::<lambda(auto:45)> [with auto:45 = std::integral_constant<long unsigned int, 16>]’ at /home/wenqianz/UNSW/pivoter/research/r1_skyline_index_20260918/chain_index.hpp:112:200,
    inlined from ‘auto chainindex::with_width(unsigned int, F&&) [with F = chainindex::ChainIndex<double>::value(uint32_t, int) const::<lambda(auto:45)>]’ at /home/wenqianz/UNSW/pivoter/research/r1_skyline_index_20260918/chain_index.hpp:60:81,
    inlined from ‘T chainindex::ChainIndex<T>::value(uint32_t, int) const [with T = double]’ at /home/wenqianz/UNSW/pivoter/research/r1_skyline_index_20260918/chain_index.hpp:112:122,
    inlined from ‘bench<long unsigned int>(const Input&, const terminal::Index&, const tailpeel::Prepared*, unsigned int, const string&, double)::<lambda()>’ at /home/wenqianz/UNSW/pivoter/research/r1_skyline_index_20260918/chain_index_tool.cpp:338:144:
/usr/include/x86_64-linux-gnu/bits/string_fortified.h:29:33: warning: ‘void* __builtin___memcpy_chk(void*, const void*, long unsigned int, long unsigned int)’ forming offset [8, 15] is out of the bounds [0, 8] of object ‘u’ with type ‘uint64_t’ {aka ‘long unsigned int’} [-Warray-bounds]
   29 |   return __builtin___memcpy_chk (__dest, __src, __len,
      |          ~~~~~~~~~~~~~~~~~~~~~~~^~~~~~~~~~~~~~~~~~~~~~
   30 |                                  __glibc_objsize0 (__dest));
      |                                  ~~~~~~~~~~~~~~~~~~~~~~~~~~
In file included from /home/wenqianz/UNSW/pivoter/research/r1_skyline_index_20260918/chain_index_tool.cpp:14:
/home/wenqianz/UNSW/pivoter/research/r1_skyline_index_20260918/chain_index.hpp: In lambda function:
/home/wenqianz/UNSW/pivoter/research/r1_skyline_index_20260918/chain_index.hpp:52:156: note: ‘u’ declared here
   52 |     template<size_t Wb> static double load(const unsigned char* p) { if constexpr (Wb == 8) { double x; std::memcpy(&x, p, 8); return x; } else { uint64_t u = 0; std::memcpy(&u, p, Wb); return static_cast<double>(u); } }
      |                                                                                                                                                            ^
In file included from /usr/include/string.h:535,
                 from /usr/include/boost/range/detail/implementation_help.hpp:18,
                 from /usr/include/boost/range/end.hpp:20,
                 from /usr/include/boost/range/functions.hpp:19,
                 from /usr/include/boost/range/iterator_range_core.hpp:38,
                 from /usr/include/boost/lexical_cast.hpp:30,
                 from /usr/include/boost/multiprecision/detail/number_base.hpp:20,
                 from /usr/include/boost/multiprecision/traits/is_variable_precision.hpp:10,
                 from /usr/include/boost/multiprecision/detail/precision.hpp:9,
                 from /usr/include/boost/multiprecision/number.hpp:25,
                 from /usr/include/boost/multiprecision/cpp_int.hpp:12,
                 from /home/wenqianz/UNSW/pivoter/research/r1_skyline_index_20260918/../r1_terminal_20260918/../r1_orderreplay_20260917/active/../../r1_fullrange_20260917/../r1_tworoads_20260917/stream/../../r1_bottomup_20260917/../r1_sizesplit_20260917/../r1_floorbatch_20260916/../r1_envelopecore_20260916/envelope.hpp:4,
                 from /home/wenqianz/UNSW/pivoter/research/r1_skyline_index_20260918/../r1_terminal_20260918/../r1_orderreplay_20260917/active/../../r1_fullrange_20260917/../r1_tworoads_20260917/stream/../../r1_bottomup_20260917/../r1_sizesplit_20260917/../r1_floorbatch_20260916/floor.hpp:3,
                 from /home/wenqianz/UNSW/pivoter/research/r1_skyline_index_20260918/../r1_terminal_20260918/../r1_orderreplay_20260917/active/../../r1_fullrange_20260917/../r1_tworoads_20260917/stream/../../r1_bottomup_20260917/../r1_sizesplit_20260917/split.hpp:3,
                 from /home/wenqianz/UNSW/pivoter/research/r1_skyline_index_20260918/../r1_terminal_20260918/../r1_orderreplay_20260917/active/../../r1_fullrange_20260917/../r1_tworoads_20260917/stream/../../r1_bottomup_20260917/bottomup.hpp:3,
                 from /home/wenqianz/UNSW/pivoter/research/r1_skyline_index_20260918/../r1_terminal_20260918/../r1_orderreplay_20260917/active/../../r1_fullrange_20260917/../r1_tworoads_20260917/stream/../capped.hpp:3,
                 from /home/wenqianz/UNSW/pivoter/research/r1_skyline_index_20260918/../r1_terminal_20260918/../r1_orderreplay_20260917/active/../../r1_fullrange_20260917/../r1_tworoads_20260917/stream/../components.hpp:3,
                 from /home/wenqianz/UNSW/pivoter/research/r1_skyline_index_20260918/../r1_terminal_20260918/../r1_orderreplay_20260917/active/../../r1_fullrange_20260917/../r1_tworoads_20260917/stream/stream.hpp:3,
                 from /home/wenqianz/UNSW/pivoter/research/r1_skyline_index_20260918/../r1_terminal_20260918/../r1_orderreplay_20260917/active/../../r1_fullrange_20260917/generated.hpp:3,
                 from /home/wenqianz/UNSW/pivoter/research/r1_skyline_index_20260918/../r1_terminal_20260918/../r1_orderreplay_20260917/active/../order.hpp:3,
                 from /home/wenqianz/UNSW/pivoter/research/r1_skyline_index_20260918/../r1_terminal_20260918/../r1_orderreplay_20260917/active/active.hpp:3,
                 from /home/wenqianz/UNSW/pivoter/research/r1_skyline_index_20260918/../r1_terminal_20260918/terminal.hpp:3,
                 from /home/wenqianz/UNSW/pivoter/research/r1_skyline_index_20260918/common.hpp:6,
                 from /home/wenqianz/UNSW/pivoter/research/r1_skyline_index_20260918/count.cpp:1,
                 from /home/wenqianz/UNSW/pivoter/research/r1_skyline_index_20260918/chain_index_tool.cpp:12:
In function ‘void* memcpy(void*, const void*, size_t)’,
    inlined from ‘static double chainindex::Traits<double>::load(const unsigned char*) [with long unsigned int Wb = 32]’ at /home/wenqianz/UNSW/pivoter/research/r1_skyline_index_20260918/chain_index.hpp:52:174,
    inlined from ‘chainindex::ChainIndex<double>::value(uint32_t, int) const::<lambda(auto:45)> [with auto:45 = std::integral_constant<long unsigned int, 32>]’ at /home/wenqianz/UNSW/pivoter/research/r1_skyline_index_20260918/chain_index.hpp:112:200,
    inlined from ‘auto chainindex::with_width(unsigned int, F&&) [with F = chainindex::ChainIndex<double>::value(uint32_t, int) const::<lambda(auto:45)>]’ at /home/wenqianz/UNSW/pivoter/research/r1_skyline_index_20260918/chain_index.hpp:60:138,
    inlined from ‘T chainindex::ChainIndex<T>::value(uint32_t, int) const [with T = double]’ at /home/wenqianz/UNSW/pivoter/research/r1_skyline_index_20260918/chain_index.hpp:112:122,
    inlined from ‘bench<long unsigned int>(const Input&, const terminal::Index&, const tailpeel::Prepared*, unsigned int, const string&, double)::<lambda()>’ at /home/wenqianz/UNSW/pivoter/research/r1_skyline_index_20260918/chain_index_tool.cpp:338:144:
/usr/include/x86_64-linux-gnu/bits/string_fortified.h:29:33: warning: ‘void* __builtin___memcpy_chk(void*, const void*, long unsigned int, long unsigned int)’ forming offset [8, 31] is out of the bounds [0, 8] of object ‘u’ with type ‘uint64_t’ {aka ‘long unsigned int’} [-Warray-bounds]
   29 |   return __builtin___memcpy_chk (__dest, __src, __len,
      |          ~~~~~~~~~~~~~~~~~~~~~~~^~~~~~~~~~~~~~~~~~~~~~
   30 |                                  __glibc_objsize0 (__dest));
      |                                  ~~~~~~~~~~~~~~~~~~~~~~~~~~
In file included from /home/wenqianz/UNSW/pivoter/research/r1_skyline_index_20260918/chain_index_tool.cpp:14:
/home/wenqianz/UNSW/pivoter/research/r1_skyline_index_20260918/chain_index.hpp: In lambda function:
/home/wenqianz/UNSW/pivoter/research/r1_skyline_index_20260918/chain_index.hpp:52:156: note: ‘u’ declared here
   52 |     template<size_t Wb> static double load(const unsigned char* p) { if constexpr (Wb == 8) { double x; std::memcpy(&x, p, 8); return x; } else { uint64_t u = 0; std::memcpy(&u, p, Wb); return static_cast<double>(u); } }
      |                                                                                                                                                            ^
In file included from /usr/include/string.h:535,
                 from /usr/include/boost/range/detail/implementation_help.hpp:18,
                 from /usr/include/boost/range/end.hpp:20,
                 from /usr/include/boost/range/functions.hpp:19,
                 from /usr/include/boost/range/iterator_range_core.hpp:38,
                 from /usr/include/boost/lexical_cast.hpp:30,
                 from /usr/include/boost/multiprecision/detail/number_base.hpp:20,
                 from /usr/include/boost/multiprecision/traits/is_variable_precision.hpp:10,
                 from /usr/include/boost/multiprecision/detail/precision.hpp:9,
                 from /usr/include/boost/multiprecision/number.hpp:25,
                 from /usr/include/boost/multiprecision/cpp_int.hpp:12,
                 from /home/wenqianz/UNSW/pivoter/research/r1_skyline_index_20260918/../r1_terminal_20260918/../r1_orderreplay_20260917/active/../../r1_fullrange_20260917/../r1_tworoads_20260917/stream/../../r1_bottomup_20260917/../r1_sizesplit_20260917/../r1_floorbatch_20260916/../r1_envelopecore_20260916/envelope.hpp:4,
                 from /home/wenqianz/UNSW/pivoter/research/r1_skyline_index_20260918/../r1_terminal_20260918/../r1_orderreplay_20260917/active/../../r1_fullrange_20260917/../r1_tworoads_20260917/stream/../../r1_bottomup_20260917/../r1_sizesplit_20260917/../r1_floorbatch_20260916/floor.hpp:3,
                 from /home/wenqianz/UNSW/pivoter/research/r1_skyline_index_20260918/../r1_terminal_20260918/../r1_orderreplay_20260917/active/../../r1_fullrange_20260917/../r1_tworoads_20260917/stream/../../r1_bottomup_20260917/../r1_sizesplit_20260917/split.hpp:3,
                 from /home/wenqianz/UNSW/pivoter/research/r1_skyline_index_20260918/../r1_terminal_20260918/../r1_orderreplay_20260917/active/../../r1_fullrange_20260917/../r1_tworoads_20260917/stream/../../r1_bottomup_20260917/bottomup.hpp:3,
                 from /home/wenqianz/UNSW/pivoter/research/r1_skyline_index_20260918/../r1_terminal_20260918/../r1_orderreplay_20260917/active/../../r1_fullrange_20260917/../r1_tworoads_20260917/stream/../capped.hpp:3,
                 from /home/wenqianz/UNSW/pivoter/research/r1_skyline_index_20260918/../r1_terminal_20260918/../r1_orderreplay_20260917/active/../../r1_fullrange_20260917/../r1_tworoads_20260917/stream/../components.hpp:3,
                 from /home/wenqianz/UNSW/pivoter/research/r1_skyline_index_20260918/../r1_terminal_20260918/../r1_orderreplay_20260917/active/../../r1_fullrange_20260917/../r1_tworoads_20260917/stream/stream.hpp:3,
                 from /home/wenqianz/UNSW/pivoter/research/r1_skyline_index_20260918/../r1_terminal_20260918/../r1_orderreplay_20260917/active/../../r1_fullrange_20260917/generated.hpp:3,
                 from /home/wenqianz/UNSW/pivoter/research/r1_skyline_index_20260918/../r1_terminal_20260918/../r1_orderreplay_20260917/active/../order.hpp:3,
                 from /home/wenqianz/UNSW/pivoter/research/r1_skyline_index_20260918/../r1_terminal_20260918/../r1_orderreplay_20260917/active/active.hpp:3,
                 from /home/wenqianz/UNSW/pivoter/research/r1_skyline_index_20260918/../r1_terminal_20260918/terminal.hpp:3,
                 from /home/wenqianz/UNSW/pivoter/research/r1_skyline_index_20260918/common.hpp:6,
                 from /home/wenqianz/UNSW/pivoter/research/r1_skyline_index_20260918/count.cpp:1,
                 from /home/wenqianz/UNSW/pivoter/research/r1_skyline_index_20260918/chain_index_tool.cpp:12:
In function ‘void* memcpy(void*, const void*, size_t)’,
    inlined from ‘static double chainindex::Traits<double>::load(const unsigned char*) [with long unsigned int Wb = 64]’ at /home/wenqianz/UNSW/pivoter/research/r1_skyline_index_20260918/chain_index.hpp:52:174,
    inlined from ‘chainindex::ChainIndex<double>::value(uint32_t, int) const::<lambda(auto:45)> [with auto:45 = std::integral_constant<long unsigned int, 64>]’ at /home/wenqianz/UNSW/pivoter/research/r1_skyline_index_20260918/chain_index.hpp:112:200,
    inlined from ‘auto chainindex::with_width(unsigned int, F&&) [with F = chainindex::ChainIndex<double>::value(uint32_t, int) const::<lambda(auto:45)>]’ at /home/wenqianz/UNSW/pivoter/research/r1_skyline_index_20260918/chain_index.hpp:61:26,
    inlined from ‘T chainindex::ChainIndex<T>::value(uint32_t, int) const [with T = double]’ at /home/wenqianz/UNSW/pivoter/research/r1_skyline_index_20260918/chain_index.hpp:112:122,
    inlined from ‘bench<long unsigned int>(const Input&, const terminal::Index&, const tailpeel::Prepared*, unsigned int, const string&, double)::<lambda()>’ at /home/wenqianz/UNSW/pivoter/research/r1_skyline_index_20260918/chain_index_tool.cpp:338:144:
/usr/include/x86_64-linux-gnu/bits/string_fortified.h:29:33: warning: ‘void* __builtin___memcpy_chk(void*, const void*, long unsigned int, long unsigned int)’ forming offset [8, 63] is out of the bounds [0, 8] of object ‘u’ with type ‘uint64_t’ {aka ‘long unsigned int’} [-Warray-bounds]
   29 |   return __builtin___memcpy_chk (__dest, __src, __len,
      |          ~~~~~~~~~~~~~~~~~~~~~~~^~~~~~~~~~~~~~~~~~~~~~
   30 |                                  __glibc_objsize0 (__dest));
      |                                  ~~~~~~~~~~~~~~~~~~~~~~~~~~
In file included from /home/wenqianz/UNSW/pivoter/research/r1_skyline_index_20260918/chain_index_tool.cpp:14:
/home/wenqianz/UNSW/pivoter/research/r1_skyline_index_20260918/chain_index.hpp: In lambda function:
/home/wenqianz/UNSW/pivoter/research/r1_skyline_index_20260918/chain_index.hpp:52:156: note: ‘u’ declared here
   52 |     template<size_t Wb> static double load(const unsigned char* p) { if constexpr (Wb == 8) { double x; std::memcpy(&x, p, 8); return x; } else { uint64_t u = 0; std::memcpy(&u, p, Wb); return static_cast<double>(u); } }
      |                                                                                                                                                            ^
In file included from /usr/include/string.h:535,
                 from /usr/include/boost/range/detail/implementation_help.hpp:18,
                 from /usr/include/boost/range/end.hpp:20,
                 from /usr/include/boost/range/functions.hpp:19,
                 from /usr/include/boost/range/iterator_range_core.hpp:38,
                 from /usr/include/boost/lexical_cast.hpp:30,
                 from /usr/include/boost/multiprecision/detail/number_base.hpp:20,
                 from /usr/include/boost/multiprecision/traits/is_variable_precision.hpp:10,
                 from /usr/include/boost/multiprecision/detail/precision.hpp:9,
                 from /usr/include/boost/multiprecision/number.hpp:25,
                 from /usr/include/boost/multiprecision/cpp_int.hpp:12,
                 from /home/wenqianz/UNSW/pivoter/research/r1_skyline_index_20260918/../r1_terminal_20260918/../r1_orderreplay_20260917/active/../../r1_fullrange_20260917/../r1_tworoads_20260917/stream/../../r1_bottomup_20260917/../r1_sizesplit_20260917/../r1_floorbatch_20260916/../r1_envelopecore_20260916/envelope.hpp:4,
                 from /home/wenqianz/UNSW/pivoter/research/r1_skyline_index_20260918/../r1_terminal_20260918/../r1_orderreplay_20260917/active/../../r1_fullrange_20260917/../r1_tworoads_20260917/stream/../../r1_bottomup_20260917/../r1_sizesplit_20260917/../r1_floorbatch_20260916/floor.hpp:3,
                 from /home/wenqianz/UNSW/pivoter/research/r1_skyline_index_20260918/../r1_terminal_20260918/../r1_orderreplay_20260917/active/../../r1_fullrange_20260917/../r1_tworoads_20260917/stream/../../r1_bottomup_20260917/../r1_sizesplit_20260917/split.hpp:3,
                 from /home/wenqianz/UNSW/pivoter/research/r1_skyline_index_20260918/../r1_terminal_20260918/../r1_orderreplay_20260917/active/../../r1_fullrange_20260917/../r1_tworoads_20260917/stream/../../r1_bottomup_20260917/bottomup.hpp:3,
                 from /home/wenqianz/UNSW/pivoter/research/r1_skyline_index_20260918/../r1_terminal_20260918/../r1_orderreplay_20260917/active/../../r1_fullrange_20260917/../r1_tworoads_20260917/stream/../capped.hpp:3,
                 from /home/wenqianz/UNSW/pivoter/research/r1_skyline_index_20260918/../r1_terminal_20260918/../r1_orderreplay_20260917/active/../../r1_fullrange_20260917/../r1_tworoads_20260917/stream/../components.hpp:3,
                 from /home/wenqianz/UNSW/pivoter/research/r1_skyline_index_20260918/../r1_terminal_20260918/../r1_orderreplay_20260917/active/../../r1_fullrange_20260917/../r1_tworoads_20260917/stream/stream.hpp:3,
                 from /home/wenqianz/UNSW/pivoter/research/r1_skyline_index_20260918/../r1_terminal_20260918/../r1_orderreplay_20260917/active/../../r1_fullrange_20260917/generated.hpp:3,
                 from /home/wenqianz/UNSW/pivoter/research/r1_skyline_index_20260918/../r1_terminal_20260918/../r1_orderreplay_20260917/active/../order.hpp:3,
                 from /home/wenqianz/UNSW/pivoter/research/r1_skyline_index_20260918/../r1_terminal_20260918/../r1_orderreplay_20260917/active/active.hpp:3,
                 from /home/wenqianz/UNSW/pivoter/research/r1_skyline_index_20260918/../r1_terminal_20260918/terminal.hpp:3,
                 from /home/wenqianz/UNSW/pivoter/research/r1_skyline_index_20260918/common.hpp:6,
                 from /home/wenqianz/UNSW/pivoter/research/r1_skyline_index_20260918/count.cpp:1,
                 from /home/wenqianz/UNSW/pivoter/research/r1_skyline_index_20260918/chain_index_tool.cpp:12:
In function ‘void* memcpy(void*, const void*, size_t)’,
    inlined from ‘static double chainindex::Traits<double>::load(const unsigned char*) [with long unsigned int Wb = 16]’ at /home/wenqianz/UNSW/pivoter/research/r1_skyline_index_20260918/chain_index.hpp:52:174,
    inlined from ‘chainindex::ChainIndex<double>::top_at(const chainindex::ChainIndex<double>::Layer&, uint32_t) const::<lambda(auto:43)> [with auto:43 = std::integral_constant<long unsigned int, 16>]’ at /home/wenqianz/UNSW/pivoter/research/r1_skyline_index_20260918/chain_index.hpp:92:169,
    inlined from ‘auto chainindex::with_width(unsigned int, F&&) [with F = chainindex::ChainIndex<double>::top_at(const chainindex::ChainIndex<double>::Layer&, uint32_t) const::<lambda(auto:43)>]’ at /home/wenqianz/UNSW/pivoter/research/r1_skyline_index_20260918/chain_index.hpp:60:81,
    inlined from ‘T chainindex::ChainIndex<T>::top_at(const chainindex::ChainIndex<T>::Layer&, uint32_t) const [with T = double]’ at /home/wenqianz/UNSW/pivoter/research/r1_skyline_index_20260918/chain_index.hpp:92:92,
    inlined from ‘void chainindex::ChainIndex<T>::ladder(uint32_t, int, std::vector<std::pair<T, long unsigned int> >&) const [with T = double]’ at /home/wenqianz/UNSW/pivoter/research/r1_skyline_index_20260918/chain_index.hpp:177:36:
/usr/include/x86_64-linux-gnu/bits/string_fortified.h:29:33: warning: ‘void* __builtin___memcpy_chk(void*, const void*, long unsigned int, long unsigned int)’ forming offset [8, 15] is out of the bounds [0, 8] of object ‘u’ with type ‘uint64_t’ {aka ‘long unsigned int’} [-Warray-bounds]
   29 |   return __builtin___memcpy_chk (__dest, __src, __len,
      |          ~~~~~~~~~~~~~~~~~~~~~~~^~~~~~~~~~~~~~~~~~~~~~
   30 |                                  __glibc_objsize0 (__dest));
      |                                  ~~~~~~~~~~~~~~~~~~~~~~~~~~
In file included from /home/wenqianz/UNSW/pivoter/research/r1_skyline_index_20260918/chain_index_tool.cpp:14:
/home/wenqianz/UNSW/pivoter/research/r1_skyline_index_20260918/chain_index.hpp: In member function ‘void chainindex::ChainIndex<T>::ladder(uint32_t, int, std::vector<std::pair<T, long unsigned int> >&) const [with T = double]’:
/home/wenqianz/UNSW/pivoter/research/r1_skyline_index_20260918/chain_index.hpp:52:156: note: ‘u’ declared here
   52 |     template<size_t Wb> static double load(const unsigned char* p) { if constexpr (Wb == 8) { double x; std::memcpy(&x, p, 8); return x; } else { uint64_t u = 0; std::memcpy(&u, p, Wb); return static_cast<double>(u); } }
      |                                                                                                                                                            ^
In file included from /usr/include/string.h:535,
                 from /usr/include/boost/range/detail/implementation_help.hpp:18,
                 from /usr/include/boost/range/end.hpp:20,
                 from /usr/include/boost/range/functions.hpp:19,
                 from /usr/include/boost/range/iterator_range_core.hpp:38,
                 from /usr/include/boost/lexical_cast.hpp:30,
                 from /usr/include/boost/multiprecision/detail/number_base.hpp:20,
                 from /usr/include/boost/multiprecision/traits/is_variable_precision.hpp:10,
                 from /usr/include/boost/multiprecision/detail/precision.hpp:9,
                 from /usr/include/boost/multiprecision/number.hpp:25,
                 from /usr/include/boost/multiprecision/cpp_int.hpp:12,
                 from /home/wenqianz/UNSW/pivoter/research/r1_skyline_index_20260918/../r1_terminal_20260918/../r1_orderreplay_20260917/active/../../r1_fullrange_20260917/../r1_tworoads_20260917/stream/../../r1_bottomup_20260917/../r1_sizesplit_20260917/../r1_floorbatch_20260916/../r1_envelopecore_20260916/envelope.hpp:4,
                 from /home/wenqianz/UNSW/pivoter/research/r1_skyline_index_20260918/../r1_terminal_20260918/../r1_orderreplay_20260917/active/../../r1_fullrange_20260917/../r1_tworoads_20260917/stream/../../r1_bottomup_20260917/../r1_sizesplit_20260917/../r1_floorbatch_20260916/floor.hpp:3,
                 from /home/wenqianz/UNSW/pivoter/research/r1_skyline_index_20260918/../r1_terminal_20260918/../r1_orderreplay_20260917/active/../../r1_fullrange_20260917/../r1_tworoads_20260917/stream/../../r1_bottomup_20260917/../r1_sizesplit_20260917/split.hpp:3,
                 from /home/wenqianz/UNSW/pivoter/research/r1_skyline_index_20260918/../r1_terminal_20260918/../r1_orderreplay_20260917/active/../../r1_fullrange_20260917/../r1_tworoads_20260917/stream/../../r1_bottomup_20260917/bottomup.hpp:3,
                 from /home/wenqianz/UNSW/pivoter/research/r1_skyline_index_20260918/../r1_terminal_20260918/../r1_orderreplay_20260917/active/../../r1_fullrange_20260917/../r1_tworoads_20260917/stream/../capped.hpp:3,
                 from /home/wenqianz/UNSW/pivoter/research/r1_skyline_index_20260918/../r1_terminal_20260918/../r1_orderreplay_20260917/active/../../r1_fullrange_20260917/../r1_tworoads_20260917/stream/../components.hpp:3,
                 from /home/wenqianz/UNSW/pivoter/research/r1_skyline_index_20260918/../r1_terminal_20260918/../r1_orderreplay_20260917/active/../../r1_fullrange_20260917/../r1_tworoads_20260917/stream/stream.hpp:3,
                 from /home/wenqianz/UNSW/pivoter/research/r1_skyline_index_20260918/../r1_terminal_20260918/../r1_orderreplay_20260917/active/../../r1_fullrange_20260917/generated.hpp:3,
                 from /home/wenqianz/UNSW/pivoter/research/r1_skyline_index_20260918/../r1_terminal_20260918/../r1_orderreplay_20260917/active/../order.hpp:3,
                 from /home/wenqianz/UNSW/pivoter/research/r1_skyline_index_20260918/../r1_terminal_20260918/../r1_orderreplay_20260917/active/active.hpp:3,
                 from /home/wenqianz/UNSW/pivoter/research/r1_skyline_index_20260918/../r1_terminal_20260918/terminal.hpp:3,
                 from /home/wenqianz/UNSW/pivoter/research/r1_skyline_index_20260918/common.hpp:6,
                 from /home/wenqianz/UNSW/pivoter/research/r1_skyline_index_20260918/count.cpp:1,
                 from /home/wenqianz/UNSW/pivoter/research/r1_skyline_index_20260918/chain_index_tool.cpp:12:
In function ‘void* memcpy(void*, const void*, size_t)’,
    inlined from ‘static double chainindex::Traits<double>::load(const unsigned char*) [with long unsigned int Wb = 32]’ at /home/wenqianz/UNSW/pivoter/research/r1_skyline_index_20260918/chain_index.hpp:52:174,
    inlined from ‘chainindex::ChainIndex<double>::top_at(const chainindex::ChainIndex<double>::Layer&, uint32_t) const::<lambda(auto:43)> [with auto:43 = std::integral_constant<long unsigned int, 32>]’ at /home/wenqianz/UNSW/pivoter/research/r1_skyline_index_20260918/chain_index.hpp:92:169,
    inlined from ‘auto chainindex::with_width(unsigned int, F&&) [with F = chainindex::ChainIndex<double>::top_at(const chainindex::ChainIndex<double>::Layer&, uint32_t) const::<lambda(auto:43)>]’ at /home/wenqianz/UNSW/pivoter/research/r1_skyline_index_20260918/chain_index.hpp:60:138,
    inlined from ‘T chainindex::ChainIndex<T>::top_at(const chainindex::ChainIndex<T>::Layer&, uint32_t) const [with T = double]’ at /home/wenqianz/UNSW/pivoter/research/r1_skyline_index_20260918/chain_index.hpp:92:92,
    inlined from ‘void chainindex::ChainIndex<T>::ladder(uint32_t, int, std::vector<std::pair<T, long unsigned int> >&) const [with T = double]’ at /home/wenqianz/UNSW/pivoter/research/r1_skyline_index_20260918/chain_index.hpp:177:36:
/usr/include/x86_64-linux-gnu/bits/string_fortified.h:29:33: warning: ‘void* __builtin___memcpy_chk(void*, const void*, long unsigned int, long unsigned int)’ forming offset [8, 31] is out of the bounds [0, 8] of object ‘u’ with type ‘uint64_t’ {aka ‘long unsigned int’} [-Warray-bounds]
   29 |   return __builtin___memcpy_chk (__dest, __src, __len,
      |          ~~~~~~~~~~~~~~~~~~~~~~~^~~~~~~~~~~~~~~~~~~~~~
   30 |                                  __glibc_objsize0 (__dest));
      |                                  ~~~~~~~~~~~~~~~~~~~~~~~~~~
In file included from /home/wenqianz/UNSW/pivoter/research/r1_skyline_index_20260918/chain_index_tool.cpp:14:
/home/wenqianz/UNSW/pivoter/research/r1_skyline_index_20260918/chain_index.hpp: In member function ‘void chainindex::ChainIndex<T>::ladder(uint32_t, int, std::vector<std::pair<T, long unsigned int> >&) const [with T = double]’:
/home/wenqianz/UNSW/pivoter/research/r1_skyline_index_20260918/chain_index.hpp:52:156: note: ‘u’ declared here
   52 |     template<size_t Wb> static double load(const unsigned char* p) { if constexpr (Wb == 8) { double x; std::memcpy(&x, p, 8); return x; } else { uint64_t u = 0; std::memcpy(&u, p, Wb); return static_cast<double>(u); } }
      |                                                                                                                                                            ^
In file included from /usr/include/string.h:535,
                 from /usr/include/boost/range/detail/implementation_help.hpp:18,
                 from /usr/include/boost/range/end.hpp:20,
                 from /usr/include/boost/range/functions.hpp:19,
                 from /usr/include/boost/range/iterator_range_core.hpp:38,
                 from /usr/include/boost/lexical_cast.hpp:30,
                 from /usr/include/boost/multiprecision/detail/number_base.hpp:20,
                 from /usr/include/boost/multiprecision/traits/is_variable_precision.hpp:10,
                 from /usr/include/boost/multiprecision/detail/precision.hpp:9,
                 from /usr/include/boost/multiprecision/number.hpp:25,
                 from /usr/include/boost/multiprecision/cpp_int.hpp:12,
                 from /home/wenqianz/UNSW/pivoter/research/r1_skyline_index_20260918/../r1_terminal_20260918/../r1_orderreplay_20260917/active/../../r1_fullrange_20260917/../r1_tworoads_20260917/stream/../../r1_bottomup_20260917/../r1_sizesplit_20260917/../r1_floorbatch_20260916/../r1_envelopecore_20260916/envelope.hpp:4,
                 from /home/wenqianz/UNSW/pivoter/research/r1_skyline_index_20260918/../r1_terminal_20260918/../r1_orderreplay_20260917/active/../../r1_fullrange_20260917/../r1_tworoads_20260917/stream/../../r1_bottomup_20260917/../r1_sizesplit_20260917/../r1_floorbatch_20260916/floor.hpp:3,
                 from /home/wenqianz/UNSW/pivoter/research/r1_skyline_index_20260918/../r1_terminal_20260918/../r1_orderreplay_20260917/active/../../r1_fullrange_20260917/../r1_tworoads_20260917/stream/../../r1_bottomup_20260917/../r1_sizesplit_20260917/split.hpp:3,
                 from /home/wenqianz/UNSW/pivoter/research/r1_skyline_index_20260918/../r1_terminal_20260918/../r1_orderreplay_20260917/active/../../r1_fullrange_20260917/../r1_tworoads_20260917/stream/../../r1_bottomup_20260917/bottomup.hpp:3,
                 from /home/wenqianz/UNSW/pivoter/research/r1_skyline_index_20260918/../r1_terminal_20260918/../r1_orderreplay_20260917/active/../../r1_fullrange_20260917/../r1_tworoads_20260917/stream/../capped.hpp:3,
                 from /home/wenqianz/UNSW/pivoter/research/r1_skyline_index_20260918/../r1_terminal_20260918/../r1_orderreplay_20260917/active/../../r1_fullrange_20260917/../r1_tworoads_20260917/stream/../components.hpp:3,
                 from /home/wenqianz/UNSW/pivoter/research/r1_skyline_index_20260918/../r1_terminal_20260918/../r1_orderreplay_20260917/active/../../r1_fullrange_20260917/../r1_tworoads_20260917/stream/stream.hpp:3,
                 from /home/wenqianz/UNSW/pivoter/research/r1_skyline_index_20260918/../r1_terminal_20260918/../r1_orderreplay_20260917/active/../../r1_fullrange_20260917/generated.hpp:3,
                 from /home/wenqianz/UNSW/pivoter/research/r1_skyline_index_20260918/../r1_terminal_20260918/../r1_orderreplay_20260917/active/../order.hpp:3,
                 from /home/wenqianz/UNSW/pivoter/research/r1_skyline_index_20260918/../r1_terminal_20260918/../r1_orderreplay_20260917/active/active.hpp:3,
                 from /home/wenqianz/UNSW/pivoter/research/r1_skyline_index_20260918/../r1_terminal_20260918/terminal.hpp:3,
                 from /home/wenqianz/UNSW/pivoter/research/r1_skyline_index_20260918/common.hpp:6,
                 from /home/wenqianz/UNSW/pivoter/research/r1_skyline_index_20260918/count.cpp:1,
                 from /home/wenqianz/UNSW/pivoter/research/r1_skyline_index_20260918/chain_index_tool.cpp:12:
In function ‘void* memcpy(void*, const void*, size_t)’,
    inlined from ‘static double chainindex::Traits<double>::load(const unsigned char*) [with long unsigned int Wb = 64]’ at /home/wenqianz/UNSW/pivoter/research/r1_skyline_index_20260918/chain_index.hpp:52:174,
    inlined from ‘chainindex::ChainIndex<double>::top_at(const chainindex::ChainIndex<double>::Layer&, uint32_t) const::<lambda(auto:43)> [with auto:43 = std::integral_constant<long unsigned int, 64>]’ at /home/wenqianz/UNSW/pivoter/research/r1_skyline_index_20260918/chain_index.hpp:92:169,
    inlined from ‘auto chainindex::with_width(unsigned int, F&&) [with F = chainindex::ChainIndex<double>::top_at(const chainindex::ChainIndex<double>::Layer&, uint32_t) const::<lambda(auto:43)>]’ at /home/wenqianz/UNSW/pivoter/research/r1_skyline_index_20260918/chain_index.hpp:61:26,
    inlined from ‘T chainindex::ChainIndex<T>::top_at(const chainindex::ChainIndex<T>::Layer&, uint32_t) const [with T = double]’ at /home/wenqianz/UNSW/pivoter/research/r1_skyline_index_20260918/chain_index.hpp:92:92,
    inlined from ‘void chainindex::ChainIndex<T>::ladder(uint32_t, int, std::vector<std::pair<T, long unsigned int> >&) const [with T = double]’ at /home/wenqianz/UNSW/pivoter/research/r1_skyline_index_20260918/chain_index.hpp:177:36:
/usr/include/x86_64-linux-gnu/bits/string_fortified.h:29:33: warning: ‘void* __builtin___memcpy_chk(void*, const void*, long unsigned int, long unsigned int)’ forming offset [8, 63] is out of the bounds [0, 8] of object ‘u’ with type ‘uint64_t’ {aka ‘long unsigned int’} [-Warray-bounds]
   29 |   return __builtin___memcpy_chk (__dest, __src, __len,
      |          ~~~~~~~~~~~~~~~~~~~~~~~^~~~~~~~~~~~~~~~~~~~~~
   30 |                                  __glibc_objsize0 (__dest));
      |                                  ~~~~~~~~~~~~~~~~~~~~~~~~~~
In file included from /home/wenqianz/UNSW/pivoter/research/r1_skyline_index_20260918/chain_index_tool.cpp:14:
/home/wenqianz/UNSW/pivoter/research/r1_skyline_index_20260918/chain_index.hpp: In member function ‘void chainindex::ChainIndex<T>::ladder(uint32_t, int, std::vector<std::pair<T, long unsigned int> >&) const [with T = double]’:
/home/wenqianz/UNSW/pivoter/research/r1_skyline_index_20260918/chain_index.hpp:52:156: note: ‘u’ declared here
   52 |     template<size_t Wb> static double load(const unsigned char* p) { if constexpr (Wb == 8) { double x; std::memcpy(&x, p, 8); return x; } else { uint64_t u = 0; std::memcpy(&u, p, Wb); return static_cast<double>(u); } }
      |                                                                                                                                                            ^
In file included from /usr/include/string.h:535,
                 from /usr/include/boost/range/detail/implementation_help.hpp:18,
                 from /usr/include/boost/range/end.hpp:20,
                 from /usr/include/boost/range/functions.hpp:19,
                 from /usr/include/boost/range/iterator_range_core.hpp:38,
                 from /usr/include/boost/lexical_cast.hpp:30,
                 from /usr/include/boost/multiprecision/detail/number_base.hpp:20,
                 from /usr/include/boost/multiprecision/traits/is_variable_precision.hpp:10,
                 from /usr/include/boost/multiprecision/detail/precision.hpp:9,
                 from /usr/include/boost/multiprecision/number.hpp:25,
                 from /usr/include/boost/multiprecision/cpp_int.hpp:12,
                 from /home/wenqianz/UNSW/pivoter/research/r1_skyline_index_20260918/../r1_terminal_20260918/../r1_orderreplay_20260917/active/../../r1_fullrange_20260917/../r1_tworoads_20260917/stream/../../r1_bottomup_20260917/../r1_sizesplit_20260917/../r1_floorbatch_20260916/../r1_envelopecore_20260916/envelope.hpp:4,
                 from /home/wenqianz/UNSW/pivoter/research/r1_skyline_index_20260918/../r1_terminal_20260918/../r1_orderreplay_20260917/active/../../r1_fullrange_20260917/../r1_tworoads_20260917/stream/../../r1_bottomup_20260917/../r1_sizesplit_20260917/../r1_floorbatch_20260916/floor.hpp:3,
                 from /home/wenqianz/UNSW/pivoter/research/r1_skyline_index_20260918/../r1_terminal_20260918/../r1_orderreplay_20260917/active/../../r1_fullrange_20260917/../r1_tworoads_20260917/stream/../../r1_bottomup_20260917/../r1_sizesplit_20260917/split.hpp:3,
                 from /home/wenqianz/UNSW/pivoter/research/r1_skyline_index_20260918/../r1_terminal_20260918/../r1_orderreplay_20260917/active/../../r1_fullrange_20260917/../r1_tworoads_20260917/stream/../../r1_bottomup_20260917/bottomup.hpp:3,
                 from /home/wenqianz/UNSW/pivoter/research/r1_skyline_index_20260918/../r1_terminal_20260918/../r1_orderreplay_20260917/active/../../r1_fullrange_20260917/../r1_tworoads_20260917/stream/../capped.hpp:3,
                 from /home/wenqianz/UNSW/pivoter/research/r1_skyline_index_20260918/../r1_terminal_20260918/../r1_orderreplay_20260917/active/../../r1_fullrange_20260917/../r1_tworoads_20260917/stream/../components.hpp:3,
                 from /home/wenqianz/UNSW/pivoter/research/r1_skyline_index_20260918/../r1_terminal_20260918/../r1_orderreplay_20260917/active/../../r1_fullrange_20260917/../r1_tworoads_20260917/stream/stream.hpp:3,
                 from /home/wenqianz/UNSW/pivoter/research/r1_skyline_index_20260918/../r1_terminal_20260918/../r1_orderreplay_20260917/active/../../r1_fullrange_20260917/generated.hpp:3,
                 from /home/wenqianz/UNSW/pivoter/research/r1_skyline_index_20260918/../r1_terminal_20260918/../r1_orderreplay_20260917/active/../order.hpp:3,
                 from /home/wenqianz/UNSW/pivoter/research/r1_skyline_index_20260918/../r1_terminal_20260918/../r1_orderreplay_20260917/active/active.hpp:3,
                 from /home/wenqianz/UNSW/pivoter/research/r1_skyline_index_20260918/../r1_terminal_20260918/terminal.hpp:3,
                 from /home/wenqianz/UNSW/pivoter/research/r1_skyline_index_20260918/common.hpp:6,
                 from /home/wenqianz/UNSW/pivoter/research/r1_skyline_index_20260918/count.cpp:1,
                 from /home/wenqianz/UNSW/pivoter/research/r1_skyline_index_20260918/chain_index_tool.cpp:12:
In function ‘void* memcpy(void*, const void*, size_t)’,
    inlined from ‘static T chainindex::Traits<T>::load(const unsigned char*) [with long unsigned int Wb = 16; T = long unsigned int]’ at /home/wenqianz/UNSW/pivoter/research/r1_skyline_index_20260918/chain_index.hpp:36:85,
    inlined from ‘chainindex::ChainIndex<long unsigned int>::top_at(const chainindex::ChainIndex<long unsigned int>::Layer&, uint32_t) const::<lambda(auto:43)> [with auto:43 = std::integral_constant<long unsigned int, 16>]’ at /home/wenqianz/UNSW/pivoter/research/r1_skyline_index_20260918/chain_index.hpp:92:169,
    inlined from ‘auto chainindex::with_width(unsigned int, F&&) [with F = chainindex::ChainIndex<long unsigned int>::top_at(const chainindex::ChainIndex<long unsigned int>::Layer&, uint32_t) const::<lambda(auto:43)>]’ at /home/wenqianz/UNSW/pivoter/research/r1_skyline_index_20260918/chain_index.hpp:60:81,
    inlined from ‘T chainindex::ChainIndex<T>::top_at(const chainindex::ChainIndex<T>::Layer&, uint32_t) const [with T = long unsigned int]’ at /home/wenqianz/UNSW/pivoter/research/r1_skyline_index_20260918/chain_index.hpp:92:92,
    inlined from ‘void chainindex::ChainIndex<T>::ladder(uint32_t, int, std::vector<std::pair<T, long unsigned int> >&) const [with T = long unsigned int]’ at /home/wenqianz/UNSW/pivoter/research/r1_skyline_index_20260918/chain_index.hpp:177:36:
/usr/include/x86_64-linux-gnu/bits/string_fortified.h:29:33: warning: ‘void* __builtin___memcpy_chk(void*, const void*, long unsigned int, long unsigned int)’ forming offset [8, 15] is out of the bounds [0, 8] of object ‘x’ with type ‘long unsigned int’ [-Warray-bounds]
   29 |   return __builtin___memcpy_chk (__dest, __src, __len,
      |          ~~~~~~~~~~~~~~~~~~~~~~~^~~~~~~~~~~~~~~~~~~~~~
   30 |                                  __glibc_objsize0 (__dest));
      |                                  ~~~~~~~~~~~~~~~~~~~~~~~~~~
In file included from /home/wenqianz/UNSW/pivoter/research/r1_skyline_index_20260918/chain_index_tool.cpp:14:
/home/wenqianz/UNSW/pivoter/research/r1_skyline_index_20260918/chain_index.hpp: In member function ‘void chainindex::ChainIndex<T>::ladder(uint32_t, int, std::vector<std::pair<T, long unsigned int> >&) const [with T = long unsigned int]’:
/home/wenqianz/UNSW/pivoter/research/r1_skyline_index_20260918/chain_index.hpp:36:67: note: ‘x’ declared here
   36 |     template<size_t Wb> static T load(const unsigned char* p) { T x = 0; std::memcpy(&x, p, Wb); return x; }   // constant-size load, Wb <= W
      |                                                                   ^
In file included from /usr/include/string.h:535,
                 from /usr/include/boost/range/detail/implementation_help.hpp:18,
                 from /usr/include/boost/range/end.hpp:20,
                 from /usr/include/boost/range/functions.hpp:19,
                 from /usr/include/boost/range/iterator_range_core.hpp:38,
                 from /usr/include/boost/lexical_cast.hpp:30,
                 from /usr/include/boost/multiprecision/detail/number_base.hpp:20,
                 from /usr/include/boost/multiprecision/traits/is_variable_precision.hpp:10,
                 from /usr/include/boost/multiprecision/detail/precision.hpp:9,
                 from /usr/include/boost/multiprecision/number.hpp:25,
                 from /usr/include/boost/multiprecision/cpp_int.hpp:12,
                 from /home/wenqianz/UNSW/pivoter/research/r1_skyline_index_20260918/../r1_terminal_20260918/../r1_orderreplay_20260917/active/../../r1_fullrange_20260917/../r1_tworoads_20260917/stream/../../r1_bottomup_20260917/../r1_sizesplit_20260917/../r1_floorbatch_20260916/../r1_envelopecore_20260916/envelope.hpp:4,
                 from /home/wenqianz/UNSW/pivoter/research/r1_skyline_index_20260918/../r1_terminal_20260918/../r1_orderreplay_20260917/active/../../r1_fullrange_20260917/../r1_tworoads_20260917/stream/../../r1_bottomup_20260917/../r1_sizesplit_20260917/../r1_floorbatch_20260916/floor.hpp:3,
                 from /home/wenqianz/UNSW/pivoter/research/r1_skyline_index_20260918/../r1_terminal_20260918/../r1_orderreplay_20260917/active/../../r1_fullrange_20260917/../r1_tworoads_20260917/stream/../../r1_bottomup_20260917/../r1_sizesplit_20260917/split.hpp:3,
                 from /home/wenqianz/UNSW/pivoter/research/r1_skyline_index_20260918/../r1_terminal_20260918/../r1_orderreplay_20260917/active/../../r1_fullrange_20260917/../r1_tworoads_20260917/stream/../../r1_bottomup_20260917/bottomup.hpp:3,
                 from /home/wenqianz/UNSW/pivoter/research/r1_skyline_index_20260918/../r1_terminal_20260918/../r1_orderreplay_20260917/active/../../r1_fullrange_20260917/../r1_tworoads_20260917/stream/../capped.hpp:3,
                 from /home/wenqianz/UNSW/pivoter/research/r1_skyline_index_20260918/../r1_terminal_20260918/../r1_orderreplay_20260917/active/../../r1_fullrange_20260917/../r1_tworoads_20260917/stream/../components.hpp:3,
                 from /home/wenqianz/UNSW/pivoter/research/r1_skyline_index_20260918/../r1_terminal_20260918/../r1_orderreplay_20260917/active/../../r1_fullrange_20260917/../r1_tworoads_20260917/stream/stream.hpp:3,
                 from /home/wenqianz/UNSW/pivoter/research/r1_skyline_index_20260918/../r1_terminal_20260918/../r1_orderreplay_20260917/active/../../r1_fullrange_20260917/generated.hpp:3,
                 from /home/wenqianz/UNSW/pivoter/research/r1_skyline_index_20260918/../r1_terminal_20260918/../r1_orderreplay_20260917/active/../order.hpp:3,
                 from /home/wenqianz/UNSW/pivoter/research/r1_skyline_index_20260918/../r1_terminal_20260918/../r1_orderreplay_20260917/active/active.hpp:3,
                 from /home/wenqianz/UNSW/pivoter/research/r1_skyline_index_20260918/../r1_terminal_20260918/terminal.hpp:3,
                 from /home/wenqianz/UNSW/pivoter/research/r1_skyline_index_20260918/common.hpp:6,
                 from /home/wenqianz/UNSW/pivoter/research/r1_skyline_index_20260918/count.cpp:1,
                 from /home/wenqianz/UNSW/pivoter/research/r1_skyline_index_20260918/chain_index_tool.cpp:12:
In function ‘void* memcpy(void*, const void*, size_t)’,
    inlined from ‘static T chainindex::Traits<T>::load(const unsigned char*) [with long unsigned int Wb = 32; T = long unsigned int]’ at /home/wenqianz/UNSW/pivoter/research/r1_skyline_index_20260918/chain_index.hpp:36:85,
    inlined from ‘chainindex::ChainIndex<long unsigned int>::top_at(const chainindex::ChainIndex<long unsigned int>::Layer&, uint32_t) const::<lambda(auto:43)> [with auto:43 = std::integral_constant<long unsigned int, 32>]’ at /home/wenqianz/UNSW/pivoter/research/r1_skyline_index_20260918/chain_index.hpp:92:169,
    inlined from ‘auto chainindex::with_width(unsigned int, F&&) [with F = chainindex::ChainIndex<long unsigned int>::top_at(const chainindex::ChainIndex<long unsigned int>::Layer&, uint32_t) const::<lambda(auto:43)>]’ at /home/wenqianz/UNSW/pivoter/research/r1_skyline_index_20260918/chain_index.hpp:60:138,
    inlined from ‘T chainindex::ChainIndex<T>::top_at(const chainindex::ChainIndex<T>::Layer&, uint32_t) const [with T = long unsigned int]’ at /home/wenqianz/UNSW/pivoter/research/r1_skyline_index_20260918/chain_index.hpp:92:92,
    inlined from ‘void chainindex::ChainIndex<T>::ladder(uint32_t, int, std::vector<std::pair<T, long unsigned int> >&) const [with T = long unsigned int]’ at /home/wenqianz/UNSW/pivoter/research/r1_skyline_index_20260918/chain_index.hpp:177:36:
/usr/include/x86_64-linux-gnu/bits/string_fortified.h:29:33: warning: ‘void* __builtin___memcpy_chk(void*, const void*, long unsigned int, long unsigned int)’ forming offset [8, 31] is out of the bounds [0, 8] of object ‘x’ with type ‘long unsigned int’ [-Warray-bounds]
   29 |   return __builtin___memcpy_chk (__dest, __src, __len,
      |          ~~~~~~~~~~~~~~~~~~~~~~~^~~~~~~~~~~~~~~~~~~~~~
   30 |                                  __glibc_objsize0 (__dest));
      |                                  ~~~~~~~~~~~~~~~~~~~~~~~~~~
In file included from /home/wenqianz/UNSW/pivoter/research/r1_skyline_index_20260918/chain_index_tool.cpp:14:
/home/wenqianz/UNSW/pivoter/research/r1_skyline_index_20260918/chain_index.hpp: In member function ‘void chainindex::ChainIndex<T>::ladder(uint32_t, int, std::vector<std::pair<T, long unsigned int> >&) const [with T = long unsigned int]’:
/home/wenqianz/UNSW/pivoter/research/r1_skyline_index_20260918/chain_index.hpp:36:67: note: ‘x’ declared here
   36 |     template<size_t Wb> static T load(const unsigned char* p) { T x = 0; std::memcpy(&x, p, Wb); return x; }   // constant-size load, Wb <= W
      |                                                                   ^
In file included from /usr/include/string.h:535,
                 from /usr/include/boost/range/detail/implementation_help.hpp:18,
                 from /usr/include/boost/range/end.hpp:20,
                 from /usr/include/boost/range/functions.hpp:19,
                 from /usr/include/boost/range/iterator_range_core.hpp:38,
                 from /usr/include/boost/lexical_cast.hpp:30,
                 from /usr/include/boost/multiprecision/detail/number_base.hpp:20,
                 from /usr/include/boost/multiprecision/traits/is_variable_precision.hpp:10,
                 from /usr/include/boost/multiprecision/detail/precision.hpp:9,
                 from /usr/include/boost/multiprecision/number.hpp:25,
                 from /usr/include/boost/multiprecision/cpp_int.hpp:12,
                 from /home/wenqianz/UNSW/pivoter/research/r1_skyline_index_20260918/../r1_terminal_20260918/../r1_orderreplay_20260917/active/../../r1_fullrange_20260917/../r1_tworoads_20260917/stream/../../r1_bottomup_20260917/../r1_sizesplit_20260917/../r1_floorbatch_20260916/../r1_envelopecore_20260916/envelope.hpp:4,
                 from /home/wenqianz/UNSW/pivoter/research/r1_skyline_index_20260918/../r1_terminal_20260918/../r1_orderreplay_20260917/active/../../r1_fullrange_20260917/../r1_tworoads_20260917/stream/../../r1_bottomup_20260917/../r1_sizesplit_20260917/../r1_floorbatch_20260916/floor.hpp:3,
                 from /home/wenqianz/UNSW/pivoter/research/r1_skyline_index_20260918/../r1_terminal_20260918/../r1_orderreplay_20260917/active/../../r1_fullrange_20260917/../r1_tworoads_20260917/stream/../../r1_bottomup_20260917/../r1_sizesplit_20260917/split.hpp:3,
                 from /home/wenqianz/UNSW/pivoter/research/r1_skyline_index_20260918/../r1_terminal_20260918/../r1_orderreplay_20260917/active/../../r1_fullrange_20260917/../r1_tworoads_20260917/stream/../../r1_bottomup_20260917/bottomup.hpp:3,
                 from /home/wenqianz/UNSW/pivoter/research/r1_skyline_index_20260918/../r1_terminal_20260918/../r1_orderreplay_20260917/active/../../r1_fullrange_20260917/../r1_tworoads_20260917/stream/../capped.hpp:3,
                 from /home/wenqianz/UNSW/pivoter/research/r1_skyline_index_20260918/../r1_terminal_20260918/../r1_orderreplay_20260917/active/../../r1_fullrange_20260917/../r1_tworoads_20260917/stream/../components.hpp:3,
                 from /home/wenqianz/UNSW/pivoter/research/r1_skyline_index_20260918/../r1_terminal_20260918/../r1_orderreplay_20260917/active/../../r1_fullrange_20260917/../r1_tworoads_20260917/stream/stream.hpp:3,
                 from /home/wenqianz/UNSW/pivoter/research/r1_skyline_index_20260918/../r1_terminal_20260918/../r1_orderreplay_20260917/active/../../r1_fullrange_20260917/generated.hpp:3,
                 from /home/wenqianz/UNSW/pivoter/research/r1_skyline_index_20260918/../r1_terminal_20260918/../r1_orderreplay_20260917/active/../order.hpp:3,
                 from /home/wenqianz/UNSW/pivoter/research/r1_skyline_index_20260918/../r1_terminal_20260918/../r1_orderreplay_20260917/active/active.hpp:3,
                 from /home/wenqianz/UNSW/pivoter/research/r1_skyline_index_20260918/../r1_terminal_20260918/terminal.hpp:3,
                 from /home/wenqianz/UNSW/pivoter/research/r1_skyline_index_20260918/common.hpp:6,
                 from /home/wenqianz/UNSW/pivoter/research/r1_skyline_index_20260918/count.cpp:1,
                 from /home/wenqianz/UNSW/pivoter/research/r1_skyline_index_20260918/chain_index_tool.cpp:12:
In function ‘void* memcpy(void*, const void*, size_t)’,
    inlined from ‘static T chainindex::Traits<T>::load(const unsigned char*) [with long unsigned int Wb = 64; T = long unsigned int]’ at /home/wenqianz/UNSW/pivoter/research/r1_skyline_index_20260918/chain_index.hpp:36:85,
    inlined from ‘chainindex::ChainIndex<long unsigned int>::top_at(const chainindex::ChainIndex<long unsigned int>::Layer&, uint32_t) const::<lambda(auto:43)> [with auto:43 = std::integral_constant<long unsigned int, 64>]’ at /home/wenqianz/UNSW/pivoter/research/r1_skyline_index_20260918/chain_index.hpp:92:169,
    inlined from ‘auto chainindex::with_width(unsigned int, F&&) [with F = chainindex::ChainIndex<long unsigned int>::top_at(const chainindex::ChainIndex<long unsigned int>::Layer&, uint32_t) const::<lambda(auto:43)>]’ at /home/wenqianz/UNSW/pivoter/research/r1_skyline_index_20260918/chain_index.hpp:61:26,
    inlined from ‘T chainindex::ChainIndex<T>::top_at(const chainindex::ChainIndex<T>::Layer&, uint32_t) const [with T = long unsigned int]’ at /home/wenqianz/UNSW/pivoter/research/r1_skyline_index_20260918/chain_index.hpp:92:92,
    inlined from ‘void chainindex::ChainIndex<T>::ladder(uint32_t, int, std::vector<std::pair<T, long unsigned int> >&) const [with T = long unsigned int]’ at /home/wenqianz/UNSW/pivoter/research/r1_skyline_index_20260918/chain_index.hpp:177:36:
/usr/include/x86_64-linux-gnu/bits/string_fortified.h:29:33: warning: ‘void* __builtin___memcpy_chk(void*, const void*, long unsigned int, long unsigned int)’ forming offset [8, 63] is out of the bounds [0, 8] of object ‘x’ with type ‘long unsigned int’ [-Warray-bounds]
   29 |   return __builtin___memcpy_chk (__dest, __src, __len,
      |          ~~~~~~~~~~~~~~~~~~~~~~~^~~~~~~~~~~~~~~~~~~~~~
   30 |                                  __glibc_objsize0 (__dest));
      |                                  ~~~~~~~~~~~~~~~~~~~~~~~~~~
In file included from /home/wenqianz/UNSW/pivoter/research/r1_skyline_index_20260918/chain_index_tool.cpp:14:
/home/wenqianz/UNSW/pivoter/research/r1_skyline_index_20260918/chain_index.hpp: In member function ‘void chainindex::ChainIndex<T>::ladder(uint32_t, int, std::vector<std::pair<T, long unsigned int> >&) const [with T = long unsigned int]’:
/home/wenqianz/UNSW/pivoter/research/r1_skyline_index_20260918/chain_index.hpp:36:67: note: ‘x’ declared here
   36 |     template<size_t Wb> static T load(const unsigned char* p) { T x = 0; std::memcpy(&x, p, Wb); return x; }   // constant-size load, Wb <= W
      |                                                                   ^
In file included from /usr/include/string.h:535,
                 from /usr/include/boost/range/detail/implementation_help.hpp:18,
                 from /usr/include/boost/range/end.hpp:20,
                 from /usr/include/boost/range/functions.hpp:19,
                 from /usr/include/boost/range/iterator_range_core.hpp:38,
                 from /usr/include/boost/lexical_cast.hpp:30,
                 from /usr/include/boost/multiprecision/detail/number_base.hpp:20,
                 from /usr/include/boost/multiprecision/traits/is_variable_precision.hpp:10,
                 from /usr/include/boost/multiprecision/detail/precision.hpp:9,
                 from /usr/include/boost/multiprecision/number.hpp:25,
                 from /usr/include/boost/multiprecision/cpp_int.hpp:12,
                 from /home/wenqianz/UNSW/pivoter/research/r1_skyline_index_20260918/../r1_terminal_20260918/../r1_orderreplay_20260917/active/../../r1_fullrange_20260917/../r1_tworoads_20260917/stream/../../r1_bottomup_20260917/../r1_sizesplit_20260917/../r1_floorbatch_20260916/../r1_envelopecore_20260916/envelope.hpp:4,
                 from /home/wenqianz/UNSW/pivoter/research/r1_skyline_index_20260918/../r1_terminal_20260918/../r1_orderreplay_20260917/active/../../r1_fullrange_20260917/../r1_tworoads_20260917/stream/../../r1_bottomup_20260917/../r1_sizesplit_20260917/../r1_floorbatch_20260916/floor.hpp:3,
                 from /home/wenqianz/UNSW/pivoter/research/r1_skyline_index_20260918/../r1_terminal_20260918/../r1_orderreplay_20260917/active/../../r1_fullrange_20260917/../r1_tworoads_20260917/stream/../../r1_bottomup_20260917/../r1_sizesplit_20260917/split.hpp:3,
                 from /home/wenqianz/UNSW/pivoter/research/r1_skyline_index_20260918/../r1_terminal_20260918/../r1_orderreplay_20260917/active/../../r1_fullrange_20260917/../r1_tworoads_20260917/stream/../../r1_bottomup_20260917/bottomup.hpp:3,
                 from /home/wenqianz/UNSW/pivoter/research/r1_skyline_index_20260918/../r1_terminal_20260918/../r1_orderreplay_20260917/active/../../r1_fullrange_20260917/../r1_tworoads_20260917/stream/../capped.hpp:3,
                 from /home/wenqianz/UNSW/pivoter/research/r1_skyline_index_20260918/../r1_terminal_20260918/../r1_orderreplay_20260917/active/../../r1_fullrange_20260917/../r1_tworoads_20260917/stream/../components.hpp:3,
                 from /home/wenqianz/UNSW/pivoter/research/r1_skyline_index_20260918/../r1_terminal_20260918/../r1_orderreplay_20260917/active/../../r1_fullrange_20260917/../r1_tworoads_20260917/stream/stream.hpp:3,
                 from /home/wenqianz/UNSW/pivoter/research/r1_skyline_index_20260918/../r1_terminal_20260918/../r1_orderreplay_20260917/active/../../r1_fullrange_20260917/generated.hpp:3,
                 from /home/wenqianz/UNSW/pivoter/research/r1_skyline_index_20260918/../r1_terminal_20260918/../r1_orderreplay_20260917/active/../order.hpp:3,
                 from /home/wenqianz/UNSW/pivoter/research/r1_skyline_index_20260918/../r1_terminal_20260918/../r1_orderreplay_20260917/active/active.hpp:3,
                 from /home/wenqianz/UNSW/pivoter/research/r1_skyline_index_20260918/../r1_terminal_20260918/terminal.hpp:3,
                 from /home/wenqianz/UNSW/pivoter/research/r1_skyline_index_20260918/common.hpp:6,
                 from /home/wenqianz/UNSW/pivoter/research/r1_skyline_index_20260918/count.cpp:1,
                 from /home/wenqianz/UNSW/pivoter/research/r1_skyline_index_20260918/chain_index_tool.cpp:12:
In function ‘void* memcpy(void*, const void*, size_t)’,
    inlined from ‘static T chainindex::Traits<T>::load(const unsigned char*) [with long unsigned int Wb = 16; T = long unsigned int]’ at /home/wenqianz/UNSW/pivoter/research/r1_skyline_index_20260918/chain_index.hpp:36:85,
    inlined from ‘chainindex::ChainIndex<long unsigned int>::value(uint32_t, int) const::<lambda(auto:45)> [with auto:45 = std::integral_constant<long unsigned int, 16>]’ at /home/wenqianz/UNSW/pivoter/research/r1_skyline_index_20260918/chain_index.hpp:112:200,
    inlined from ‘auto chainindex::with_width(unsigned int, F&&) [with F = chainindex::ChainIndex<long unsigned int>::value(uint32_t, int) const::<lambda(auto:45)>]’ at /home/wenqianz/UNSW/pivoter/research/r1_skyline_index_20260918/chain_index.hpp:60:81,
    inlined from ‘T chainindex::ChainIndex<T>::value(uint32_t, int) const [with T = long unsigned int]’ at /home/wenqianz/UNSW/pivoter/research/r1_skyline_index_20260918/chain_index.hpp:112:122,
    inlined from ‘selftest_graph<long unsigned int, long unsigned int>(const partial::Graph&, const string&, uint64_t&, uint64_t&, uint64_t&, uint64_t&)::<lambda(const chainindex::ChainIndex<long unsigned int>&)>’ at /home/wenqianz/UNSW/pivoter/research/r1_skyline_index_20260918/chain_index_tool.cpp:238:163:
/usr/include/x86_64-linux-gnu/bits/string_fortified.h:29:33: warning: ‘void* __builtin___memcpy_chk(void*, const void*, long unsigned int, long unsigned int)’ forming offset [8, 15] is out of the bounds [0, 8] of object ‘x’ with type ‘long unsigned int’ [-Warray-bounds]
   29 |   return __builtin___memcpy_chk (__dest, __src, __len,
      |          ~~~~~~~~~~~~~~~~~~~~~~~^~~~~~~~~~~~~~~~~~~~~~
   30 |                                  __glibc_objsize0 (__dest));
      |                                  ~~~~~~~~~~~~~~~~~~~~~~~~~~
In file included from /home/wenqianz/UNSW/pivoter/research/r1_skyline_index_20260918/chain_index_tool.cpp:14:
/home/wenqianz/UNSW/pivoter/research/r1_skyline_index_20260918/chain_index.hpp: In lambda function:
/home/wenqianz/UNSW/pivoter/research/r1_skyline_index_20260918/chain_index.hpp:36:67: note: ‘x’ declared here
   36 |     template<size_t Wb> static T load(const unsigned char* p) { T x = 0; std::memcpy(&x, p, Wb); return x; }   // constant-size load, Wb <= W
      |                                                                   ^
In file included from /usr/include/string.h:535,
                 from /usr/include/boost/range/detail/implementation_help.hpp:18,
                 from /usr/include/boost/range/end.hpp:20,
                 from /usr/include/boost/range/functions.hpp:19,
                 from /usr/include/boost/range/iterator_range_core.hpp:38,
                 from /usr/include/boost/lexical_cast.hpp:30,
                 from /usr/include/boost/multiprecision/detail/number_base.hpp:20,
                 from /usr/include/boost/multiprecision/traits/is_variable_precision.hpp:10,
                 from /usr/include/boost/multiprecision/detail/precision.hpp:9,
                 from /usr/include/boost/multiprecision/number.hpp:25,
                 from /usr/include/boost/multiprecision/cpp_int.hpp:12,
                 from /home/wenqianz/UNSW/pivoter/research/r1_skyline_index_20260918/../r1_terminal_20260918/../r1_orderreplay_20260917/active/../../r1_fullrange_20260917/../r1_tworoads_20260917/stream/../../r1_bottomup_20260917/../r1_sizesplit_20260917/../r1_floorbatch_20260916/../r1_envelopecore_20260916/envelope.hpp:4,
                 from /home/wenqianz/UNSW/pivoter/research/r1_skyline_index_20260918/../r1_terminal_20260918/../r1_orderreplay_20260917/active/../../r1_fullrange_20260917/../r1_tworoads_20260917/stream/../../r1_bottomup_20260917/../r1_sizesplit_20260917/../r1_floorbatch_20260916/floor.hpp:3,
                 from /home/wenqianz/UNSW/pivoter/research/r1_skyline_index_20260918/../r1_terminal_20260918/../r1_orderreplay_20260917/active/../../r1_fullrange_20260917/../r1_tworoads_20260917/stream/../../r1_bottomup_20260917/../r1_sizesplit_20260917/split.hpp:3,
                 from /home/wenqianz/UNSW/pivoter/research/r1_skyline_index_20260918/../r1_terminal_20260918/../r1_orderreplay_20260917/active/../../r1_fullrange_20260917/../r1_tworoads_20260917/stream/../../r1_bottomup_20260917/bottomup.hpp:3,
                 from /home/wenqianz/UNSW/pivoter/research/r1_skyline_index_20260918/../r1_terminal_20260918/../r1_orderreplay_20260917/active/../../r1_fullrange_20260917/../r1_tworoads_20260917/stream/../capped.hpp:3,
                 from /home/wenqianz/UNSW/pivoter/research/r1_skyline_index_20260918/../r1_terminal_20260918/../r1_orderreplay_20260917/active/../../r1_fullrange_20260917/../r1_tworoads_20260917/stream/../components.hpp:3,
                 from /home/wenqianz/UNSW/pivoter/research/r1_skyline_index_20260918/../r1_terminal_20260918/../r1_orderreplay_20260917/active/../../r1_fullrange_20260917/../r1_tworoads_20260917/stream/stream.hpp:3,
                 from /home/wenqianz/UNSW/pivoter/research/r1_skyline_index_20260918/../r1_terminal_20260918/../r1_orderreplay_20260917/active/../../r1_fullrange_20260917/generated.hpp:3,
                 from /home/wenqianz/UNSW/pivoter/research/r1_skyline_index_20260918/../r1_terminal_20260918/../r1_orderreplay_20260917/active/../order.hpp:3,
                 from /home/wenqianz/UNSW/pivoter/research/r1_skyline_index_20260918/../r1_terminal_20260918/../r1_orderreplay_20260917/active/active.hpp:3,
                 from /home/wenqianz/UNSW/pivoter/research/r1_skyline_index_20260918/../r1_terminal_20260918/terminal.hpp:3,
                 from /home/wenqianz/UNSW/pivoter/research/r1_skyline_index_20260918/common.hpp:6,
                 from /home/wenqianz/UNSW/pivoter/research/r1_skyline_index_20260918/count.cpp:1,
                 from /home/wenqianz/UNSW/pivoter/research/r1_skyline_index_20260918/chain_index_tool.cpp:12:
In function ‘void* memcpy(void*, const void*, size_t)’,
    inlined from ‘static T chainindex::Traits<T>::load(const unsigned char*) [with long unsigned int Wb = 32; T = long unsigned int]’ at /home/wenqianz/UNSW/pivoter/research/r1_skyline_index_20260918/chain_index.hpp:36:85,
    inlined from ‘chainindex::ChainIndex<long unsigned int>::value(uint32_t, int) const::<lambda(auto:45)> [with auto:45 = std::integral_constant<long unsigned int, 32>]’ at /home/wenqianz/UNSW/pivoter/research/r1_skyline_index_20260918/chain_index.hpp:112:200,
    inlined from ‘auto chainindex::with_width(unsigned int, F&&) [with F = chainindex::ChainIndex<long unsigned int>::value(uint32_t, int) const::<lambda(auto:45)>]’ at /home/wenqianz/UNSW/pivoter/research/r1_skyline_index_20260918/chain_index.hpp:60:138,
    inlined from ‘T chainindex::ChainIndex<T>::value(uint32_t, int) const [with T = long unsigned int]’ at /home/wenqianz/UNSW/pivoter/research/r1_skyline_index_20260918/chain_index.hpp:112:122,
    inlined from ‘selftest_graph<long unsigned int, long unsigned int>(const partial::Graph&, const string&, uint64_t&, uint64_t&, uint64_t&, uint64_t&)::<lambda(const chainindex::ChainIndex<long unsigned int>&)>’ at /home/wenqianz/UNSW/pivoter/research/r1_skyline_index_20260918/chain_index_tool.cpp:238:163:
/usr/include/x86_64-linux-gnu/bits/string_fortified.h:29:33: warning: ‘void* __builtin___memcpy_chk(void*, const void*, long unsigned int, long unsigned int)’ forming offset [8, 31] is out of the bounds [0, 8] of object ‘x’ with type ‘long unsigned int’ [-Warray-bounds]
   29 |   return __builtin___memcpy_chk (__dest, __src, __len,
      |          ~~~~~~~~~~~~~~~~~~~~~~~^~~~~~~~~~~~~~~~~~~~~~
   30 |                                  __glibc_objsize0 (__dest));
      |                                  ~~~~~~~~~~~~~~~~~~~~~~~~~~
In file included from /home/wenqianz/UNSW/pivoter/research/r1_skyline_index_20260918/chain_index_tool.cpp:14:
/home/wenqianz/UNSW/pivoter/research/r1_skyline_index_20260918/chain_index.hpp: In lambda function:
/home/wenqianz/UNSW/pivoter/research/r1_skyline_index_20260918/chain_index.hpp:36:67: note: ‘x’ declared here
   36 |     template<size_t Wb> static T load(const unsigned char* p) { T x = 0; std::memcpy(&x, p, Wb); return x; }   // constant-size load, Wb <= W
      |                                                                   ^
In file included from /usr/include/string.h:535,
                 from /usr/include/boost/range/detail/implementation_help.hpp:18,
                 from /usr/include/boost/range/end.hpp:20,
                 from /usr/include/boost/range/functions.hpp:19,
                 from /usr/include/boost/range/iterator_range_core.hpp:38,
                 from /usr/include/boost/lexical_cast.hpp:30,
                 from /usr/include/boost/multiprecision/detail/number_base.hpp:20,
                 from /usr/include/boost/multiprecision/traits/is_variable_precision.hpp:10,
                 from /usr/include/boost/multiprecision/detail/precision.hpp:9,
                 from /usr/include/boost/multiprecision/number.hpp:25,
                 from /usr/include/boost/multiprecision/cpp_int.hpp:12,
                 from /home/wenqianz/UNSW/pivoter/research/r1_skyline_index_20260918/../r1_terminal_20260918/../r1_orderreplay_20260917/active/../../r1_fullrange_20260917/../r1_tworoads_20260917/stream/../../r1_bottomup_20260917/../r1_sizesplit_20260917/../r1_floorbatch_20260916/../r1_envelopecore_20260916/envelope.hpp:4,
                 from /home/wenqianz/UNSW/pivoter/research/r1_skyline_index_20260918/../r1_terminal_20260918/../r1_orderreplay_20260917/active/../../r1_fullrange_20260917/../r1_tworoads_20260917/stream/../../r1_bottomup_20260917/../r1_sizesplit_20260917/../r1_floorbatch_20260916/floor.hpp:3,
                 from /home/wenqianz/UNSW/pivoter/research/r1_skyline_index_20260918/../r1_terminal_20260918/../r1_orderreplay_20260917/active/../../r1_fullrange_20260917/../r1_tworoads_20260917/stream/../../r1_bottomup_20260917/../r1_sizesplit_20260917/split.hpp:3,
                 from /home/wenqianz/UNSW/pivoter/research/r1_skyline_index_20260918/../r1_terminal_20260918/../r1_orderreplay_20260917/active/../../r1_fullrange_20260917/../r1_tworoads_20260917/stream/../../r1_bottomup_20260917/bottomup.hpp:3,
                 from /home/wenqianz/UNSW/pivoter/research/r1_skyline_index_20260918/../r1_terminal_20260918/../r1_orderreplay_20260917/active/../../r1_fullrange_20260917/../r1_tworoads_20260917/stream/../capped.hpp:3,
                 from /home/wenqianz/UNSW/pivoter/research/r1_skyline_index_20260918/../r1_terminal_20260918/../r1_orderreplay_20260917/active/../../r1_fullrange_20260917/../r1_tworoads_20260917/stream/../components.hpp:3,
                 from /home/wenqianz/UNSW/pivoter/research/r1_skyline_index_20260918/../r1_terminal_20260918/../r1_orderreplay_20260917/active/../../r1_fullrange_20260917/../r1_tworoads_20260917/stream/stream.hpp:3,
                 from /home/wenqianz/UNSW/pivoter/research/r1_skyline_index_20260918/../r1_terminal_20260918/../r1_orderreplay_20260917/active/../../r1_fullrange_20260917/generated.hpp:3,
                 from /home/wenqianz/UNSW/pivoter/research/r1_skyline_index_20260918/../r1_terminal_20260918/../r1_orderreplay_20260917/active/../order.hpp:3,
                 from /home/wenqianz/UNSW/pivoter/research/r1_skyline_index_20260918/../r1_terminal_20260918/../r1_orderreplay_20260917/active/active.hpp:3,
                 from /home/wenqianz/UNSW/pivoter/research/r1_skyline_index_20260918/../r1_terminal_20260918/terminal.hpp:3,
                 from /home/wenqianz/UNSW/pivoter/research/r1_skyline_index_20260918/common.hpp:6,
                 from /home/wenqianz/UNSW/pivoter/research/r1_skyline_index_20260918/count.cpp:1,
                 from /home/wenqianz/UNSW/pivoter/research/r1_skyline_index_20260918/chain_index_tool.cpp:12:
In function ‘void* memcpy(void*, const void*, size_t)’,
    inlined from ‘static T chainindex::Traits<T>::load(const unsigned char*) [with long unsigned int Wb = 64; T = long unsigned int]’ at /home/wenqianz/UNSW/pivoter/research/r1_skyline_index_20260918/chain_index.hpp:36:85,
    inlined from ‘chainindex::ChainIndex<long unsigned int>::value(uint32_t, int) const::<lambda(auto:45)> [with auto:45 = std::integral_constant<long unsigned int, 64>]’ at /home/wenqianz/UNSW/pivoter/research/r1_skyline_index_20260918/chain_index.hpp:112:200,
    inlined from ‘auto chainindex::with_width(unsigned int, F&&) [with F = chainindex::ChainIndex<long unsigned int>::value(uint32_t, int) const::<lambda(auto:45)>]’ at /home/wenqianz/UNSW/pivoter/research/r1_skyline_index_20260918/chain_index.hpp:61:26,
    inlined from ‘T chainindex::ChainIndex<T>::value(uint32_t, int) const [with T = long unsigned int]’ at /home/wenqianz/UNSW/pivoter/research/r1_skyline_index_20260918/chain_index.hpp:112:122,
    inlined from ‘selftest_graph<long unsigned int, long unsigned int>(const partial::Graph&, const string&, uint64_t&, uint64_t&, uint64_t&, uint64_t&)::<lambda(const chainindex::ChainIndex<long unsigned int>&)>’ at /home/wenqianz/UNSW/pivoter/research/r1_skyline_index_20260918/chain_index_tool.cpp:238:163:
/usr/include/x86_64-linux-gnu/bits/string_fortified.h:29:33: warning: ‘void* __builtin___memcpy_chk(void*, const void*, long unsigned int, long unsigned int)’ forming offset [8, 63] is out of the bounds [0, 8] of object ‘x’ with type ‘long unsigned int’ [-Warray-bounds]
   29 |   return __builtin___memcpy_chk (__dest, __src, __len,
      |          ~~~~~~~~~~~~~~~~~~~~~~~^~~~~~~~~~~~~~~~~~~~~~
   30 |                                  __glibc_objsize0 (__dest));
      |                                  ~~~~~~~~~~~~~~~~~~~~~~~~~~
In file included from /home/wenqianz/UNSW/pivoter/research/r1_skyline_index_20260918/chain_index_tool.cpp:14:
/home/wenqianz/UNSW/pivoter/research/r1_skyline_index_20260918/chain_index.hpp: In lambda function:
/home/wenqianz/UNSW/pivoter/research/r1_skyline_index_20260918/chain_index.hpp:36:67: note: ‘x’ declared here
   36 |     template<size_t Wb> static T load(const unsigned char* p) { T x = 0; std::memcpy(&x, p, Wb); return x; }   // constant-size load, Wb <= W
      |                                                                   ^
[100%] Linking CXX executable chain_index_tool
[100%] Built target chain_index_tool
com-amazon               r0 terminal old  total      0.95s ti     0.26 solve     0.17 trees     0.50 peak      115 MB
com-amazon               r0 terminal fast total      0.87s ti     0.26 solve     0.17 trees     0.40 peak      108 MB
com-amazon               r0 tail     old  total      0.87s ti     0.26 solve     0.13 trees     0.45 peak      115 MB
com-amazon               r0 tail     fast total      0.72s ti     0.22 solve     0.13 trees     0.35 peak      111 MB
com-amazon               r1 tail     fast total      0.73s ti     0.22 solve     0.13 trees     0.35 peak      110 MB
com-amazon               r1 tail     old  total      0.80s ti     0.22 solve     0.13 trees     0.43 peak      116 MB
com-amazon               r1 terminal fast total      0.74s ti     0.21 solve     0.15 trees     0.35 peak      108 MB
com-amazon               r1 terminal old  total      0.81s ti     0.22 solve     0.15 trees     0.43 peak      115 MB
== com-amazon: terminal+old 0.88s (1.00x) terminal+fast 0.80s (1.10x) tail+old 0.83s (1.06x) tail+fast 0.73s (1.22x)
com-dblp                 r0 terminal old  total      1.99s ti     0.27 solve     0.83 trees     0.88 peak      114 MB
com-dblp                 r0 terminal fast total      1.60s ti     0.27 solve     0.80 trees     0.51 peak      111 MB
com-dblp                 r0 tail     old  total      1.19s ti     0.27 solve     0.15 trees     0.76 peak      114 MB
com-dblp                 r0 tail     fast total      0.91s ti     0.27 solve     0.14 trees     0.48 peak      113 MB
com-dblp                 r1 tail     fast total      0.91s ti     0.27 solve     0.14 trees     0.48 peak      113 MB
com-dblp                 r1 tail     old  total      1.19s ti     0.27 solve     0.15 trees     0.76 peak      114 MB
com-dblp                 r1 terminal fast total      1.60s ti     0.27 solve     0.80 trees     0.51 peak      112 MB
com-dblp                 r1 terminal old  total      1.99s ti     0.27 solve     0.83 trees     0.88 peak      114 MB
== com-dblp: terminal+old 1.99s (1.00x) terminal+fast 1.60s (1.25x) tail+old 1.19s (1.67x) tail+fast 0.91s (2.19x)
web-NotreDame            r0 terminal old  total      6.12s ti     0.27 solve     4.16 trees     1.68 peak      191 MB
web-NotreDame            r0 terminal fast total      3.82s ti     0.27 solve     2.89 trees     0.65 peak      185 MB
web-NotreDame            r0 tail     old  total      1.87s ti     0.27 solve     0.44 trees     1.15 peak      177 MB
web-NotreDame            r0 tail     fast total      1.48s ti     0.33 solve     0.51 trees     0.62 peak      174 MB
web-NotreDame            r1 tail     fast total      1.30s ti     0.28 solve     0.44 trees     0.56 peak      174 MB
web-NotreDame            r1 tail     old  total      1.88s ti     0.27 solve     0.44 trees     1.16 peak      177 MB
web-NotreDame            r1 terminal fast total      3.83s ti     0.27 solve     2.90 trees     0.65 peak      185 MB
web-NotreDame            r1 terminal old  total      6.12s ti     0.27 solve     4.16 trees     1.68 peak      191 MB
== web-NotreDame: terminal+old 6.12s (1.00x) terminal+fast 3.82s (1.60x) tail+old 1.88s (3.26x) tail+fast 1.39s (4.41x)
web-Stanford             r0 terminal old  total      5.05s ti     1.32 solve     1.77 trees     1.93 peak      229 MB
web-Stanford             r0 terminal fast total      4.59s ti     1.34 solve     1.77 trees     1.43 peak      225 MB
web-Stanford             r0 tail     old  total      4.35s ti     1.24 solve     1.15 trees     1.93 peak      233 MB
web-Stanford             r0 tail     fast total      3.86s ti     1.24 solve     1.16 trees     1.42 peak      231 MB
web-Stanford             r1 tail     fast total      3.85s ti     1.23 solve     1.15 trees     1.42 peak      231 MB
web-Stanford             r1 tail     old  total      4.33s ti     1.22 solve     1.15 trees     1.93 peak      233 MB
web-Stanford             r1 terminal fast total      4.57s ti     1.32 solve     1.77 trees     1.43 peak      225 MB
web-Stanford             r1 terminal old  total      4.94s ti     1.21 solve     1.76 trees     1.93 peak      229 MB
== web-Stanford: terminal+old 4.99s (1.00x) terminal+fast 4.58s (1.09x) tail+old 4.34s (1.15x) tail+fast 3.85s (1.30x)
web-Google               r0 terminal old  total      6.46s ti     1.41 solve     1.85 trees     3.10 peak      359 MB
web-Google               r0 terminal fast total      5.72s ti     1.40 solve     1.84 trees     2.36 peak      350 MB
web-Google               r0 tail     old  total      5.95s ti     1.43 solve     1.34 trees     3.08 peak      362 MB
web-Google               r0 tail     fast total      5.24s ti     1.43 solve     1.34 trees     2.36 peak      351 MB
web-Google               r1 tail     fast total      5.24s ti     1.43 solve     1.34 trees     2.36 peak      351 MB
web-Google               r1 tail     old  total      5.94s ti     1.43 solve     1.34 trees     3.08 peak      362 MB
web-Google               r1 terminal fast total      5.72s ti     1.40 solve     1.84 trees     2.36 peak      350 MB
web-Google               r1 terminal old  total      6.45s ti     1.40 solve     1.84 trees     3.10 peak      359 MB
== web-Google: terminal+old 6.45s (1.00x) terminal+fast 5.72s (1.13x) tail+old 5.95s (1.08x) tail+fast 5.24s (1.23x)
cit-Patents_p20          r0 terminal old  total      0.51s ti     0.17 solve     0.06 trees     0.27 peak      154 MB
cit-Patents_p20          r0 terminal fast total      0.45s ti     0.17 solve     0.07 trees     0.19 peak      145 MB
cit-Patents_p20          r0 tail     old  total      0.57s ti     0.20 solve     0.04 trees     0.31 peak      148 MB
cit-Patents_p20          r0 tail     fast total      0.43s ti     0.17 solve     0.05 trees     0.19 peak      143 MB
cit-Patents_p20          r1 tail     fast total      0.50s ti     0.20 solve     0.05 trees     0.22 peak      143 MB
cit-Patents_p20          r1 tail     old  total      0.57s ti     0.20 solve     0.04 trees     0.31 peak      148 MB
cit-Patents_p20          r1 terminal fast total      0.52s ti     0.19 solve     0.08 trees     0.22 peak      146 MB
cit-Patents_p20          r1 terminal old  total      0.60s ti     0.20 solve     0.07 trees     0.31 peak      154 MB
== cit-Patents_p20: terminal+old 0.55s (1.00x) terminal+fast 0.48s (1.14x) tail+old 0.57s (0.97x) tail+fast 0.46s (1.19x)
cit-Patents_p40          r0 terminal old  total      2.22s ti     0.81 solve     0.36 trees     1.02 peak      409 MB
cit-Patents_p40          r0 terminal fast total      1.97s ti     0.81 solve     0.36 trees     0.73 peak      391 MB
cit-Patents_p40          r0 tail     old  total      2.15s ti     0.84 solve     0.26 trees     1.01 peak      399 MB
cit-Patents_p40          r0 tail     fast total      1.91s ti     0.85 solve     0.26 trees     0.73 peak      390 MB
cit-Patents_p40          r1 tail     fast total      1.90s ti     0.84 solve     0.26 trees     0.73 peak      390 MB
cit-Patents_p40          r1 tail     old  total      2.15s ti     0.84 solve     0.26 trees     1.02 peak      399 MB
cit-Patents_p40          r1 terminal fast total      1.98s ti     0.82 solve     0.36 trees     0.73 peak      391 MB
cit-Patents_p40          r1 terminal old  total      2.24s ti     0.82 solve     0.36 trees     1.02 peak      408 MB
== cit-Patents_p40: terminal+old 2.23s (1.00x) terminal+fast 1.98s (1.13x) tail+old 2.15s (1.04x) tail+fast 1.91s (1.17x)
cit-Patents_p60          r0 terminal old  total      5.80s ti     2.17 solve     1.17 trees     2.40 peak      778 MB
cit-Patents_p60          r0 terminal fast total      5.13s ti     2.17 solve     1.17 trees     1.67 peak      752 MB
cit-Patents_p60          r0 tail     old  total      5.50s ti     2.24 solve     0.81 trees     2.39 peak      761 MB
cit-Patents_p60          r0 tail     fast total      4.85s ti     2.24 solve     0.82 trees     1.67 peak      755 MB
cit-Patents_p60          r1 tail     fast total      4.84s ti     2.24 solve     0.81 trees     1.67 peak      755 MB
cit-Patents_p60          r1 tail     old  total      5.50s ti     2.24 solve     0.81 trees     2.39 peak      761 MB
cit-Patents_p60          r1 terminal fast total      5.13s ti     2.17 solve     1.17 trees     1.68 peak      752 MB
cit-Patents_p60          r1 terminal old  total      5.80s ti     2.17 solve     1.17 trees     2.40 peak      778 MB
== cit-Patents_p60: terminal+old 5.80s (1.00x) terminal+fast 5.13s (1.13x) tail+old 5.50s (1.06x) tail+fast 4.85s (1.20x)
cit-Patents_p80          r0 terminal old  total     11.68s ti     4.60 solve     2.65 trees     4.35 peak     1294 MB
cit-Patents_p80          r0 terminal fast total     10.57s ti     4.59 solve     2.62 trees     3.17 peak     1273 MB
cit-Patents_p80          r0 tail     old  total     10.91s ti     4.73 solve     1.79 trees     4.30 peak     1280 MB
cit-Patents_p80          r0 tail     fast total      9.90s ti     4.73 solve     1.80 trees     3.16 peak     1285 MB
cit-Patents_p80          r1 tail     fast total      9.89s ti     4.73 solve     1.80 trees     3.16 peak     1285 MB
cit-Patents_p80          r1 tail     old  total     10.91s ti     4.74 solve     1.79 trees     4.29 peak     1280 MB
cit-Patents_p80          r1 terminal fast total     10.58s ti     4.60 solve     2.62 trees     3.17 peak     1273 MB
cit-Patents_p80          r1 terminal old  total     11.67s ti     4.61 solve     2.64 trees     4.34 peak     1294 MB
== cit-Patents_p80: terminal+old 11.68s (1.00x) terminal+fast 10.58s (1.10x) tail+old 10.91s (1.07x) tail+fast 9.90s (1.18x)
cit-Patents              r0 terminal old  total     21.02s ti     8.33 solve     5.01 trees     7.54 peak     2021 MB
cit-Patents              r0 terminal fast total     19.13s ti     8.35 solve     4.99 trees     5.48 peak     2001 MB
cit-Patents              r0 tail     old  total     19.69s ti     8.60 solve     3.42 trees     7.54 peak     2018 MB
cit-Patents              r0 tail     fast total     17.78s ti     8.60 solve     3.42 trees     5.46 peak     2034 MB
cit-Patents              r1 tail     fast total     17.85s ti     8.61 solve     3.43 trees     5.51 peak     2034 MB
cit-Patents              r1 tail     old  total     19.64s ti     8.61 solve     3.40 trees     7.49 peak     2018 MB
cit-Patents              r1 terminal fast total     19.14s ti     8.35 solve     5.02 trees     5.47 peak     2001 MB
cit-Patents              r1 terminal old  total     21.06s ti     8.38 solve     4.97 trees     7.57 peak     2021 MB
== cit-Patents: terminal+old 21.04s (1.00x) terminal+fast 19.14s (1.10x) tail+old 19.66s (1.07x) tail+fast 17.82s (1.18x)
web-BerkStan_p20         r0 terminal old  total      0.27s ti     0.05 solve     0.09 trees     0.13 peak       37 MB
web-BerkStan_p20         r0 terminal fast total      0.18s ti     0.04 solve     0.07 trees     0.07 peak       35 MB
web-BerkStan_p20         r0 tail     old  total      0.17s ti     0.04 solve     0.02 trees     0.10 peak       37 MB
web-BerkStan_p20         r0 tail     fast total      0.16s ti     0.05 solve     0.03 trees     0.08 peak       35 MB
web-BerkStan_p20         r1 tail     fast total      0.14s ti     0.04 solve     0.02 trees     0.06 peak       35 MB
web-BerkStan_p20         r1 tail     old  total      0.17s ti     0.04 solve     0.02 trees     0.10 peak       37 MB
web-BerkStan_p20         r1 terminal fast total      0.18s ti     0.04 solve     0.07 trees     0.07 peak       35 MB
web-BerkStan_p20         r1 terminal old  total      0.23s ti     0.04 solve     0.08 trees     0.11 peak       37 MB
== web-BerkStan_p20: terminal+old 0.25s (1.00x) terminal+fast 0.18s (1.38x) tail+old 0.17s (1.49x) tail+fast 0.15s (1.68x)
web-BerkStan_p40         r0 terminal old  total      1.54s ti     0.23 solve     0.66 trees     0.64 peak      109 MB
web-BerkStan_p40         r0 terminal fast total      1.48s ti     0.28 solve     0.73 trees     0.44 peak      107 MB
web-BerkStan_p40         r0 tail     old  total      1.03s ti     0.23 solve     0.23 trees     0.56 peak      106 MB
web-BerkStan_p40         r0 tail     fast total      0.84s ti     0.23 solve     0.23 trees     0.36 peak      105 MB
web-BerkStan_p40         r1 tail     fast total      0.84s ti     0.23 solve     0.23 trees     0.36 peak      105 MB
web-BerkStan_p40         r1 tail     old  total      1.03s ti     0.23 solve     0.23 trees     0.55 peak      106 MB
web-BerkStan_p40         r1 terminal fast total      1.27s ti     0.23 solve     0.64 trees     0.37 peak      107 MB
web-BerkStan_p40         r1 terminal old  total      1.53s ti     0.23 solve     0.66 trees     0.63 peak      109 MB
== web-BerkStan_p40: terminal+old 1.54s (1.00x) terminal+fast 1.37s (1.12x) tail+old 1.03s (1.49x) tail+fast 0.84s (1.83x)
web-BerkStan_p60         r0 terminal old  total     11.53s ti     0.73 solve     8.66 trees     2.10 peak      333 MB
web-BerkStan_p60         r0 terminal fast total     10.73s ti     0.80 solve     8.59 trees     1.30 peak      330 MB
web-BerkStan_p60         r0 tail     old  total      5.70s ti     0.74 solve     2.83 trees     2.10 peak      315 MB
web-BerkStan_p60         r0 tail     fast total      4.88s ti     0.74 solve     2.81 trees     1.29 peak      314 MB
web-BerkStan_p60         r1 tail     fast total      4.89s ti     0.74 solve     2.80 trees     1.30 peak      314 MB
web-BerkStan_p60         r1 tail     old  total      5.69s ti     0.74 solve     2.82 trees     2.10 peak      315 MB
web-BerkStan_p60         r1 terminal fast total     10.67s ti     0.73 solve     8.59 trees     1.30 peak      330 MB
web-BerkStan_p60         r1 terminal old  total     11.55s ti     0.73 solve     8.68 trees     2.11 peak      333 MB
== web-BerkStan_p60: terminal+old 11.54s (1.00x) terminal+fast 10.70s (1.08x) tail+old 5.70s (2.03x) tail+fast 4.89s (2.36x)
web-BerkStan_p80         r0 terminal old  total     26.79s ti     1.61 solve    20.73 trees     4.39 peak      603 MB
web-BerkStan_p80         r0 terminal fast total     25.16s ti     1.63 solve    20.69 trees     2.76 peak      594 MB
web-BerkStan_p80         r0 tail     old  total     13.21s ti     1.62 solve     7.15 trees     4.38 peak      581 MB
web-BerkStan_p80         r0 tail     fast total     11.62s ti     1.63 solve     7.17 trees     2.75 peak      575 MB
web-BerkStan_p80         r1 tail     fast total     11.63s ti     1.64 solve     7.15 trees     2.76 peak      575 MB
web-BerkStan_p80         r1 tail     old  total     13.24s ti     1.63 solve     7.16 trees     4.38 peak      581 MB
web-BerkStan_p80         r1 terminal fast total     25.14s ti     1.62 solve    20.68 trees     2.76 peak      594 MB
web-BerkStan_p80         r1 terminal old  total     26.73s ti     1.61 solve    20.67 trees     4.39 peak      603 MB
== web-BerkStan_p80: terminal+old 26.76s (1.00x) terminal+fast 25.15s (1.06x) tail+old 13.23s (2.02x) tail+fast 11.62s (2.30x)
web-BerkStan             r0 terminal old  total     63.83s ti     3.78 solve    47.29 trees    12.67 peak     1065 MB
web-BerkStan             r0 terminal fast total     56.75s ti     3.78 solve    47.02 trees     5.81 peak     1083 MB
web-BerkStan             r0 tail     old  total     30.17s ti     3.84 solve    16.91 trees     9.32 peak     1066 MB
web-BerkStan             r0 tail     fast total     26.57s ti     3.84 solve    16.77 trees     5.83 peak     1060 MB
web-BerkStan             r1 tail     fast total     26.50s ti     3.81 solve    16.81 trees     5.74 peak     1060 MB
web-BerkStan             r1 tail     old  total     30.01s ti     3.84 solve    16.73 trees     9.34 peak     1066 MB
web-BerkStan             r1 terminal fast total     56.83s ti     3.81 solve    47.09 trees     5.80 peak     1083 MB
web-BerkStan             r1 terminal old  total     63.86s ti     3.78 solve    47.33 trees    12.66 peak     1066 MB
== web-BerkStan: terminal+old 63.85s (1.00x) terminal+fast 56.79s (1.12x) tail+old 30.09s (2.12x) tail+fast 26.53s (2.41x)
END 2026-09-23T04:56:26+00:00 rc=0
