START 2026-09-23T04:33:38+00:00 host=radonduo load=19.57 19.57 19.72 git=b683253
-- Configuring done
-- Generating done
-- Build files have been written to: /data/wenqianz/pivoter_repo/research/r1_skyline_index_20260918/build
Consolidate compiler generated dependencies of target chain_index_tool
[ 50%] Building CXX object CMakeFiles/chain_index_tool.dir/chain_index_tool.cpp.o
In file included from /data/wenqianz/pivoter_repo/research/r1_skyline_index_20260918/../r1_terminal_20260918/../r1_orderreplay_20260917/active/../../r1_fullrange_20260917/../r1_tworoads_20260917/stream/../../r1_bottomup_20260917/../r1_sizesplit_20260917/../r1_floorbatch_20260916/../r1_envelopecore_20260916/../r1_jointpeel_20260916/ceiling/ceiling.hpp:3,
                 from /data/wenqianz/pivoter_repo/research/r1_skyline_index_20260918/../r1_terminal_20260918/../r1_orderreplay_20260917/active/../../r1_fullrange_20260917/../r1_tworoads_20260917/stream/../../r1_bottomup_20260917/../r1_sizesplit_20260917/../r1_floorbatch_20260916/../r1_envelopecore_20260916/envelope.hpp:3,
                 from /data/wenqianz/pivoter_repo/research/r1_skyline_index_20260918/../r1_terminal_20260918/../r1_orderreplay_20260917/active/../../r1_fullrange_20260917/../r1_tworoads_20260917/stream/../../r1_bottomup_20260917/../r1_sizesplit_20260917/../r1_floorbatch_20260916/floor.hpp:3,
                 from /data/wenqianz/pivoter_repo/research/r1_skyline_index_20260918/../r1_terminal_20260918/../r1_orderreplay_20260917/active/../../r1_fullrange_20260917/../r1_tworoads_20260917/stream/../../r1_bottomup_20260917/../r1_sizesplit_20260917/split.hpp:3,
                 from /data/wenqianz/pivoter_repo/research/r1_skyline_index_20260918/../r1_terminal_20260918/../r1_orderreplay_20260917/active/../../r1_fullrange_20260917/../r1_tworoads_20260917/stream/../../r1_bottomup_20260917/bottomup.hpp:3,
                 from /data/wenqianz/pivoter_repo/research/r1_skyline_index_20260918/../r1_terminal_20260918/../r1_orderreplay_20260917/active/../../r1_fullrange_20260917/../r1_tworoads_20260917/stream/../capped.hpp:3,
                 from /data/wenqianz/pivoter_repo/research/r1_skyline_index_20260918/../r1_terminal_20260918/../r1_orderreplay_20260917/active/../../r1_fullrange_20260917/../r1_tworoads_20260917/stream/../components.hpp:3,
                 from /data/wenqianz/pivoter_repo/research/r1_skyline_index_20260918/../r1_terminal_20260918/../r1_orderreplay_20260917/active/../../r1_fullrange_20260917/../r1_tworoads_20260917/stream/stream.hpp:3,
                 from /data/wenqianz/pivoter_repo/research/r1_skyline_index_20260918/../r1_terminal_20260918/../r1_orderreplay_20260917/active/../../r1_fullrange_20260917/generated.hpp:3,
                 from /data/wenqianz/pivoter_repo/research/r1_skyline_index_20260918/../r1_terminal_20260918/../r1_orderreplay_20260917/active/../order.hpp:3,
                 from /data/wenqianz/pivoter_repo/research/r1_skyline_index_20260918/../r1_terminal_20260918/../r1_orderreplay_20260917/active/active.hpp:3,
                 from /data/wenqianz/pivoter_repo/research/r1_skyline_index_20260918/../r1_terminal_20260918/terminal.hpp:3,
                 from /data/wenqianz/pivoter_repo/research/r1_skyline_index_20260918/common.hpp:6,
                 from /data/wenqianz/pivoter_repo/research/r1_skyline_index_20260918/count.cpp:1,
                 from /data/wenqianz/pivoter_repo/research/r1_skyline_index_20260918/chain_index_tool.cpp:12:
/data/wenqianz/pivoter_repo/research/r1_skyline_index_20260918/../r1_terminal_20260918/../r1_orderreplay_20260917/active/../../r1_fullrange_20260917/../r1_tworoads_20260917/stream/../../r1_bottomup_20260917/../r1_sizesplit_20260917/../r1_floorbatch_20260916/../r1_envelopecore_20260916/../r1_jointpeel_20260916/ceiling/../joint.hpp: In function ‘bool allsize::choose_at_most(uint64_t, int, partial::Count)’:
/data/wenqianz/pivoter_repo/research/r1_skyline_index_20260918/../r1_terminal_20260918/../r1_orderreplay_20260917/active/../../r1_fullrange_20260917/../r1_tworoads_20260917/stream/../../r1_bottomup_20260917/../r1_sizesplit_20260917/../r1_floorbatch_20260916/../r1_envelopecore_20260916/../r1_jointpeel_20260916/ceiling/../joint.hpp:198:14: warning: ISO C++ does not support ‘__int128’ for ‘value’ [-Wpedantic]
  198 |     unsigned __int128 value = 1;
      |              ^~~~~~~~
In file included from /data/wenqianz/pivoter_repo/research/r1_skyline_index_20260918/../r1_terminal_20260918/../r1_orderreplay_20260917/active/../../r1_fullrange_20260917/../r1_tworoads_20260917/stream/../components.hpp:3,
                 from /data/wenqianz/pivoter_repo/research/r1_skyline_index_20260918/../r1_terminal_20260918/../r1_orderreplay_20260917/active/../../r1_fullrange_20260917/../r1_tworoads_20260917/stream/stream.hpp:3,
                 from /data/wenqianz/pivoter_repo/research/r1_skyline_index_20260918/../r1_terminal_20260918/../r1_orderreplay_20260917/active/../../r1_fullrange_20260917/generated.hpp:3,
                 from /data/wenqianz/pivoter_repo/research/r1_skyline_index_20260918/../r1_terminal_20260918/../r1_orderreplay_20260917/active/../order.hpp:3,
                 from /data/wenqianz/pivoter_repo/research/r1_skyline_index_20260918/../r1_terminal_20260918/../r1_orderreplay_20260917/active/active.hpp:3,
                 from /data/wenqianz/pivoter_repo/research/r1_skyline_index_20260918/../r1_terminal_20260918/terminal.hpp:3,
                 from /data/wenqianz/pivoter_repo/research/r1_skyline_index_20260918/common.hpp:6,
                 from /data/wenqianz/pivoter_repo/research/r1_skyline_index_20260918/count.cpp:1,
                 from /data/wenqianz/pivoter_repo/research/r1_skyline_index_20260918/chain_index_tool.cpp:12:
/data/wenqianz/pivoter_repo/research/r1_skyline_index_20260918/../r1_terminal_20260918/../r1_orderreplay_20260917/active/../../r1_fullrange_20260917/../r1_tworoads_20260917/stream/../capped.hpp: In function ‘partial::Count tworoads::capped_choose(uint64_t, int, partial::Count, tworoads::Statistics&)’:
/data/wenqianz/pivoter_repo/research/r1_skyline_index_20260918/../r1_terminal_20260918/../r1_orderreplay_20260917/active/../../r1_fullrange_20260917/../r1_tworoads_20260917/stream/../capped.hpp:28:14: warning: ISO C++ does not support ‘__int128’ for ‘value’ [-Wpedantic]
   28 |     unsigned __int128 value=1;
      |              ^~~~~~~~
/data/wenqianz/pivoter_repo/research/r1_skyline_index_20260918/../r1_terminal_20260918/../r1_orderreplay_20260917/active/../../r1_fullrange_20260917/../r1_tworoads_20260917/stream/../capped.hpp:34:49: warning: ISO C++ does not support ‘__int128’ for ‘type name’ [-Wpedantic]
   34 |     return static_cast<Count>(std::min<unsigned __int128>(cap,value));
      |                                                 ^~~~~~~~
/data/wenqianz/pivoter_repo/research/r1_skyline_index_20260918/../r1_terminal_20260918/../r1_orderreplay_20260917/active/../../r1_fullrange_20260917/../r1_tworoads_20260917/stream/../capped.hpp: In function ‘tworoads::Result tworoads::capped(const partial::Graph&, const allsize::Layout&, const partial::Combinations&, const Vertices&, const std::vector<long unsigned int>*)’:
/data/wenqianz/pivoter_repo/research/r1_skyline_index_20260918/../r1_terminal_20260918/../r1_orderreplay_20260917/active/../../r1_fullrange_20260917/../r1_tworoads_20260917/stream/../capped.hpp:101:36: warning: ISO C++ does not support ‘__int128’ for ‘ratio’ [-Wpedantic]
  101 |                     const unsigned __int128 ratio=ordinary[v]<static_cast<Vertex>(s-1) ? 0 :
      |                                    ^~~~~~~~
/data/wenqianz/pivoter_repo/research/r1_skyline_index_20260918/../r1_terminal_20260918/../r1_orderreplay_20260917/active/../../r1_fullrange_20260917/../r1_tworoads_20260917/stream/../capped.hpp:102:46: warning: ISO C++ does not support ‘__int128’ for ‘type name’ [-Wpedantic]
  102 |                         static_cast<unsigned __int128>(previous[v])*(ordinary[v]-s+2)/(s-1);
      |                                              ^~~~~~~~
/data/wenqianz/pivoter_repo/research/r1_skyline_index_20260918/../r1_terminal_20260918/../r1_orderreplay_20260917/active/../../r1_fullrange_20260917/../r1_tworoads_20260917/stream/../capped.hpp:103:64: warning: ISO C++ does not support ‘__int128’ for ‘type name’ [-Wpedantic]
  103 |                     value=static_cast<Count>(std::min<unsigned __int128>(value,ratio));
      |                                                                ^~~~~~~~
In file included from /data/wenqianz/pivoter_repo/research/r1_skyline_index_20260918/../r1_terminal_20260918/../r1_orderreplay_20260917/active/../../r1_fullrange_20260917/generated.hpp:3,
                 from /data/wenqianz/pivoter_repo/research/r1_skyline_index_20260918/../r1_terminal_20260918/../r1_orderreplay_20260917/active/../order.hpp:3,
                 from /data/wenqianz/pivoter_repo/research/r1_skyline_index_20260918/../r1_terminal_20260918/../r1_orderreplay_20260917/active/active.hpp:3,
                 from /data/wenqianz/pivoter_repo/research/r1_skyline_index_20260918/../r1_terminal_20260918/terminal.hpp:3,
                 from /data/wenqianz/pivoter_repo/research/r1_skyline_index_20260918/common.hpp:6,
                 from /data/wenqianz/pivoter_repo/research/r1_skyline_index_20260918/count.cpp:1,
                 from /data/wenqianz/pivoter_repo/research/r1_skyline_index_20260918/chain_index_tool.cpp:12:
/data/wenqianz/pivoter_repo/research/r1_skyline_index_20260918/../r1_terminal_20260918/../r1_orderreplay_20260917/active/../../r1_fullrange_20260917/../r1_tworoads_20260917/stream/stream.hpp: In function ‘orderdp::Result orderdp::solve(const partial::Graph&, const allsize::Layout&, const partial::Combinations&, const Vertices&, const std::vector<long unsigned int>*)’:
/data/wenqianz/pivoter_repo/research/r1_skyline_index_20260918/../r1_terminal_20260918/../r1_orderreplay_20260917/active/../../r1_fullrange_20260917/../r1_tworoads_20260917/stream/stream.hpp:152:36: warning: ISO C++ does not support ‘__int128’ for ‘ratio’ [-Wpedantic]
  152 |                     const unsigned __int128 ratio=static_cast<unsigned __int128>(previous[v])*(ordinary[v]-s+2)/(s-1);
      |                                    ^~~~~~~~
/data/wenqianz/pivoter_repo/research/r1_skyline_index_20260918/../r1_terminal_20260918/../r1_orderreplay_20260917/active/../../r1_fullrange_20260917/../r1_tworoads_20260917/stream/stream.hpp:152:72: warning: ISO C++ does not support ‘__int128’ for ‘type name’ [-Wpedantic]
  152 |                     const unsigned __int128 ratio=static_cast<unsigned __int128>(previous[v])*(ordinary[v]-s+2)/(s-1);
      |                                                                        ^~~~~~~~
In file included from /data/wenqianz/pivoter_repo/research/r1_skyline_index_20260918/../r1_terminal_20260918/../r1_orderreplay_20260917/active/../order.hpp:3,
                 from /data/wenqianz/pivoter_repo/research/r1_skyline_index_20260918/../r1_terminal_20260918/../r1_orderreplay_20260917/active/active.hpp:3,
                 from /data/wenqianz/pivoter_repo/research/r1_skyline_index_20260918/../r1_terminal_20260918/terminal.hpp:3,
                 from /data/wenqianz/pivoter_repo/research/r1_skyline_index_20260918/common.hpp:6,
                 from /data/wenqianz/pivoter_repo/research/r1_skyline_index_20260918/count.cpp:1,
                 from /data/wenqianz/pivoter_repo/research/r1_skyline_index_20260918/chain_index_tool.cpp:12:
/data/wenqianz/pivoter_repo/research/r1_skyline_index_20260918/../r1_terminal_20260918/../r1_orderreplay_20260917/active/../../r1_fullrange_20260917/generated.hpp: At global scope:
/data/wenqianz/pivoter_repo/research/r1_skyline_index_20260918/../r1_terminal_20260918/../r1_orderreplay_20260917/active/../../r1_fullrange_20260917/generated.hpp:11:56: warning: ISO C++ does not support ‘__int128’ for ‘type name’ [-Wpedantic]
   11 | template<> struct Wide<uint64_t> { using type=unsigned __int128; };
      |                                                        ^~~~~~~~
/data/wenqianz/pivoter_repo/research/r1_skyline_index_20260918/../r1_terminal_20260918/../r1_orderreplay_20260917/active/../../r1_fullrange_20260917/generated.hpp:12:33: warning: ISO C++ does not support ‘__int128’ for ‘type name’ [-Wpedantic]
   12 | template<> struct Wide<unsigned __int128> { using type=boost::multiprecision::uint256_t; };
      |                                 ^~~~~~~~
In file included from /data/wenqianz/pivoter_repo/research/r1_skyline_index_20260918/chain_index_tool.cpp:12:
/data/wenqianz/pivoter_repo/research/r1_skyline_index_20260918/count.cpp: In function ‘boost::multiprecision::cpp_int shadow(int, boost::multiprecision::cpp_int)’:
/data/wenqianz/pivoter_repo/research/r1_skyline_index_20260918/count.cpp:22:5: warning: this ‘if’ clause does not guard... [-Wmisleading-indentation]
   22 |     if(!k)return 0; cpp_int ans=0;
      |     ^~
/data/wenqianz/pivoter_repo/research/r1_skyline_index_20260918/count.cpp:22:21: note: ...this statement, but the latter is misleadingly indented as if it were guarded by the ‘if’
   22 |     if(!k)return 0; cpp_int ans=0;
      |                     ^~~~~~~
In file included from /data/wenqianz/pivoter_repo/research/r1_skyline_index_20260918/chain_index_tool.cpp:12:
/data/wenqianz/pivoter_repo/research/r1_skyline_index_20260918/count.cpp: In function ‘int skyline_stage1_count_main(int, char**)’:
/data/wenqianz/pivoter_repo/research/r1_skyline_index_20260918/count.cpp:139:445: warning: ISO C++ does not support ‘__int128’ for ‘type name’ [-Wpedantic]
  139 | int main(int argc,char** argv){try{if(argc==2&&std::string(argv[1])=="--selftest"){selftest();return 0;}require(argc==3&&std::string(argv[1])=="--graph","usage: count --selftest | --graph path");Input in=prepare(argv[2]);int maximum=std::max(2,static_cast<int>(in.d)+1);Layout l(in.graph,maximum);l.prepare(in.graph.n);unsigned b=width(count_bound(in.graph,l,in.d));if(b==64)print(measure<uint64_t>(in,b));else if(b==128)print(measure<unsigned __int128>(in,b));else if(b==256)print(measure<boost::multiprecision::uint256_t>(in,b));else print(measure<boost::multiprecision::uint512_t>(in,b));}catch(const std::exception& e){std::cerr<<e.what()<<'\n';return 1;}}
      |                                                                                                                                                                                                                                                                                                                                                                                                                                                             ^~~~~~~~
In file included from /data/wenqianz/pivoter_repo/research/r1_skyline_index_20260918/chain_index_tool.cpp:14:
/data/wenqianz/pivoter_repo/research/r1_skyline_index_20260918/chain_index.hpp: In member function ‘void chainindex::ChainIndex<T>::compact_runs(bool)’:
/data/wenqianz/pivoter_repo/research/r1_skyline_index_20260918/chain_index.hpp:183:9: warning: this ‘if’ clause does not guard... [-Wmisleading-indentation]
  183 |         if (compact) return; packed_tops = pack_tops;
      |         ^~
/data/wenqianz/pivoter_repo/research/r1_skyline_index_20260918/chain_index.hpp:183:30: note: ...this statement, but the latter is misleadingly indented as if it were guarded by the ‘if’
  183 |         if (compact) return; packed_tops = pack_tops;
      |                              ^~~~~~~~~~~
/data/wenqianz/pivoter_repo/research/r1_skyline_index_20260918/chain_index_tool.cpp: In function ‘void dispatch_width(const cpp_int&, F&&)’:
/data/wenqianz/pivoter_repo/research/r1_skyline_index_20260918/chain_index_tool.cpp:80:86: warning: ISO C++ does not support ‘__int128’ for ‘type name’ [-Wpedantic]
   80 |         try { if (bits == 64) f(uint64_t{}, bits); else if (bits == 128) f((unsigned __int128){}, bits); else if (bits == 256) f(boost::multiprecision::uint256_t{}, bits); else f(boost::multiprecision::uint512_t{}, bits); return; }
      |                                                                                      ^~~~~~~~
/data/wenqianz/pivoter_repo/research/r1_skyline_index_20260918/chain_index_tool.cpp:80:96: warning: ISO C++ forbids compound-literals [-Wpedantic]
   80 |         try { if (bits == 64) f(uint64_t{}, bits); else if (bits == 128) f((unsigned __int128){}, bits); else if (bits == 256) f(boost::multiprecision::uint256_t{}, bits); else f(boost::multiprecision::uint512_t{}, bits); return; }
      |                                                                                                ^
/data/wenqianz/pivoter_repo/research/r1_skyline_index_20260918/chain_index_tool.cpp: In function ‘V to_value(const T&)’:
/data/wenqianz/pivoter_repo/research/r1_skyline_index_20260918/chain_index_tool.cpp:95:119: warning: ISO C++ does not support ‘__int128’ for ‘type name’ [-Wpedantic]
   95 |     else if constexpr (std::is_same_v<V, double>) { if constexpr (std::is_integral_v<T> || std::is_same_v<T, unsigned __int128>) return static_cast<double>(x); else return x.template convert_to<double>(); }
      |                                                                                                                       ^~~~~~~~
/data/wenqianz/pivoter_repo/research/r1_skyline_index_20260918/chain_index_tool.cpp: In lambda function:
/data/wenqianz/pivoter_repo/research/r1_skyline_index_20260918/chain_index_tool.cpp:122:9: warning: this ‘if’ clause does not guard... [-Wmisleading-indentation]
  122 |         if (s < 2 || s > S) return; const auto t0 = Clock::now();
      |         ^~
/data/wenqianz/pivoter_repo/research/r1_skyline_index_20260918/chain_index_tool.cpp:122:37: note: ...this statement, but the latter is misleadingly indented as if it were guarded by the ‘if’
  122 |         if (s < 2 || s > S) return; const auto t0 = Clock::now();
      |                                     ^~~~~
/data/wenqianz/pivoter_repo/research/r1_skyline_index_20260918/chain_index_tool.cpp: In lambda function:
/data/wenqianz/pivoter_repo/research/r1_skyline_index_20260918/chain_index_tool.cpp:250:21: warning: this ‘for’ clause does not guard... [-Wmisleading-indentation]
  250 |                     for (auto& x : ids) x = inv[x]; std::sort(ids.begin(), ids.end()); require(ids == truth, "community differs from brute force"); ++queries;
      |                     ^~~
/data/wenqianz/pivoter_repo/research/r1_skyline_index_20260918/chain_index_tool.cpp:250:53: note: ...this statement, but the latter is misleadingly indented as if it were guarded by the ‘for’
  250 |                     for (auto& x : ids) x = inv[x]; std::sort(ids.begin(), ids.end()); require(ids == truth, "community differs from brute force"); ++queries;
      |                                                     ^~~
/data/wenqianz/pivoter_repo/research/r1_skyline_index_20260918/chain_index_tool.cpp:253:25: warning: this ‘for’ clause does not guard... [-Wmisleading-indentation]
  253 |                         for (auto& x : ex) x = inv[x]; std::sort(ex.begin(), ex.end()); require(ex == truth, "pointer form differs from brute force"); }
      |                         ^~~
/data/wenqianz/pivoter_repo/research/r1_skyline_index_20260918/chain_index_tool.cpp:253:56: note: ...this statement, but the latter is misleadingly indented as if it were guarded by the ‘for’
  253 |                         for (auto& x : ex) x = inv[x]; std::sort(ex.begin(), ex.end()); require(ex == truth, "pointer form differs from brute force"); }
      |                                                        ^~~
In file included from /data/wenqianz/pivoter_repo/research/r1_skyline_index_20260918/chain_index_tool.cpp:12:
/data/wenqianz/pivoter_repo/research/r1_skyline_index_20260918/count.cpp: In function ‘int skyline_stage1_count_main(int, char**)’:
/data/wenqianz/pivoter_repo/research/r1_skyline_index_20260918/count.cpp:139:660: warning: control reaches end of non-void function [-Wreturn-type]
  139 | int main(int argc,char** argv){try{if(argc==2&&std::string(argv[1])=="--selftest"){selftest();return 0;}require(argc==3&&std::string(argv[1])=="--graph","usage: count --selftest | --graph path");Input in=prepare(argv[2]);int maximum=std::max(2,static_cast<int>(in.d)+1);Layout l(in.graph,maximum);l.prepare(in.graph.n);unsigned b=width(count_bound(in.graph,l,in.d));if(b==64)print(measure<uint64_t>(in,b));else if(b==128)print(measure<unsigned __int128>(in,b));else if(b==256)print(measure<boost::multiprecision::uint256_t>(in,b));else print(measure<boost::multiprecision::uint512_t>(in,b));}catch(const std::exception& e){std::cerr<<e.what()<<'\n';return 1;}}
      |                                                                                                                                                                                                                                                                                                                                                                                                                                                                                                                                                                                                                                                                                    ^
In file included from /usr/include/string.h:535,
                 from /usr/include/boost/range/detail/implementation_help.hpp:18,
                 from /usr/include/boost/range/end.hpp:20,
                 from /usr/include/boost/range/functions.hpp:19,
                 from /usr/include/boost/range/iterator_range_core.hpp:38,
                 from /usr/include/boost/lexical_cast.hpp:30,
                 from /usr/include/boost/multiprecision/detail/number_base.hpp:20,
                 from /usr/include/boost/multiprecision/traits/is_variable_precision.hpp:10,
                 from /usr/include/boost/multiprecision/detail/precision.hpp:9,
                 from /usr/include/boost/multiprecision/number.hpp:25,
                 from /usr/include/boost/multiprecision/cpp_int.hpp:12,
                 from /data/wenqianz/pivoter_repo/research/r1_skyline_index_20260918/../r1_terminal_20260918/../r1_orderreplay_20260917/active/../../r1_fullrange_20260917/../r1_tworoads_20260917/stream/../../r1_bottomup_20260917/../r1_sizesplit_20260917/../r1_floorbatch_20260916/../r1_envelopecore_20260916/envelope.hpp:4,
                 from /data/wenqianz/pivoter_repo/research/r1_skyline_index_20260918/../r1_terminal_20260918/../r1_orderreplay_20260917/active/../../r1_fullrange_20260917/../r1_tworoads_20260917/stream/../../r1_bottomup_20260917/../r1_sizesplit_20260917/../r1_floorbatch_20260916/floor.hpp:3,
                 from /data/wenqianz/pivoter_repo/research/r1_skyline_index_20260918/../r1_terminal_20260918/../r1_orderreplay_20260917/active/../../r1_fullrange_20260917/../r1_tworoads_20260917/stream/../../r1_bottomup_20260917/../r1_sizesplit_20260917/split.hpp:3,
                 from /data/wenqianz/pivoter_repo/research/r1_skyline_index_20260918/../r1_terminal_20260918/../r1_orderreplay_20260917/active/../../r1_fullrange_20260917/../r1_tworoads_20260917/stream/../../r1_bottomup_20260917/bottomup.hpp:3,
                 from /data/wenqianz/pivoter_repo/research/r1_skyline_index_20260918/../r1_terminal_20260918/../r1_orderreplay_20260917/active/../../r1_fullrange_20260917/../r1_tworoads_20260917/stream/../capped.hpp:3,
                 from /data/wenqianz/pivoter_repo/research/r1_skyline_index_20260918/../r1_terminal_20260918/../r1_orderreplay_20260917/active/../../r1_fullrange_20260917/../r1_tworoads_20260917/stream/../components.hpp:3,
                 from /data/wenqianz/pivoter_repo/research/r1_skyline_index_20260918/../r1_terminal_20260918/../r1_orderreplay_20260917/active/../../r1_fullrange_20260917/../r1_tworoads_20260917/stream/stream.hpp:3,
                 from /data/wenqianz/pivoter_repo/research/r1_skyline_index_20260918/../r1_terminal_20260918/../r1_orderreplay_20260917/active/../../r1_fullrange_20260917/generated.hpp:3,
                 from /data/wenqianz/pivoter_repo/research/r1_skyline_index_20260918/../r1_terminal_20260918/../r1_orderreplay_20260917/active/../order.hpp:3,
                 from /data/wenqianz/pivoter_repo/research/r1_skyline_index_20260918/../r1_terminal_20260918/../r1_orderreplay_20260917/active/active.hpp:3,
                 from /data/wenqianz/pivoter_repo/research/r1_skyline_index_20260918/../r1_terminal_20260918/terminal.hpp:3,
                 from /data/wenqianz/pivoter_repo/research/r1_skyline_index_20260918/common.hpp:6,
                 from /data/wenqianz/pivoter_repo/research/r1_skyline_index_20260918/count.cpp:1,
                 from /data/wenqianz/pivoter_repo/research/r1_skyline_index_20260918/chain_index_tool.cpp:12:
In function ‘void* memcpy(void*, const void*, size_t)’,
    inlined from ‘static T chainindex::Traits<T>::load(const unsigned char*) [with long unsigned int Wb = 16; T = long unsigned int]’ at /data/wenqianz/pivoter_repo/research/r1_skyline_index_20260918/chain_index.hpp:36:85,
    inlined from ‘chainindex::ChainIndex<long unsigned int>::climb_bytes<16>(const chainindex::ChainIndex<long unsigned int>::Layer&, uint32_t, const long unsigned int&) const::<lambda(uint32_t)>’ at /data/wenqianz/pivoter_repo/research/r1_skyline_index_20260918/chain_index.hpp:95:78,
    inlined from ‘uint32_t chainindex::ChainIndex<T>::climb_bytes(const chainindex::ChainIndex<T>::Layer&, uint32_t, const T&) const [with long unsigned int Wb = 16; T = long unsigned int]’ at /data/wenqianz/pivoter_repo/research/r1_skyline_index_20260918/chain_index.hpp:96:116,
    inlined from ‘chainindex::ChainIndex<long unsigned int>::climb(int, uint32_t, const long unsigned int&) const::<lambda(auto:44)> [with auto:44 = std::integral_constant<long unsigned int, 16>]’ at /data/wenqianz/pivoter_repo/research/r1_skyline_index_20260918/chain_index.hpp:105:98,
    inlined from ‘auto chainindex::with_width(unsigned int, F&&) [with F = chainindex::ChainIndex<long unsigned int>::climb(int, uint32_t, const long unsigned int&) const::<lambda(auto:44)>]’ at /data/wenqianz/pivoter_repo/research/r1_skyline_index_20260918/chain_index.hpp:60:81:
/usr/include/x86_64-linux-gnu/bits/string_fortified.h:29:33: warning: ‘void* __builtin___memcpy_chk(void*, const void*, long unsigned int, long unsigned int)’ forming offset [8, 15] is out of the bounds [0, 8] of object ‘x’ with type ‘long unsigned int’ [-Warray-bounds]
   29 |   return __builtin___memcpy_chk (__dest, __src, __len,
      |          ~~~~~~~~~~~~~~~~~~~~~~~^~~~~~~~~~~~~~~~~~~~~~
   30 |                                  __glibc_objsize0 (__dest));
      |                                  ~~~~~~~~~~~~~~~~~~~~~~~~~~
In file included from /data/wenqianz/pivoter_repo/research/r1_skyline_index_20260918/chain_index_tool.cpp:14:
/data/wenqianz/pivoter_repo/research/r1_skyline_index_20260918/chain_index.hpp: In function ‘auto chainindex::with_width(unsigned int, F&&) [with F = chainindex::ChainIndex<long unsigned int>::climb(int, uint32_t, const long unsigned int&) const::<lambda(auto:44)>]’:
/data/wenqianz/pivoter_repo/research/r1_skyline_index_20260918/chain_index.hpp:36:67: note: ‘x’ declared here
   36 |     template<size_t Wb> static T load(const unsigned char* p) { T x = 0; std::memcpy(&x, p, Wb); return x; }   // constant-size load, Wb <= W
      |                                                                   ^
In file included from /usr/include/string.h:535,
                 from /usr/include/boost/range/detail/implementation_help.hpp:18,
                 from /usr/include/boost/range/end.hpp:20,
                 from /usr/include/boost/range/functions.hpp:19,
                 from /usr/include/boost/range/iterator_range_core.hpp:38,
                 from /usr/include/boost/lexical_cast.hpp:30,
                 from /usr/include/boost/multiprecision/detail/number_base.hpp:20,
                 from /usr/include/boost/multiprecision/traits/is_variable_precision.hpp:10,
                 from /usr/include/boost/multiprecision/detail/precision.hpp:9,
                 from /usr/include/boost/multiprecision/number.hpp:25,
                 from /usr/include/boost/multiprecision/cpp_int.hpp:12,
                 from /data/wenqianz/pivoter_repo/research/r1_skyline_index_20260918/../r1_terminal_20260918/../r1_orderreplay_20260917/active/../../r1_fullrange_20260917/../r1_tworoads_20260917/stream/../../r1_bottomup_20260917/../r1_sizesplit_20260917/../r1_floorbatch_20260916/../r1_envelopecore_20260916/envelope.hpp:4,
                 from /data/wenqianz/pivoter_repo/research/r1_skyline_index_20260918/../r1_terminal_20260918/../r1_orderreplay_20260917/active/../../r1_fullrange_20260917/../r1_tworoads_20260917/stream/../../r1_bottomup_20260917/../r1_sizesplit_20260917/../r1_floorbatch_20260916/floor.hpp:3,
                 from /data/wenqianz/pivoter_repo/research/r1_skyline_index_20260918/../r1_terminal_20260918/../r1_orderreplay_20260917/active/../../r1_fullrange_20260917/../r1_tworoads_20260917/stream/../../r1_bottomup_20260917/../r1_sizesplit_20260917/split.hpp:3,
                 from /data/wenqianz/pivoter_repo/research/r1_skyline_index_20260918/../r1_terminal_20260918/../r1_orderreplay_20260917/active/../../r1_fullrange_20260917/../r1_tworoads_20260917/stream/../../r1_bottomup_20260917/bottomup.hpp:3,
                 from /data/wenqianz/pivoter_repo/research/r1_skyline_index_20260918/../r1_terminal_20260918/../r1_orderreplay_20260917/active/../../r1_fullrange_20260917/../r1_tworoads_20260917/stream/../capped.hpp:3,
                 from /data/wenqianz/pivoter_repo/research/r1_skyline_index_20260918/../r1_terminal_20260918/../r1_orderreplay_20260917/active/../../r1_fullrange_20260917/../r1_tworoads_20260917/stream/../components.hpp:3,
                 from /data/wenqianz/pivoter_repo/research/r1_skyline_index_20260918/../r1_terminal_20260918/../r1_orderreplay_20260917/active/../../r1_fullrange_20260917/../r1_tworoads_20260917/stream/stream.hpp:3,
                 from /data/wenqianz/pivoter_repo/research/r1_skyline_index_20260918/../r1_terminal_20260918/../r1_orderreplay_20260917/active/../../r1_fullrange_20260917/generated.hpp:3,
                 from /data/wenqianz/pivoter_repo/research/r1_skyline_index_20260918/../r1_terminal_20260918/../r1_orderreplay_20260917/active/../order.hpp:3,
                 from /data/wenqianz/pivoter_repo/research/r1_skyline_index_20260918/../r1_terminal_20260918/../r1_orderreplay_20260917/active/active.hpp:3,
                 from /data/wenqianz/pivoter_repo/research/r1_skyline_index_20260918/../r1_terminal_20260918/terminal.hpp:3,
                 from /data/wenqianz/pivoter_repo/research/r1_skyline_index_20260918/common.hpp:6,
                 from /data/wenqianz/pivoter_repo/research/r1_skyline_index_20260918/count.cpp:1,
                 from /data/wenqianz/pivoter_repo/research/r1_skyline_index_20260918/chain_index_tool.cpp:12:
In function ‘void* memcpy(void*, const void*, size_t)’,
    inlined from ‘static T chainindex::Traits<T>::load(const unsigned char*) [with long unsigned int Wb = 16; T = long unsigned int]’ at /data/wenqianz/pivoter_repo/research/r1_skyline_index_20260918/chain_index.hpp:36:85,
    inlined from ‘chainindex::ChainIndex<long unsigned int>::climb_bytes<16>(const chainindex::ChainIndex<long unsigned int>::Layer&, uint32_t, const long unsigned int&) const::<lambda(uint32_t)>’ at /data/wenqianz/pivoter_repo/research/r1_skyline_index_20260918/chain_index.hpp:95:78,
    inlined from ‘uint32_t chainindex::ChainIndex<T>::climb_bytes(const chainindex::ChainIndex<T>::Layer&, uint32_t, const T&) const [with long unsigned int Wb = 16; T = long unsigned int]’ at /data/wenqianz/pivoter_repo/research/r1_skyline_index_20260918/chain_index.hpp:96:43,
    inlined from ‘chainindex::ChainIndex<long unsigned int>::climb(int, uint32_t, const long unsigned int&) const::<lambda(auto:44)> [with auto:44 = std::integral_constant<long unsigned int, 16>]’ at /data/wenqianz/pivoter_repo/research/r1_skyline_index_20260918/chain_index.hpp:105:98,
    inlined from ‘auto chainindex::with_width(unsigned int, F&&) [with F = chainindex::ChainIndex<long unsigned int>::climb(int, uint32_t, const long unsigned int&) const::<lambda(auto:44)>]’ at /data/wenqianz/pivoter_repo/research/r1_skyline_index_20260918/chain_index.hpp:60:81:
/usr/include/x86_64-linux-gnu/bits/string_fortified.h:29:33: warning: ‘void* __builtin___memcpy_chk(void*, const void*, long unsigned int, long unsigned int)’ forming offset [8, 15] is out of the bounds [0, 8] of object ‘x’ with type ‘long unsigned int’ [-Warray-bounds]
   29 |   return __builtin___memcpy_chk (__dest, __src, __len,
      |          ~~~~~~~~~~~~~~~~~~~~~~~^~~~~~~~~~~~~~~~~~~~~~
   30 |                                  __glibc_objsize0 (__dest));
      |                                  ~~~~~~~~~~~~~~~~~~~~~~~~~~
In file included from /data/wenqianz/pivoter_repo/research/r1_skyline_index_20260918/chain_index_tool.cpp:14:
/data/wenqianz/pivoter_repo/research/r1_skyline_index_20260918/chain_index.hpp: In function ‘auto chainindex::with_width(unsigned int, F&&) [with F = chainindex::ChainIndex<long unsigned int>::climb(int, uint32_t, const long unsigned int&) const::<lambda(auto:44)>]’:
/data/wenqianz/pivoter_repo/research/r1_skyline_index_20260918/chain_index.hpp:36:67: note: ‘x’ declared here
   36 |     template<size_t Wb> static T load(const unsigned char* p) { T x = 0; std::memcpy(&x, p, Wb); return x; }   // constant-size load, Wb <= W
      |                                                                   ^
In file included from /usr/include/string.h:535,
                 from /usr/include/boost/range/detail/implementation_help.hpp:18,
                 from /usr/include/boost/range/end.hpp:20,
                 from /usr/include/boost/range/functions.hpp:19,
                 from /usr/include/boost/range/iterator_range_core.hpp:38,
                 from /usr/include/boost/lexical_cast.hpp:30,
                 from /usr/include/boost/multiprecision/detail/number_base.hpp:20,
                 from /usr/include/boost/multiprecision/traits/is_variable_precision.hpp:10,
                 from /usr/include/boost/multiprecision/detail/precision.hpp:9,
                 from /usr/include/boost/multiprecision/number.hpp:25,
                 from /usr/include/boost/multiprecision/cpp_int.hpp:12,
                 from /data/wenqianz/pivoter_repo/research/r1_skyline_index_20260918/../r1_terminal_20260918/../r1_orderreplay_20260917/active/../../r1_fullrange_20260917/../r1_tworoads_20260917/stream/../../r1_bottomup_20260917/../r1_sizesplit_20260917/../r1_floorbatch_20260916/../r1_envelopecore_20260916/envelope.hpp:4,
                 from /data/wenqianz/pivoter_repo/research/r1_skyline_index_20260918/../r1_terminal_20260918/../r1_orderreplay_20260917/active/../../r1_fullrange_20260917/../r1_tworoads_20260917/stream/../../r1_bottomup_20260917/../r1_sizesplit_20260917/../r1_floorbatch_20260916/floor.hpp:3,
                 from /data/wenqianz/pivoter_repo/research/r1_skyline_index_20260918/../r1_terminal_20260918/../r1_orderreplay_20260917/active/../../r1_fullrange_20260917/../r1_tworoads_20260917/stream/../../r1_bottomup_20260917/../r1_sizesplit_20260917/split.hpp:3,
                 from /data/wenqianz/pivoter_repo/research/r1_skyline_index_20260918/../r1_terminal_20260918/../r1_orderreplay_20260917/active/../../r1_fullrange_20260917/../r1_tworoads_20260917/stream/../../r1_bottomup_20260917/bottomup.hpp:3,
                 from /data/wenqianz/pivoter_repo/research/r1_skyline_index_20260918/../r1_terminal_20260918/../r1_orderreplay_20260917/active/../../r1_fullrange_20260917/../r1_tworoads_20260917/stream/../capped.hpp:3,
                 from /data/wenqianz/pivoter_repo/research/r1_skyline_index_20260918/../r1_terminal_20260918/../r1_orderreplay_20260917/active/../../r1_fullrange_20260917/../r1_tworoads_20260917/stream/../components.hpp:3,
                 from /data/wenqianz/pivoter_repo/research/r1_skyline_index_20260918/../r1_terminal_20260918/../r1_orderreplay_20260917/active/../../r1_fullrange_20260917/../r1_tworoads_20260917/stream/stream.hpp:3,
                 from /data/wenqianz/pivoter_repo/research/r1_skyline_index_20260918/../r1_terminal_20260918/../r1_orderreplay_20260917/active/../../r1_fullrange_20260917/generated.hpp:3,
                 from /data/wenqianz/pivoter_repo/research/r1_skyline_index_20260918/../r1_terminal_20260918/../r1_orderreplay_20260917/active/../order.hpp:3,
                 from /data/wenqianz/pivoter_repo/research/r1_skyline_index_20260918/../r1_terminal_20260918/../r1_orderreplay_20260917/active/active.hpp:3,
                 from /data/wenqianz/pivoter_repo/research/r1_skyline_index_20260918/../r1_terminal_20260918/terminal.hpp:3,
                 from /data/wenqianz/pivoter_repo/research/r1_skyline_index_20260918/common.hpp:6,
                 from /data/wenqianz/pivoter_repo/research/r1_skyline_index_20260918/count.cpp:1,
                 from /data/wenqianz/pivoter_repo/research/r1_skyline_index_20260918/chain_index_tool.cpp:12:
In function ‘void* memcpy(void*, const void*, size_t)’,
    inlined from ‘static T chainindex::Traits<T>::load(const unsigned char*) [with long unsigned int Wb = 32; T = long unsigned int]’ at /data/wenqianz/pivoter_repo/research/r1_skyline_index_20260918/chain_index.hpp:36:85,
    inlined from ‘chainindex::ChainIndex<long unsigned int>::climb_bytes<32>(const chainindex::ChainIndex<long unsigned int>::Layer&, uint32_t, const long unsigned int&) const::<lambda(uint32_t)>’ at /data/wenqianz/pivoter_repo/research/r1_skyline_index_20260918/chain_index.hpp:95:78,
    inlined from ‘uint32_t chainindex::ChainIndex<T>::climb_bytes(const chainindex::ChainIndex<T>::Layer&, uint32_t, const T&) const [with long unsigned int Wb = 32; T = long unsigned int]’ at /data/wenqianz/pivoter_repo/research/r1_skyline_index_20260918/chain_index.hpp:96:116,
    inlined from ‘chainindex::ChainIndex<long unsigned int>::climb(int, uint32_t, const long unsigned int&) const::<lambda(auto:44)> [with auto:44 = std::integral_constant<long unsigned int, 32>]’ at /data/wenqianz/pivoter_repo/research/r1_skyline_index_20260918/chain_index.hpp:105:98,
    inlined from ‘auto chainindex::with_width(unsigned int, F&&) [with F = chainindex::ChainIndex<long unsigned int>::climb(int, uint32_t, const long unsigned int&) const::<lambda(auto:44)>]’ at /data/wenqianz/pivoter_repo/research/r1_skyline_index_20260918/chain_index.hpp:60:138:
/usr/include/x86_64-linux-gnu/bits/string_fortified.h:29:33: warning: ‘void* __builtin___memcpy_chk(void*, const void*, long unsigned int, long unsigned int)’ forming offset [8, 31] is out of the bounds [0, 8] of object ‘x’ with type ‘long unsigned int’ [-Warray-bounds]
   29 |   return __builtin___memcpy_chk (__dest, __src, __len,
      |          ~~~~~~~~~~~~~~~~~~~~~~~^~~~~~~~~~~~~~~~~~~~~~
   30 |                                  __glibc_objsize0 (__dest));
      |                                  ~~~~~~~~~~~~~~~~~~~~~~~~~~
In file included from /data/wenqianz/pivoter_repo/research/r1_skyline_index_20260918/chain_index_tool.cpp:14:
/data/wenqianz/pivoter_repo/research/r1_skyline_index_20260918/chain_index.hpp: In function ‘auto chainindex::with_width(unsigned int, F&&) [with F = chainindex::ChainIndex<long unsigned int>::climb(int, uint32_t, const long unsigned int&) const::<lambda(auto:44)>]’:
/data/wenqianz/pivoter_repo/research/r1_skyline_index_20260918/chain_index.hpp:36:67: note: ‘x’ declared here
   36 |     template<size_t Wb> static T load(const unsigned char* p) { T x = 0; std::memcpy(&x, p, Wb); return x; }   // constant-size load, Wb <= W
      |                                                                   ^
In file included from /usr/include/string.h:535,
                 from /usr/include/boost/range/detail/implementation_help.hpp:18,
                 from /usr/include/boost/range/end.hpp:20,
                 from /usr/include/boost/range/functions.hpp:19,
                 from /usr/include/boost/range/iterator_range_core.hpp:38,
                 from /usr/include/boost/lexical_cast.hpp:30,
                 from /usr/include/boost/multiprecision/detail/number_base.hpp:20,
                 from /usr/include/boost/multiprecision/traits/is_variable_precision.hpp:10,
                 from /usr/include/boost/multiprecision/detail/precision.hpp:9,
                 from /usr/include/boost/multiprecision/number.hpp:25,
                 from /usr/include/boost/multiprecision/cpp_int.hpp:12,
                 from /data/wenqianz/pivoter_repo/research/r1_skyline_index_20260918/../r1_terminal_20260918/../r1_orderreplay_20260917/active/../../r1_fullrange_20260917/../r1_tworoads_20260917/stream/../../r1_bottomup_20260917/../r1_sizesplit_20260917/../r1_floorbatch_20260916/../r1_envelopecore_20260916/envelope.hpp:4,
                 from /data/wenqianz/pivoter_repo/research/r1_skyline_index_20260918/../r1_terminal_20260918/../r1_orderreplay_20260917/active/../../r1_fullrange_20260917/../r1_tworoads_20260917/stream/../../r1_bottomup_20260917/../r1_sizesplit_20260917/../r1_floorbatch_20260916/floor.hpp:3,
                 from /data/wenqianz/pivoter_repo/research/r1_skyline_index_20260918/../r1_terminal_20260918/../r1_orderreplay_20260917/active/../../r1_fullrange_20260917/../r1_tworoads_20260917/stream/../../r1_bottomup_20260917/../r1_sizesplit_20260917/split.hpp:3,
                 from /data/wenqianz/pivoter_repo/research/r1_skyline_index_20260918/../r1_terminal_20260918/../r1_orderreplay_20260917/active/../../r1_fullrange_20260917/../r1_tworoads_20260917/stream/../../r1_bottomup_20260917/bottomup.hpp:3,
                 from /data/wenqianz/pivoter_repo/research/r1_skyline_index_20260918/../r1_terminal_20260918/../r1_orderreplay_20260917/active/../../r1_fullrange_20260917/../r1_tworoads_20260917/stream/../capped.hpp:3,
                 from /data/wenqianz/pivoter_repo/research/r1_skyline_index_20260918/../r1_terminal_20260918/../r1_orderreplay_20260917/active/../../r1_fullrange_20260917/../r1_tworoads_20260917/stream/../components.hpp:3,
                 from /data/wenqianz/pivoter_repo/research/r1_skyline_index_20260918/../r1_terminal_20260918/../r1_orderreplay_20260917/active/../../r1_fullrange_20260917/../r1_tworoads_20260917/stream/stream.hpp:3,
                 from /data/wenqianz/pivoter_repo/research/r1_skyline_index_20260918/../r1_terminal_20260918/../r1_orderreplay_20260917/active/../../r1_fullrange_20260917/generated.hpp:3,
                 from /data/wenqianz/pivoter_repo/research/r1_skyline_index_20260918/../r1_terminal_20260918/../r1_orderreplay_20260917/active/../order.hpp:3,
                 from /data/wenqianz/pivoter_repo/research/r1_skyline_index_20260918/../r1_terminal_20260918/../r1_orderreplay_20260917/active/active.hpp:3,
                 from /data/wenqianz/pivoter_repo/research/r1_skyline_index_20260918/../r1_terminal_20260918/terminal.hpp:3,
                 from /data/wenqianz/pivoter_repo/research/r1_skyline_index_20260918/common.hpp:6,
                 from /data/wenqianz/pivoter_repo/research/r1_skyline_index_20260918/count.cpp:1,
                 from /data/wenqianz/pivoter_repo/research/r1_skyline_index_20260918/chain_index_tool.cpp:12:
In function ‘void* memcpy(void*, const void*, size_t)’,
    inlined from ‘static T chainindex::Traits<T>::load(const unsigned char*) [with long unsigned int Wb = 32; T = long unsigned int]’ at /data/wenqianz/pivoter_repo/research/r1_skyline_index_20260918/chain_index.hpp:36:85,
    inlined from ‘chainindex::ChainIndex<long unsigned int>::climb_bytes<32>(const chainindex::ChainIndex<long unsigned int>::Layer&, uint32_t, const long unsigned int&) const::<lambda(uint32_t)>’ at /data/wenqianz/pivoter_repo/research/r1_skyline_index_20260918/chain_index.hpp:95:78,
    inlined from ‘uint32_t chainindex::ChainIndex<T>::climb_bytes(const chainindex::ChainIndex<T>::Layer&, uint32_t, const T&) const [with long unsigned int Wb = 32; T = long unsigned int]’ at /data/wenqianz/pivoter_repo/research/r1_skyline_index_20260918/chain_index.hpp:96:43,
    inlined from ‘chainindex::ChainIndex<long unsigned int>::climb(int, uint32_t, const long unsigned int&) const::<lambda(auto:44)> [with auto:44 = std::integral_constant<long unsigned int, 32>]’ at /data/wenqianz/pivoter_repo/research/r1_skyline_index_20260918/chain_index.hpp:105:98,
    inlined from ‘auto chainindex::with_width(unsigned int, F&&) [with F = chainindex::ChainIndex<long unsigned int>::climb(int, uint32_t, const long unsigned int&) const::<lambda(auto:44)>]’ at /data/wenqianz/pivoter_repo/research/r1_skyline_index_20260918/chain_index.hpp:60:138:
/usr/include/x86_64-linux-gnu/bits/string_fortified.h:29:33: warning: ‘void* __builtin___memcpy_chk(void*, const void*, long unsigned int, long unsigned int)’ forming offset [8, 31] is out of the bounds [0, 8] of object ‘x’ with type ‘long unsigned int’ [-Warray-bounds]
   29 |   return __builtin___memcpy_chk (__dest, __src, __len,
      |          ~~~~~~~~~~~~~~~~~~~~~~~^~~~~~~~~~~~~~~~~~~~~~
   30 |                                  __glibc_objsize0 (__dest));
      |                                  ~~~~~~~~~~~~~~~~~~~~~~~~~~
In file included from /data/wenqianz/pivoter_repo/research/r1_skyline_index_20260918/chain_index_tool.cpp:14:
/data/wenqianz/pivoter_repo/research/r1_skyline_index_20260918/chain_index.hpp: In function ‘auto chainindex::with_width(unsigned int, F&&) [with F = chainindex::ChainIndex<long unsigned int>::climb(int, uint32_t, const long unsigned int&) const::<lambda(auto:44)>]’:
/data/wenqianz/pivoter_repo/research/r1_skyline_index_20260918/chain_index.hpp:36:67: note: ‘x’ declared here
   36 |     template<size_t Wb> static T load(const unsigned char* p) { T x = 0; std::memcpy(&x, p, Wb); return x; }   // constant-size load, Wb <= W
      |                                                                   ^
In file included from /usr/include/string.h:535,
                 from /usr/include/boost/range/detail/implementation_help.hpp:18,
                 from /usr/include/boost/range/end.hpp:20,
                 from /usr/include/boost/range/functions.hpp:19,
                 from /usr/include/boost/range/iterator_range_core.hpp:38,
                 from /usr/include/boost/lexical_cast.hpp:30,
                 from /usr/include/boost/multiprecision/detail/number_base.hpp:20,
                 from /usr/include/boost/multiprecision/traits/is_variable_precision.hpp:10,
                 from /usr/include/boost/multiprecision/detail/precision.hpp:9,
                 from /usr/include/boost/multiprecision/number.hpp:25,
                 from /usr/include/boost/multiprecision/cpp_int.hpp:12,
                 from /data/wenqianz/pivoter_repo/research/r1_skyline_index_20260918/../r1_terminal_20260918/../r1_orderreplay_20260917/active/../../r1_fullrange_20260917/../r1_tworoads_20260917/stream/../../r1_bottomup_20260917/../r1_sizesplit_20260917/../r1_floorbatch_20260916/../r1_envelopecore_20260916/envelope.hpp:4,
                 from /data/wenqianz/pivoter_repo/research/r1_skyline_index_20260918/../r1_terminal_20260918/../r1_orderreplay_20260917/active/../../r1_fullrange_20260917/../r1_tworoads_20260917/stream/../../r1_bottomup_20260917/../r1_sizesplit_20260917/../r1_floorbatch_20260916/floor.hpp:3,
                 from /data/wenqianz/pivoter_repo/research/r1_skyline_index_20260918/../r1_terminal_20260918/../r1_orderreplay_20260917/active/../../r1_fullrange_20260917/../r1_tworoads_20260917/stream/../../r1_bottomup_20260917/../r1_sizesplit_20260917/split.hpp:3,
                 from /data/wenqianz/pivoter_repo/research/r1_skyline_index_20260918/../r1_terminal_20260918/../r1_orderreplay_20260917/active/../../r1_fullrange_20260917/../r1_tworoads_20260917/stream/../../r1_bottomup_20260917/bottomup.hpp:3,
                 from /data/wenqianz/pivoter_repo/research/r1_skyline_index_20260918/../r1_terminal_20260918/../r1_orderreplay_20260917/active/../../r1_fullrange_20260917/../r1_tworoads_20260917/stream/../capped.hpp:3,
                 from /data/wenqianz/pivoter_repo/research/r1_skyline_index_20260918/../r1_terminal_20260918/../r1_orderreplay_20260917/active/../../r1_fullrange_20260917/../r1_tworoads_20260917/stream/../components.hpp:3,
                 from /data/wenqianz/pivoter_repo/research/r1_skyline_index_20260918/../r1_terminal_20260918/../r1_orderreplay_20260917/active/../../r1_fullrange_20260917/../r1_tworoads_20260917/stream/stream.hpp:3,
                 from /data/wenqianz/pivoter_repo/research/r1_skyline_index_20260918/../r1_terminal_20260918/../r1_orderreplay_20260917/active/../../r1_fullrange_20260917/generated.hpp:3,
                 from /data/wenqianz/pivoter_repo/research/r1_skyline_index_20260918/../r1_terminal_20260918/../r1_orderreplay_20260917/active/../order.hpp:3,
                 from /data/wenqianz/pivoter_repo/research/r1_skyline_index_20260918/../r1_terminal_20260918/../r1_orderreplay_20260917/active/active.hpp:3,
                 from /data/wenqianz/pivoter_repo/research/r1_skyline_index_20260918/../r1_terminal_20260918/terminal.hpp:3,
                 from /data/wenqianz/pivoter_repo/research/r1_skyline_index_20260918/common.hpp:6,
                 from /data/wenqianz/pivoter_repo/research/r1_skyline_index_20260918/count.cpp:1,
                 from /data/wenqianz/pivoter_repo/research/r1_skyline_index_20260918/chain_index_tool.cpp:12:
In function ‘void* memcpy(void*, const void*, size_t)’,
    inlined from ‘static T chainindex::Traits<T>::load(const unsigned char*) [with long unsigned int Wb = 64; T = long unsigned int]’ at /data/wenqianz/pivoter_repo/research/r1_skyline_index_20260918/chain_index.hpp:36:85,
    inlined from ‘chainindex::ChainIndex<long unsigned int>::climb_bytes<64>(const chainindex::ChainIndex<long unsigned int>::Layer&, uint32_t, const long unsigned int&) const::<lambda(uint32_t)>’ at /data/wenqianz/pivoter_repo/research/r1_skyline_index_20260918/chain_index.hpp:95:78,
    inlined from ‘uint32_t chainindex::ChainIndex<T>::climb_bytes(const chainindex::ChainIndex<T>::Layer&, uint32_t, const T&) const [with long unsigned int Wb = 64; T = long unsigned int]’ at /data/wenqianz/pivoter_repo/research/r1_skyline_index_20260918/chain_index.hpp:96:116,
    inlined from ‘chainindex::ChainIndex<long unsigned int>::climb(int, uint32_t, const long unsigned int&) const::<lambda(auto:44)> [with auto:44 = std::integral_constant<long unsigned int, 64>]’ at /data/wenqianz/pivoter_repo/research/r1_skyline_index_20260918/chain_index.hpp:105:98,
    inlined from ‘auto chainindex::with_width(unsigned int, F&&) [with F = chainindex::ChainIndex<long unsigned int>::climb(int, uint32_t, const long unsigned int&) const::<lambda(auto:44)>]’ at /data/wenqianz/pivoter_repo/research/r1_skyline_index_20260918/chain_index.hpp:61:26:
/usr/include/x86_64-linux-gnu/bits/string_fortified.h:29:33: warning: ‘void* __builtin___memcpy_chk(void*, const void*, long unsigned int, long unsigned int)’ forming offset [8, 63] is out of the bounds [0, 8] of object ‘x’ with type ‘long unsigned int’ [-Warray-bounds]
   29 |   return __builtin___memcpy_chk (__dest, __src, __len,
      |          ~~~~~~~~~~~~~~~~~~~~~~~^~~~~~~~~~~~~~~~~~~~~~
   30 |                                  __glibc_objsize0 (__dest));
      |                                  ~~~~~~~~~~~~~~~~~~~~~~~~~~
In file included from /data/wenqianz/pivoter_repo/research/r1_skyline_index_20260918/chain_index_tool.cpp:14:
/data/wenqianz/pivoter_repo/research/r1_skyline_index_20260918/chain_index.hpp: In function ‘auto chainindex::with_width(unsigned int, F&&) [with F = chainindex::ChainIndex<long unsigned int>::climb(int, uint32_t, const long unsigned int&) const::<lambda(auto:44)>]’:
/data/wenqianz/pivoter_repo/research/r1_skyline_index_20260918/chain_index.hpp:36:67: note: ‘x’ declared here
   36 |     template<size_t Wb> static T load(const unsigned char* p) { T x = 0; std::memcpy(&x, p, Wb); return x; }   // constant-size load, Wb <= W
      |                                                                   ^
In file included from /usr/include/string.h:535,
                 from /usr/include/boost/range/detail/implementation_help.hpp:18,
                 from /usr/include/boost/range/end.hpp:20,
                 from /usr/include/boost/range/functions.hpp:19,
                 from /usr/include/boost/range/iterator_range_core.hpp:38,
                 from /usr/include/boost/lexical_cast.hpp:30,
                 from /usr/include/boost/multiprecision/detail/number_base.hpp:20,
                 from /usr/include/boost/multiprecision/traits/is_variable_precision.hpp:10,
                 from /usr/include/boost/multiprecision/detail/precision.hpp:9,
                 from /usr/include/boost/multiprecision/number.hpp:25,
                 from /usr/include/boost/multiprecision/cpp_int.hpp:12,
                 from /data/wenqianz/pivoter_repo/research/r1_skyline_index_20260918/../r1_terminal_20260918/../r1_orderreplay_20260917/active/../../r1_fullrange_20260917/../r1_tworoads_20260917/stream/../../r1_bottomup_20260917/../r1_sizesplit_20260917/../r1_floorbatch_20260916/../r1_envelopecore_20260916/envelope.hpp:4,
                 from /data/wenqianz/pivoter_repo/research/r1_skyline_index_20260918/../r1_terminal_20260918/../r1_orderreplay_20260917/active/../../r1_fullrange_20260917/../r1_tworoads_20260917/stream/../../r1_bottomup_20260917/../r1_sizesplit_20260917/../r1_floorbatch_20260916/floor.hpp:3,
                 from /data/wenqianz/pivoter_repo/research/r1_skyline_index_20260918/../r1_terminal_20260918/../r1_orderreplay_20260917/active/../../r1_fullrange_20260917/../r1_tworoads_20260917/stream/../../r1_bottomup_20260917/../r1_sizesplit_20260917/split.hpp:3,
                 from /data/wenqianz/pivoter_repo/research/r1_skyline_index_20260918/../r1_terminal_20260918/../r1_orderreplay_20260917/active/../../r1_fullrange_20260917/../r1_tworoads_20260917/stream/../../r1_bottomup_20260917/bottomup.hpp:3,
                 from /data/wenqianz/pivoter_repo/research/r1_skyline_index_20260918/../r1_terminal_20260918/../r1_orderreplay_20260917/active/../../r1_fullrange_20260917/../r1_tworoads_20260917/stream/../capped.hpp:3,
                 from /data/wenqianz/pivoter_repo/research/r1_skyline_index_20260918/../r1_terminal_20260918/../r1_orderreplay_20260917/active/../../r1_fullrange_20260917/../r1_tworoads_20260917/stream/../components.hpp:3,
                 from /data/wenqianz/pivoter_repo/research/r1_skyline_index_20260918/../r1_terminal_20260918/../r1_orderreplay_20260917/active/../../r1_fullrange_20260917/../r1_tworoads_20260917/stream/stream.hpp:3,
                 from /data/wenqianz/pivoter_repo/research/r1_skyline_index_20260918/../r1_terminal_20260918/../r1_orderreplay_20260917/active/../../r1_fullrange_20260917/generated.hpp:3,
                 from /data/wenqianz/pivoter_repo/research/r1_skyline_index_20260918/../r1_terminal_20260918/../r1_orderreplay_20260917/active/../order.hpp:3,
                 from /data/wenqianz/pivoter_repo/research/r1_skyline_index_20260918/../r1_terminal_20260918/../r1_orderreplay_20260917/active/active.hpp:3,
                 from /data/wenqianz/pivoter_repo/research/r1_skyline_index_20260918/../r1_terminal_20260918/terminal.hpp:3,
                 from /data/wenqianz/pivoter_repo/research/r1_skyline_index_20260918/common.hpp:6,
                 from /data/wenqianz/pivoter_repo/research/r1_skyline_index_20260918/count.cpp:1,
                 from /data/wenqianz/pivoter_repo/research/r1_skyline_index_20260918/chain_index_tool.cpp:12:
In function ‘void* memcpy(void*, const void*, size_t)’,
    inlined from ‘static T chainindex::Traits<T>::load(const unsigned char*) [with long unsigned int Wb = 64; T = long unsigned int]’ at /data/wenqianz/pivoter_repo/research/r1_skyline_index_20260918/chain_index.hpp:36:85,
    inlined from ‘chainindex::ChainIndex<long unsigned int>::climb_bytes<64>(const chainindex::ChainIndex<long unsigned int>::Layer&, uint32_t, const long unsigned int&) const::<lambda(uint32_t)>’ at /data/wenqianz/pivoter_repo/research/r1_skyline_index_20260918/chain_index.hpp:95:78,
    inlined from ‘uint32_t chainindex::ChainIndex<T>::climb_bytes(const chainindex::ChainIndex<T>::Layer&, uint32_t, const T&) const [with long unsigned int Wb = 64; T = long unsigned int]’ at /data/wenqianz/pivoter_repo/research/r1_skyline_index_20260918/chain_index.hpp:96:43,
    inlined from ‘chainindex::ChainIndex<long unsigned int>::climb(int, uint32_t, const long unsigned int&) const::<lambda(auto:44)> [with auto:44 = std::integral_constant<long unsigned int, 64>]’ at /data/wenqianz/pivoter_repo/research/r1_skyline_index_20260918/chain_index.hpp:105:98,
    inlined from ‘auto chainindex::with_width(unsigned int, F&&) [with F = chainindex::ChainIndex<long unsigned int>::climb(int, uint32_t, const long unsigned int&) const::<lambda(auto:44)>]’ at /data/wenqianz/pivoter_repo/research/r1_skyline_index_20260918/chain_index.hpp:61:26:
/usr/include/x86_64-linux-gnu/bits/string_fortified.h:29:33: warning: ‘void* __builtin___memcpy_chk(void*, const void*, long unsigned int, long unsigned int)’ forming offset [8, 63] is out of the bounds [0, 8] of object ‘x’ with type ‘long unsigned int’ [-Warray-bounds]
   29 |   return __builtin___memcpy_chk (__dest, __src, __len,
      |          ~~~~~~~~~~~~~~~~~~~~~~~^~~~~~~~~~~~~~~~~~~~~~
   30 |                                  __glibc_objsize0 (__dest));
      |                                  ~~~~~~~~~~~~~~~~~~~~~~~~~~
In file included from /data/wenqianz/pivoter_repo/research/r1_skyline_index_20260918/chain_index_tool.cpp:14:
/data/wenqianz/pivoter_repo/research/r1_skyline_index_20260918/chain_index.hpp: In function ‘auto chainindex::with_width(unsigned int, F&&) [with F = chainindex::ChainIndex<long unsigned int>::climb(int, uint32_t, const long unsigned int&) const::<lambda(auto:44)>]’:
/data/wenqianz/pivoter_repo/research/r1_skyline_index_20260918/chain_index.hpp:36:67: note: ‘x’ declared here
   36 |     template<size_t Wb> static T load(const unsigned char* p) { T x = 0; std::memcpy(&x, p, Wb); return x; }   // constant-size load, Wb <= W
      |                                                                   ^
In file included from /usr/include/string.h:535,
                 from /usr/include/boost/range/detail/implementation_help.hpp:18,
                 from /usr/include/boost/range/end.hpp:20,
                 from /usr/include/boost/range/functions.hpp:19,
                 from /usr/include/boost/range/iterator_range_core.hpp:38,
                 from /usr/include/boost/lexical_cast.hpp:30,
                 from /usr/include/boost/multiprecision/detail/number_base.hpp:20,
                 from /usr/include/boost/multiprecision/traits/is_variable_precision.hpp:10,
                 from /usr/include/boost/multiprecision/detail/precision.hpp:9,
                 from /usr/include/boost/multiprecision/number.hpp:25,
                 from /usr/include/boost/multiprecision/cpp_int.hpp:12,
                 from /data/wenqianz/pivoter_repo/research/r1_skyline_index_20260918/../r1_terminal_20260918/../r1_orderreplay_20260917/active/../../r1_fullrange_20260917/../r1_tworoads_20260917/stream/../../r1_bottomup_20260917/../r1_sizesplit_20260917/../r1_floorbatch_20260916/../r1_envelopecore_20260916/envelope.hpp:4,
                 from /data/wenqianz/pivoter_repo/research/r1_skyline_index_20260918/../r1_terminal_20260918/../r1_orderreplay_20260917/active/../../r1_fullrange_20260917/../r1_tworoads_20260917/stream/../../r1_bottomup_20260917/../r1_sizesplit_20260917/../r1_floorbatch_20260916/floor.hpp:3,
                 from /data/wenqianz/pivoter_repo/research/r1_skyline_index_20260918/../r1_terminal_20260918/../r1_orderreplay_20260917/active/../../r1_fullrange_20260917/../r1_tworoads_20260917/stream/../../r1_bottomup_20260917/../r1_sizesplit_20260917/split.hpp:3,
                 from /data/wenqianz/pivoter_repo/research/r1_skyline_index_20260918/../r1_terminal_20260918/../r1_orderreplay_20260917/active/../../r1_fullrange_20260917/../r1_tworoads_20260917/stream/../../r1_bottomup_20260917/bottomup.hpp:3,
                 from /data/wenqianz/pivoter_repo/research/r1_skyline_index_20260918/../r1_terminal_20260918/../r1_orderreplay_20260917/active/../../r1_fullrange_20260917/../r1_tworoads_20260917/stream/../capped.hpp:3,
                 from /data/wenqianz/pivoter_repo/research/r1_skyline_index_20260918/../r1_terminal_20260918/../r1_orderreplay_20260917/active/../../r1_fullrange_20260917/../r1_tworoads_20260917/stream/../components.hpp:3,
                 from /data/wenqianz/pivoter_repo/research/r1_skyline_index_20260918/../r1_terminal_20260918/../r1_orderreplay_20260917/active/../../r1_fullrange_20260917/../r1_tworoads_20260917/stream/stream.hpp:3,
                 from /data/wenqianz/pivoter_repo/research/r1_skyline_index_20260918/../r1_terminal_20260918/../r1_orderreplay_20260917/active/../../r1_fullrange_20260917/generated.hpp:3,
                 from /data/wenqianz/pivoter_repo/research/r1_skyline_index_20260918/../r1_terminal_20260918/../r1_orderreplay_20260917/active/../order.hpp:3,
                 from /data/wenqianz/pivoter_repo/research/r1_skyline_index_20260918/../r1_terminal_20260918/../r1_orderreplay_20260917/active/active.hpp:3,
                 from /data/wenqianz/pivoter_repo/research/r1_skyline_index_20260918/../r1_terminal_20260918/terminal.hpp:3,
                 from /data/wenqianz/pivoter_repo/research/r1_skyline_index_20260918/common.hpp:6,
                 from /data/wenqianz/pivoter_repo/research/r1_skyline_index_20260918/count.cpp:1,
                 from /data/wenqianz/pivoter_repo/research/r1_skyline_index_20260918/chain_index_tool.cpp:12:
In function ‘void* memcpy(void*, const void*, size_t)’,
    inlined from ‘static double chainindex::Traits<double>::load(const unsigned char*) [with long unsigned int Wb = 16]’ at /data/wenqianz/pivoter_repo/research/r1_skyline_index_20260918/chain_index.hpp:52:174,
    inlined from ‘chainindex::ChainIndex<double>::climb_bytes<16>(const chainindex::ChainIndex<double>::Layer&, uint32_t, const double&) const::<lambda(uint32_t)>’ at /data/wenqianz/pivoter_repo/research/r1_skyline_index_20260918/chain_index.hpp:95:78,
    inlined from ‘uint32_t chainindex::ChainIndex<T>::climb_bytes(const chainindex::ChainIndex<T>::Layer&, uint32_t, const T&) const [with long unsigned int Wb = 16; T = double]’ at /data/wenqianz/pivoter_repo/research/r1_skyline_index_20260918/chain_index.hpp:96:116,
    inlined from ‘chainindex::ChainIndex<double>::climb(int, uint32_t, const double&) const::<lambda(auto:44)> [with auto:44 = std::integral_constant<long unsigned int, 16>]’ at /data/wenqianz/pivoter_repo/research/r1_skyline_index_20260918/chain_index.hpp:105:98,
    inlined from ‘auto chainindex::with_width(unsigned int, F&&) [with F = chainindex::ChainIndex<double>::climb(int, uint32_t, const double&) const::<lambda(auto:44)>]’ at /data/wenqianz/pivoter_repo/research/r1_skyline_index_20260918/chain_index.hpp:60:81:
/usr/include/x86_64-linux-gnu/bits/string_fortified.h:29:33: warning: ‘void* __builtin___memcpy_chk(void*, const void*, long unsigned int, long unsigned int)’ forming offset [8, 15] is out of the bounds [0, 8] of object ‘u’ with type ‘uint64_t’ {aka ‘long unsigned int’} [-Warray-bounds]
   29 |   return __builtin___memcpy_chk (__dest, __src, __len,
      |          ~~~~~~~~~~~~~~~~~~~~~~~^~~~~~~~~~~~~~~~~~~~~~
   30 |                                  __glibc_objsize0 (__dest));
      |                                  ~~~~~~~~~~~~~~~~~~~~~~~~~~
In file included from /data/wenqianz/pivoter_repo/research/r1_skyline_index_20260918/chain_index_tool.cpp:14:
/data/wenqianz/pivoter_repo/research/r1_skyline_index_20260918/chain_index.hpp: In function ‘auto chainindex::with_width(unsigned int, F&&) [with F = chainindex::ChainIndex<double>::climb(int, uint32_t, const double&) const::<lambda(auto:44)>]’:
/data/wenqianz/pivoter_repo/research/r1_skyline_index_20260918/chain_index.hpp:52:156: note: ‘u’ declared here
   52 |     template<size_t Wb> static double load(const unsigned char* p) { if constexpr (Wb == 8) { double x; std::memcpy(&x, p, 8); return x; } else { uint64_t u = 0; std::memcpy(&u, p, Wb); return static_cast<double>(u); } }
      |                                                                                                                                                            ^
In file included from /usr/include/string.h:535,
                 from /usr/include/boost/range/detail/implementation_help.hpp:18,
                 from /usr/include/boost/range/end.hpp:20,
                 from /usr/include/boost/range/functions.hpp:19,
                 from /usr/include/boost/range/iterator_range_core.hpp:38,
                 from /usr/include/boost/lexical_cast.hpp:30,
                 from /usr/include/boost/multiprecision/detail/number_base.hpp:20,
                 from /usr/include/boost/multiprecision/traits/is_variable_precision.hpp:10,
                 from /usr/include/boost/multiprecision/detail/precision.hpp:9,
                 from /usr/include/boost/multiprecision/number.hpp:25,
                 from /usr/include/boost/multiprecision/cpp_int.hpp:12,
                 from /data/wenqianz/pivoter_repo/research/r1_skyline_index_20260918/../r1_terminal_20260918/../r1_orderreplay_20260917/active/../../r1_fullrange_20260917/../r1_tworoads_20260917/stream/../../r1_bottomup_20260917/../r1_sizesplit_20260917/../r1_floorbatch_20260916/../r1_envelopecore_20260916/envelope.hpp:4,
                 from /data/wenqianz/pivoter_repo/research/r1_skyline_index_20260918/../r1_terminal_20260918/../r1_orderreplay_20260917/active/../../r1_fullrange_20260917/../r1_tworoads_20260917/stream/../../r1_bottomup_20260917/../r1_sizesplit_20260917/../r1_floorbatch_20260916/floor.hpp:3,
                 from /data/wenqianz/pivoter_repo/research/r1_skyline_index_20260918/../r1_terminal_20260918/../r1_orderreplay_20260917/active/../../r1_fullrange_20260917/../r1_tworoads_20260917/stream/../../r1_bottomup_20260917/../r1_sizesplit_20260917/split.hpp:3,
                 from /data/wenqianz/pivoter_repo/research/r1_skyline_index_20260918/../r1_terminal_20260918/../r1_orderreplay_20260917/active/../../r1_fullrange_20260917/../r1_tworoads_20260917/stream/../../r1_bottomup_20260917/bottomup.hpp:3,
                 from /data/wenqianz/pivoter_repo/research/r1_skyline_index_20260918/../r1_terminal_20260918/../r1_orderreplay_20260917/active/../../r1_fullrange_20260917/../r1_tworoads_20260917/stream/../capped.hpp:3,
                 from /data/wenqianz/pivoter_repo/research/r1_skyline_index_20260918/../r1_terminal_20260918/../r1_orderreplay_20260917/active/../../r1_fullrange_20260917/../r1_tworoads_20260917/stream/../components.hpp:3,
                 from /data/wenqianz/pivoter_repo/research/r1_skyline_index_20260918/../r1_terminal_20260918/../r1_orderreplay_20260917/active/../../r1_fullrange_20260917/../r1_tworoads_20260917/stream/stream.hpp:3,
                 from /data/wenqianz/pivoter_repo/research/r1_skyline_index_20260918/../r1_terminal_20260918/../r1_orderreplay_20260917/active/../../r1_fullrange_20260917/generated.hpp:3,
                 from /data/wenqianz/pivoter_repo/research/r1_skyline_index_20260918/../r1_terminal_20260918/../r1_orderreplay_20260917/active/../order.hpp:3,
                 from /data/wenqianz/pivoter_repo/research/r1_skyline_index_20260918/../r1_terminal_20260918/../r1_orderreplay_20260917/active/active.hpp:3,
                 from /data/wenqianz/pivoter_repo/research/r1_skyline_index_20260918/../r1_terminal_20260918/terminal.hpp:3,
                 from /data/wenqianz/pivoter_repo/research/r1_skyline_index_20260918/common.hpp:6,
                 from /data/wenqianz/pivoter_repo/research/r1_skyline_index_20260918/count.cpp:1,
                 from /data/wenqianz/pivoter_repo/research/r1_skyline_index_20260918/chain_index_tool.cpp:12:
In function ‘void* memcpy(void*, const void*, size_t)’,
    inlined from ‘static double chainindex::Traits<double>::load(const unsigned char*) [with long unsigned int Wb = 16]’ at /data/wenqianz/pivoter_repo/research/r1_skyline_index_20260918/chain_index.hpp:52:174,
    inlined from ‘chainindex::ChainIndex<double>::climb_bytes<16>(const chainindex::ChainIndex<double>::Layer&, uint32_t, const double&) const::<lambda(uint32_t)>’ at /data/wenqianz/pivoter_repo/research/r1_skyline_index_20260918/chain_index.hpp:95:78,
    inlined from ‘uint32_t chainindex::ChainIndex<T>::climb_bytes(const chainindex::ChainIndex<T>::Layer&, uint32_t, const T&) const [with long unsigned int Wb = 16; T = double]’ at /data/wenqianz/pivoter_repo/research/r1_skyline_index_20260918/chain_index.hpp:96:43,
    inlined from ‘chainindex::ChainIndex<double>::climb(int, uint32_t, const double&) const::<lambda(auto:44)> [with auto:44 = std::integral_constant<long unsigned int, 16>]’ at /data/wenqianz/pivoter_repo/research/r1_skyline_index_20260918/chain_index.hpp:105:98,
    inlined from ‘auto chainindex::with_width(unsigned int, F&&) [with F = chainindex::ChainIndex<double>::climb(int, uint32_t, const double&) const::<lambda(auto:44)>]’ at /data/wenqianz/pivoter_repo/research/r1_skyline_index_20260918/chain_index.hpp:60:81:
/usr/include/x86_64-linux-gnu/bits/string_fortified.h:29:33: warning: ‘void* __builtin___memcpy_chk(void*, const void*, long unsigned int, long unsigned int)’ forming offset [8, 15] is out of the bounds [0, 8] of object ‘u’ with type ‘uint64_t’ {aka ‘long unsigned int’} [-Warray-bounds]
   29 |   return __builtin___memcpy_chk (__dest, __src, __len,
      |          ~~~~~~~~~~~~~~~~~~~~~~~^~~~~~~~~~~~~~~~~~~~~~
   30 |                                  __glibc_objsize0 (__dest));
      |                                  ~~~~~~~~~~~~~~~~~~~~~~~~~~
In file included from /data/wenqianz/pivoter_repo/research/r1_skyline_index_20260918/chain_index_tool.cpp:14:
/data/wenqianz/pivoter_repo/research/r1_skyline_index_20260918/chain_index.hpp: In function ‘auto chainindex::with_width(unsigned int, F&&) [with F = chainindex::ChainIndex<double>::climb(int, uint32_t, const double&) const::<lambda(auto:44)>]’:
/data/wenqianz/pivoter_repo/research/r1_skyline_index_20260918/chain_index.hpp:52:156: note: ‘u’ declared here
   52 |     template<size_t Wb> static double load(const unsigned char* p) { if constexpr (Wb == 8) { double x; std::memcpy(&x, p, 8); return x; } else { uint64_t u = 0; std::memcpy(&u, p, Wb); return static_cast<double>(u); } }
      |                                                                                                                                                            ^
In file included from /usr/include/string.h:535,
                 from /usr/include/boost/range/detail/implementation_help.hpp:18,
                 from /usr/include/boost/range/end.hpp:20,
                 from /usr/include/boost/range/functions.hpp:19,
                 from /usr/include/boost/range/iterator_range_core.hpp:38,
                 from /usr/include/boost/lexical_cast.hpp:30,
                 from /usr/include/boost/multiprecision/detail/number_base.hpp:20,
                 from /usr/include/boost/multiprecision/traits/is_variable_precision.hpp:10,
                 from /usr/include/boost/multiprecision/detail/precision.hpp:9,
                 from /usr/include/boost/multiprecision/number.hpp:25,
                 from /usr/include/boost/multiprecision/cpp_int.hpp:12,
                 from /data/wenqianz/pivoter_repo/research/r1_skyline_index_20260918/../r1_terminal_20260918/../r1_orderreplay_20260917/active/../../r1_fullrange_20260917/../r1_tworoads_20260917/stream/../../r1_bottomup_20260917/../r1_sizesplit_20260917/../r1_floorbatch_20260916/../r1_envelopecore_20260916/envelope.hpp:4,
                 from /data/wenqianz/pivoter_repo/research/r1_skyline_index_20260918/../r1_terminal_20260918/../r1_orderreplay_20260917/active/../../r1_fullrange_20260917/../r1_tworoads_20260917/stream/../../r1_bottomup_20260917/../r1_sizesplit_20260917/../r1_floorbatch_20260916/floor.hpp:3,
                 from /data/wenqianz/pivoter_repo/research/r1_skyline_index_20260918/../r1_terminal_20260918/../r1_orderreplay_20260917/active/../../r1_fullrange_20260917/../r1_tworoads_20260917/stream/../../r1_bottomup_20260917/../r1_sizesplit_20260917/split.hpp:3,
                 from /data/wenqianz/pivoter_repo/research/r1_skyline_index_20260918/../r1_terminal_20260918/../r1_orderreplay_20260917/active/../../r1_fullrange_20260917/../r1_tworoads_20260917/stream/../../r1_bottomup_20260917/bottomup.hpp:3,
                 from /data/wenqianz/pivoter_repo/research/r1_skyline_index_20260918/../r1_terminal_20260918/../r1_orderreplay_20260917/active/../../r1_fullrange_20260917/../r1_tworoads_20260917/stream/../capped.hpp:3,
                 from /data/wenqianz/pivoter_repo/research/r1_skyline_index_20260918/../r1_terminal_20260918/../r1_orderreplay_20260917/active/../../r1_fullrange_20260917/../r1_tworoads_20260917/stream/../components.hpp:3,
                 from /data/wenqianz/pivoter_repo/research/r1_skyline_index_20260918/../r1_terminal_20260918/../r1_orderreplay_20260917/active/../../r1_fullrange_20260917/../r1_tworoads_20260917/stream/stream.hpp:3,
                 from /data/wenqianz/pivoter_repo/research/r1_skyline_index_20260918/../r1_terminal_20260918/../r1_orderreplay_20260917/active/../../r1_fullrange_20260917/generated.hpp:3,
                 from /data/wenqianz/pivoter_repo/research/r1_skyline_index_20260918/../r1_terminal_20260918/../r1_orderreplay_20260917/active/../order.hpp:3,
                 from /data/wenqianz/pivoter_repo/research/r1_skyline_index_20260918/../r1_terminal_20260918/../r1_orderreplay_20260917/active/active.hpp:3,
                 from /data/wenqianz/pivoter_repo/research/r1_skyline_index_20260918/../r1_terminal_20260918/terminal.hpp:3,
                 from /data/wenqianz/pivoter_repo/research/r1_skyline_index_20260918/common.hpp:6,
                 from /data/wenqianz/pivoter_repo/research/r1_skyline_index_20260918/count.cpp:1,
                 from /data/wenqianz/pivoter_repo/research/r1_skyline_index_20260918/chain_index_tool.cpp:12:
In function ‘void* memcpy(void*, const void*, size_t)’,
    inlined from ‘static double chainindex::Traits<double>::load(const unsigned char*) [with long unsigned int Wb = 32]’ at /data/wenqianz/pivoter_repo/research/r1_skyline_index_20260918/chain_index.hpp:52:174,
    inlined from ‘chainindex::ChainIndex<double>::climb_bytes<32>(const chainindex::ChainIndex<double>::Layer&, uint32_t, const double&) const::<lambda(uint32_t)>’ at /data/wenqianz/pivoter_repo/research/r1_skyline_index_20260918/chain_index.hpp:95:78,
    inlined from ‘uint32_t chainindex::ChainIndex<T>::climb_bytes(const chainindex::ChainIndex<T>::Layer&, uint32_t, const T&) const [with long unsigned int Wb = 32; T = double]’ at /data/wenqianz/pivoter_repo/research/r1_skyline_index_20260918/chain_index.hpp:96:116,
    inlined from ‘chainindex::ChainIndex<double>::climb(int, uint32_t, const double&) const::<lambda(auto:44)> [with auto:44 = std::integral_constant<long unsigned int, 32>]’ at /data/wenqianz/pivoter_repo/research/r1_skyline_index_20260918/chain_index.hpp:105:98,
    inlined from ‘auto chainindex::with_width(unsigned int, F&&) [with F = chainindex::ChainIndex<double>::climb(int, uint32_t, const double&) const::<lambda(auto:44)>]’ at /data/wenqianz/pivoter_repo/research/r1_skyline_index_20260918/chain_index.hpp:60:138:
/usr/include/x86_64-linux-gnu/bits/string_fortified.h:29:33: warning: ‘void* __builtin___memcpy_chk(void*, const void*, long unsigned int, long unsigned int)’ forming offset [8, 31] is out of the bounds [0, 8] of object ‘u’ with type ‘uint64_t’ {aka ‘long unsigned int’} [-Warray-bounds]
   29 |   return __builtin___memcpy_chk (__dest, __src, __len,
      |          ~~~~~~~~~~~~~~~~~~~~~~~^~~~~~~~~~~~~~~~~~~~~~
   30 |                                  __glibc_objsize0 (__dest));
      |                                  ~~~~~~~~~~~~~~~~~~~~~~~~~~
In file included from /data/wenqianz/pivoter_repo/research/r1_skyline_index_20260918/chain_index_tool.cpp:14:
/data/wenqianz/pivoter_repo/research/r1_skyline_index_20260918/chain_index.hpp: In function ‘auto chainindex::with_width(unsigned int, F&&) [with F = chainindex::ChainIndex<double>::climb(int, uint32_t, const double&) const::<lambda(auto:44)>]’:
/data/wenqianz/pivoter_repo/research/r1_skyline_index_20260918/chain_index.hpp:52:156: note: ‘u’ declared here
   52 |     template<size_t Wb> static double load(const unsigned char* p) { if constexpr (Wb == 8) { double x; std::memcpy(&x, p, 8); return x; } else { uint64_t u = 0; std::memcpy(&u, p, Wb); return static_cast<double>(u); } }
      |                                                                                                                                                            ^
In file included from /usr/include/string.h:535,
                 from /usr/include/boost/range/detail/implementation_help.hpp:18,
                 from /usr/include/boost/range/end.hpp:20,
                 from /usr/include/boost/range/functions.hpp:19,
                 from /usr/include/boost/range/iterator_range_core.hpp:38,
                 from /usr/include/boost/lexical_cast.hpp:30,
                 from /usr/include/boost/multiprecision/detail/number_base.hpp:20,
                 from /usr/include/boost/multiprecision/traits/is_variable_precision.hpp:10,
                 from /usr/include/boost/multiprecision/detail/precision.hpp:9,
                 from /usr/include/boost/multiprecision/number.hpp:25,
                 from /usr/include/boost/multiprecision/cpp_int.hpp:12,
                 from /data/wenqianz/pivoter_repo/research/r1_skyline_index_20260918/../r1_terminal_20260918/../r1_orderreplay_20260917/active/../../r1_fullrange_20260917/../r1_tworoads_20260917/stream/../../r1_bottomup_20260917/../r1_sizesplit_20260917/../r1_floorbatch_20260916/../r1_envelopecore_20260916/envelope.hpp:4,
                 from /data/wenqianz/pivoter_repo/research/r1_skyline_index_20260918/../r1_terminal_20260918/../r1_orderreplay_20260917/active/../../r1_fullrange_20260917/../r1_tworoads_20260917/stream/../../r1_bottomup_20260917/../r1_sizesplit_20260917/../r1_floorbatch_20260916/floor.hpp:3,
                 from /data/wenqianz/pivoter_repo/research/r1_skyline_index_20260918/../r1_terminal_20260918/../r1_orderreplay_20260917/active/../../r1_fullrange_20260917/../r1_tworoads_20260917/stream/../../r1_bottomup_20260917/../r1_sizesplit_20260917/split.hpp:3,
                 from /data/wenqianz/pivoter_repo/research/r1_skyline_index_20260918/../r1_terminal_20260918/../r1_orderreplay_20260917/active/../../r1_fullrange_20260917/../r1_tworoads_20260917/stream/../../r1_bottomup_20260917/bottomup.hpp:3,
                 from /data/wenqianz/pivoter_repo/research/r1_skyline_index_20260918/../r1_terminal_20260918/../r1_orderreplay_20260917/active/../../r1_fullrange_20260917/../r1_tworoads_20260917/stream/../capped.hpp:3,
                 from /data/wenqianz/pivoter_repo/research/r1_skyline_index_20260918/../r1_terminal_20260918/../r1_orderreplay_20260917/active/../../r1_fullrange_20260917/../r1_tworoads_20260917/stream/../components.hpp:3,
                 from /data/wenqianz/pivoter_repo/research/r1_skyline_index_20260918/../r1_terminal_20260918/../r1_orderreplay_20260917/active/../../r1_fullrange_20260917/../r1_tworoads_20260917/stream/stream.hpp:3,
                 from /data/wenqianz/pivoter_repo/research/r1_skyline_index_20260918/../r1_terminal_20260918/../r1_orderreplay_20260917/active/../../r1_fullrange_20260917/generated.hpp:3,
                 from /data/wenqianz/pivoter_repo/research/r1_skyline_index_20260918/../r1_terminal_20260918/../r1_orderreplay_20260917/active/../order.hpp:3,
                 from /data/wenqianz/pivoter_repo/research/r1_skyline_index_20260918/../r1_terminal_20260918/../r1_orderreplay_20260917/active/active.hpp:3,
                 from /data/wenqianz/pivoter_repo/research/r1_skyline_index_20260918/../r1_terminal_20260918/terminal.hpp:3,
                 from /data/wenqianz/pivoter_repo/research/r1_skyline_index_20260918/common.hpp:6,
                 from /data/wenqianz/pivoter_repo/research/r1_skyline_index_20260918/count.cpp:1,
                 from /data/wenqianz/pivoter_repo/research/r1_skyline_index_20260918/chain_index_tool.cpp:12:
In function ‘void* memcpy(void*, const void*, size_t)’,
    inlined from ‘static double chainindex::Traits<double>::load(const unsigned char*) [with long unsigned int Wb = 32]’ at /data/wenqianz/pivoter_repo/research/r1_skyline_index_20260918/chain_index.hpp:52:174,
    inlined from ‘chainindex::ChainIndex<double>::climb_bytes<32>(const chainindex::ChainIndex<double>::Layer&, uint32_t, const double&) const::<lambda(uint32_t)>’ at /data/wenqianz/pivoter_repo/research/r1_skyline_index_20260918/chain_index.hpp:95:78,
    inlined from ‘uint32_t chainindex::ChainIndex<T>::climb_bytes(const chainindex::ChainIndex<T>::Layer&, uint32_t, const T&) const [with long unsigned int Wb = 32; T = double]’ at /data/wenqianz/pivoter_repo/research/r1_skyline_index_20260918/chain_index.hpp:96:43,
    inlined from ‘chainindex::ChainIndex<double>::climb(int, uint32_t, const double&) const::<lambda(auto:44)> [with auto:44 = std::integral_constant<long unsigned int, 32>]’ at /data/wenqianz/pivoter_repo/research/r1_skyline_index_20260918/chain_index.hpp:105:98,
    inlined from ‘auto chainindex::with_width(unsigned int, F&&) [with F = chainindex::ChainIndex<double>::climb(int, uint32_t, const double&) const::<lambda(auto:44)>]’ at /data/wenqianz/pivoter_repo/research/r1_skyline_index_20260918/chain_index.hpp:60:138:
/usr/include/x86_64-linux-gnu/bits/string_fortified.h:29:33: warning: ‘void* __builtin___memcpy_chk(void*, const void*, long unsigned int, long unsigned int)’ forming offset [8, 31] is out of the bounds [0, 8] of object ‘u’ with type ‘uint64_t’ {aka ‘long unsigned int’} [-Warray-bounds]
   29 |   return __builtin___memcpy_chk (__dest, __src, __len,
      |          ~~~~~~~~~~~~~~~~~~~~~~~^~~~~~~~~~~~~~~~~~~~~~
   30 |                                  __glibc_objsize0 (__dest));
      |                                  ~~~~~~~~~~~~~~~~~~~~~~~~~~
In file included from /data/wenqianz/pivoter_repo/research/r1_skyline_index_20260918/chain_index_tool.cpp:14:
/data/wenqianz/pivoter_repo/research/r1_skyline_index_20260918/chain_index.hpp: In function ‘auto chainindex::with_width(unsigned int, F&&) [with F = chainindex::ChainIndex<double>::climb(int, uint32_t, const double&) const::<lambda(auto:44)>]’:
/data/wenqianz/pivoter_repo/research/r1_skyline_index_20260918/chain_index.hpp:52:156: note: ‘u’ declared here
   52 |     template<size_t Wb> static double load(const unsigned char* p) { if constexpr (Wb == 8) { double x; std::memcpy(&x, p, 8); return x; } else { uint64_t u = 0; std::memcpy(&u, p, Wb); return static_cast<double>(u); } }
      |                                                                                                                                                            ^
In file included from /usr/include/string.h:535,
                 from /usr/include/boost/range/detail/implementation_help.hpp:18,
                 from /usr/include/boost/range/end.hpp:20,
                 from /usr/include/boost/range/functions.hpp:19,
                 from /usr/include/boost/range/iterator_range_core.hpp:38,
                 from /usr/include/boost/lexical_cast.hpp:30,
                 from /usr/include/boost/multiprecision/detail/number_base.hpp:20,
                 from /usr/include/boost/multiprecision/traits/is_variable_precision.hpp:10,
                 from /usr/include/boost/multiprecision/detail/precision.hpp:9,
                 from /usr/include/boost/multiprecision/number.hpp:25,
                 from /usr/include/boost/multiprecision/cpp_int.hpp:12,
                 from /data/wenqianz/pivoter_repo/research/r1_skyline_index_20260918/../r1_terminal_20260918/../r1_orderreplay_20260917/active/../../r1_fullrange_20260917/../r1_tworoads_20260917/stream/../../r1_bottomup_20260917/../r1_sizesplit_20260917/../r1_floorbatch_20260916/../r1_envelopecore_20260916/envelope.hpp:4,
                 from /data/wenqianz/pivoter_repo/research/r1_skyline_index_20260918/../r1_terminal_20260918/../r1_orderreplay_20260917/active/../../r1_fullrange_20260917/../r1_tworoads_20260917/stream/../../r1_bottomup_20260917/../r1_sizesplit_20260917/../r1_floorbatch_20260916/floor.hpp:3,
                 from /data/wenqianz/pivoter_repo/research/r1_skyline_index_20260918/../r1_terminal_20260918/../r1_orderreplay_20260917/active/../../r1_fullrange_20260917/../r1_tworoads_20260917/stream/../../r1_bottomup_20260917/../r1_sizesplit_20260917/split.hpp:3,
                 from /data/wenqianz/pivoter_repo/research/r1_skyline_index_20260918/../r1_terminal_20260918/../r1_orderreplay_20260917/active/../../r1_fullrange_20260917/../r1_tworoads_20260917/stream/../../r1_bottomup_20260917/bottomup.hpp:3,
                 from /data/wenqianz/pivoter_repo/research/r1_skyline_index_20260918/../r1_terminal_20260918/../r1_orderreplay_20260917/active/../../r1_fullrange_20260917/../r1_tworoads_20260917/stream/../capped.hpp:3,
                 from /data/wenqianz/pivoter_repo/research/r1_skyline_index_20260918/../r1_terminal_20260918/../r1_orderreplay_20260917/active/../../r1_fullrange_20260917/../r1_tworoads_20260917/stream/../components.hpp:3,
                 from /data/wenqianz/pivoter_repo/research/r1_skyline_index_20260918/../r1_terminal_20260918/../r1_orderreplay_20260917/active/../../r1_fullrange_20260917/../r1_tworoads_20260917/stream/stream.hpp:3,
                 from /data/wenqianz/pivoter_repo/research/r1_skyline_index_20260918/../r1_terminal_20260918/../r1_orderreplay_20260917/active/../../r1_fullrange_20260917/generated.hpp:3,
                 from /data/wenqianz/pivoter_repo/research/r1_skyline_index_20260918/../r1_terminal_20260918/../r1_orderreplay_20260917/active/../order.hpp:3,
                 from /data/wenqianz/pivoter_repo/research/r1_skyline_index_20260918/../r1_terminal_20260918/../r1_orderreplay_20260917/active/active.hpp:3,
                 from /data/wenqianz/pivoter_repo/research/r1_skyline_index_20260918/../r1_terminal_20260918/terminal.hpp:3,
                 from /data/wenqianz/pivoter_repo/research/r1_skyline_index_20260918/common.hpp:6,
                 from /data/wenqianz/pivoter_repo/research/r1_skyline_index_20260918/count.cpp:1,
                 from /data/wenqianz/pivoter_repo/research/r1_skyline_index_20260918/chain_index_tool.cpp:12:
In function ‘void* memcpy(void*, const void*, size_t)’,
    inlined from ‘static double chainindex::Traits<double>::load(const unsigned char*) [with long unsigned int Wb = 64]’ at /data/wenqianz/pivoter_repo/research/r1_skyline_index_20260918/chain_index.hpp:52:174,
    inlined from ‘chainindex::ChainIndex<double>::climb_bytes<64>(const chainindex::ChainIndex<double>::Layer&, uint32_t, const double&) const::<lambda(uint32_t)>’ at /data/wenqianz/pivoter_repo/research/r1_skyline_index_20260918/chain_index.hpp:95:78,
    inlined from ‘uint32_t chainindex::ChainIndex<T>::climb_bytes(const chainindex::ChainIndex<T>::Layer&, uint32_t, const T&) const [with long unsigned int Wb = 64; T = double]’ at /data/wenqianz/pivoter_repo/research/r1_skyline_index_20260918/chain_index.hpp:96:116,
    inlined from ‘chainindex::ChainIndex<double>::climb(int, uint32_t, const double&) const::<lambda(auto:44)> [with auto:44 = std::integral_constant<long unsigned int, 64>]’ at /data/wenqianz/pivoter_repo/research/r1_skyline_index_20260918/chain_index.hpp:105:98,
    inlined from ‘auto chainindex::with_width(unsigned int, F&&) [with F = chainindex::ChainIndex<double>::climb(int, uint32_t, const double&) const::<lambda(auto:44)>]’ at /data/wenqianz/pivoter_repo/research/r1_skyline_index_20260918/chain_index.hpp:61:26:
/usr/include/x86_64-linux-gnu/bits/string_fortified.h:29:33: warning: ‘void* __builtin___memcpy_chk(void*, const void*, long unsigned int, long unsigned int)’ forming offset [8, 63] is out of the bounds [0, 8] of object ‘u’ with type ‘uint64_t’ {aka ‘long unsigned int’} [-Warray-bounds]
   29 |   return __builtin___memcpy_chk (__dest, __src, __len,
      |          ~~~~~~~~~~~~~~~~~~~~~~~^~~~~~~~~~~~~~~~~~~~~~
   30 |                                  __glibc_objsize0 (__dest));
      |                                  ~~~~~~~~~~~~~~~~~~~~~~~~~~
In file included from /data/wenqianz/pivoter_repo/research/r1_skyline_index_20260918/chain_index_tool.cpp:14:
/data/wenqianz/pivoter_repo/research/r1_skyline_index_20260918/chain_index.hpp: In function ‘auto chainindex::with_width(unsigned int, F&&) [with F = chainindex::ChainIndex<double>::climb(int, uint32_t, const double&) const::<lambda(auto:44)>]’:
/data/wenqianz/pivoter_repo/research/r1_skyline_index_20260918/chain_index.hpp:52:156: note: ‘u’ declared here
   52 |     template<size_t Wb> static double load(const unsigned char* p) { if constexpr (Wb == 8) { double x; std::memcpy(&x, p, 8); return x; } else { uint64_t u = 0; std::memcpy(&u, p, Wb); return static_cast<double>(u); } }
      |                                                                                                                                                            ^
In file included from /usr/include/string.h:535,
                 from /usr/include/boost/range/detail/implementation_help.hpp:18,
                 from /usr/include/boost/range/end.hpp:20,
                 from /usr/include/boost/range/functions.hpp:19,
                 from /usr/include/boost/range/iterator_range_core.hpp:38,
                 from /usr/include/boost/lexical_cast.hpp:30,
                 from /usr/include/boost/multiprecision/detail/number_base.hpp:20,
                 from /usr/include/boost/multiprecision/traits/is_variable_precision.hpp:10,
                 from /usr/include/boost/multiprecision/detail/precision.hpp:9,
                 from /usr/include/boost/multiprecision/number.hpp:25,
                 from /usr/include/boost/multiprecision/cpp_int.hpp:12,
                 from /data/wenqianz/pivoter_repo/research/r1_skyline_index_20260918/../r1_terminal_20260918/../r1_orderreplay_20260917/active/../../r1_fullrange_20260917/../r1_tworoads_20260917/stream/../../r1_bottomup_20260917/../r1_sizesplit_20260917/../r1_floorbatch_20260916/../r1_envelopecore_20260916/envelope.hpp:4,
                 from /data/wenqianz/pivoter_repo/research/r1_skyline_index_20260918/../r1_terminal_20260918/../r1_orderreplay_20260917/active/../../r1_fullrange_20260917/../r1_tworoads_20260917/stream/../../r1_bottomup_20260917/../r1_sizesplit_20260917/../r1_floorbatch_20260916/floor.hpp:3,
                 from /data/wenqianz/pivoter_repo/research/r1_skyline_index_20260918/../r1_terminal_20260918/../r1_orderreplay_20260917/active/../../r1_fullrange_20260917/../r1_tworoads_20260917/stream/../../r1_bottomup_20260917/../r1_sizesplit_20260917/split.hpp:3,
                 from /data/wenqianz/pivoter_repo/research/r1_skyline_index_20260918/../r1_terminal_20260918/../r1_orderreplay_20260917/active/../../r1_fullrange_20260917/../r1_tworoads_20260917/stream/../../r1_bottomup_20260917/bottomup.hpp:3,
                 from /data/wenqianz/pivoter_repo/research/r1_skyline_index_20260918/../r1_terminal_20260918/../r1_orderreplay_20260917/active/../../r1_fullrange_20260917/../r1_tworoads_20260917/stream/../capped.hpp:3,
                 from /data/wenqianz/pivoter_repo/research/r1_skyline_index_20260918/../r1_terminal_20260918/../r1_orderreplay_20260917/active/../../r1_fullrange_20260917/../r1_tworoads_20260917/stream/../components.hpp:3,
                 from /data/wenqianz/pivoter_repo/research/r1_skyline_index_20260918/../r1_terminal_20260918/../r1_orderreplay_20260917/active/../../r1_fullrange_20260917/../r1_tworoads_20260917/stream/stream.hpp:3,
                 from /data/wenqianz/pivoter_repo/research/r1_skyline_index_20260918/../r1_terminal_20260918/../r1_orderreplay_20260917/active/../../r1_fullrange_20260917/generated.hpp:3,
                 from /data/wenqianz/pivoter_repo/research/r1_skyline_index_20260918/../r1_terminal_20260918/../r1_orderreplay_20260917/active/../order.hpp:3,
                 from /data/wenqianz/pivoter_repo/research/r1_skyline_index_20260918/../r1_terminal_20260918/../r1_orderreplay_20260917/active/active.hpp:3,
                 from /data/wenqianz/pivoter_repo/research/r1_skyline_index_20260918/../r1_terminal_20260918/terminal.hpp:3,
                 from /data/wenqianz/pivoter_repo/research/r1_skyline_index_20260918/common.hpp:6,
                 from /data/wenqianz/pivoter_repo/research/r1_skyline_index_20260918/count.cpp:1,
                 from /data/wenqianz/pivoter_repo/research/r1_skyline_index_20260918/chain_index_tool.cpp:12:
In function ‘void* memcpy(void*, const void*, size_t)’,
    inlined from ‘static double chainindex::Traits<double>::load(const unsigned char*) [with long unsigned int Wb = 64]’ at /data/wenqianz/pivoter_repo/research/r1_skyline_index_20260918/chain_index.hpp:52:174,
    inlined from ‘chainindex::ChainIndex<double>::climb_bytes<64>(const chainindex::ChainIndex<double>::Layer&, uint32_t, const double&) const::<lambda(uint32_t)>’ at /data/wenqianz/pivoter_repo/research/r1_skyline_index_20260918/chain_index.hpp:95:78,
    inlined from ‘uint32_t chainindex::ChainIndex<T>::climb_bytes(const chainindex::ChainIndex<T>::Layer&, uint32_t, const T&) const [with long unsigned int Wb = 64; T = double]’ at /data/wenqianz/pivoter_repo/research/r1_skyline_index_20260918/chain_index.hpp:96:43,
    inlined from ‘chainindex::ChainIndex<double>::climb(int, uint32_t, const double&) const::<lambda(auto:44)> [with auto:44 = std::integral_constant<long unsigned int, 64>]’ at /data/wenqianz/pivoter_repo/research/r1_skyline_index_20260918/chain_index.hpp:105:98,
    inlined from ‘auto chainindex::with_width(unsigned int, F&&) [with F = chainindex::ChainIndex<double>::climb(int, uint32_t, const double&) const::<lambda(auto:44)>]’ at /data/wenqianz/pivoter_repo/research/r1_skyline_index_20260918/chain_index.hpp:61:26:
/usr/include/x86_64-linux-gnu/bits/string_fortified.h:29:33: warning: ‘void* __builtin___memcpy_chk(void*, const void*, long unsigned int, long unsigned int)’ forming offset [8, 63] is out of the bounds [0, 8] of object ‘u’ with type ‘uint64_t’ {aka ‘long unsigned int’} [-Warray-bounds]
   29 |   return __builtin___memcpy_chk (__dest, __src, __len,
      |          ~~~~~~~~~~~~~~~~~~~~~~~^~~~~~~~~~~~~~~~~~~~~~
   30 |                                  __glibc_objsize0 (__dest));
      |                                  ~~~~~~~~~~~~~~~~~~~~~~~~~~
In file included from /data/wenqianz/pivoter_repo/research/r1_skyline_index_20260918/chain_index_tool.cpp:14:
/data/wenqianz/pivoter_repo/research/r1_skyline_index_20260918/chain_index.hpp: In function ‘auto chainindex::with_width(unsigned int, F&&) [with F = chainindex::ChainIndex<double>::climb(int, uint32_t, const double&) const::<lambda(auto:44)>]’:
/data/wenqianz/pivoter_repo/research/r1_skyline_index_20260918/chain_index.hpp:52:156: note: ‘u’ declared here
   52 |     template<size_t Wb> static double load(const unsigned char* p) { if constexpr (Wb == 8) { double x; std::memcpy(&x, p, 8); return x; } else { uint64_t u = 0; std::memcpy(&u, p, Wb); return static_cast<double>(u); } }
      |                                                                                                                                                            ^
/data/wenqianz/pivoter_repo/research/r1_skyline_index_20260918/chain_index_tool.cpp: In function ‘bench<boost::multiprecision::number<boost::multiprecision::backends::cpp_int_backend<512, 512, boost::multiprecision::unsigned_magnitude, boost::multiprecision::unchecked, void> > >(const Input&, const terminal::Index&, const tailpeel::Prepared*, unsigned int, const string&, double)::<lambda(const std::vector<bench<boost::multiprecision::number<boost::multiprecision::backends::cpp_int_backend<512, 512, boost::multiprecision::unsigned_magnitude, boost::multiprecision::unchecked, void> > >(const Input&, const terminal::Index&, const tailpeel::Prepared*, unsigned int, const string&, double)::Q, std::allocator<bench<boost::multiprecision::number<boost::multiprecision::backends::cpp_int_backend<512, 512, boost::multiprecision::unsigned_magnitude, boost::multiprecision::unchecked, void> > >(const Input&, const terminal::Index&, const tailpeel::Prepared*, unsigned int, const string&, double)::Q> >&)>’:
/data/wenqianz/pivoter_repo/research/r1_skyline_index_20260918/chain_index_tool.cpp:325:207: warning: ‘r.chainindex::ChainIndex<double>::Runs::nmid’ may be used uninitialized in this function [-Wmaybe-uninitialized]
  325 |         for (int pass = 0; pass < 6; ++pass) { const auto st = Clock::now(); for (const auto& q : qs) { typename ChainIndex<V>::Runs r; uint32_t nd = 0; ix.community_runs(q.v, q.s, q.k, r, nd); z += r.nmid + r.lo0 + nd; }
      |                                                                                                                                                                                                        ~~~~~~~^~~~~~~
/data/wenqianz/pivoter_repo/research/r1_skyline_index_20260918/chain_index_tool.cpp:325:134: note: ‘r.chainindex::ChainIndex<double>::Runs::nmid’ was declared here
  325 |         for (int pass = 0; pass < 6; ++pass) { const auto st = Clock::now(); for (const auto& q : qs) { typename ChainIndex<V>::Runs r; uint32_t nd = 0; ix.community_runs(q.v, q.s, q.k, r, nd); z += r.nmid + r.lo0 + nd; }
      |                                                                                                                                      ^
/data/wenqianz/pivoter_repo/research/r1_skyline_index_20260918/chain_index_tool.cpp:325:207: warning: ‘r.chainindex::ChainIndex<double>::Runs::lo0’ may be used uninitialized in this function [-Wmaybe-uninitialized]
  325 |         for (int pass = 0; pass < 6; ++pass) { const auto st = Clock::now(); for (const auto& q : qs) { typename ChainIndex<V>::Runs r; uint32_t nd = 0; ix.community_runs(q.v, q.s, q.k, r, nd); z += r.nmid + r.lo0 + nd; }
      |                                                                                                                                                                                                        ~~~~~~~^~~~~~~
/data/wenqianz/pivoter_repo/research/r1_skyline_index_20260918/chain_index_tool.cpp:325:134: note: ‘r.chainindex::ChainIndex<double>::Runs::lo0’ was declared here
  325 |         for (int pass = 0; pass < 6; ++pass) { const auto st = Clock::now(); for (const auto& q : qs) { typename ChainIndex<V>::Runs r; uint32_t nd = 0; ix.community_runs(q.v, q.s, q.k, r, nd); z += r.nmid + r.lo0 + nd; }
      |                                                                                                                                      ^
/data/wenqianz/pivoter_repo/research/r1_skyline_index_20260918/chain_index_tool.cpp: In function ‘bench<boost::multiprecision::number<boost::multiprecision::backends::cpp_int_backend<256, 256, boost::multiprecision::unsigned_magnitude, boost::multiprecision::unchecked, void> > >(const Input&, const terminal::Index&, const tailpeel::Prepared*, unsigned int, const string&, double)::<lambda(const std::vector<bench<boost::multiprecision::number<boost::multiprecision::backends::cpp_int_backend<256, 256, boost::multiprecision::unsigned_magnitude, boost::multiprecision::unchecked, void> > >(const Input&, const terminal::Index&, const tailpeel::Prepared*, unsigned int, const string&, double)::Q, std::allocator<bench<boost::multiprecision::number<boost::multiprecision::backends::cpp_int_backend<256, 256, boost::multiprecision::unsigned_magnitude, boost::multiprecision::unchecked, void> > >(const Input&, const terminal::Index&, const tailpeel::Prepared*, unsigned int, const string&, double)::Q> >&)>’:
/data/wenqianz/pivoter_repo/research/r1_skyline_index_20260918/chain_index_tool.cpp:325:207: warning: ‘r.chainindex::ChainIndex<double>::Runs::nmid’ may be used uninitialized in this function [-Wmaybe-uninitialized]
  325 |         for (int pass = 0; pass < 6; ++pass) { const auto st = Clock::now(); for (const auto& q : qs) { typename ChainIndex<V>::Runs r; uint32_t nd = 0; ix.community_runs(q.v, q.s, q.k, r, nd); z += r.nmid + r.lo0 + nd; }
      |                                                                                                                                                                                                        ~~~~~~~^~~~~~~
/data/wenqianz/pivoter_repo/research/r1_skyline_index_20260918/chain_index_tool.cpp:325:134: note: ‘r.chainindex::ChainIndex<double>::Runs::nmid’ was declared here
  325 |         for (int pass = 0; pass < 6; ++pass) { const auto st = Clock::now(); for (const auto& q : qs) { typename ChainIndex<V>::Runs r; uint32_t nd = 0; ix.community_runs(q.v, q.s, q.k, r, nd); z += r.nmid + r.lo0 + nd; }
      |                                                                                                                                      ^
/data/wenqianz/pivoter_repo/research/r1_skyline_index_20260918/chain_index_tool.cpp:325:207: warning: ‘r.chainindex::ChainIndex<double>::Runs::lo0’ may be used uninitialized in this function [-Wmaybe-uninitialized]
  325 |         for (int pass = 0; pass < 6; ++pass) { const auto st = Clock::now(); for (const auto& q : qs) { typename ChainIndex<V>::Runs r; uint32_t nd = 0; ix.community_runs(q.v, q.s, q.k, r, nd); z += r.nmid + r.lo0 + nd; }
      |                                                                                                                                                                                                        ~~~~~~~^~~~~~~
/data/wenqianz/pivoter_repo/research/r1_skyline_index_20260918/chain_index_tool.cpp:325:134: note: ‘r.chainindex::ChainIndex<double>::Runs::lo0’ was declared here
  325 |         for (int pass = 0; pass < 6; ++pass) { const auto st = Clock::now(); for (const auto& q : qs) { typename ChainIndex<V>::Runs r; uint32_t nd = 0; ix.community_runs(q.v, q.s, q.k, r, nd); z += r.nmid + r.lo0 + nd; }
      |                                                                                                                                      ^
/data/wenqianz/pivoter_repo/research/r1_skyline_index_20260918/chain_index_tool.cpp: In function ‘bench<__int128 unsigned>(const Input&, const terminal::Index&, const tailpeel::Prepared*, unsigned int, const string&, double)::<lambda(const std::vector<bench<__int128 unsigned>(const Input&, const terminal::Index&, const tailpeel::Prepared*, unsigned int, const string&, double)::Q, std::allocator<bench<__int128 unsigned>(const Input&, const terminal::Index&, const tailpeel::Prepared*, unsigned int, const string&, double)::Q> >&)>’:
/data/wenqianz/pivoter_repo/research/r1_skyline_index_20260918/chain_index_tool.cpp:325:207: warning: ‘r.chainindex::ChainIndex<double>::Runs::nmid’ may be used uninitialized in this function [-Wmaybe-uninitialized]
  325 |         for (int pass = 0; pass < 6; ++pass) { const auto st = Clock::now(); for (const auto& q : qs) { typename ChainIndex<V>::Runs r; uint32_t nd = 0; ix.community_runs(q.v, q.s, q.k, r, nd); z += r.nmid + r.lo0 + nd; }
      |                                                                                                                                                                                                        ~~~~~~~^~~~~~~
/data/wenqianz/pivoter_repo/research/r1_skyline_index_20260918/chain_index_tool.cpp:325:134: note: ‘r.chainindex::ChainIndex<double>::Runs::nmid’ was declared here
  325 |         for (int pass = 0; pass < 6; ++pass) { const auto st = Clock::now(); for (const auto& q : qs) { typename ChainIndex<V>::Runs r; uint32_t nd = 0; ix.community_runs(q.v, q.s, q.k, r, nd); z += r.nmid + r.lo0 + nd; }
      |                                                                                                                                      ^
/data/wenqianz/pivoter_repo/research/r1_skyline_index_20260918/chain_index_tool.cpp:325:207: warning: ‘r.chainindex::ChainIndex<double>::Runs::lo0’ may be used uninitialized in this function [-Wmaybe-uninitialized]
  325 |         for (int pass = 0; pass < 6; ++pass) { const auto st = Clock::now(); for (const auto& q : qs) { typename ChainIndex<V>::Runs r; uint32_t nd = 0; ix.community_runs(q.v, q.s, q.k, r, nd); z += r.nmid + r.lo0 + nd; }
      |                                                                                                                                                                                                        ~~~~~~~^~~~~~~
/data/wenqianz/pivoter_repo/research/r1_skyline_index_20260918/chain_index_tool.cpp:325:134: note: ‘r.chainindex::ChainIndex<double>::Runs::lo0’ was declared here
  325 |         for (int pass = 0; pass < 6; ++pass) { const auto st = Clock::now(); for (const auto& q : qs) { typename ChainIndex<V>::Runs r; uint32_t nd = 0; ix.community_runs(q.v, q.s, q.k, r, nd); z += r.nmid + r.lo0 + nd; }
      |                                                                                                                                      ^
/data/wenqianz/pivoter_repo/research/r1_skyline_index_20260918/chain_index_tool.cpp: In function ‘bench<long unsigned int>(const Input&, const terminal::Index&, const tailpeel::Prepared*, unsigned int, const string&, double)::<lambda(const std::vector<bench<long unsigned int>(const Input&, const terminal::Index&, const tailpeel::Prepared*, unsigned int, const string&, double)::Q, std::allocator<bench<long unsigned int>(const Input&, const terminal::Index&, const tailpeel::Prepared*, unsigned int, const string&, double)::Q> >&)>’:
/data/wenqianz/pivoter_repo/research/r1_skyline_index_20260918/chain_index_tool.cpp:325:207: warning: ‘r.chainindex::ChainIndex<double>::Runs::nmid’ may be used uninitialized in this function [-Wmaybe-uninitialized]
  325 |         for (int pass = 0; pass < 6; ++pass) { const auto st = Clock::now(); for (const auto& q : qs) { typename ChainIndex<V>::Runs r; uint32_t nd = 0; ix.community_runs(q.v, q.s, q.k, r, nd); z += r.nmid + r.lo0 + nd; }
      |                                                                                                                                                                                                        ~~~~~~~^~~~~~~
/data/wenqianz/pivoter_repo/research/r1_skyline_index_20260918/chain_index_tool.cpp:325:134: note: ‘r.chainindex::ChainIndex<double>::Runs::nmid’ was declared here
  325 |         for (int pass = 0; pass < 6; ++pass) { const auto st = Clock::now(); for (const auto& q : qs) { typename ChainIndex<V>::Runs r; uint32_t nd = 0; ix.community_runs(q.v, q.s, q.k, r, nd); z += r.nmid + r.lo0 + nd; }
      |                                                                                                                                      ^
/data/wenqianz/pivoter_repo/research/r1_skyline_index_20260918/chain_index_tool.cpp:325:207: warning: ‘r.chainindex::ChainIndex<double>::Runs::lo0’ may be used uninitialized in this function [-Wmaybe-uninitialized]
  325 |         for (int pass = 0; pass < 6; ++pass) { const auto st = Clock::now(); for (const auto& q : qs) { typename ChainIndex<V>::Runs r; uint32_t nd = 0; ix.community_runs(q.v, q.s, q.k, r, nd); z += r.nmid + r.lo0 + nd; }
      |                                                                                                                                                                                                        ~~~~~~~^~~~~~~
/data/wenqianz/pivoter_repo/research/r1_skyline_index_20260918/chain_index_tool.cpp:325:134: note: ‘r.chainindex::ChainIndex<double>::Runs::lo0’ was declared here
  325 |         for (int pass = 0; pass < 6; ++pass) { const auto st = Clock::now(); for (const auto& q : qs) { typename ChainIndex<V>::Runs r; uint32_t nd = 0; ix.community_runs(q.v, q.s, q.k, r, nd); z += r.nmid + r.lo0 + nd; }
      |                                                                                                                                      ^
In file included from /usr/include/string.h:535,
                 from /usr/include/boost/range/detail/implementation_help.hpp:18,
                 from /usr/include/boost/range/end.hpp:20,
                 from /usr/include/boost/range/functions.hpp:19,
                 from /usr/include/boost/range/iterator_range_core.hpp:38,
                 from /usr/include/boost/lexical_cast.hpp:30,
                 from /usr/include/boost/multiprecision/detail/number_base.hpp:20,
                 from /usr/include/boost/multiprecision/traits/is_variable_precision.hpp:10,
                 from /usr/include/boost/multiprecision/detail/precision.hpp:9,
                 from /usr/include/boost/multiprecision/number.hpp:25,
                 from /usr/include/boost/multiprecision/cpp_int.hpp:12,
                 from /data/wenqianz/pivoter_repo/research/r1_skyline_index_20260918/../r1_terminal_20260918/../r1_orderreplay_20260917/active/../../r1_fullrange_20260917/../r1_tworoads_20260917/stream/../../r1_bottomup_20260917/../r1_sizesplit_20260917/../r1_floorbatch_20260916/../r1_envelopecore_20260916/envelope.hpp:4,
                 from /data/wenqianz/pivoter_repo/research/r1_skyline_index_20260918/../r1_terminal_20260918/../r1_orderreplay_20260917/active/../../r1_fullrange_20260917/../r1_tworoads_20260917/stream/../../r1_bottomup_20260917/../r1_sizesplit_20260917/../r1_floorbatch_20260916/floor.hpp:3,
                 from /data/wenqianz/pivoter_repo/research/r1_skyline_index_20260918/../r1_terminal_20260918/../r1_orderreplay_20260917/active/../../r1_fullrange_20260917/../r1_tworoads_20260917/stream/../../r1_bottomup_20260917/../r1_sizesplit_20260917/split.hpp:3,
                 from /data/wenqianz/pivoter_repo/research/r1_skyline_index_20260918/../r1_terminal_20260918/../r1_orderreplay_20260917/active/../../r1_fullrange_20260917/../r1_tworoads_20260917/stream/../../r1_bottomup_20260917/bottomup.hpp:3,
                 from /data/wenqianz/pivoter_repo/research/r1_skyline_index_20260918/../r1_terminal_20260918/../r1_orderreplay_20260917/active/../../r1_fullrange_20260917/../r1_tworoads_20260917/stream/../capped.hpp:3,
                 from /data/wenqianz/pivoter_repo/research/r1_skyline_index_20260918/../r1_terminal_20260918/../r1_orderreplay_20260917/active/../../r1_fullrange_20260917/../r1_tworoads_20260917/stream/../components.hpp:3,
                 from /data/wenqianz/pivoter_repo/research/r1_skyline_index_20260918/../r1_terminal_20260918/../r1_orderreplay_20260917/active/../../r1_fullrange_20260917/../r1_tworoads_20260917/stream/stream.hpp:3,
                 from /data/wenqianz/pivoter_repo/research/r1_skyline_index_20260918/../r1_terminal_20260918/../r1_orderreplay_20260917/active/../../r1_fullrange_20260917/generated.hpp:3,
                 from /data/wenqianz/pivoter_repo/research/r1_skyline_index_20260918/../r1_terminal_20260918/../r1_orderreplay_20260917/active/../order.hpp:3,
                 from /data/wenqianz/pivoter_repo/research/r1_skyline_index_20260918/../r1_terminal_20260918/../r1_orderreplay_20260917/active/active.hpp:3,
                 from /data/wenqianz/pivoter_repo/research/r1_skyline_index_20260918/../r1_terminal_20260918/terminal.hpp:3,
                 from /data/wenqianz/pivoter_repo/research/r1_skyline_index_20260918/common.hpp:6,
                 from /data/wenqianz/pivoter_repo/research/r1_skyline_index_20260918/count.cpp:1,
                 from /data/wenqianz/pivoter_repo/research/r1_skyline_index_20260918/chain_index_tool.cpp:12:
In function ‘void* memcpy(void*, const void*, size_t)’,
    inlined from ‘static double chainindex::Traits<double>::load(const unsigned char*) [with long unsigned int Wb = 16]’ at /data/wenqianz/pivoter_repo/research/r1_skyline_index_20260918/chain_index.hpp:52:174,
    inlined from ‘chainindex::ChainIndex<double>::value(uint32_t, int) const::<lambda(auto:45)> [with auto:45 = std::integral_constant<long unsigned int, 16>]’ at /data/wenqianz/pivoter_repo/research/r1_skyline_index_20260918/chain_index.hpp:112:200,
    inlined from ‘auto chainindex::with_width(unsigned int, F&&) [with F = chainindex::ChainIndex<double>::value(uint32_t, int) const::<lambda(auto:45)>]’ at /data/wenqianz/pivoter_repo/research/r1_skyline_index_20260918/chain_index.hpp:60:81,
    inlined from ‘T chainindex::ChainIndex<T>::value(uint32_t, int) const [with T = double]’ at /data/wenqianz/pivoter_repo/research/r1_skyline_index_20260918/chain_index.hpp:112:122:
/usr/include/x86_64-linux-gnu/bits/string_fortified.h:29:33: warning: ‘void* __builtin___memcpy_chk(void*, const void*, long unsigned int, long unsigned int)’ forming offset [8, 15] is out of the bounds [0, 8] of object ‘u’ with type ‘uint64_t’ {aka ‘long unsigned int’} [-Warray-bounds]
   29 |   return __builtin___memcpy_chk (__dest, __src, __len,
      |          ~~~~~~~~~~~~~~~~~~~~~~~^~~~~~~~~~~~~~~~~~~~~~
   30 |                                  __glibc_objsize0 (__dest));
      |                                  ~~~~~~~~~~~~~~~~~~~~~~~~~~
In file included from /data/wenqianz/pivoter_repo/research/r1_skyline_index_20260918/chain_index_tool.cpp:14:
/data/wenqianz/pivoter_repo/research/r1_skyline_index_20260918/chain_index.hpp: In member function ‘T chainindex::ChainIndex<T>::value(uint32_t, int) const [with T = double]’:
/data/wenqianz/pivoter_repo/research/r1_skyline_index_20260918/chain_index.hpp:52:156: note: ‘u’ declared here
   52 |     template<size_t Wb> static double load(const unsigned char* p) { if constexpr (Wb == 8) { double x; std::memcpy(&x, p, 8); return x; } else { uint64_t u = 0; std::memcpy(&u, p, Wb); return static_cast<double>(u); } }
      |                                                                                                                                                            ^
In file included from /usr/include/string.h:535,
                 from /usr/include/boost/range/detail/implementation_help.hpp:18,
                 from /usr/include/boost/range/end.hpp:20,
                 from /usr/include/boost/range/functions.hpp:19,
                 from /usr/include/boost/range/iterator_range_core.hpp:38,
                 from /usr/include/boost/lexical_cast.hpp:30,
                 from /usr/include/boost/multiprecision/detail/number_base.hpp:20,
                 from /usr/include/boost/multiprecision/traits/is_variable_precision.hpp:10,
                 from /usr/include/boost/multiprecision/detail/precision.hpp:9,
                 from /usr/include/boost/multiprecision/number.hpp:25,
                 from /usr/include/boost/multiprecision/cpp_int.hpp:12,
                 from /data/wenqianz/pivoter_repo/research/r1_skyline_index_20260918/../r1_terminal_20260918/../r1_orderreplay_20260917/active/../../r1_fullrange_20260917/../r1_tworoads_20260917/stream/../../r1_bottomup_20260917/../r1_sizesplit_20260917/../r1_floorbatch_20260916/../r1_envelopecore_20260916/envelope.hpp:4,
                 from /data/wenqianz/pivoter_repo/research/r1_skyline_index_20260918/../r1_terminal_20260918/../r1_orderreplay_20260917/active/../../r1_fullrange_20260917/../r1_tworoads_20260917/stream/../../r1_bottomup_20260917/../r1_sizesplit_20260917/../r1_floorbatch_20260916/floor.hpp:3,
                 from /data/wenqianz/pivoter_repo/research/r1_skyline_index_20260918/../r1_terminal_20260918/../r1_orderreplay_20260917/active/../../r1_fullrange_20260917/../r1_tworoads_20260917/stream/../../r1_bottomup_20260917/../r1_sizesplit_20260917/split.hpp:3,
                 from /data/wenqianz/pivoter_repo/research/r1_skyline_index_20260918/../r1_terminal_20260918/../r1_orderreplay_20260917/active/../../r1_fullrange_20260917/../r1_tworoads_20260917/stream/../../r1_bottomup_20260917/bottomup.hpp:3,
                 from /data/wenqianz/pivoter_repo/research/r1_skyline_index_20260918/../r1_terminal_20260918/../r1_orderreplay_20260917/active/../../r1_fullrange_20260917/../r1_tworoads_20260917/stream/../capped.hpp:3,
                 from /data/wenqianz/pivoter_repo/research/r1_skyline_index_20260918/../r1_terminal_20260918/../r1_orderreplay_20260917/active/../../r1_fullrange_20260917/../r1_tworoads_20260917/stream/../components.hpp:3,
                 from /data/wenqianz/pivoter_repo/research/r1_skyline_index_20260918/../r1_terminal_20260918/../r1_orderreplay_20260917/active/../../r1_fullrange_20260917/../r1_tworoads_20260917/stream/stream.hpp:3,
                 from /data/wenqianz/pivoter_repo/research/r1_skyline_index_20260918/../r1_terminal_20260918/../r1_orderreplay_20260917/active/../../r1_fullrange_20260917/generated.hpp:3,
                 from /data/wenqianz/pivoter_repo/research/r1_skyline_index_20260918/../r1_terminal_20260918/../r1_orderreplay_20260917/active/../order.hpp:3,
                 from /data/wenqianz/pivoter_repo/research/r1_skyline_index_20260918/../r1_terminal_20260918/../r1_orderreplay_20260917/active/active.hpp:3,
                 from /data/wenqianz/pivoter_repo/research/r1_skyline_index_20260918/../r1_terminal_20260918/terminal.hpp:3,
                 from /data/wenqianz/pivoter_repo/research/r1_skyline_index_20260918/common.hpp:6,
                 from /data/wenqianz/pivoter_repo/research/r1_skyline_index_20260918/count.cpp:1,
                 from /data/wenqianz/pivoter_repo/research/r1_skyline_index_20260918/chain_index_tool.cpp:12:
In function ‘void* memcpy(void*, const void*, size_t)’,
    inlined from ‘static double chainindex::Traits<double>::load(const unsigned char*) [with long unsigned int Wb = 32]’ at /data/wenqianz/pivoter_repo/research/r1_skyline_index_20260918/chain_index.hpp:52:174,
    inlined from ‘chainindex::ChainIndex<double>::value(uint32_t, int) const::<lambda(auto:45)> [with auto:45 = std::integral_constant<long unsigned int, 32>]’ at /data/wenqianz/pivoter_repo/research/r1_skyline_index_20260918/chain_index.hpp:112:200,
    inlined from ‘auto chainindex::with_width(unsigned int, F&&) [with F = chainindex::ChainIndex<double>::value(uint32_t, int) const::<lambda(auto:45)>]’ at /data/wenqianz/pivoter_repo/research/r1_skyline_index_20260918/chain_index.hpp:60:138,
    inlined from ‘T chainindex::ChainIndex<T>::value(uint32_t, int) const [with T = double]’ at /data/wenqianz/pivoter_repo/research/r1_skyline_index_20260918/chain_index.hpp:112:122:
/usr/include/x86_64-linux-gnu/bits/string_fortified.h:29:33: warning: ‘void* __builtin___memcpy_chk(void*, const void*, long unsigned int, long unsigned int)’ forming offset [8, 31] is out of the bounds [0, 8] of object ‘u’ with type ‘uint64_t’ {aka ‘long unsigned int’} [-Warray-bounds]
   29 |   return __builtin___memcpy_chk (__dest, __src, __len,
      |          ~~~~~~~~~~~~~~~~~~~~~~~^~~~~~~~~~~~~~~~~~~~~~
   30 |                                  __glibc_objsize0 (__dest));
      |                                  ~~~~~~~~~~~~~~~~~~~~~~~~~~
In file included from /data/wenqianz/pivoter_repo/research/r1_skyline_index_20260918/chain_index_tool.cpp:14:
/data/wenqianz/pivoter_repo/research/r1_skyline_index_20260918/chain_index.hpp: In member function ‘T chainindex::ChainIndex<T>::value(uint32_t, int) const [with T = double]’:
/data/wenqianz/pivoter_repo/research/r1_skyline_index_20260918/chain_index.hpp:52:156: note: ‘u’ declared here
   52 |     template<size_t Wb> static double load(const unsigned char* p) { if constexpr (Wb == 8) { double x; std::memcpy(&x, p, 8); return x; } else { uint64_t u = 0; std::memcpy(&u, p, Wb); return static_cast<double>(u); } }
      |                                                                                                                                                            ^
In file included from /usr/include/string.h:535,
                 from /usr/include/boost/range/detail/implementation_help.hpp:18,
                 from /usr/include/boost/range/end.hpp:20,
                 from /usr/include/boost/range/functions.hpp:19,
                 from /usr/include/boost/range/iterator_range_core.hpp:38,
                 from /usr/include/boost/lexical_cast.hpp:30,
                 from /usr/include/boost/multiprecision/detail/number_base.hpp:20,
                 from /usr/include/boost/multiprecision/traits/is_variable_precision.hpp:10,
                 from /usr/include/boost/multiprecision/detail/precision.hpp:9,
                 from /usr/include/boost/multiprecision/number.hpp:25,
                 from /usr/include/boost/multiprecision/cpp_int.hpp:12,
                 from /data/wenqianz/pivoter_repo/research/r1_skyline_index_20260918/../r1_terminal_20260918/../r1_orderreplay_20260917/active/../../r1_fullrange_20260917/../r1_tworoads_20260917/stream/../../r1_bottomup_20260917/../r1_sizesplit_20260917/../r1_floorbatch_20260916/../r1_envelopecore_20260916/envelope.hpp:4,
                 from /data/wenqianz/pivoter_repo/research/r1_skyline_index_20260918/../r1_terminal_20260918/../r1_orderreplay_20260917/active/../../r1_fullrange_20260917/../r1_tworoads_20260917/stream/../../r1_bottomup_20260917/../r1_sizesplit_20260917/../r1_floorbatch_20260916/floor.hpp:3,
                 from /data/wenqianz/pivoter_repo/research/r1_skyline_index_20260918/../r1_terminal_20260918/../r1_orderreplay_20260917/active/../../r1_fullrange_20260917/../r1_tworoads_20260917/stream/../../r1_bottomup_20260917/../r1_sizesplit_20260917/split.hpp:3,
                 from /data/wenqianz/pivoter_repo/research/r1_skyline_index_20260918/../r1_terminal_20260918/../r1_orderreplay_20260917/active/../../r1_fullrange_20260917/../r1_tworoads_20260917/stream/../../r1_bottomup_20260917/bottomup.hpp:3,
                 from /data/wenqianz/pivoter_repo/research/r1_skyline_index_20260918/../r1_terminal_20260918/../r1_orderreplay_20260917/active/../../r1_fullrange_20260917/../r1_tworoads_20260917/stream/../capped.hpp:3,
                 from /data/wenqianz/pivoter_repo/research/r1_skyline_index_20260918/../r1_terminal_20260918/../r1_orderreplay_20260917/active/../../r1_fullrange_20260917/../r1_tworoads_20260917/stream/../components.hpp:3,
                 from /data/wenqianz/pivoter_repo/research/r1_skyline_index_20260918/../r1_terminal_20260918/../r1_orderreplay_20260917/active/../../r1_fullrange_20260917/../r1_tworoads_20260917/stream/stream.hpp:3,
                 from /data/wenqianz/pivoter_repo/research/r1_skyline_index_20260918/../r1_terminal_20260918/../r1_orderreplay_20260917/active/../../r1_fullrange_20260917/generated.hpp:3,
                 from /data/wenqianz/pivoter_repo/research/r1_skyline_index_20260918/../r1_terminal_20260918/../r1_orderreplay_20260917/active/../order.hpp:3,
                 from /data/wenqianz/pivoter_repo/research/r1_skyline_index_20260918/../r1_terminal_20260918/../r1_orderreplay_20260917/active/active.hpp:3,
                 from /data/wenqianz/pivoter_repo/research/r1_skyline_index_20260918/../r1_terminal_20260918/terminal.hpp:3,
                 from /data/wenqianz/pivoter_repo/research/r1_skyline_index_20260918/common.hpp:6,
                 from /data/wenqianz/pivoter_repo/research/r1_skyline_index_20260918/count.cpp:1,
                 from /data/wenqianz/pivoter_repo/research/r1_skyline_index_20260918/chain_index_tool.cpp:12:
In function ‘void* memcpy(void*, const void*, size_t)’,
    inlined from ‘static double chainindex::Traits<double>::load(const unsigned char*) [with long unsigned int Wb = 64]’ at /data/wenqianz/pivoter_repo/research/r1_skyline_index_20260918/chain_index.hpp:52:174,
    inlined from ‘chainindex::ChainIndex<double>::value(uint32_t, int) const::<lambda(auto:45)> [with auto:45 = std::integral_constant<long unsigned int, 64>]’ at /data/wenqianz/pivoter_repo/research/r1_skyline_index_20260918/chain_index.hpp:112:200,
    inlined from ‘auto chainindex::with_width(unsigned int, F&&) [with F = chainindex::ChainIndex<double>::value(uint32_t, int) const::<lambda(auto:45)>]’ at /data/wenqianz/pivoter_repo/research/r1_skyline_index_20260918/chain_index.hpp:61:26,
    inlined from ‘T chainindex::ChainIndex<T>::value(uint32_t, int) const [with T = double]’ at /data/wenqianz/pivoter_repo/research/r1_skyline_index_20260918/chain_index.hpp:112:122:
/usr/include/x86_64-linux-gnu/bits/string_fortified.h:29:33: warning: ‘void* __builtin___memcpy_chk(void*, const void*, long unsigned int, long unsigned int)’ forming offset [8, 63] is out of the bounds [0, 8] of object ‘u’ with type ‘uint64_t’ {aka ‘long unsigned int’} [-Warray-bounds]
   29 |   return __builtin___memcpy_chk (__dest, __src, __len,
      |          ~~~~~~~~~~~~~~~~~~~~~~~^~~~~~~~~~~~~~~~~~~~~~
   30 |                                  __glibc_objsize0 (__dest));
      |                                  ~~~~~~~~~~~~~~~~~~~~~~~~~~
In file included from /data/wenqianz/pivoter_repo/research/r1_skyline_index_20260918/chain_index_tool.cpp:14:
/data/wenqianz/pivoter_repo/research/r1_skyline_index_20260918/chain_index.hpp: In member function ‘T chainindex::ChainIndex<T>::value(uint32_t, int) const [with T = double]’:
/data/wenqianz/pivoter_repo/research/r1_skyline_index_20260918/chain_index.hpp:52:156: note: ‘u’ declared here
   52 |     template<size_t Wb> static double load(const unsigned char* p) { if constexpr (Wb == 8) { double x; std::memcpy(&x, p, 8); return x; } else { uint64_t u = 0; std::memcpy(&u, p, Wb); return static_cast<double>(u); } }
      |                                                                                                                                                            ^
In file included from /usr/include/string.h:535,
                 from /usr/include/boost/range/detail/implementation_help.hpp:18,
                 from /usr/include/boost/range/end.hpp:20,
                 from /usr/include/boost/range/functions.hpp:19,
                 from /usr/include/boost/range/iterator_range_core.hpp:38,
                 from /usr/include/boost/lexical_cast.hpp:30,
                 from /usr/include/boost/multiprecision/detail/number_base.hpp:20,
                 from /usr/include/boost/multiprecision/traits/is_variable_precision.hpp:10,
                 from /usr/include/boost/multiprecision/detail/precision.hpp:9,
                 from /usr/include/boost/multiprecision/number.hpp:25,
                 from /usr/include/boost/multiprecision/cpp_int.hpp:12,
                 from /data/wenqianz/pivoter_repo/research/r1_skyline_index_20260918/../r1_terminal_20260918/../r1_orderreplay_20260917/active/../../r1_fullrange_20260917/../r1_tworoads_20260917/stream/../../r1_bottomup_20260917/../r1_sizesplit_20260917/../r1_floorbatch_20260916/../r1_envelopecore_20260916/envelope.hpp:4,
                 from /data/wenqianz/pivoter_repo/research/r1_skyline_index_20260918/../r1_terminal_20260918/../r1_orderreplay_20260917/active/../../r1_fullrange_20260917/../r1_tworoads_20260917/stream/../../r1_bottomup_20260917/../r1_sizesplit_20260917/../r1_floorbatch_20260916/floor.hpp:3,
                 from /data/wenqianz/pivoter_repo/research/r1_skyline_index_20260918/../r1_terminal_20260918/../r1_orderreplay_20260917/active/../../r1_fullrange_20260917/../r1_tworoads_20260917/stream/../../r1_bottomup_20260917/../r1_sizesplit_20260917/split.hpp:3,
                 from /data/wenqianz/pivoter_repo/research/r1_skyline_index_20260918/../r1_terminal_20260918/../r1_orderreplay_20260917/active/../../r1_fullrange_20260917/../r1_tworoads_20260917/stream/../../r1_bottomup_20260917/bottomup.hpp:3,
                 from /data/wenqianz/pivoter_repo/research/r1_skyline_index_20260918/../r1_terminal_20260918/../r1_orderreplay_20260917/active/../../r1_fullrange_20260917/../r1_tworoads_20260917/stream/../capped.hpp:3,
                 from /data/wenqianz/pivoter_repo/research/r1_skyline_index_20260918/../r1_terminal_20260918/../r1_orderreplay_20260917/active/../../r1_fullrange_20260917/../r1_tworoads_20260917/stream/../components.hpp:3,
                 from /data/wenqianz/pivoter_repo/research/r1_skyline_index_20260918/../r1_terminal_20260918/../r1_orderreplay_20260917/active/../../r1_fullrange_20260917/../r1_tworoads_20260917/stream/stream.hpp:3,
                 from /data/wenqianz/pivoter_repo/research/r1_skyline_index_20260918/../r1_terminal_20260918/../r1_orderreplay_20260917/active/../../r1_fullrange_20260917/generated.hpp:3,
                 from /data/wenqianz/pivoter_repo/research/r1_skyline_index_20260918/../r1_terminal_20260918/../r1_orderreplay_20260917/active/../order.hpp:3,
                 from /data/wenqianz/pivoter_repo/research/r1_skyline_index_20260918/../r1_terminal_20260918/../r1_orderreplay_20260917/active/active.hpp:3,
                 from /data/wenqianz/pivoter_repo/research/r1_skyline_index_20260918/../r1_terminal_20260918/terminal.hpp:3,
                 from /data/wenqianz/pivoter_repo/research/r1_skyline_index_20260918/common.hpp:6,
                 from /data/wenqianz/pivoter_repo/research/r1_skyline_index_20260918/count.cpp:1,
                 from /data/wenqianz/pivoter_repo/research/r1_skyline_index_20260918/chain_index_tool.cpp:12:
In function ‘void* memcpy(void*, const void*, size_t)’,
    inlined from ‘static double chainindex::Traits<double>::load(const unsigned char*) [with long unsigned int Wb = 16]’ at /data/wenqianz/pivoter_repo/research/r1_skyline_index_20260918/chain_index.hpp:52:174,
    inlined from ‘chainindex::ChainIndex<double>::value(uint32_t, int) const::<lambda(auto:45)> [with auto:45 = std::integral_constant<long unsigned int, 16>]’ at /data/wenqianz/pivoter_repo/research/r1_skyline_index_20260918/chain_index.hpp:112:200,
    inlined from ‘auto chainindex::with_width(unsigned int, F&&) [with F = chainindex::ChainIndex<double>::value(uint32_t, int) const::<lambda(auto:45)>]’ at /data/wenqianz/pivoter_repo/research/r1_skyline_index_20260918/chain_index.hpp:60:81,
    inlined from ‘T chainindex::ChainIndex<T>::value(uint32_t, int) const [with T = double]’ at /data/wenqianz/pivoter_repo/research/r1_skyline_index_20260918/chain_index.hpp:112:122,
    inlined from ‘bench<__int128 unsigned>(const Input&, const terminal::Index&, const tailpeel::Prepared*, unsigned int, const string&, double)::<lambda()>’ at /data/wenqianz/pivoter_repo/research/r1_skyline_index_20260918/chain_index_tool.cpp:338:144:
/usr/include/x86_64-linux-gnu/bits/string_fortified.h:29:33: warning: ‘void* __builtin___memcpy_chk(void*, const void*, long unsigned int, long unsigned int)’ forming offset [8, 15] is out of the bounds [0, 8] of object ‘u’ with type ‘uint64_t’ {aka ‘long unsigned int’} [-Warray-bounds]
   29 |   return __builtin___memcpy_chk (__dest, __src, __len,
      |          ~~~~~~~~~~~~~~~~~~~~~~~^~~~~~~~~~~~~~~~~~~~~~
   30 |                                  __glibc_objsize0 (__dest));
      |                                  ~~~~~~~~~~~~~~~~~~~~~~~~~~
In file included from /data/wenqianz/pivoter_repo/research/r1_skyline_index_20260918/chain_index_tool.cpp:14:
/data/wenqianz/pivoter_repo/research/r1_skyline_index_20260918/chain_index.hpp: In lambda function:
/data/wenqianz/pivoter_repo/research/r1_skyline_index_20260918/chain_index.hpp:52:156: note: ‘u’ declared here
   52 |     template<size_t Wb> static double load(const unsigned char* p) { if constexpr (Wb == 8) { double x; std::memcpy(&x, p, 8); return x; } else { uint64_t u = 0; std::memcpy(&u, p, Wb); return static_cast<double>(u); } }
      |                                                                                                                                                            ^
In file included from /usr/include/string.h:535,
                 from /usr/include/boost/range/detail/implementation_help.hpp:18,
                 from /usr/include/boost/range/end.hpp:20,
                 from /usr/include/boost/range/functions.hpp:19,
                 from /usr/include/boost/range/iterator_range_core.hpp:38,
                 from /usr/include/boost/lexical_cast.hpp:30,
                 from /usr/include/boost/multiprecision/detail/number_base.hpp:20,
                 from /usr/include/boost/multiprecision/traits/is_variable_precision.hpp:10,
                 from /usr/include/boost/multiprecision/detail/precision.hpp:9,
                 from /usr/include/boost/multiprecision/number.hpp:25,
                 from /usr/include/boost/multiprecision/cpp_int.hpp:12,
                 from /data/wenqianz/pivoter_repo/research/r1_skyline_index_20260918/../r1_terminal_20260918/../r1_orderreplay_20260917/active/../../r1_fullrange_20260917/../r1_tworoads_20260917/stream/../../r1_bottomup_20260917/../r1_sizesplit_20260917/../r1_floorbatch_20260916/../r1_envelopecore_20260916/envelope.hpp:4,
                 from /data/wenqianz/pivoter_repo/research/r1_skyline_index_20260918/../r1_terminal_20260918/../r1_orderreplay_20260917/active/../../r1_fullrange_20260917/../r1_tworoads_20260917/stream/../../r1_bottomup_20260917/../r1_sizesplit_20260917/../r1_floorbatch_20260916/floor.hpp:3,
                 from /data/wenqianz/pivoter_repo/research/r1_skyline_index_20260918/../r1_terminal_20260918/../r1_orderreplay_20260917/active/../../r1_fullrange_20260917/../r1_tworoads_20260917/stream/../../r1_bottomup_20260917/../r1_sizesplit_20260917/split.hpp:3,
                 from /data/wenqianz/pivoter_repo/research/r1_skyline_index_20260918/../r1_terminal_20260918/../r1_orderreplay_20260917/active/../../r1_fullrange_20260917/../r1_tworoads_20260917/stream/../../r1_bottomup_20260917/bottomup.hpp:3,
                 from /data/wenqianz/pivoter_repo/research/r1_skyline_index_20260918/../r1_terminal_20260918/../r1_orderreplay_20260917/active/../../r1_fullrange_20260917/../r1_tworoads_20260917/stream/../capped.hpp:3,
                 from /data/wenqianz/pivoter_repo/research/r1_skyline_index_20260918/../r1_terminal_20260918/../r1_orderreplay_20260917/active/../../r1_fullrange_20260917/../r1_tworoads_20260917/stream/../components.hpp:3,
                 from /data/wenqianz/pivoter_repo/research/r1_skyline_index_20260918/../r1_terminal_20260918/../r1_orderreplay_20260917/active/../../r1_fullrange_20260917/../r1_tworoads_20260917/stream/stream.hpp:3,
                 from /data/wenqianz/pivoter_repo/research/r1_skyline_index_20260918/../r1_terminal_20260918/../r1_orderreplay_20260917/active/../../r1_fullrange_20260917/generated.hpp:3,
                 from /data/wenqianz/pivoter_repo/research/r1_skyline_index_20260918/../r1_terminal_20260918/../r1_orderreplay_20260917/active/../order.hpp:3,
                 from /data/wenqianz/pivoter_repo/research/r1_skyline_index_20260918/../r1_terminal_20260918/../r1_orderreplay_20260917/active/active.hpp:3,
                 from /data/wenqianz/pivoter_repo/research/r1_skyline_index_20260918/../r1_terminal_20260918/terminal.hpp:3,
                 from /data/wenqianz/pivoter_repo/research/r1_skyline_index_20260918/common.hpp:6,
                 from /data/wenqianz/pivoter_repo/research/r1_skyline_index_20260918/count.cpp:1,
                 from /data/wenqianz/pivoter_repo/research/r1_skyline_index_20260918/chain_index_tool.cpp:12:
In function ‘void* memcpy(void*, const void*, size_t)’,
    inlined from ‘static double chainindex::Traits<double>::load(const unsigned char*) [with long unsigned int Wb = 32]’ at /data/wenqianz/pivoter_repo/research/r1_skyline_index_20260918/chain_index.hpp:52:174,
    inlined from ‘chainindex::ChainIndex<double>::value(uint32_t, int) const::<lambda(auto:45)> [with auto:45 = std::integral_constant<long unsigned int, 32>]’ at /data/wenqianz/pivoter_repo/research/r1_skyline_index_20260918/chain_index.hpp:112:200,
    inlined from ‘auto chainindex::with_width(unsigned int, F&&) [with F = chainindex::ChainIndex<double>::value(uint32_t, int) const::<lambda(auto:45)>]’ at /data/wenqianz/pivoter_repo/research/r1_skyline_index_20260918/chain_index.hpp:60:138,
    inlined from ‘T chainindex::ChainIndex<T>::value(uint32_t, int) const [with T = double]’ at /data/wenqianz/pivoter_repo/research/r1_skyline_index_20260918/chain_index.hpp:112:122,
    inlined from ‘bench<__int128 unsigned>(const Input&, const terminal::Index&, const tailpeel::Prepared*, unsigned int, const string&, double)::<lambda()>’ at /data/wenqianz/pivoter_repo/research/r1_skyline_index_20260918/chain_index_tool.cpp:338:144:
/usr/include/x86_64-linux-gnu/bits/string_fortified.h:29:33: warning: ‘void* __builtin___memcpy_chk(void*, const void*, long unsigned int, long unsigned int)’ forming offset [8, 31] is out of the bounds [0, 8] of object ‘u’ with type ‘uint64_t’ {aka ‘long unsigned int’} [-Warray-bounds]
   29 |   return __builtin___memcpy_chk (__dest, __src, __len,
      |          ~~~~~~~~~~~~~~~~~~~~~~~^~~~~~~~~~~~~~~~~~~~~~
   30 |                                  __glibc_objsize0 (__dest));
      |                                  ~~~~~~~~~~~~~~~~~~~~~~~~~~
In file included from /data/wenqianz/pivoter_repo/research/r1_skyline_index_20260918/chain_index_tool.cpp:14:
/data/wenqianz/pivoter_repo/research/r1_skyline_index_20260918/chain_index.hpp: In lambda function:
/data/wenqianz/pivoter_repo/research/r1_skyline_index_20260918/chain_index.hpp:52:156: note: ‘u’ declared here
   52 |     template<size_t Wb> static double load(const unsigned char* p) { if constexpr (Wb == 8) { double x; std::memcpy(&x, p, 8); return x; } else { uint64_t u = 0; std::memcpy(&u, p, Wb); return static_cast<double>(u); } }
      |                                                                                                                                                            ^
In file included from /usr/include/string.h:535,
                 from /usr/include/boost/range/detail/implementation_help.hpp:18,
                 from /usr/include/boost/range/end.hpp:20,
                 from /usr/include/boost/range/functions.hpp:19,
                 from /usr/include/boost/range/iterator_range_core.hpp:38,
                 from /usr/include/boost/lexical_cast.hpp:30,
                 from /usr/include/boost/multiprecision/detail/number_base.hpp:20,
                 from /usr/include/boost/multiprecision/traits/is_variable_precision.hpp:10,
                 from /usr/include/boost/multiprecision/detail/precision.hpp:9,
                 from /usr/include/boost/multiprecision/number.hpp:25,
                 from /usr/include/boost/multiprecision/cpp_int.hpp:12,
                 from /data/wenqianz/pivoter_repo/research/r1_skyline_index_20260918/../r1_terminal_20260918/../r1_orderreplay_20260917/active/../../r1_fullrange_20260917/../r1_tworoads_20260917/stream/../../r1_bottomup_20260917/../r1_sizesplit_20260917/../r1_floorbatch_20260916/../r1_envelopecore_20260916/envelope.hpp:4,
                 from /data/wenqianz/pivoter_repo/research/r1_skyline_index_20260918/../r1_terminal_20260918/../r1_orderreplay_20260917/active/../../r1_fullrange_20260917/../r1_tworoads_20260917/stream/../../r1_bottomup_20260917/../r1_sizesplit_20260917/../r1_floorbatch_20260916/floor.hpp:3,
                 from /data/wenqianz/pivoter_repo/research/r1_skyline_index_20260918/../r1_terminal_20260918/../r1_orderreplay_20260917/active/../../r1_fullrange_20260917/../r1_tworoads_20260917/stream/../../r1_bottomup_20260917/../r1_sizesplit_20260917/split.hpp:3,
                 from /data/wenqianz/pivoter_repo/research/r1_skyline_index_20260918/../r1_terminal_20260918/../r1_orderreplay_20260917/active/../../r1_fullrange_20260917/../r1_tworoads_20260917/stream/../../r1_bottomup_20260917/bottomup.hpp:3,
                 from /data/wenqianz/pivoter_repo/research/r1_skyline_index_20260918/../r1_terminal_20260918/../r1_orderreplay_20260917/active/../../r1_fullrange_20260917/../r1_tworoads_20260917/stream/../capped.hpp:3,
                 from /data/wenqianz/pivoter_repo/research/r1_skyline_index_20260918/../r1_terminal_20260918/../r1_orderreplay_20260917/active/../../r1_fullrange_20260917/../r1_tworoads_20260917/stream/../components.hpp:3,
                 from /data/wenqianz/pivoter_repo/research/r1_skyline_index_20260918/../r1_terminal_20260918/../r1_orderreplay_20260917/active/../../r1_fullrange_20260917/../r1_tworoads_20260917/stream/stream.hpp:3,
                 from /data/wenqianz/pivoter_repo/research/r1_skyline_index_20260918/../r1_terminal_20260918/../r1_orderreplay_20260917/active/../../r1_fullrange_20260917/generated.hpp:3,
                 from /data/wenqianz/pivoter_repo/research/r1_skyline_index_20260918/../r1_terminal_20260918/../r1_orderreplay_20260917/active/../order.hpp:3,
                 from /data/wenqianz/pivoter_repo/research/r1_skyline_index_20260918/../r1_terminal_20260918/../r1_orderreplay_20260917/active/active.hpp:3,
                 from /data/wenqianz/pivoter_repo/research/r1_skyline_index_20260918/../r1_terminal_20260918/terminal.hpp:3,
                 from /data/wenqianz/pivoter_repo/research/r1_skyline_index_20260918/common.hpp:6,
                 from /data/wenqianz/pivoter_repo/research/r1_skyline_index_20260918/count.cpp:1,
                 from /data/wenqianz/pivoter_repo/research/r1_skyline_index_20260918/chain_index_tool.cpp:12:
In function ‘void* memcpy(void*, const void*, size_t)’,
    inlined from ‘static double chainindex::Traits<double>::load(const unsigned char*) [with long unsigned int Wb = 64]’ at /data/wenqianz/pivoter_repo/research/r1_skyline_index_20260918/chain_index.hpp:52:174,
    inlined from ‘chainindex::ChainIndex<double>::value(uint32_t, int) const::<lambda(auto:45)> [with auto:45 = std::integral_constant<long unsigned int, 64>]’ at /data/wenqianz/pivoter_repo/research/r1_skyline_index_20260918/chain_index.hpp:112:200,
    inlined from ‘auto chainindex::with_width(unsigned int, F&&) [with F = chainindex::ChainIndex<double>::value(uint32_t, int) const::<lambda(auto:45)>]’ at /data/wenqianz/pivoter_repo/research/r1_skyline_index_20260918/chain_index.hpp:61:26,
    inlined from ‘T chainindex::ChainIndex<T>::value(uint32_t, int) const [with T = double]’ at /data/wenqianz/pivoter_repo/research/r1_skyline_index_20260918/chain_index.hpp:112:122,
    inlined from ‘bench<__int128 unsigned>(const Input&, const terminal::Index&, const tailpeel::Prepared*, unsigned int, const string&, double)::<lambda()>’ at /data/wenqianz/pivoter_repo/research/r1_skyline_index_20260918/chain_index_tool.cpp:338:144:
/usr/include/x86_64-linux-gnu/bits/string_fortified.h:29:33: warning: ‘void* __builtin___memcpy_chk(void*, const void*, long unsigned int, long unsigned int)’ forming offset [8, 63] is out of the bounds [0, 8] of object ‘u’ with type ‘uint64_t’ {aka ‘long unsigned int’} [-Warray-bounds]
   29 |   return __builtin___memcpy_chk (__dest, __src, __len,
      |          ~~~~~~~~~~~~~~~~~~~~~~~^~~~~~~~~~~~~~~~~~~~~~
   30 |                                  __glibc_objsize0 (__dest));
      |                                  ~~~~~~~~~~~~~~~~~~~~~~~~~~
In file included from /data/wenqianz/pivoter_repo/research/r1_skyline_index_20260918/chain_index_tool.cpp:14:
/data/wenqianz/pivoter_repo/research/r1_skyline_index_20260918/chain_index.hpp: In lambda function:
/data/wenqianz/pivoter_repo/research/r1_skyline_index_20260918/chain_index.hpp:52:156: note: ‘u’ declared here
   52 |     template<size_t Wb> static double load(const unsigned char* p) { if constexpr (Wb == 8) { double x; std::memcpy(&x, p, 8); return x; } else { uint64_t u = 0; std::memcpy(&u, p, Wb); return static_cast<double>(u); } }
      |                                                                                                                                                            ^
In file included from /usr/include/string.h:535,
                 from /usr/include/boost/range/detail/implementation_help.hpp:18,
                 from /usr/include/boost/range/end.hpp:20,
                 from /usr/include/boost/range/functions.hpp:19,
                 from /usr/include/boost/range/iterator_range_core.hpp:38,
                 from /usr/include/boost/lexical_cast.hpp:30,
                 from /usr/include/boost/multiprecision/detail/number_base.hpp:20,
                 from /usr/include/boost/multiprecision/traits/is_variable_precision.hpp:10,
                 from /usr/include/boost/multiprecision/detail/precision.hpp:9,
                 from /usr/include/boost/multiprecision/number.hpp:25,
                 from /usr/include/boost/multiprecision/cpp_int.hpp:12,
                 from /data/wenqianz/pivoter_repo/research/r1_skyline_index_20260918/../r1_terminal_20260918/../r1_orderreplay_20260917/active/../../r1_fullrange_20260917/../r1_tworoads_20260917/stream/../../r1_bottomup_20260917/../r1_sizesplit_20260917/../r1_floorbatch_20260916/../r1_envelopecore_20260916/envelope.hpp:4,
                 from /data/wenqianz/pivoter_repo/research/r1_skyline_index_20260918/../r1_terminal_20260918/../r1_orderreplay_20260917/active/../../r1_fullrange_20260917/../r1_tworoads_20260917/stream/../../r1_bottomup_20260917/../r1_sizesplit_20260917/../r1_floorbatch_20260916/floor.hpp:3,
                 from /data/wenqianz/pivoter_repo/research/r1_skyline_index_20260918/../r1_terminal_20260918/../r1_orderreplay_20260917/active/../../r1_fullrange_20260917/../r1_tworoads_20260917/stream/../../r1_bottomup_20260917/../r1_sizesplit_20260917/split.hpp:3,
                 from /data/wenqianz/pivoter_repo/research/r1_skyline_index_20260918/../r1_terminal_20260918/../r1_orderreplay_20260917/active/../../r1_fullrange_20260917/../r1_tworoads_20260917/stream/../../r1_bottomup_20260917/bottomup.hpp:3,
                 from /data/wenqianz/pivoter_repo/research/r1_skyline_index_20260918/../r1_terminal_20260918/../r1_orderreplay_20260917/active/../../r1_fullrange_20260917/../r1_tworoads_20260917/stream/../capped.hpp:3,
                 from /data/wenqianz/pivoter_repo/research/r1_skyline_index_20260918/../r1_terminal_20260918/../r1_orderreplay_20260917/active/../../r1_fullrange_20260917/../r1_tworoads_20260917/stream/../components.hpp:3,
                 from /data/wenqianz/pivoter_repo/research/r1_skyline_index_20260918/../r1_terminal_20260918/../r1_orderreplay_20260917/active/../../r1_fullrange_20260917/../r1_tworoads_20260917/stream/stream.hpp:3,
                 from /data/wenqianz/pivoter_repo/research/r1_skyline_index_20260918/../r1_terminal_20260918/../r1_orderreplay_20260917/active/../../r1_fullrange_20260917/generated.hpp:3,
                 from /data/wenqianz/pivoter_repo/research/r1_skyline_index_20260918/../r1_terminal_20260918/../r1_orderreplay_20260917/active/../order.hpp:3,
                 from /data/wenqianz/pivoter_repo/research/r1_skyline_index_20260918/../r1_terminal_20260918/../r1_orderreplay_20260917/active/active.hpp:3,
                 from /data/wenqianz/pivoter_repo/research/r1_skyline_index_20260918/../r1_terminal_20260918/terminal.hpp:3,
                 from /data/wenqianz/pivoter_repo/research/r1_skyline_index_20260918/common.hpp:6,
                 from /data/wenqianz/pivoter_repo/research/r1_skyline_index_20260918/count.cpp:1,
                 from /data/wenqianz/pivoter_repo/research/r1_skyline_index_20260918/chain_index_tool.cpp:12:
In function ‘void* memcpy(void*, const void*, size_t)’,
    inlined from ‘static double chainindex::Traits<double>::load(const unsigned char*) [with long unsigned int Wb = 16]’ at /data/wenqianz/pivoter_repo/research/r1_skyline_index_20260918/chain_index.hpp:52:174,
    inlined from ‘chainindex::ChainIndex<double>::value(uint32_t, int) const::<lambda(auto:45)> [with auto:45 = std::integral_constant<long unsigned int, 16>]’ at /data/wenqianz/pivoter_repo/research/r1_skyline_index_20260918/chain_index.hpp:112:200,
    inlined from ‘auto chainindex::with_width(unsigned int, F&&) [with F = chainindex::ChainIndex<double>::value(uint32_t, int) const::<lambda(auto:45)>]’ at /data/wenqianz/pivoter_repo/research/r1_skyline_index_20260918/chain_index.hpp:60:81,
    inlined from ‘T chainindex::ChainIndex<T>::value(uint32_t, int) const [with T = double]’ at /data/wenqianz/pivoter_repo/research/r1_skyline_index_20260918/chain_index.hpp:112:122,
    inlined from ‘bench<boost::multiprecision::number<boost::multiprecision::backends::cpp_int_backend<512, 512, boost::multiprecision::unsigned_magnitude, boost::multiprecision::unchecked, void> > >(const Input&, const terminal::Index&, const tailpeel::Prepared*, unsigned int, const string&, double)::<lambda()>’ at /data/wenqianz/pivoter_repo/research/r1_skyline_index_20260918/chain_index_tool.cpp:338:144:
/usr/include/x86_64-linux-gnu/bits/string_fortified.h:29:33: warning: ‘void* __builtin___memcpy_chk(void*, const void*, long unsigned int, long unsigned int)’ forming offset [8, 15] is out of the bounds [0, 8] of object ‘u’ with type ‘uint64_t’ {aka ‘long unsigned int’} [-Warray-bounds]
   29 |   return __builtin___memcpy_chk (__dest, __src, __len,
      |          ~~~~~~~~~~~~~~~~~~~~~~~^~~~~~~~~~~~~~~~~~~~~~
   30 |                                  __glibc_objsize0 (__dest));
      |                                  ~~~~~~~~~~~~~~~~~~~~~~~~~~
In file included from /data/wenqianz/pivoter_repo/research/r1_skyline_index_20260918/chain_index_tool.cpp:14:
/data/wenqianz/pivoter_repo/research/r1_skyline_index_20260918/chain_index.hpp: In lambda function:
/data/wenqianz/pivoter_repo/research/r1_skyline_index_20260918/chain_index.hpp:52:156: note: ‘u’ declared here
   52 |     template<size_t Wb> static double load(const unsigned char* p) { if constexpr (Wb == 8) { double x; std::memcpy(&x, p, 8); return x; } else { uint64_t u = 0; std::memcpy(&u, p, Wb); return static_cast<double>(u); } }
      |                                                                                                                                                            ^
In file included from /usr/include/string.h:535,
                 from /usr/include/boost/range/detail/implementation_help.hpp:18,
                 from /usr/include/boost/range/end.hpp:20,
                 from /usr/include/boost/range/functions.hpp:19,
                 from /usr/include/boost/range/iterator_range_core.hpp:38,
                 from /usr/include/boost/lexical_cast.hpp:30,
                 from /usr/include/boost/multiprecision/detail/number_base.hpp:20,
                 from /usr/include/boost/multiprecision/traits/is_variable_precision.hpp:10,
                 from /usr/include/boost/multiprecision/detail/precision.hpp:9,
                 from /usr/include/boost/multiprecision/number.hpp:25,
                 from /usr/include/boost/multiprecision/cpp_int.hpp:12,
                 from /data/wenqianz/pivoter_repo/research/r1_skyline_index_20260918/../r1_terminal_20260918/../r1_orderreplay_20260917/active/../../r1_fullrange_20260917/../r1_tworoads_20260917/stream/../../r1_bottomup_20260917/../r1_sizesplit_20260917/../r1_floorbatch_20260916/../r1_envelopecore_20260916/envelope.hpp:4,
                 from /data/wenqianz/pivoter_repo/research/r1_skyline_index_20260918/../r1_terminal_20260918/../r1_orderreplay_20260917/active/../../r1_fullrange_20260917/../r1_tworoads_20260917/stream/../../r1_bottomup_20260917/../r1_sizesplit_20260917/../r1_floorbatch_20260916/floor.hpp:3,
                 from /data/wenqianz/pivoter_repo/research/r1_skyline_index_20260918/../r1_terminal_20260918/../r1_orderreplay_20260917/active/../../r1_fullrange_20260917/../r1_tworoads_20260917/stream/../../r1_bottomup_20260917/../r1_sizesplit_20260917/split.hpp:3,
                 from /data/wenqianz/pivoter_repo/research/r1_skyline_index_20260918/../r1_terminal_20260918/../r1_orderreplay_20260917/active/../../r1_fullrange_20260917/../r1_tworoads_20260917/stream/../../r1_bottomup_20260917/bottomup.hpp:3,
                 from /data/wenqianz/pivoter_repo/research/r1_skyline_index_20260918/../r1_terminal_20260918/../r1_orderreplay_20260917/active/../../r1_fullrange_20260917/../r1_tworoads_20260917/stream/../capped.hpp:3,
                 from /data/wenqianz/pivoter_repo/research/r1_skyline_index_20260918/../r1_terminal_20260918/../r1_orderreplay_20260917/active/../../r1_fullrange_20260917/../r1_tworoads_20260917/stream/../components.hpp:3,
                 from /data/wenqianz/pivoter_repo/research/r1_skyline_index_20260918/../r1_terminal_20260918/../r1_orderreplay_20260917/active/../../r1_fullrange_20260917/../r1_tworoads_20260917/stream/stream.hpp:3,
                 from /data/wenqianz/pivoter_repo/research/r1_skyline_index_20260918/../r1_terminal_20260918/../r1_orderreplay_20260917/active/../../r1_fullrange_20260917/generated.hpp:3,
                 from /data/wenqianz/pivoter_repo/research/r1_skyline_index_20260918/../r1_terminal_20260918/../r1_orderreplay_20260917/active/../order.hpp:3,
                 from /data/wenqianz/pivoter_repo/research/r1_skyline_index_20260918/../r1_terminal_20260918/../r1_orderreplay_20260917/active/active.hpp:3,
                 from /data/wenqianz/pivoter_repo/research/r1_skyline_index_20260918/../r1_terminal_20260918/terminal.hpp:3,
                 from /data/wenqianz/pivoter_repo/research/r1_skyline_index_20260918/common.hpp:6,
                 from /data/wenqianz/pivoter_repo/research/r1_skyline_index_20260918/count.cpp:1,
                 from /data/wenqianz/pivoter_repo/research/r1_skyline_index_20260918/chain_index_tool.cpp:12:
In function ‘void* memcpy(void*, const void*, size_t)’,
    inlined from ‘static double chainindex::Traits<double>::load(const unsigned char*) [with long unsigned int Wb = 32]’ at /data/wenqianz/pivoter_repo/research/r1_skyline_index_20260918/chain_index.hpp:52:174,
    inlined from ‘chainindex::ChainIndex<double>::value(uint32_t, int) const::<lambda(auto:45)> [with auto:45 = std::integral_constant<long unsigned int, 32>]’ at /data/wenqianz/pivoter_repo/research/r1_skyline_index_20260918/chain_index.hpp:112:200,
    inlined from ‘auto chainindex::with_width(unsigned int, F&&) [with F = chainindex::ChainIndex<double>::value(uint32_t, int) const::<lambda(auto:45)>]’ at /data/wenqianz/pivoter_repo/research/r1_skyline_index_20260918/chain_index.hpp:60:138,
    inlined from ‘T chainindex::ChainIndex<T>::value(uint32_t, int) const [with T = double]’ at /data/wenqianz/pivoter_repo/research/r1_skyline_index_20260918/chain_index.hpp:112:122,
    inlined from ‘bench<boost::multiprecision::number<boost::multiprecision::backends::cpp_int_backend<512, 512, boost::multiprecision::unsigned_magnitude, boost::multiprecision::unchecked, void> > >(const Input&, const terminal::Index&, const tailpeel::Prepared*, unsigned int, const string&, double)::<lambda()>’ at /data/wenqianz/pivoter_repo/research/r1_skyline_index_20260918/chain_index_tool.cpp:338:144:
/usr/include/x86_64-linux-gnu/bits/string_fortified.h:29:33: warning: ‘void* __builtin___memcpy_chk(void*, const void*, long unsigned int, long unsigned int)’ forming offset [8, 31] is out of the bounds [0, 8] of object ‘u’ with type ‘uint64_t’ {aka ‘long unsigned int’} [-Warray-bounds]
   29 |   return __builtin___memcpy_chk (__dest, __src, __len,
      |          ~~~~~~~~~~~~~~~~~~~~~~~^~~~~~~~~~~~~~~~~~~~~~
   30 |                                  __glibc_objsize0 (__dest));
      |                                  ~~~~~~~~~~~~~~~~~~~~~~~~~~
In file included from /data/wenqianz/pivoter_repo/research/r1_skyline_index_20260918/chain_index_tool.cpp:14:
/data/wenqianz/pivoter_repo/research/r1_skyline_index_20260918/chain_index.hpp: In lambda function:
/data/wenqianz/pivoter_repo/research/r1_skyline_index_20260918/chain_index.hpp:52:156: note: ‘u’ declared here
   52 |     template<size_t Wb> static double load(const unsigned char* p) { if constexpr (Wb == 8) { double x; std::memcpy(&x, p, 8); return x; } else { uint64_t u = 0; std::memcpy(&u, p, Wb); return static_cast<double>(u); } }
      |                                                                                                                                                            ^
In file included from /usr/include/string.h:535,
                 from /usr/include/boost/range/detail/implementation_help.hpp:18,
                 from /usr/include/boost/range/end.hpp:20,
                 from /usr/include/boost/range/functions.hpp:19,
                 from /usr/include/boost/range/iterator_range_core.hpp:38,
                 from /usr/include/boost/lexical_cast.hpp:30,
                 from /usr/include/boost/multiprecision/detail/number_base.hpp:20,
                 from /usr/include/boost/multiprecision/traits/is_variable_precision.hpp:10,
                 from /usr/include/boost/multiprecision/detail/precision.hpp:9,
                 from /usr/include/boost/multiprecision/number.hpp:25,
                 from /usr/include/boost/multiprecision/cpp_int.hpp:12,
                 from /data/wenqianz/pivoter_repo/research/r1_skyline_index_20260918/../r1_terminal_20260918/../r1_orderreplay_20260917/active/../../r1_fullrange_20260917/../r1_tworoads_20260917/stream/../../r1_bottomup_20260917/../r1_sizesplit_20260917/../r1_floorbatch_20260916/../r1_envelopecore_20260916/envelope.hpp:4,
                 from /data/wenqianz/pivoter_repo/research/r1_skyline_index_20260918/../r1_terminal_20260918/../r1_orderreplay_20260917/active/../../r1_fullrange_20260917/../r1_tworoads_20260917/stream/../../r1_bottomup_20260917/../r1_sizesplit_20260917/../r1_floorbatch_20260916/floor.hpp:3,
                 from /data/wenqianz/pivoter_repo/research/r1_skyline_index_20260918/../r1_terminal_20260918/../r1_orderreplay_20260917/active/../../r1_fullrange_20260917/../r1_tworoads_20260917/stream/../../r1_bottomup_20260917/../r1_sizesplit_20260917/split.hpp:3,
                 from /data/wenqianz/pivoter_repo/research/r1_skyline_index_20260918/../r1_terminal_20260918/../r1_orderreplay_20260917/active/../../r1_fullrange_20260917/../r1_tworoads_20260917/stream/../../r1_bottomup_20260917/bottomup.hpp:3,
                 from /data/wenqianz/pivoter_repo/research/r1_skyline_index_20260918/../r1_terminal_20260918/../r1_orderreplay_20260917/active/../../r1_fullrange_20260917/../r1_tworoads_20260917/stream/../capped.hpp:3,
                 from /data/wenqianz/pivoter_repo/research/r1_skyline_index_20260918/../r1_terminal_20260918/../r1_orderreplay_20260917/active/../../r1_fullrange_20260917/../r1_tworoads_20260917/stream/../components.hpp:3,
                 from /data/wenqianz/pivoter_repo/research/r1_skyline_index_20260918/../r1_terminal_20260918/../r1_orderreplay_20260917/active/../../r1_fullrange_20260917/../r1_tworoads_20260917/stream/stream.hpp:3,
                 from /data/wenqianz/pivoter_repo/research/r1_skyline_index_20260918/../r1_terminal_20260918/../r1_orderreplay_20260917/active/../../r1_fullrange_20260917/generated.hpp:3,
                 from /data/wenqianz/pivoter_repo/research/r1_skyline_index_20260918/../r1_terminal_20260918/../r1_orderreplay_20260917/active/../order.hpp:3,
                 from /data/wenqianz/pivoter_repo/research/r1_skyline_index_20260918/../r1_terminal_20260918/../r1_orderreplay_20260917/active/active.hpp:3,
                 from /data/wenqianz/pivoter_repo/research/r1_skyline_index_20260918/../r1_terminal_20260918/terminal.hpp:3,
                 from /data/wenqianz/pivoter_repo/research/r1_skyline_index_20260918/common.hpp:6,
                 from /data/wenqianz/pivoter_repo/research/r1_skyline_index_20260918/count.cpp:1,
                 from /data/wenqianz/pivoter_repo/research/r1_skyline_index_20260918/chain_index_tool.cpp:12:
In function ‘void* memcpy(void*, const void*, size_t)’,
    inlined from ‘static double chainindex::Traits<double>::load(const unsigned char*) [with long unsigned int Wb = 64]’ at /data/wenqianz/pivoter_repo/research/r1_skyline_index_20260918/chain_index.hpp:52:174,
    inlined from ‘chainindex::ChainIndex<double>::value(uint32_t, int) const::<lambda(auto:45)> [with auto:45 = std::integral_constant<long unsigned int, 64>]’ at /data/wenqianz/pivoter_repo/research/r1_skyline_index_20260918/chain_index.hpp:112:200,
    inlined from ‘auto chainindex::with_width(unsigned int, F&&) [with F = chainindex::ChainIndex<double>::value(uint32_t, int) const::<lambda(auto:45)>]’ at /data/wenqianz/pivoter_repo/research/r1_skyline_index_20260918/chain_index.hpp:61:26,
    inlined from ‘T chainindex::ChainIndex<T>::value(uint32_t, int) const [with T = double]’ at /data/wenqianz/pivoter_repo/research/r1_skyline_index_20260918/chain_index.hpp:112:122,
    inlined from ‘bench<boost::multiprecision::number<boost::multiprecision::backends::cpp_int_backend<512, 512, boost::multiprecision::unsigned_magnitude, boost::multiprecision::unchecked, void> > >(const Input&, const terminal::Index&, const tailpeel::Prepared*, unsigned int, const string&, double)::<lambda()>’ at /data/wenqianz/pivoter_repo/research/r1_skyline_index_20260918/chain_index_tool.cpp:338:144:
/usr/include/x86_64-linux-gnu/bits/string_fortified.h:29:33: warning: ‘void* __builtin___memcpy_chk(void*, const void*, long unsigned int, long unsigned int)’ forming offset [8, 63] is out of the bounds [0, 8] of object ‘u’ with type ‘uint64_t’ {aka ‘long unsigned int’} [-Warray-bounds]
   29 |   return __builtin___memcpy_chk (__dest, __src, __len,
      |          ~~~~~~~~~~~~~~~~~~~~~~~^~~~~~~~~~~~~~~~~~~~~~
   30 |                                  __glibc_objsize0 (__dest));
      |                                  ~~~~~~~~~~~~~~~~~~~~~~~~~~
In file included from /data/wenqianz/pivoter_repo/research/r1_skyline_index_20260918/chain_index_tool.cpp:14:
/data/wenqianz/pivoter_repo/research/r1_skyline_index_20260918/chain_index.hpp: In lambda function:
/data/wenqianz/pivoter_repo/research/r1_skyline_index_20260918/chain_index.hpp:52:156: note: ‘u’ declared here
   52 |     template<size_t Wb> static double load(const unsigned char* p) { if constexpr (Wb == 8) { double x; std::memcpy(&x, p, 8); return x; } else { uint64_t u = 0; std::memcpy(&u, p, Wb); return static_cast<double>(u); } }
      |                                                                                                                                                            ^
In file included from /usr/include/string.h:535,
                 from /usr/include/boost/range/detail/implementation_help.hpp:18,
                 from /usr/include/boost/range/end.hpp:20,
                 from /usr/include/boost/range/functions.hpp:19,
                 from /usr/include/boost/range/iterator_range_core.hpp:38,
                 from /usr/include/boost/lexical_cast.hpp:30,
                 from /usr/include/boost/multiprecision/detail/number_base.hpp:20,
                 from /usr/include/boost/multiprecision/traits/is_variable_precision.hpp:10,
                 from /usr/include/boost/multiprecision/detail/precision.hpp:9,
                 from /usr/include/boost/multiprecision/number.hpp:25,
                 from /usr/include/boost/multiprecision/cpp_int.hpp:12,
                 from /data/wenqianz/pivoter_repo/research/r1_skyline_index_20260918/../r1_terminal_20260918/../r1_orderreplay_20260917/active/../../r1_fullrange_20260917/../r1_tworoads_20260917/stream/../../r1_bottomup_20260917/../r1_sizesplit_20260917/../r1_floorbatch_20260916/../r1_envelopecore_20260916/envelope.hpp:4,
                 from /data/wenqianz/pivoter_repo/research/r1_skyline_index_20260918/../r1_terminal_20260918/../r1_orderreplay_20260917/active/../../r1_fullrange_20260917/../r1_tworoads_20260917/stream/../../r1_bottomup_20260917/../r1_sizesplit_20260917/../r1_floorbatch_20260916/floor.hpp:3,
                 from /data/wenqianz/pivoter_repo/research/r1_skyline_index_20260918/../r1_terminal_20260918/../r1_orderreplay_20260917/active/../../r1_fullrange_20260917/../r1_tworoads_20260917/stream/../../r1_bottomup_20260917/../r1_sizesplit_20260917/split.hpp:3,
                 from /data/wenqianz/pivoter_repo/research/r1_skyline_index_20260918/../r1_terminal_20260918/../r1_orderreplay_20260917/active/../../r1_fullrange_20260917/../r1_tworoads_20260917/stream/../../r1_bottomup_20260917/bottomup.hpp:3,
                 from /data/wenqianz/pivoter_repo/research/r1_skyline_index_20260918/../r1_terminal_20260918/../r1_orderreplay_20260917/active/../../r1_fullrange_20260917/../r1_tworoads_20260917/stream/../capped.hpp:3,
                 from /data/wenqianz/pivoter_repo/research/r1_skyline_index_20260918/../r1_terminal_20260918/../r1_orderreplay_20260917/active/../../r1_fullrange_20260917/../r1_tworoads_20260917/stream/../components.hpp:3,
                 from /data/wenqianz/pivoter_repo/research/r1_skyline_index_20260918/../r1_terminal_20260918/../r1_orderreplay_20260917/active/../../r1_fullrange_20260917/../r1_tworoads_20260917/stream/stream.hpp:3,
                 from /data/wenqianz/pivoter_repo/research/r1_skyline_index_20260918/../r1_terminal_20260918/../r1_orderreplay_20260917/active/../../r1_fullrange_20260917/generated.hpp:3,
                 from /data/wenqianz/pivoter_repo/research/r1_skyline_index_20260918/../r1_terminal_20260918/../r1_orderreplay_20260917/active/../order.hpp:3,
                 from /data/wenqianz/pivoter_repo/research/r1_skyline_index_20260918/../r1_terminal_20260918/../r1_orderreplay_20260917/active/active.hpp:3,
                 from /data/wenqianz/pivoter_repo/research/r1_skyline_index_20260918/../r1_terminal_20260918/terminal.hpp:3,
                 from /data/wenqianz/pivoter_repo/research/r1_skyline_index_20260918/common.hpp:6,
                 from /data/wenqianz/pivoter_repo/research/r1_skyline_index_20260918/count.cpp:1,
                 from /data/wenqianz/pivoter_repo/research/r1_skyline_index_20260918/chain_index_tool.cpp:12:
In function ‘void* memcpy(void*, const void*, size_t)’,
    inlined from ‘static double chainindex::Traits<double>::load(const unsigned char*) [with long unsigned int Wb = 16]’ at /data/wenqianz/pivoter_repo/research/r1_skyline_index_20260918/chain_index.hpp:52:174,
    inlined from ‘chainindex::ChainIndex<double>::value(uint32_t, int) const::<lambda(auto:45)> [with auto:45 = std::integral_constant<long unsigned int, 16>]’ at /data/wenqianz/pivoter_repo/research/r1_skyline_index_20260918/chain_index.hpp:112:200,
    inlined from ‘auto chainindex::with_width(unsigned int, F&&) [with F = chainindex::ChainIndex<double>::value(uint32_t, int) const::<lambda(auto:45)>]’ at /data/wenqianz/pivoter_repo/research/r1_skyline_index_20260918/chain_index.hpp:60:81,
    inlined from ‘T chainindex::ChainIndex<T>::value(uint32_t, int) const [with T = double]’ at /data/wenqianz/pivoter_repo/research/r1_skyline_index_20260918/chain_index.hpp:112:122,
    inlined from ‘bench<boost::multiprecision::number<boost::multiprecision::backends::cpp_int_backend<256, 256, boost::multiprecision::unsigned_magnitude, boost::multiprecision::unchecked, void> > >(const Input&, const terminal::Index&, const tailpeel::Prepared*, unsigned int, const string&, double)::<lambda()>’ at /data/wenqianz/pivoter_repo/research/r1_skyline_index_20260918/chain_index_tool.cpp:338:144:
/usr/include/x86_64-linux-gnu/bits/string_fortified.h:29:33: warning: ‘void* __builtin___memcpy_chk(void*, const void*, long unsigned int, long unsigned int)’ forming offset [8, 15] is out of the bounds [0, 8] of object ‘u’ with type ‘uint64_t’ {aka ‘long unsigned int’} [-Warray-bounds]
   29 |   return __builtin___memcpy_chk (__dest, __src, __len,
      |          ~~~~~~~~~~~~~~~~~~~~~~~^~~~~~~~~~~~~~~~~~~~~~
   30 |                                  __glibc_objsize0 (__dest));
      |                                  ~~~~~~~~~~~~~~~~~~~~~~~~~~
In file included from /data/wenqianz/pivoter_repo/research/r1_skyline_index_20260918/chain_index_tool.cpp:14:
/data/wenqianz/pivoter_repo/research/r1_skyline_index_20260918/chain_index.hpp: In lambda function:
/data/wenqianz/pivoter_repo/research/r1_skyline_index_20260918/chain_index.hpp:52:156: note: ‘u’ declared here
   52 |     template<size_t Wb> static double load(const unsigned char* p) { if constexpr (Wb == 8) { double x; std::memcpy(&x, p, 8); return x; } else { uint64_t u = 0; std::memcpy(&u, p, Wb); return static_cast<double>(u); } }
      |                                                                                                                                                            ^
In file included from /usr/include/string.h:535,
                 from /usr/include/boost/range/detail/implementation_help.hpp:18,
                 from /usr/include/boost/range/end.hpp:20,
                 from /usr/include/boost/range/functions.hpp:19,
                 from /usr/include/boost/range/iterator_range_core.hpp:38,
                 from /usr/include/boost/lexical_cast.hpp:30,
                 from /usr/include/boost/multiprecision/detail/number_base.hpp:20,
                 from /usr/include/boost/multiprecision/traits/is_variable_precision.hpp:10,
                 from /usr/include/boost/multiprecision/detail/precision.hpp:9,
                 from /usr/include/boost/multiprecision/number.hpp:25,
                 from /usr/include/boost/multiprecision/cpp_int.hpp:12,
                 from /data/wenqianz/pivoter_repo/research/r1_skyline_index_20260918/../r1_terminal_20260918/../r1_orderreplay_20260917/active/../../r1_fullrange_20260917/../r1_tworoads_20260917/stream/../../r1_bottomup_20260917/../r1_sizesplit_20260917/../r1_floorbatch_20260916/../r1_envelopecore_20260916/envelope.hpp:4,
                 from /data/wenqianz/pivoter_repo/research/r1_skyline_index_20260918/../r1_terminal_20260918/../r1_orderreplay_20260917/active/../../r1_fullrange_20260917/../r1_tworoads_20260917/stream/../../r1_bottomup_20260917/../r1_sizesplit_20260917/../r1_floorbatch_20260916/floor.hpp:3,
                 from /data/wenqianz/pivoter_repo/research/r1_skyline_index_20260918/../r1_terminal_20260918/../r1_orderreplay_20260917/active/../../r1_fullrange_20260917/../r1_tworoads_20260917/stream/../../r1_bottomup_20260917/../r1_sizesplit_20260917/split.hpp:3,
                 from /data/wenqianz/pivoter_repo/research/r1_skyline_index_20260918/../r1_terminal_20260918/../r1_orderreplay_20260917/active/../../r1_fullrange_20260917/../r1_tworoads_20260917/stream/../../r1_bottomup_20260917/bottomup.hpp:3,
                 from /data/wenqianz/pivoter_repo/research/r1_skyline_index_20260918/../r1_terminal_20260918/../r1_orderreplay_20260917/active/../../r1_fullrange_20260917/../r1_tworoads_20260917/stream/../capped.hpp:3,
                 from /data/wenqianz/pivoter_repo/research/r1_skyline_index_20260918/../r1_terminal_20260918/../r1_orderreplay_20260917/active/../../r1_fullrange_20260917/../r1_tworoads_20260917/stream/../components.hpp:3,
                 from /data/wenqianz/pivoter_repo/research/r1_skyline_index_20260918/../r1_terminal_20260918/../r1_orderreplay_20260917/active/../../r1_fullrange_20260917/../r1_tworoads_20260917/stream/stream.hpp:3,
                 from /data/wenqianz/pivoter_repo/research/r1_skyline_index_20260918/../r1_terminal_20260918/../r1_orderreplay_20260917/active/../../r1_fullrange_20260917/generated.hpp:3,
                 from /data/wenqianz/pivoter_repo/research/r1_skyline_index_20260918/../r1_terminal_20260918/../r1_orderreplay_20260917/active/../order.hpp:3,
                 from /data/wenqianz/pivoter_repo/research/r1_skyline_index_20260918/../r1_terminal_20260918/../r1_orderreplay_20260917/active/active.hpp:3,
                 from /data/wenqianz/pivoter_repo/research/r1_skyline_index_20260918/../r1_terminal_20260918/terminal.hpp:3,
                 from /data/wenqianz/pivoter_repo/research/r1_skyline_index_20260918/common.hpp:6,
                 from /data/wenqianz/pivoter_repo/research/r1_skyline_index_20260918/count.cpp:1,
                 from /data/wenqianz/pivoter_repo/research/r1_skyline_index_20260918/chain_index_tool.cpp:12:
In function ‘void* memcpy(void*, const void*, size_t)’,
    inlined from ‘static double chainindex::Traits<double>::load(const unsigned char*) [with long unsigned int Wb = 32]’ at /data/wenqianz/pivoter_repo/research/r1_skyline_index_20260918/chain_index.hpp:52:174,
    inlined from ‘chainindex::ChainIndex<double>::value(uint32_t, int) const::<lambda(auto:45)> [with auto:45 = std::integral_constant<long unsigned int, 32>]’ at /data/wenqianz/pivoter_repo/research/r1_skyline_index_20260918/chain_index.hpp:112:200,
    inlined from ‘auto chainindex::with_width(unsigned int, F&&) [with F = chainindex::ChainIndex<double>::value(uint32_t, int) const::<lambda(auto:45)>]’ at /data/wenqianz/pivoter_repo/research/r1_skyline_index_20260918/chain_index.hpp:60:138,
    inlined from ‘T chainindex::ChainIndex<T>::value(uint32_t, int) const [with T = double]’ at /data/wenqianz/pivoter_repo/research/r1_skyline_index_20260918/chain_index.hpp:112:122,
    inlined from ‘bench<boost::multiprecision::number<boost::multiprecision::backends::cpp_int_backend<256, 256, boost::multiprecision::unsigned_magnitude, boost::multiprecision::unchecked, void> > >(const Input&, const terminal::Index&, const tailpeel::Prepared*, unsigned int, const string&, double)::<lambda()>’ at /data/wenqianz/pivoter_repo/research/r1_skyline_index_20260918/chain_index_tool.cpp:338:144:
/usr/include/x86_64-linux-gnu/bits/string_fortified.h:29:33: warning: ‘void* __builtin___memcpy_chk(void*, const void*, long unsigned int, long unsigned int)’ forming offset [8, 31] is out of the bounds [0, 8] of object ‘u’ with type ‘uint64_t’ {aka ‘long unsigned int’} [-Warray-bounds]
   29 |   return __builtin___memcpy_chk (__dest, __src, __len,
      |          ~~~~~~~~~~~~~~~~~~~~~~~^~~~~~~~~~~~~~~~~~~~~~
   30 |                                  __glibc_objsize0 (__dest));
      |                                  ~~~~~~~~~~~~~~~~~~~~~~~~~~
In file included from /data/wenqianz/pivoter_repo/research/r1_skyline_index_20260918/chain_index_tool.cpp:14:
/data/wenqianz/pivoter_repo/research/r1_skyline_index_20260918/chain_index.hpp: In lambda function:
/data/wenqianz/pivoter_repo/research/r1_skyline_index_20260918/chain_index.hpp:52:156: note: ‘u’ declared here
   52 |     template<size_t Wb> static double load(const unsigned char* p) { if constexpr (Wb == 8) { double x; std::memcpy(&x, p, 8); return x; } else { uint64_t u = 0; std::memcpy(&u, p, Wb); return static_cast<double>(u); } }
      |                                                                                                                                                            ^
In file included from /usr/include/string.h:535,
                 from /usr/include/boost/range/detail/implementation_help.hpp:18,
                 from /usr/include/boost/range/end.hpp:20,
                 from /usr/include/boost/range/functions.hpp:19,
                 from /usr/include/boost/range/iterator_range_core.hpp:38,
                 from /usr/include/boost/lexical_cast.hpp:30,
                 from /usr/include/boost/multiprecision/detail/number_base.hpp:20,
                 from /usr/include/boost/multiprecision/traits/is_variable_precision.hpp:10,
                 from /usr/include/boost/multiprecision/detail/precision.hpp:9,
                 from /usr/include/boost/multiprecision/number.hpp:25,
                 from /usr/include/boost/multiprecision/cpp_int.hpp:12,
                 from /data/wenqianz/pivoter_repo/research/r1_skyline_index_20260918/../r1_terminal_20260918/../r1_orderreplay_20260917/active/../../r1_fullrange_20260917/../r1_tworoads_20260917/stream/../../r1_bottomup_20260917/../r1_sizesplit_20260917/../r1_floorbatch_20260916/../r1_envelopecore_20260916/envelope.hpp:4,
                 from /data/wenqianz/pivoter_repo/research/r1_skyline_index_20260918/../r1_terminal_20260918/../r1_orderreplay_20260917/active/../../r1_fullrange_20260917/../r1_tworoads_20260917/stream/../../r1_bottomup_20260917/../r1_sizesplit_20260917/../r1_floorbatch_20260916/floor.hpp:3,
                 from /data/wenqianz/pivoter_repo/research/r1_skyline_index_20260918/../r1_terminal_20260918/../r1_orderreplay_20260917/active/../../r1_fullrange_20260917/../r1_tworoads_20260917/stream/../../r1_bottomup_20260917/../r1_sizesplit_20260917/split.hpp:3,
                 from /data/wenqianz/pivoter_repo/research/r1_skyline_index_20260918/../r1_terminal_20260918/../r1_orderreplay_20260917/active/../../r1_fullrange_20260917/../r1_tworoads_20260917/stream/../../r1_bottomup_20260917/bottomup.hpp:3,
                 from /data/wenqianz/pivoter_repo/research/r1_skyline_index_20260918/../r1_terminal_20260918/../r1_orderreplay_20260917/active/../../r1_fullrange_20260917/../r1_tworoads_20260917/stream/../capped.hpp:3,
                 from /data/wenqianz/pivoter_repo/research/r1_skyline_index_20260918/../r1_terminal_20260918/../r1_orderreplay_20260917/active/../../r1_fullrange_20260917/../r1_tworoads_20260917/stream/../components.hpp:3,
                 from /data/wenqianz/pivoter_repo/research/r1_skyline_index_20260918/../r1_terminal_20260918/../r1_orderreplay_20260917/active/../../r1_fullrange_20260917/../r1_tworoads_20260917/stream/stream.hpp:3,
                 from /data/wenqianz/pivoter_repo/research/r1_skyline_index_20260918/../r1_terminal_20260918/../r1_orderreplay_20260917/active/../../r1_fullrange_20260917/generated.hpp:3,
                 from /data/wenqianz/pivoter_repo/research/r1_skyline_index_20260918/../r1_terminal_20260918/../r1_orderreplay_20260917/active/../order.hpp:3,
                 from /data/wenqianz/pivoter_repo/research/r1_skyline_index_20260918/../r1_terminal_20260918/../r1_orderreplay_20260917/active/active.hpp:3,
                 from /data/wenqianz/pivoter_repo/research/r1_skyline_index_20260918/../r1_terminal_20260918/terminal.hpp:3,
                 from /data/wenqianz/pivoter_repo/research/r1_skyline_index_20260918/common.hpp:6,
                 from /data/wenqianz/pivoter_repo/research/r1_skyline_index_20260918/count.cpp:1,
                 from /data/wenqianz/pivoter_repo/research/r1_skyline_index_20260918/chain_index_tool.cpp:12:
In function ‘void* memcpy(void*, const void*, size_t)’,
    inlined from ‘static double chainindex::Traits<double>::load(const unsigned char*) [with long unsigned int Wb = 64]’ at /data/wenqianz/pivoter_repo/research/r1_skyline_index_20260918/chain_index.hpp:52:174,
    inlined from ‘chainindex::ChainIndex<double>::value(uint32_t, int) const::<lambda(auto:45)> [with auto:45 = std::integral_constant<long unsigned int, 64>]’ at /data/wenqianz/pivoter_repo/research/r1_skyline_index_20260918/chain_index.hpp:112:200,
    inlined from ‘auto chainindex::with_width(unsigned int, F&&) [with F = chainindex::ChainIndex<double>::value(uint32_t, int) const::<lambda(auto:45)>]’ at /data/wenqianz/pivoter_repo/research/r1_skyline_index_20260918/chain_index.hpp:61:26,
    inlined from ‘T chainindex::ChainIndex<T>::value(uint32_t, int) const [with T = double]’ at /data/wenqianz/pivoter_repo/research/r1_skyline_index_20260918/chain_index.hpp:112:122,
    inlined from ‘bench<boost::multiprecision::number<boost::multiprecision::backends::cpp_int_backend<256, 256, boost::multiprecision::unsigned_magnitude, boost::multiprecision::unchecked, void> > >(const Input&, const terminal::Index&, const tailpeel::Prepared*, unsigned int, const string&, double)::<lambda()>’ at /data/wenqianz/pivoter_repo/research/r1_skyline_index_20260918/chain_index_tool.cpp:338:144:
/usr/include/x86_64-linux-gnu/bits/string_fortified.h:29:33: warning: ‘void* __builtin___memcpy_chk(void*, const void*, long unsigned int, long unsigned int)’ forming offset [8, 63] is out of the bounds [0, 8] of object ‘u’ with type ‘uint64_t’ {aka ‘long unsigned int’} [-Warray-bounds]
   29 |   return __builtin___memcpy_chk (__dest, __src, __len,
      |          ~~~~~~~~~~~~~~~~~~~~~~~^~~~~~~~~~~~~~~~~~~~~~
   30 |                                  __glibc_objsize0 (__dest));
      |                                  ~~~~~~~~~~~~~~~~~~~~~~~~~~
In file included from /data/wenqianz/pivoter_repo/research/r1_skyline_index_20260918/chain_index_tool.cpp:14:
/data/wenqianz/pivoter_repo/research/r1_skyline_index_20260918/chain_index.hpp: In lambda function:
/data/wenqianz/pivoter_repo/research/r1_skyline_index_20260918/chain_index.hpp:52:156: note: ‘u’ declared here
   52 |     template<size_t Wb> static double load(const unsigned char* p) { if constexpr (Wb == 8) { double x; std::memcpy(&x, p, 8); return x; } else { uint64_t u = 0; std::memcpy(&u, p, Wb); return static_cast<double>(u); } }
      |                                                                                                                                                            ^
In file included from /usr/include/string.h:535,
                 from /usr/include/boost/range/detail/implementation_help.hpp:18,
                 from /usr/include/boost/range/end.hpp:20,
                 from /usr/include/boost/range/functions.hpp:19,
                 from /usr/include/boost/range/iterator_range_core.hpp:38,
                 from /usr/include/boost/lexical_cast.hpp:30,
                 from /usr/include/boost/multiprecision/detail/number_base.hpp:20,
                 from /usr/include/boost/multiprecision/traits/is_variable_precision.hpp:10,
                 from /usr/include/boost/multiprecision/detail/precision.hpp:9,
                 from /usr/include/boost/multiprecision/number.hpp:25,
                 from /usr/include/boost/multiprecision/cpp_int.hpp:12,
                 from /data/wenqianz/pivoter_repo/research/r1_skyline_index_20260918/../r1_terminal_20260918/../r1_orderreplay_20260917/active/../../r1_fullrange_20260917/../r1_tworoads_20260917/stream/../../r1_bottomup_20260917/../r1_sizesplit_20260917/../r1_floorbatch_20260916/../r1_envelopecore_20260916/envelope.hpp:4,
                 from /data/wenqianz/pivoter_repo/research/r1_skyline_index_20260918/../r1_terminal_20260918/../r1_orderreplay_20260917/active/../../r1_fullrange_20260917/../r1_tworoads_20260917/stream/../../r1_bottomup_20260917/../r1_sizesplit_20260917/../r1_floorbatch_20260916/floor.hpp:3,
                 from /data/wenqianz/pivoter_repo/research/r1_skyline_index_20260918/../r1_terminal_20260918/../r1_orderreplay_20260917/active/../../r1_fullrange_20260917/../r1_tworoads_20260917/stream/../../r1_bottomup_20260917/../r1_sizesplit_20260917/split.hpp:3,
                 from /data/wenqianz/pivoter_repo/research/r1_skyline_index_20260918/../r1_terminal_20260918/../r1_orderreplay_20260917/active/../../r1_fullrange_20260917/../r1_tworoads_20260917/stream/../../r1_bottomup_20260917/bottomup.hpp:3,
                 from /data/wenqianz/pivoter_repo/research/r1_skyline_index_20260918/../r1_terminal_20260918/../r1_orderreplay_20260917/active/../../r1_fullrange_20260917/../r1_tworoads_20260917/stream/../capped.hpp:3,
                 from /data/wenqianz/pivoter_repo/research/r1_skyline_index_20260918/../r1_terminal_20260918/../r1_orderreplay_20260917/active/../../r1_fullrange_20260917/../r1_tworoads_20260917/stream/../components.hpp:3,
                 from /data/wenqianz/pivoter_repo/research/r1_skyline_index_20260918/../r1_terminal_20260918/../r1_orderreplay_20260917/active/../../r1_fullrange_20260917/../r1_tworoads_20260917/stream/stream.hpp:3,
                 from /data/wenqianz/pivoter_repo/research/r1_skyline_index_20260918/../r1_terminal_20260918/../r1_orderreplay_20260917/active/../../r1_fullrange_20260917/generated.hpp:3,
                 from /data/wenqianz/pivoter_repo/research/r1_skyline_index_20260918/../r1_terminal_20260918/../r1_orderreplay_20260917/active/../order.hpp:3,
                 from /data/wenqianz/pivoter_repo/research/r1_skyline_index_20260918/../r1_terminal_20260918/../r1_orderreplay_20260917/active/active.hpp:3,
                 from /data/wenqianz/pivoter_repo/research/r1_skyline_index_20260918/../r1_terminal_20260918/terminal.hpp:3,
                 from /data/wenqianz/pivoter_repo/research/r1_skyline_index_20260918/common.hpp:6,
                 from /data/wenqianz/pivoter_repo/research/r1_skyline_index_20260918/count.cpp:1,
                 from /data/wenqianz/pivoter_repo/research/r1_skyline_index_20260918/chain_index_tool.cpp:12:
In function ‘void* memcpy(void*, const void*, size_t)’,
    inlined from ‘static double chainindex::Traits<double>::load(const unsigned char*) [with long unsigned int Wb = 16]’ at /data/wenqianz/pivoter_repo/research/r1_skyline_index_20260918/chain_index.hpp:52:174,
    inlined from ‘chainindex::ChainIndex<double>::value(uint32_t, int) const::<lambda(auto:45)> [with auto:45 = std::integral_constant<long unsigned int, 16>]’ at /data/wenqianz/pivoter_repo/research/r1_skyline_index_20260918/chain_index.hpp:112:200,
    inlined from ‘auto chainindex::with_width(unsigned int, F&&) [with F = chainindex::ChainIndex<double>::value(uint32_t, int) const::<lambda(auto:45)>]’ at /data/wenqianz/pivoter_repo/research/r1_skyline_index_20260918/chain_index.hpp:60:81,
    inlined from ‘T chainindex::ChainIndex<T>::value(uint32_t, int) const [with T = double]’ at /data/wenqianz/pivoter_repo/research/r1_skyline_index_20260918/chain_index.hpp:112:122,
    inlined from ‘bench<long unsigned int>(const Input&, const terminal::Index&, const tailpeel::Prepared*, unsigned int, const string&, double)::<lambda()>’ at /data/wenqianz/pivoter_repo/research/r1_skyline_index_20260918/chain_index_tool.cpp:338:144:
/usr/include/x86_64-linux-gnu/bits/string_fortified.h:29:33: warning: ‘void* __builtin___memcpy_chk(void*, const void*, long unsigned int, long unsigned int)’ forming offset [8, 15] is out of the bounds [0, 8] of object ‘u’ with type ‘uint64_t’ {aka ‘long unsigned int’} [-Warray-bounds]
   29 |   return __builtin___memcpy_chk (__dest, __src, __len,
      |          ~~~~~~~~~~~~~~~~~~~~~~~^~~~~~~~~~~~~~~~~~~~~~
   30 |                                  __glibc_objsize0 (__dest));
      |                                  ~~~~~~~~~~~~~~~~~~~~~~~~~~
In file included from /data/wenqianz/pivoter_repo/research/r1_skyline_index_20260918/chain_index_tool.cpp:14:
/data/wenqianz/pivoter_repo/research/r1_skyline_index_20260918/chain_index.hpp: In lambda function:
/data/wenqianz/pivoter_repo/research/r1_skyline_index_20260918/chain_index.hpp:52:156: note: ‘u’ declared here
   52 |     template<size_t Wb> static double load(const unsigned char* p) { if constexpr (Wb == 8) { double x; std::memcpy(&x, p, 8); return x; } else { uint64_t u = 0; std::memcpy(&u, p, Wb); return static_cast<double>(u); } }
      |                                                                                                                                                            ^
In file included from /usr/include/string.h:535,
                 from /usr/include/boost/range/detail/implementation_help.hpp:18,
                 from /usr/include/boost/range/end.hpp:20,
                 from /usr/include/boost/range/functions.hpp:19,
                 from /usr/include/boost/range/iterator_range_core.hpp:38,
                 from /usr/include/boost/lexical_cast.hpp:30,
                 from /usr/include/boost/multiprecision/detail/number_base.hpp:20,
                 from /usr/include/boost/multiprecision/traits/is_variable_precision.hpp:10,
                 from /usr/include/boost/multiprecision/detail/precision.hpp:9,
                 from /usr/include/boost/multiprecision/number.hpp:25,
                 from /usr/include/boost/multiprecision/cpp_int.hpp:12,
                 from /data/wenqianz/pivoter_repo/research/r1_skyline_index_20260918/../r1_terminal_20260918/../r1_orderreplay_20260917/active/../../r1_fullrange_20260917/../r1_tworoads_20260917/stream/../../r1_bottomup_20260917/../r1_sizesplit_20260917/../r1_floorbatch_20260916/../r1_envelopecore_20260916/envelope.hpp:4,
                 from /data/wenqianz/pivoter_repo/research/r1_skyline_index_20260918/../r1_terminal_20260918/../r1_orderreplay_20260917/active/../../r1_fullrange_20260917/../r1_tworoads_20260917/stream/../../r1_bottomup_20260917/../r1_sizesplit_20260917/../r1_floorbatch_20260916/floor.hpp:3,
                 from /data/wenqianz/pivoter_repo/research/r1_skyline_index_20260918/../r1_terminal_20260918/../r1_orderreplay_20260917/active/../../r1_fullrange_20260917/../r1_tworoads_20260917/stream/../../r1_bottomup_20260917/../r1_sizesplit_20260917/split.hpp:3,
                 from /data/wenqianz/pivoter_repo/research/r1_skyline_index_20260918/../r1_terminal_20260918/../r1_orderreplay_20260917/active/../../r1_fullrange_20260917/../r1_tworoads_20260917/stream/../../r1_bottomup_20260917/bottomup.hpp:3,
                 from /data/wenqianz/pivoter_repo/research/r1_skyline_index_20260918/../r1_terminal_20260918/../r1_orderreplay_20260917/active/../../r1_fullrange_20260917/../r1_tworoads_20260917/stream/../capped.hpp:3,
                 from /data/wenqianz/pivoter_repo/research/r1_skyline_index_20260918/../r1_terminal_20260918/../r1_orderreplay_20260917/active/../../r1_fullrange_20260917/../r1_tworoads_20260917/stream/../components.hpp:3,
                 from /data/wenqianz/pivoter_repo/research/r1_skyline_index_20260918/../r1_terminal_20260918/../r1_orderreplay_20260917/active/../../r1_fullrange_20260917/../r1_tworoads_20260917/stream/stream.hpp:3,
                 from /data/wenqianz/pivoter_repo/research/r1_skyline_index_20260918/../r1_terminal_20260918/../r1_orderreplay_20260917/active/../../r1_fullrange_20260917/generated.hpp:3,
                 from /data/wenqianz/pivoter_repo/research/r1_skyline_index_20260918/../r1_terminal_20260918/../r1_orderreplay_20260917/active/../order.hpp:3,
                 from /data/wenqianz/pivoter_repo/research/r1_skyline_index_20260918/../r1_terminal_20260918/../r1_orderreplay_20260917/active/active.hpp:3,
                 from /data/wenqianz/pivoter_repo/research/r1_skyline_index_20260918/../r1_terminal_20260918/terminal.hpp:3,
                 from /data/wenqianz/pivoter_repo/research/r1_skyline_index_20260918/common.hpp:6,
                 from /data/wenqianz/pivoter_repo/research/r1_skyline_index_20260918/count.cpp:1,
                 from /data/wenqianz/pivoter_repo/research/r1_skyline_index_20260918/chain_index_tool.cpp:12:
In function ‘void* memcpy(void*, const void*, size_t)’,
    inlined from ‘static double chainindex::Traits<double>::load(const unsigned char*) [with long unsigned int Wb = 32]’ at /data/wenqianz/pivoter_repo/research/r1_skyline_index_20260918/chain_index.hpp:52:174,
    inlined from ‘chainindex::ChainIndex<double>::value(uint32_t, int) const::<lambda(auto:45)> [with auto:45 = std::integral_constant<long unsigned int, 32>]’ at /data/wenqianz/pivoter_repo/research/r1_skyline_index_20260918/chain_index.hpp:112:200,
    inlined from ‘auto chainindex::with_width(unsigned int, F&&) [with F = chainindex::ChainIndex<double>::value(uint32_t, int) const::<lambda(auto:45)>]’ at /data/wenqianz/pivoter_repo/research/r1_skyline_index_20260918/chain_index.hpp:60:138,
    inlined from ‘T chainindex::ChainIndex<T>::value(uint32_t, int) const [with T = double]’ at /data/wenqianz/pivoter_repo/research/r1_skyline_index_20260918/chain_index.hpp:112:122,
    inlined from ‘bench<long unsigned int>(const Input&, const terminal::Index&, const tailpeel::Prepared*, unsigned int, const string&, double)::<lambda()>’ at /data/wenqianz/pivoter_repo/research/r1_skyline_index_20260918/chain_index_tool.cpp:338:144:
/usr/include/x86_64-linux-gnu/bits/string_fortified.h:29:33: warning: ‘void* __builtin___memcpy_chk(void*, const void*, long unsigned int, long unsigned int)’ forming offset [8, 31] is out of the bounds [0, 8] of object ‘u’ with type ‘uint64_t’ {aka ‘long unsigned int’} [-Warray-bounds]
   29 |   return __builtin___memcpy_chk (__dest, __src, __len,
      |          ~~~~~~~~~~~~~~~~~~~~~~~^~~~~~~~~~~~~~~~~~~~~~
   30 |                                  __glibc_objsize0 (__dest));
      |                                  ~~~~~~~~~~~~~~~~~~~~~~~~~~
In file included from /data/wenqianz/pivoter_repo/research/r1_skyline_index_20260918/chain_index_tool.cpp:14:
/data/wenqianz/pivoter_repo/research/r1_skyline_index_20260918/chain_index.hpp: In lambda function:
/data/wenqianz/pivoter_repo/research/r1_skyline_index_20260918/chain_index.hpp:52:156: note: ‘u’ declared here
   52 |     template<size_t Wb> static double load(const unsigned char* p) { if constexpr (Wb == 8) { double x; std::memcpy(&x, p, 8); return x; } else { uint64_t u = 0; std::memcpy(&u, p, Wb); return static_cast<double>(u); } }
      |                                                                                                                                                            ^
In file included from /usr/include/string.h:535,
                 from /usr/include/boost/range/detail/implementation_help.hpp:18,
                 from /usr/include/boost/range/end.hpp:20,
                 from /usr/include/boost/range/functions.hpp:19,
                 from /usr/include/boost/range/iterator_range_core.hpp:38,
                 from /usr/include/boost/lexical_cast.hpp:30,
                 from /usr/include/boost/multiprecision/detail/number_base.hpp:20,
                 from /usr/include/boost/multiprecision/traits/is_variable_precision.hpp:10,
                 from /usr/include/boost/multiprecision/detail/precision.hpp:9,
                 from /usr/include/boost/multiprecision/number.hpp:25,
                 from /usr/include/boost/multiprecision/cpp_int.hpp:12,
                 from /data/wenqianz/pivoter_repo/research/r1_skyline_index_20260918/../r1_terminal_20260918/../r1_orderreplay_20260917/active/../../r1_fullrange_20260917/../r1_tworoads_20260917/stream/../../r1_bottomup_20260917/../r1_sizesplit_20260917/../r1_floorbatch_20260916/../r1_envelopecore_20260916/envelope.hpp:4,
                 from /data/wenqianz/pivoter_repo/research/r1_skyline_index_20260918/../r1_terminal_20260918/../r1_orderreplay_20260917/active/../../r1_fullrange_20260917/../r1_tworoads_20260917/stream/../../r1_bottomup_20260917/../r1_sizesplit_20260917/../r1_floorbatch_20260916/floor.hpp:3,
                 from /data/wenqianz/pivoter_repo/research/r1_skyline_index_20260918/../r1_terminal_20260918/../r1_orderreplay_20260917/active/../../r1_fullrange_20260917/../r1_tworoads_20260917/stream/../../r1_bottomup_20260917/../r1_sizesplit_20260917/split.hpp:3,
                 from /data/wenqianz/pivoter_repo/research/r1_skyline_index_20260918/../r1_terminal_20260918/../r1_orderreplay_20260917/active/../../r1_fullrange_20260917/../r1_tworoads_20260917/stream/../../r1_bottomup_20260917/bottomup.hpp:3,
                 from /data/wenqianz/pivoter_repo/research/r1_skyline_index_20260918/../r1_terminal_20260918/../r1_orderreplay_20260917/active/../../r1_fullrange_20260917/../r1_tworoads_20260917/stream/../capped.hpp:3,
                 from /data/wenqianz/pivoter_repo/research/r1_skyline_index_20260918/../r1_terminal_20260918/../r1_orderreplay_20260917/active/../../r1_fullrange_20260917/../r1_tworoads_20260917/stream/../components.hpp:3,
                 from /data/wenqianz/pivoter_repo/research/r1_skyline_index_20260918/../r1_terminal_20260918/../r1_orderreplay_20260917/active/../../r1_fullrange_20260917/../r1_tworoads_20260917/stream/stream.hpp:3,
                 from /data/wenqianz/pivoter_repo/research/r1_skyline_index_20260918/../r1_terminal_20260918/../r1_orderreplay_20260917/active/../../r1_fullrange_20260917/generated.hpp:3,
                 from /data/wenqianz/pivoter_repo/research/r1_skyline_index_20260918/../r1_terminal_20260918/../r1_orderreplay_20260917/active/../order.hpp:3,
                 from /data/wenqianz/pivoter_repo/research/r1_skyline_index_20260918/../r1_terminal_20260918/../r1_orderreplay_20260917/active/active.hpp:3,
                 from /data/wenqianz/pivoter_repo/research/r1_skyline_index_20260918/../r1_terminal_20260918/terminal.hpp:3,
                 from /data/wenqianz/pivoter_repo/research/r1_skyline_index_20260918/common.hpp:6,
                 from /data/wenqianz/pivoter_repo/research/r1_skyline_index_20260918/count.cpp:1,
                 from /data/wenqianz/pivoter_repo/research/r1_skyline_index_20260918/chain_index_tool.cpp:12:
In function ‘void* memcpy(void*, const void*, size_t)’,
    inlined from ‘static double chainindex::Traits<double>::load(const unsigned char*) [with long unsigned int Wb = 64]’ at /data/wenqianz/pivoter_repo/research/r1_skyline_index_20260918/chain_index.hpp:52:174,
    inlined from ‘chainindex::ChainIndex<double>::value(uint32_t, int) const::<lambda(auto:45)> [with auto:45 = std::integral_constant<long unsigned int, 64>]’ at /data/wenqianz/pivoter_repo/research/r1_skyline_index_20260918/chain_index.hpp:112:200,
    inlined from ‘auto chainindex::with_width(unsigned int, F&&) [with F = chainindex::ChainIndex<double>::value(uint32_t, int) const::<lambda(auto:45)>]’ at /data/wenqianz/pivoter_repo/research/r1_skyline_index_20260918/chain_index.hpp:61:26,
    inlined from ‘T chainindex::ChainIndex<T>::value(uint32_t, int) const [with T = double]’ at /data/wenqianz/pivoter_repo/research/r1_skyline_index_20260918/chain_index.hpp:112:122,
    inlined from ‘bench<long unsigned int>(const Input&, const terminal::Index&, const tailpeel::Prepared*, unsigned int, const string&, double)::<lambda()>’ at /data/wenqianz/pivoter_repo/research/r1_skyline_index_20260918/chain_index_tool.cpp:338:144:
/usr/include/x86_64-linux-gnu/bits/string_fortified.h:29:33: warning: ‘void* __builtin___memcpy_chk(void*, const void*, long unsigned int, long unsigned int)’ forming offset [8, 63] is out of the bounds [0, 8] of object ‘u’ with type ‘uint64_t’ {aka ‘long unsigned int’} [-Warray-bounds]
   29 |   return __builtin___memcpy_chk (__dest, __src, __len,
      |          ~~~~~~~~~~~~~~~~~~~~~~~^~~~~~~~~~~~~~~~~~~~~~
   30 |                                  __glibc_objsize0 (__dest));
      |                                  ~~~~~~~~~~~~~~~~~~~~~~~~~~
In file included from /data/wenqianz/pivoter_repo/research/r1_skyline_index_20260918/chain_index_tool.cpp:14:
/data/wenqianz/pivoter_repo/research/r1_skyline_index_20260918/chain_index.hpp: In lambda function:
/data/wenqianz/pivoter_repo/research/r1_skyline_index_20260918/chain_index.hpp:52:156: note: ‘u’ declared here
   52 |     template<size_t Wb> static double load(const unsigned char* p) { if constexpr (Wb == 8) { double x; std::memcpy(&x, p, 8); return x; } else { uint64_t u = 0; std::memcpy(&u, p, Wb); return static_cast<double>(u); } }
      |                                                                                                                                                            ^
In file included from /usr/include/string.h:535,
                 from /usr/include/boost/range/detail/implementation_help.hpp:18,
                 from /usr/include/boost/range/end.hpp:20,
                 from /usr/include/boost/range/functions.hpp:19,
                 from /usr/include/boost/range/iterator_range_core.hpp:38,
                 from /usr/include/boost/lexical_cast.hpp:30,
                 from /usr/include/boost/multiprecision/detail/number_base.hpp:20,
                 from /usr/include/boost/multiprecision/traits/is_variable_precision.hpp:10,
                 from /usr/include/boost/multiprecision/detail/precision.hpp:9,
                 from /usr/include/boost/multiprecision/number.hpp:25,
                 from /usr/include/boost/multiprecision/cpp_int.hpp:12,
                 from /data/wenqianz/pivoter_repo/research/r1_skyline_index_20260918/../r1_terminal_20260918/../r1_orderreplay_20260917/active/../../r1_fullrange_20260917/../r1_tworoads_20260917/stream/../../r1_bottomup_20260917/../r1_sizesplit_20260917/../r1_floorbatch_20260916/../r1_envelopecore_20260916/envelope.hpp:4,
                 from /data/wenqianz/pivoter_repo/research/r1_skyline_index_20260918/../r1_terminal_20260918/../r1_orderreplay_20260917/active/../../r1_fullrange_20260917/../r1_tworoads_20260917/stream/../../r1_bottomup_20260917/../r1_sizesplit_20260917/../r1_floorbatch_20260916/floor.hpp:3,
                 from /data/wenqianz/pivoter_repo/research/r1_skyline_index_20260918/../r1_terminal_20260918/../r1_orderreplay_20260917/active/../../r1_fullrange_20260917/../r1_tworoads_20260917/stream/../../r1_bottomup_20260917/../r1_sizesplit_20260917/split.hpp:3,
                 from /data/wenqianz/pivoter_repo/research/r1_skyline_index_20260918/../r1_terminal_20260918/../r1_orderreplay_20260917/active/../../r1_fullrange_20260917/../r1_tworoads_20260917/stream/../../r1_bottomup_20260917/bottomup.hpp:3,
                 from /data/wenqianz/pivoter_repo/research/r1_skyline_index_20260918/../r1_terminal_20260918/../r1_orderreplay_20260917/active/../../r1_fullrange_20260917/../r1_tworoads_20260917/stream/../capped.hpp:3,
                 from /data/wenqianz/pivoter_repo/research/r1_skyline_index_20260918/../r1_terminal_20260918/../r1_orderreplay_20260917/active/../../r1_fullrange_20260917/../r1_tworoads_20260917/stream/../components.hpp:3,
                 from /data/wenqianz/pivoter_repo/research/r1_skyline_index_20260918/../r1_terminal_20260918/../r1_orderreplay_20260917/active/../../r1_fullrange_20260917/../r1_tworoads_20260917/stream/stream.hpp:3,
                 from /data/wenqianz/pivoter_repo/research/r1_skyline_index_20260918/../r1_terminal_20260918/../r1_orderreplay_20260917/active/../../r1_fullrange_20260917/generated.hpp:3,
                 from /data/wenqianz/pivoter_repo/research/r1_skyline_index_20260918/../r1_terminal_20260918/../r1_orderreplay_20260917/active/../order.hpp:3,
                 from /data/wenqianz/pivoter_repo/research/r1_skyline_index_20260918/../r1_terminal_20260918/../r1_orderreplay_20260917/active/active.hpp:3,
                 from /data/wenqianz/pivoter_repo/research/r1_skyline_index_20260918/../r1_terminal_20260918/terminal.hpp:3,
                 from /data/wenqianz/pivoter_repo/research/r1_skyline_index_20260918/common.hpp:6,
                 from /data/wenqianz/pivoter_repo/research/r1_skyline_index_20260918/count.cpp:1,
                 from /data/wenqianz/pivoter_repo/research/r1_skyline_index_20260918/chain_index_tool.cpp:12:
In function ‘void* memcpy(void*, const void*, size_t)’,
    inlined from ‘static double chainindex::Traits<double>::load(const unsigned char*) [with long unsigned int Wb = 16]’ at /data/wenqianz/pivoter_repo/research/r1_skyline_index_20260918/chain_index.hpp:52:174,
    inlined from ‘chainindex::ChainIndex<double>::top_at(const chainindex::ChainIndex<double>::Layer&, uint32_t) const::<lambda(auto:43)> [with auto:43 = std::integral_constant<long unsigned int, 16>]’ at /data/wenqianz/pivoter_repo/research/r1_skyline_index_20260918/chain_index.hpp:92:169,
    inlined from ‘auto chainindex::with_width(unsigned int, F&&) [with F = chainindex::ChainIndex<double>::top_at(const chainindex::ChainIndex<double>::Layer&, uint32_t) const::<lambda(auto:43)>]’ at /data/wenqianz/pivoter_repo/research/r1_skyline_index_20260918/chain_index.hpp:60:81,
    inlined from ‘T chainindex::ChainIndex<T>::top_at(const chainindex::ChainIndex<T>::Layer&, uint32_t) const [with T = double]’ at /data/wenqianz/pivoter_repo/research/r1_skyline_index_20260918/chain_index.hpp:92:92,
    inlined from ‘void chainindex::ChainIndex<T>::ladder(uint32_t, int, std::vector<std::pair<T, long unsigned int> >&) const [with T = double]’ at /data/wenqianz/pivoter_repo/research/r1_skyline_index_20260918/chain_index.hpp:177:36:
/usr/include/x86_64-linux-gnu/bits/string_fortified.h:29:33: warning: ‘void* __builtin___memcpy_chk(void*, const void*, long unsigned int, long unsigned int)’ forming offset [8, 15] is out of the bounds [0, 8] of object ‘u’ with type ‘uint64_t’ {aka ‘long unsigned int’} [-Warray-bounds]
   29 |   return __builtin___memcpy_chk (__dest, __src, __len,
      |          ~~~~~~~~~~~~~~~~~~~~~~~^~~~~~~~~~~~~~~~~~~~~~
   30 |                                  __glibc_objsize0 (__dest));
      |                                  ~~~~~~~~~~~~~~~~~~~~~~~~~~
In file included from /data/wenqianz/pivoter_repo/research/r1_skyline_index_20260918/chain_index_tool.cpp:14:
/data/wenqianz/pivoter_repo/research/r1_skyline_index_20260918/chain_index.hpp: In member function ‘void chainindex::ChainIndex<T>::ladder(uint32_t, int, std::vector<std::pair<T, long unsigned int> >&) const [with T = double]’:
/data/wenqianz/pivoter_repo/research/r1_skyline_index_20260918/chain_index.hpp:52:156: note: ‘u’ declared here
   52 |     template<size_t Wb> static double load(const unsigned char* p) { if constexpr (Wb == 8) { double x; std::memcpy(&x, p, 8); return x; } else { uint64_t u = 0; std::memcpy(&u, p, Wb); return static_cast<double>(u); } }
      |                                                                                                                                                            ^
In file included from /usr/include/string.h:535,
                 from /usr/include/boost/range/detail/implementation_help.hpp:18,
                 from /usr/include/boost/range/end.hpp:20,
                 from /usr/include/boost/range/functions.hpp:19,
                 from /usr/include/boost/range/iterator_range_core.hpp:38,
                 from /usr/include/boost/lexical_cast.hpp:30,
                 from /usr/include/boost/multiprecision/detail/number_base.hpp:20,
                 from /usr/include/boost/multiprecision/traits/is_variable_precision.hpp:10,
                 from /usr/include/boost/multiprecision/detail/precision.hpp:9,
                 from /usr/include/boost/multiprecision/number.hpp:25,
                 from /usr/include/boost/multiprecision/cpp_int.hpp:12,
                 from /data/wenqianz/pivoter_repo/research/r1_skyline_index_20260918/../r1_terminal_20260918/../r1_orderreplay_20260917/active/../../r1_fullrange_20260917/../r1_tworoads_20260917/stream/../../r1_bottomup_20260917/../r1_sizesplit_20260917/../r1_floorbatch_20260916/../r1_envelopecore_20260916/envelope.hpp:4,
                 from /data/wenqianz/pivoter_repo/research/r1_skyline_index_20260918/../r1_terminal_20260918/../r1_orderreplay_20260917/active/../../r1_fullrange_20260917/../r1_tworoads_20260917/stream/../../r1_bottomup_20260917/../r1_sizesplit_20260917/../r1_floorbatch_20260916/floor.hpp:3,
                 from /data/wenqianz/pivoter_repo/research/r1_skyline_index_20260918/../r1_terminal_20260918/../r1_orderreplay_20260917/active/../../r1_fullrange_20260917/../r1_tworoads_20260917/stream/../../r1_bottomup_20260917/../r1_sizesplit_20260917/split.hpp:3,
                 from /data/wenqianz/pivoter_repo/research/r1_skyline_index_20260918/../r1_terminal_20260918/../r1_orderreplay_20260917/active/../../r1_fullrange_20260917/../r1_tworoads_20260917/stream/../../r1_bottomup_20260917/bottomup.hpp:3,
                 from /data/wenqianz/pivoter_repo/research/r1_skyline_index_20260918/../r1_terminal_20260918/../r1_orderreplay_20260917/active/../../r1_fullrange_20260917/../r1_tworoads_20260917/stream/../capped.hpp:3,
                 from /data/wenqianz/pivoter_repo/research/r1_skyline_index_20260918/../r1_terminal_20260918/../r1_orderreplay_20260917/active/../../r1_fullrange_20260917/../r1_tworoads_20260917/stream/../components.hpp:3,
                 from /data/wenqianz/pivoter_repo/research/r1_skyline_index_20260918/../r1_terminal_20260918/../r1_orderreplay_20260917/active/../../r1_fullrange_20260917/../r1_tworoads_20260917/stream/stream.hpp:3,
                 from /data/wenqianz/pivoter_repo/research/r1_skyline_index_20260918/../r1_terminal_20260918/../r1_orderreplay_20260917/active/../../r1_fullrange_20260917/generated.hpp:3,
                 from /data/wenqianz/pivoter_repo/research/r1_skyline_index_20260918/../r1_terminal_20260918/../r1_orderreplay_20260917/active/../order.hpp:3,
                 from /data/wenqianz/pivoter_repo/research/r1_skyline_index_20260918/../r1_terminal_20260918/../r1_orderreplay_20260917/active/active.hpp:3,
                 from /data/wenqianz/pivoter_repo/research/r1_skyline_index_20260918/../r1_terminal_20260918/terminal.hpp:3,
                 from /data/wenqianz/pivoter_repo/research/r1_skyline_index_20260918/common.hpp:6,
                 from /data/wenqianz/pivoter_repo/research/r1_skyline_index_20260918/count.cpp:1,
                 from /data/wenqianz/pivoter_repo/research/r1_skyline_index_20260918/chain_index_tool.cpp:12:
In function ‘void* memcpy(void*, const void*, size_t)’,
    inlined from ‘static double chainindex::Traits<double>::load(const unsigned char*) [with long unsigned int Wb = 32]’ at /data/wenqianz/pivoter_repo/research/r1_skyline_index_20260918/chain_index.hpp:52:174,
    inlined from ‘chainindex::ChainIndex<double>::top_at(const chainindex::ChainIndex<double>::Layer&, uint32_t) const::<lambda(auto:43)> [with auto:43 = std::integral_constant<long unsigned int, 32>]’ at /data/wenqianz/pivoter_repo/research/r1_skyline_index_20260918/chain_index.hpp:92:169,
    inlined from ‘auto chainindex::with_width(unsigned int, F&&) [with F = chainindex::ChainIndex<double>::top_at(const chainindex::ChainIndex<double>::Layer&, uint32_t) const::<lambda(auto:43)>]’ at /data/wenqianz/pivoter_repo/research/r1_skyline_index_20260918/chain_index.hpp:60:138,
    inlined from ‘T chainindex::ChainIndex<T>::top_at(const chainindex::ChainIndex<T>::Layer&, uint32_t) const [with T = double]’ at /data/wenqianz/pivoter_repo/research/r1_skyline_index_20260918/chain_index.hpp:92:92,
    inlined from ‘void chainindex::ChainIndex<T>::ladder(uint32_t, int, std::vector<std::pair<T, long unsigned int> >&) const [with T = double]’ at /data/wenqianz/pivoter_repo/research/r1_skyline_index_20260918/chain_index.hpp:177:36:
/usr/include/x86_64-linux-gnu/bits/string_fortified.h:29:33: warning: ‘void* __builtin___memcpy_chk(void*, const void*, long unsigned int, long unsigned int)’ forming offset [8, 31] is out of the bounds [0, 8] of object ‘u’ with type ‘uint64_t’ {aka ‘long unsigned int’} [-Warray-bounds]
   29 |   return __builtin___memcpy_chk (__dest, __src, __len,
      |          ~~~~~~~~~~~~~~~~~~~~~~~^~~~~~~~~~~~~~~~~~~~~~
   30 |                                  __glibc_objsize0 (__dest));
      |                                  ~~~~~~~~~~~~~~~~~~~~~~~~~~
In file included from /data/wenqianz/pivoter_repo/research/r1_skyline_index_20260918/chain_index_tool.cpp:14:
/data/wenqianz/pivoter_repo/research/r1_skyline_index_20260918/chain_index.hpp: In member function ‘void chainindex::ChainIndex<T>::ladder(uint32_t, int, std::vector<std::pair<T, long unsigned int> >&) const [with T = double]’:
/data/wenqianz/pivoter_repo/research/r1_skyline_index_20260918/chain_index.hpp:52:156: note: ‘u’ declared here
   52 |     template<size_t Wb> static double load(const unsigned char* p) { if constexpr (Wb == 8) { double x; std::memcpy(&x, p, 8); return x; } else { uint64_t u = 0; std::memcpy(&u, p, Wb); return static_cast<double>(u); } }
      |                                                                                                                                                            ^
In file included from /usr/include/string.h:535,
                 from /usr/include/boost/range/detail/implementation_help.hpp:18,
                 from /usr/include/boost/range/end.hpp:20,
                 from /usr/include/boost/range/functions.hpp:19,
                 from /usr/include/boost/range/iterator_range_core.hpp:38,
                 from /usr/include/boost/lexical_cast.hpp:30,
                 from /usr/include/boost/multiprecision/detail/number_base.hpp:20,
                 from /usr/include/boost/multiprecision/traits/is_variable_precision.hpp:10,
                 from /usr/include/boost/multiprecision/detail/precision.hpp:9,
                 from /usr/include/boost/multiprecision/number.hpp:25,
                 from /usr/include/boost/multiprecision/cpp_int.hpp:12,
                 from /data/wenqianz/pivoter_repo/research/r1_skyline_index_20260918/../r1_terminal_20260918/../r1_orderreplay_20260917/active/../../r1_fullrange_20260917/../r1_tworoads_20260917/stream/../../r1_bottomup_20260917/../r1_sizesplit_20260917/../r1_floorbatch_20260916/../r1_envelopecore_20260916/envelope.hpp:4,
                 from /data/wenqianz/pivoter_repo/research/r1_skyline_index_20260918/../r1_terminal_20260918/../r1_orderreplay_20260917/active/../../r1_fullrange_20260917/../r1_tworoads_20260917/stream/../../r1_bottomup_20260917/../r1_sizesplit_20260917/../r1_floorbatch_20260916/floor.hpp:3,
                 from /data/wenqianz/pivoter_repo/research/r1_skyline_index_20260918/../r1_terminal_20260918/../r1_orderreplay_20260917/active/../../r1_fullrange_20260917/../r1_tworoads_20260917/stream/../../r1_bottomup_20260917/../r1_sizesplit_20260917/split.hpp:3,
                 from /data/wenqianz/pivoter_repo/research/r1_skyline_index_20260918/../r1_terminal_20260918/../r1_orderreplay_20260917/active/../../r1_fullrange_20260917/../r1_tworoads_20260917/stream/../../r1_bottomup_20260917/bottomup.hpp:3,
                 from /data/wenqianz/pivoter_repo/research/r1_skyline_index_20260918/../r1_terminal_20260918/../r1_orderreplay_20260917/active/../../r1_fullrange_20260917/../r1_tworoads_20260917/stream/../capped.hpp:3,
                 from /data/wenqianz/pivoter_repo/research/r1_skyline_index_20260918/../r1_terminal_20260918/../r1_orderreplay_20260917/active/../../r1_fullrange_20260917/../r1_tworoads_20260917/stream/../components.hpp:3,
                 from /data/wenqianz/pivoter_repo/research/r1_skyline_index_20260918/../r1_terminal_20260918/../r1_orderreplay_20260917/active/../../r1_fullrange_20260917/../r1_tworoads_20260917/stream/stream.hpp:3,
                 from /data/wenqianz/pivoter_repo/research/r1_skyline_index_20260918/../r1_terminal_20260918/../r1_orderreplay_20260917/active/../../r1_fullrange_20260917/generated.hpp:3,
                 from /data/wenqianz/pivoter_repo/research/r1_skyline_index_20260918/../r1_terminal_20260918/../r1_orderreplay_20260917/active/../order.hpp:3,
                 from /data/wenqianz/pivoter_repo/research/r1_skyline_index_20260918/../r1_terminal_20260918/../r1_orderreplay_20260917/active/active.hpp:3,
                 from /data/wenqianz/pivoter_repo/research/r1_skyline_index_20260918/../r1_terminal_20260918/terminal.hpp:3,
                 from /data/wenqianz/pivoter_repo/research/r1_skyline_index_20260918/common.hpp:6,
                 from /data/wenqianz/pivoter_repo/research/r1_skyline_index_20260918/count.cpp:1,
                 from /data/wenqianz/pivoter_repo/research/r1_skyline_index_20260918/chain_index_tool.cpp:12:
In function ‘void* memcpy(void*, const void*, size_t)’,
    inlined from ‘static double chainindex::Traits<double>::load(const unsigned char*) [with long unsigned int Wb = 64]’ at /data/wenqianz/pivoter_repo/research/r1_skyline_index_20260918/chain_index.hpp:52:174,
    inlined from ‘chainindex::ChainIndex<double>::top_at(const chainindex::ChainIndex<double>::Layer&, uint32_t) const::<lambda(auto:43)> [with auto:43 = std::integral_constant<long unsigned int, 64>]’ at /data/wenqianz/pivoter_repo/research/r1_skyline_index_20260918/chain_index.hpp:92:169,
    inlined from ‘auto chainindex::with_width(unsigned int, F&&) [with F = chainindex::ChainIndex<double>::top_at(const chainindex::ChainIndex<double>::Layer&, uint32_t) const::<lambda(auto:43)>]’ at /data/wenqianz/pivoter_repo/research/r1_skyline_index_20260918/chain_index.hpp:61:26,
    inlined from ‘T chainindex::ChainIndex<T>::top_at(const chainindex::ChainIndex<T>::Layer&, uint32_t) const [with T = double]’ at /data/wenqianz/pivoter_repo/research/r1_skyline_index_20260918/chain_index.hpp:92:92,
    inlined from ‘void chainindex::ChainIndex<T>::ladder(uint32_t, int, std::vector<std::pair<T, long unsigned int> >&) const [with T = double]’ at /data/wenqianz/pivoter_repo/research/r1_skyline_index_20260918/chain_index.hpp:177:36:
/usr/include/x86_64-linux-gnu/bits/string_fortified.h:29:33: warning: ‘void* __builtin___memcpy_chk(void*, const void*, long unsigned int, long unsigned int)’ forming offset [8, 63] is out of the bounds [0, 8] of object ‘u’ with type ‘uint64_t’ {aka ‘long unsigned int’} [-Warray-bounds]
   29 |   return __builtin___memcpy_chk (__dest, __src, __len,
      |          ~~~~~~~~~~~~~~~~~~~~~~~^~~~~~~~~~~~~~~~~~~~~~
   30 |                                  __glibc_objsize0 (__dest));
      |                                  ~~~~~~~~~~~~~~~~~~~~~~~~~~
In file included from /data/wenqianz/pivoter_repo/research/r1_skyline_index_20260918/chain_index_tool.cpp:14:
/data/wenqianz/pivoter_repo/research/r1_skyline_index_20260918/chain_index.hpp: In member function ‘void chainindex::ChainIndex<T>::ladder(uint32_t, int, std::vector<std::pair<T, long unsigned int> >&) const [with T = double]’:
/data/wenqianz/pivoter_repo/research/r1_skyline_index_20260918/chain_index.hpp:52:156: note: ‘u’ declared here
   52 |     template<size_t Wb> static double load(const unsigned char* p) { if constexpr (Wb == 8) { double x; std::memcpy(&x, p, 8); return x; } else { uint64_t u = 0; std::memcpy(&u, p, Wb); return static_cast<double>(u); } }
      |                                                                                                                                                            ^
In file included from /usr/include/string.h:535,
                 from /usr/include/boost/range/detail/implementation_help.hpp:18,
                 from /usr/include/boost/range/end.hpp:20,
                 from /usr/include/boost/range/functions.hpp:19,
                 from /usr/include/boost/range/iterator_range_core.hpp:38,
                 from /usr/include/boost/lexical_cast.hpp:30,
                 from /usr/include/boost/multiprecision/detail/number_base.hpp:20,
                 from /usr/include/boost/multiprecision/traits/is_variable_precision.hpp:10,
                 from /usr/include/boost/multiprecision/detail/precision.hpp:9,
                 from /usr/include/boost/multiprecision/number.hpp:25,
                 from /usr/include/boost/multiprecision/cpp_int.hpp:12,
                 from /data/wenqianz/pivoter_repo/research/r1_skyline_index_20260918/../r1_terminal_20260918/../r1_orderreplay_20260917/active/../../r1_fullrange_20260917/../r1_tworoads_20260917/stream/../../r1_bottomup_20260917/../r1_sizesplit_20260917/../r1_floorbatch_20260916/../r1_envelopecore_20260916/envelope.hpp:4,
                 from /data/wenqianz/pivoter_repo/research/r1_skyline_index_20260918/../r1_terminal_20260918/../r1_orderreplay_20260917/active/../../r1_fullrange_20260917/../r1_tworoads_20260917/stream/../../r1_bottomup_20260917/../r1_sizesplit_20260917/../r1_floorbatch_20260916/floor.hpp:3,
                 from /data/wenqianz/pivoter_repo/research/r1_skyline_index_20260918/../r1_terminal_20260918/../r1_orderreplay_20260917/active/../../r1_fullrange_20260917/../r1_tworoads_20260917/stream/../../r1_bottomup_20260917/../r1_sizesplit_20260917/split.hpp:3,
                 from /data/wenqianz/pivoter_repo/research/r1_skyline_index_20260918/../r1_terminal_20260918/../r1_orderreplay_20260917/active/../../r1_fullrange_20260917/../r1_tworoads_20260917/stream/../../r1_bottomup_20260917/bottomup.hpp:3,
                 from /data/wenqianz/pivoter_repo/research/r1_skyline_index_20260918/../r1_terminal_20260918/../r1_orderreplay_20260917/active/../../r1_fullrange_20260917/../r1_tworoads_20260917/stream/../capped.hpp:3,
                 from /data/wenqianz/pivoter_repo/research/r1_skyline_index_20260918/../r1_terminal_20260918/../r1_orderreplay_20260917/active/../../r1_fullrange_20260917/../r1_tworoads_20260917/stream/../components.hpp:3,
                 from /data/wenqianz/pivoter_repo/research/r1_skyline_index_20260918/../r1_terminal_20260918/../r1_orderreplay_20260917/active/../../r1_fullrange_20260917/../r1_tworoads_20260917/stream/stream.hpp:3,
                 from /data/wenqianz/pivoter_repo/research/r1_skyline_index_20260918/../r1_terminal_20260918/../r1_orderreplay_20260917/active/../../r1_fullrange_20260917/generated.hpp:3,
                 from /data/wenqianz/pivoter_repo/research/r1_skyline_index_20260918/../r1_terminal_20260918/../r1_orderreplay_20260917/active/../order.hpp:3,
                 from /data/wenqianz/pivoter_repo/research/r1_skyline_index_20260918/../r1_terminal_20260918/../r1_orderreplay_20260917/active/active.hpp:3,
                 from /data/wenqianz/pivoter_repo/research/r1_skyline_index_20260918/../r1_terminal_20260918/terminal.hpp:3,
                 from /data/wenqianz/pivoter_repo/research/r1_skyline_index_20260918/common.hpp:6,
                 from /data/wenqianz/pivoter_repo/research/r1_skyline_index_20260918/count.cpp:1,
                 from /data/wenqianz/pivoter_repo/research/r1_skyline_index_20260918/chain_index_tool.cpp:12:
In function ‘void* memcpy(void*, const void*, size_t)’,
    inlined from ‘static T chainindex::Traits<T>::load(const unsigned char*) [with long unsigned int Wb = 16; T = long unsigned int]’ at /data/wenqianz/pivoter_repo/research/r1_skyline_index_20260918/chain_index.hpp:36:85,
    inlined from ‘chainindex::ChainIndex<long unsigned int>::top_at(const chainindex::ChainIndex<long unsigned int>::Layer&, uint32_t) const::<lambda(auto:43)> [with auto:43 = std::integral_constant<long unsigned int, 16>]’ at /data/wenqianz/pivoter_repo/research/r1_skyline_index_20260918/chain_index.hpp:92:169,
    inlined from ‘auto chainindex::with_width(unsigned int, F&&) [with F = chainindex::ChainIndex<long unsigned int>::top_at(const chainindex::ChainIndex<long unsigned int>::Layer&, uint32_t) const::<lambda(auto:43)>]’ at /data/wenqianz/pivoter_repo/research/r1_skyline_index_20260918/chain_index.hpp:60:81,
    inlined from ‘T chainindex::ChainIndex<T>::top_at(const chainindex::ChainIndex<T>::Layer&, uint32_t) const [with T = long unsigned int]’ at /data/wenqianz/pivoter_repo/research/r1_skyline_index_20260918/chain_index.hpp:92:92,
    inlined from ‘void chainindex::ChainIndex<T>::ladder(uint32_t, int, std::vector<std::pair<T, long unsigned int> >&) const [with T = long unsigned int]’ at /data/wenqianz/pivoter_repo/research/r1_skyline_index_20260918/chain_index.hpp:177:36:
/usr/include/x86_64-linux-gnu/bits/string_fortified.h:29:33: warning: ‘void* __builtin___memcpy_chk(void*, const void*, long unsigned int, long unsigned int)’ forming offset [8, 15] is out of the bounds [0, 8] of object ‘x’ with type ‘long unsigned int’ [-Warray-bounds]
   29 |   return __builtin___memcpy_chk (__dest, __src, __len,
      |          ~~~~~~~~~~~~~~~~~~~~~~~^~~~~~~~~~~~~~~~~~~~~~
   30 |                                  __glibc_objsize0 (__dest));
      |                                  ~~~~~~~~~~~~~~~~~~~~~~~~~~
In file included from /data/wenqianz/pivoter_repo/research/r1_skyline_index_20260918/chain_index_tool.cpp:14:
/data/wenqianz/pivoter_repo/research/r1_skyline_index_20260918/chain_index.hpp: In member function ‘void chainindex::ChainIndex<T>::ladder(uint32_t, int, std::vector<std::pair<T, long unsigned int> >&) const [with T = long unsigned int]’:
/data/wenqianz/pivoter_repo/research/r1_skyline_index_20260918/chain_index.hpp:36:67: note: ‘x’ declared here
   36 |     template<size_t Wb> static T load(const unsigned char* p) { T x = 0; std::memcpy(&x, p, Wb); return x; }   // constant-size load, Wb <= W
      |                                                                   ^
In file included from /usr/include/string.h:535,
                 from /usr/include/boost/range/detail/implementation_help.hpp:18,
                 from /usr/include/boost/range/end.hpp:20,
                 from /usr/include/boost/range/functions.hpp:19,
                 from /usr/include/boost/range/iterator_range_core.hpp:38,
                 from /usr/include/boost/lexical_cast.hpp:30,
                 from /usr/include/boost/multiprecision/detail/number_base.hpp:20,
                 from /usr/include/boost/multiprecision/traits/is_variable_precision.hpp:10,
                 from /usr/include/boost/multiprecision/detail/precision.hpp:9,
                 from /usr/include/boost/multiprecision/number.hpp:25,
                 from /usr/include/boost/multiprecision/cpp_int.hpp:12,
                 from /data/wenqianz/pivoter_repo/research/r1_skyline_index_20260918/../r1_terminal_20260918/../r1_orderreplay_20260917/active/../../r1_fullrange_20260917/../r1_tworoads_20260917/stream/../../r1_bottomup_20260917/../r1_sizesplit_20260917/../r1_floorbatch_20260916/../r1_envelopecore_20260916/envelope.hpp:4,
                 from /data/wenqianz/pivoter_repo/research/r1_skyline_index_20260918/../r1_terminal_20260918/../r1_orderreplay_20260917/active/../../r1_fullrange_20260917/../r1_tworoads_20260917/stream/../../r1_bottomup_20260917/../r1_sizesplit_20260917/../r1_floorbatch_20260916/floor.hpp:3,
                 from /data/wenqianz/pivoter_repo/research/r1_skyline_index_20260918/../r1_terminal_20260918/../r1_orderreplay_20260917/active/../../r1_fullrange_20260917/../r1_tworoads_20260917/stream/../../r1_bottomup_20260917/../r1_sizesplit_20260917/split.hpp:3,
                 from /data/wenqianz/pivoter_repo/research/r1_skyline_index_20260918/../r1_terminal_20260918/../r1_orderreplay_20260917/active/../../r1_fullrange_20260917/../r1_tworoads_20260917/stream/../../r1_bottomup_20260917/bottomup.hpp:3,
                 from /data/wenqianz/pivoter_repo/research/r1_skyline_index_20260918/../r1_terminal_20260918/../r1_orderreplay_20260917/active/../../r1_fullrange_20260917/../r1_tworoads_20260917/stream/../capped.hpp:3,
                 from /data/wenqianz/pivoter_repo/research/r1_skyline_index_20260918/../r1_terminal_20260918/../r1_orderreplay_20260917/active/../../r1_fullrange_20260917/../r1_tworoads_20260917/stream/../components.hpp:3,
                 from /data/wenqianz/pivoter_repo/research/r1_skyline_index_20260918/../r1_terminal_20260918/../r1_orderreplay_20260917/active/../../r1_fullrange_20260917/../r1_tworoads_20260917/stream/stream.hpp:3,
                 from /data/wenqianz/pivoter_repo/research/r1_skyline_index_20260918/../r1_terminal_20260918/../r1_orderreplay_20260917/active/../../r1_fullrange_20260917/generated.hpp:3,
                 from /data/wenqianz/pivoter_repo/research/r1_skyline_index_20260918/../r1_terminal_20260918/../r1_orderreplay_20260917/active/../order.hpp:3,
                 from /data/wenqianz/pivoter_repo/research/r1_skyline_index_20260918/../r1_terminal_20260918/../r1_orderreplay_20260917/active/active.hpp:3,
                 from /data/wenqianz/pivoter_repo/research/r1_skyline_index_20260918/../r1_terminal_20260918/terminal.hpp:3,
                 from /data/wenqianz/pivoter_repo/research/r1_skyline_index_20260918/common.hpp:6,
                 from /data/wenqianz/pivoter_repo/research/r1_skyline_index_20260918/count.cpp:1,
                 from /data/wenqianz/pivoter_repo/research/r1_skyline_index_20260918/chain_index_tool.cpp:12:
In function ‘void* memcpy(void*, const void*, size_t)’,
    inlined from ‘static T chainindex::Traits<T>::load(const unsigned char*) [with long unsigned int Wb = 32; T = long unsigned int]’ at /data/wenqianz/pivoter_repo/research/r1_skyline_index_20260918/chain_index.hpp:36:85,
    inlined from ‘chainindex::ChainIndex<long unsigned int>::top_at(const chainindex::ChainIndex<long unsigned int>::Layer&, uint32_t) const::<lambda(auto:43)> [with auto:43 = std::integral_constant<long unsigned int, 32>]’ at /data/wenqianz/pivoter_repo/research/r1_skyline_index_20260918/chain_index.hpp:92:169,
    inlined from ‘auto chainindex::with_width(unsigned int, F&&) [with F = chainindex::ChainIndex<long unsigned int>::top_at(const chainindex::ChainIndex<long unsigned int>::Layer&, uint32_t) const::<lambda(auto:43)>]’ at /data/wenqianz/pivoter_repo/research/r1_skyline_index_20260918/chain_index.hpp:60:138,
    inlined from ‘T chainindex::ChainIndex<T>::top_at(const chainindex::ChainIndex<T>::Layer&, uint32_t) const [with T = long unsigned int]’ at /data/wenqianz/pivoter_repo/research/r1_skyline_index_20260918/chain_index.hpp:92:92,
    inlined from ‘void chainindex::ChainIndex<T>::ladder(uint32_t, int, std::vector<std::pair<T, long unsigned int> >&) const [with T = long unsigned int]’ at /data/wenqianz/pivoter_repo/research/r1_skyline_index_20260918/chain_index.hpp:177:36:
/usr/include/x86_64-linux-gnu/bits/string_fortified.h:29:33: warning: ‘void* __builtin___memcpy_chk(void*, const void*, long unsigned int, long unsigned int)’ forming offset [8, 31] is out of the bounds [0, 8] of object ‘x’ with type ‘long unsigned int’ [-Warray-bounds]
   29 |   return __builtin___memcpy_chk (__dest, __src, __len,
      |          ~~~~~~~~~~~~~~~~~~~~~~~^~~~~~~~~~~~~~~~~~~~~~
   30 |                                  __glibc_objsize0 (__dest));
      |                                  ~~~~~~~~~~~~~~~~~~~~~~~~~~
In file included from /data/wenqianz/pivoter_repo/research/r1_skyline_index_20260918/chain_index_tool.cpp:14:
/data/wenqianz/pivoter_repo/research/r1_skyline_index_20260918/chain_index.hpp: In member function ‘void chainindex::ChainIndex<T>::ladder(uint32_t, int, std::vector<std::pair<T, long unsigned int> >&) const [with T = long unsigned int]’:
/data/wenqianz/pivoter_repo/research/r1_skyline_index_20260918/chain_index.hpp:36:67: note: ‘x’ declared here
   36 |     template<size_t Wb> static T load(const unsigned char* p) { T x = 0; std::memcpy(&x, p, Wb); return x; }   // constant-size load, Wb <= W
      |                                                                   ^
In file included from /usr/include/string.h:535,
                 from /usr/include/boost/range/detail/implementation_help.hpp:18,
                 from /usr/include/boost/range/end.hpp:20,
                 from /usr/include/boost/range/functions.hpp:19,
                 from /usr/include/boost/range/iterator_range_core.hpp:38,
                 from /usr/include/boost/lexical_cast.hpp:30,
                 from /usr/include/boost/multiprecision/detail/number_base.hpp:20,
                 from /usr/include/boost/multiprecision/traits/is_variable_precision.hpp:10,
                 from /usr/include/boost/multiprecision/detail/precision.hpp:9,
                 from /usr/include/boost/multiprecision/number.hpp:25,
                 from /usr/include/boost/multiprecision/cpp_int.hpp:12,
                 from /data/wenqianz/pivoter_repo/research/r1_skyline_index_20260918/../r1_terminal_20260918/../r1_orderreplay_20260917/active/../../r1_fullrange_20260917/../r1_tworoads_20260917/stream/../../r1_bottomup_20260917/../r1_sizesplit_20260917/../r1_floorbatch_20260916/../r1_envelopecore_20260916/envelope.hpp:4,
                 from /data/wenqianz/pivoter_repo/research/r1_skyline_index_20260918/../r1_terminal_20260918/../r1_orderreplay_20260917/active/../../r1_fullrange_20260917/../r1_tworoads_20260917/stream/../../r1_bottomup_20260917/../r1_sizesplit_20260917/../r1_floorbatch_20260916/floor.hpp:3,
                 from /data/wenqianz/pivoter_repo/research/r1_skyline_index_20260918/../r1_terminal_20260918/../r1_orderreplay_20260917/active/../../r1_fullrange_20260917/../r1_tworoads_20260917/stream/../../r1_bottomup_20260917/../r1_sizesplit_20260917/split.hpp:3,
                 from /data/wenqianz/pivoter_repo/research/r1_skyline_index_20260918/../r1_terminal_20260918/../r1_orderreplay_20260917/active/../../r1_fullrange_20260917/../r1_tworoads_20260917/stream/../../r1_bottomup_20260917/bottomup.hpp:3,
                 from /data/wenqianz/pivoter_repo/research/r1_skyline_index_20260918/../r1_terminal_20260918/../r1_orderreplay_20260917/active/../../r1_fullrange_20260917/../r1_tworoads_20260917/stream/../capped.hpp:3,
                 from /data/wenqianz/pivoter_repo/research/r1_skyline_index_20260918/../r1_terminal_20260918/../r1_orderreplay_20260917/active/../../r1_fullrange_20260917/../r1_tworoads_20260917/stream/../components.hpp:3,
                 from /data/wenqianz/pivoter_repo/research/r1_skyline_index_20260918/../r1_terminal_20260918/../r1_orderreplay_20260917/active/../../r1_fullrange_20260917/../r1_tworoads_20260917/stream/stream.hpp:3,
                 from /data/wenqianz/pivoter_repo/research/r1_skyline_index_20260918/../r1_terminal_20260918/../r1_orderreplay_20260917/active/../../r1_fullrange_20260917/generated.hpp:3,
                 from /data/wenqianz/pivoter_repo/research/r1_skyline_index_20260918/../r1_terminal_20260918/../r1_orderreplay_20260917/active/../order.hpp:3,
                 from /data/wenqianz/pivoter_repo/research/r1_skyline_index_20260918/../r1_terminal_20260918/../r1_orderreplay_20260917/active/active.hpp:3,
                 from /data/wenqianz/pivoter_repo/research/r1_skyline_index_20260918/../r1_terminal_20260918/terminal.hpp:3,
                 from /data/wenqianz/pivoter_repo/research/r1_skyline_index_20260918/common.hpp:6,
                 from /data/wenqianz/pivoter_repo/research/r1_skyline_index_20260918/count.cpp:1,
                 from /data/wenqianz/pivoter_repo/research/r1_skyline_index_20260918/chain_index_tool.cpp:12:
In function ‘void* memcpy(void*, const void*, size_t)’,
    inlined from ‘static T chainindex::Traits<T>::load(const unsigned char*) [with long unsigned int Wb = 64; T = long unsigned int]’ at /data/wenqianz/pivoter_repo/research/r1_skyline_index_20260918/chain_index.hpp:36:85,
    inlined from ‘chainindex::ChainIndex<long unsigned int>::top_at(const chainindex::ChainIndex<long unsigned int>::Layer&, uint32_t) const::<lambda(auto:43)> [with auto:43 = std::integral_constant<long unsigned int, 64>]’ at /data/wenqianz/pivoter_repo/research/r1_skyline_index_20260918/chain_index.hpp:92:169,
    inlined from ‘auto chainindex::with_width(unsigned int, F&&) [with F = chainindex::ChainIndex<long unsigned int>::top_at(const chainindex::ChainIndex<long unsigned int>::Layer&, uint32_t) const::<lambda(auto:43)>]’ at /data/wenqianz/pivoter_repo/research/r1_skyline_index_20260918/chain_index.hpp:61:26,
    inlined from ‘T chainindex::ChainIndex<T>::top_at(const chainindex::ChainIndex<T>::Layer&, uint32_t) const [with T = long unsigned int]’ at /data/wenqianz/pivoter_repo/research/r1_skyline_index_20260918/chain_index.hpp:92:92,
    inlined from ‘void chainindex::ChainIndex<T>::ladder(uint32_t, int, std::vector<std::pair<T, long unsigned int> >&) const [with T = long unsigned int]’ at /data/wenqianz/pivoter_repo/research/r1_skyline_index_20260918/chain_index.hpp:177:36:
/usr/include/x86_64-linux-gnu/bits/string_fortified.h:29:33: warning: ‘void* __builtin___memcpy_chk(void*, const void*, long unsigned int, long unsigned int)’ forming offset [8, 63] is out of the bounds [0, 8] of object ‘x’ with type ‘long unsigned int’ [-Warray-bounds]
   29 |   return __builtin___memcpy_chk (__dest, __src, __len,
      |          ~~~~~~~~~~~~~~~~~~~~~~~^~~~~~~~~~~~~~~~~~~~~~
   30 |                                  __glibc_objsize0 (__dest));
      |                                  ~~~~~~~~~~~~~~~~~~~~~~~~~~
In file included from /data/wenqianz/pivoter_repo/research/r1_skyline_index_20260918/chain_index_tool.cpp:14:
/data/wenqianz/pivoter_repo/research/r1_skyline_index_20260918/chain_index.hpp: In member function ‘void chainindex::ChainIndex<T>::ladder(uint32_t, int, std::vector<std::pair<T, long unsigned int> >&) const [with T = long unsigned int]’:
/data/wenqianz/pivoter_repo/research/r1_skyline_index_20260918/chain_index.hpp:36:67: note: ‘x’ declared here
   36 |     template<size_t Wb> static T load(const unsigned char* p) { T x = 0; std::memcpy(&x, p, Wb); return x; }   // constant-size load, Wb <= W
      |                                                                   ^
In file included from /usr/include/string.h:535,
                 from /usr/include/boost/range/detail/implementation_help.hpp:18,
                 from /usr/include/boost/range/end.hpp:20,
                 from /usr/include/boost/range/functions.hpp:19,
                 from /usr/include/boost/range/iterator_range_core.hpp:38,
                 from /usr/include/boost/lexical_cast.hpp:30,
                 from /usr/include/boost/multiprecision/detail/number_base.hpp:20,
                 from /usr/include/boost/multiprecision/traits/is_variable_precision.hpp:10,
                 from /usr/include/boost/multiprecision/detail/precision.hpp:9,
                 from /usr/include/boost/multiprecision/number.hpp:25,
                 from /usr/include/boost/multiprecision/cpp_int.hpp:12,
                 from /data/wenqianz/pivoter_repo/research/r1_skyline_index_20260918/../r1_terminal_20260918/../r1_orderreplay_20260917/active/../../r1_fullrange_20260917/../r1_tworoads_20260917/stream/../../r1_bottomup_20260917/../r1_sizesplit_20260917/../r1_floorbatch_20260916/../r1_envelopecore_20260916/envelope.hpp:4,
                 from /data/wenqianz/pivoter_repo/research/r1_skyline_index_20260918/../r1_terminal_20260918/../r1_orderreplay_20260917/active/../../r1_fullrange_20260917/../r1_tworoads_20260917/stream/../../r1_bottomup_20260917/../r1_sizesplit_20260917/../r1_floorbatch_20260916/floor.hpp:3,
                 from /data/wenqianz/pivoter_repo/research/r1_skyline_index_20260918/../r1_terminal_20260918/../r1_orderreplay_20260917/active/../../r1_fullrange_20260917/../r1_tworoads_20260917/stream/../../r1_bottomup_20260917/../r1_sizesplit_20260917/split.hpp:3,
                 from /data/wenqianz/pivoter_repo/research/r1_skyline_index_20260918/../r1_terminal_20260918/../r1_orderreplay_20260917/active/../../r1_fullrange_20260917/../r1_tworoads_20260917/stream/../../r1_bottomup_20260917/bottomup.hpp:3,
                 from /data/wenqianz/pivoter_repo/research/r1_skyline_index_20260918/../r1_terminal_20260918/../r1_orderreplay_20260917/active/../../r1_fullrange_20260917/../r1_tworoads_20260917/stream/../capped.hpp:3,
                 from /data/wenqianz/pivoter_repo/research/r1_skyline_index_20260918/../r1_terminal_20260918/../r1_orderreplay_20260917/active/../../r1_fullrange_20260917/../r1_tworoads_20260917/stream/../components.hpp:3,
                 from /data/wenqianz/pivoter_repo/research/r1_skyline_index_20260918/../r1_terminal_20260918/../r1_orderreplay_20260917/active/../../r1_fullrange_20260917/../r1_tworoads_20260917/stream/stream.hpp:3,
                 from /data/wenqianz/pivoter_repo/research/r1_skyline_index_20260918/../r1_terminal_20260918/../r1_orderreplay_20260917/active/../../r1_fullrange_20260917/generated.hpp:3,
                 from /data/wenqianz/pivoter_repo/research/r1_skyline_index_20260918/../r1_terminal_20260918/../r1_orderreplay_20260917/active/../order.hpp:3,
                 from /data/wenqianz/pivoter_repo/research/r1_skyline_index_20260918/../r1_terminal_20260918/../r1_orderreplay_20260917/active/active.hpp:3,
                 from /data/wenqianz/pivoter_repo/research/r1_skyline_index_20260918/../r1_terminal_20260918/terminal.hpp:3,
                 from /data/wenqianz/pivoter_repo/research/r1_skyline_index_20260918/common.hpp:6,
                 from /data/wenqianz/pivoter_repo/research/r1_skyline_index_20260918/count.cpp:1,
                 from /data/wenqianz/pivoter_repo/research/r1_skyline_index_20260918/chain_index_tool.cpp:12:
In function ‘void* memcpy(void*, const void*, size_t)’,
    inlined from ‘static T chainindex::Traits<T>::load(const unsigned char*) [with long unsigned int Wb = 16; T = long unsigned int]’ at /data/wenqianz/pivoter_repo/research/r1_skyline_index_20260918/chain_index.hpp:36:85,
    inlined from ‘chainindex::ChainIndex<long unsigned int>::value(uint32_t, int) const::<lambda(auto:45)> [with auto:45 = std::integral_constant<long unsigned int, 16>]’ at /data/wenqianz/pivoter_repo/research/r1_skyline_index_20260918/chain_index.hpp:112:200,
    inlined from ‘auto chainindex::with_width(unsigned int, F&&) [with F = chainindex::ChainIndex<long unsigned int>::value(uint32_t, int) const::<lambda(auto:45)>]’ at /data/wenqianz/pivoter_repo/research/r1_skyline_index_20260918/chain_index.hpp:60:81,
    inlined from ‘T chainindex::ChainIndex<T>::value(uint32_t, int) const [with T = long unsigned int]’ at /data/wenqianz/pivoter_repo/research/r1_skyline_index_20260918/chain_index.hpp:112:122,
    inlined from ‘selftest_graph<long unsigned int, long unsigned int>(const partial::Graph&, const string&, uint64_t&, uint64_t&, uint64_t&, uint64_t&)::<lambda(const chainindex::ChainIndex<long unsigned int>&)>’ at /data/wenqianz/pivoter_repo/research/r1_skyline_index_20260918/chain_index_tool.cpp:238:163:
/usr/include/x86_64-linux-gnu/bits/string_fortified.h:29:33: warning: ‘void* __builtin___memcpy_chk(void*, const void*, long unsigned int, long unsigned int)’ forming offset [8, 15] is out of the bounds [0, 8] of object ‘x’ with type ‘long unsigned int’ [-Warray-bounds]
   29 |   return __builtin___memcpy_chk (__dest, __src, __len,
      |          ~~~~~~~~~~~~~~~~~~~~~~~^~~~~~~~~~~~~~~~~~~~~~
   30 |                                  __glibc_objsize0 (__dest));
      |                                  ~~~~~~~~~~~~~~~~~~~~~~~~~~
In file included from /data/wenqianz/pivoter_repo/research/r1_skyline_index_20260918/chain_index_tool.cpp:14:
/data/wenqianz/pivoter_repo/research/r1_skyline_index_20260918/chain_index.hpp: In lambda function:
/data/wenqianz/pivoter_repo/research/r1_skyline_index_20260918/chain_index.hpp:36:67: note: ‘x’ declared here
   36 |     template<size_t Wb> static T load(const unsigned char* p) { T x = 0; std::memcpy(&x, p, Wb); return x; }   // constant-size load, Wb <= W
      |                                                                   ^
In file included from /usr/include/string.h:535,
                 from /usr/include/boost/range/detail/implementation_help.hpp:18,
                 from /usr/include/boost/range/end.hpp:20,
                 from /usr/include/boost/range/functions.hpp:19,
                 from /usr/include/boost/range/iterator_range_core.hpp:38,
                 from /usr/include/boost/lexical_cast.hpp:30,
                 from /usr/include/boost/multiprecision/detail/number_base.hpp:20,
                 from /usr/include/boost/multiprecision/traits/is_variable_precision.hpp:10,
                 from /usr/include/boost/multiprecision/detail/precision.hpp:9,
                 from /usr/include/boost/multiprecision/number.hpp:25,
                 from /usr/include/boost/multiprecision/cpp_int.hpp:12,
                 from /data/wenqianz/pivoter_repo/research/r1_skyline_index_20260918/../r1_terminal_20260918/../r1_orderreplay_20260917/active/../../r1_fullrange_20260917/../r1_tworoads_20260917/stream/../../r1_bottomup_20260917/../r1_sizesplit_20260917/../r1_floorbatch_20260916/../r1_envelopecore_20260916/envelope.hpp:4,
                 from /data/wenqianz/pivoter_repo/research/r1_skyline_index_20260918/../r1_terminal_20260918/../r1_orderreplay_20260917/active/../../r1_fullrange_20260917/../r1_tworoads_20260917/stream/../../r1_bottomup_20260917/../r1_sizesplit_20260917/../r1_floorbatch_20260916/floor.hpp:3,
                 from /data/wenqianz/pivoter_repo/research/r1_skyline_index_20260918/../r1_terminal_20260918/../r1_orderreplay_20260917/active/../../r1_fullrange_20260917/../r1_tworoads_20260917/stream/../../r1_bottomup_20260917/../r1_sizesplit_20260917/split.hpp:3,
                 from /data/wenqianz/pivoter_repo/research/r1_skyline_index_20260918/../r1_terminal_20260918/../r1_orderreplay_20260917/active/../../r1_fullrange_20260917/../r1_tworoads_20260917/stream/../../r1_bottomup_20260917/bottomup.hpp:3,
                 from /data/wenqianz/pivoter_repo/research/r1_skyline_index_20260918/../r1_terminal_20260918/../r1_orderreplay_20260917/active/../../r1_fullrange_20260917/../r1_tworoads_20260917/stream/../capped.hpp:3,
                 from /data/wenqianz/pivoter_repo/research/r1_skyline_index_20260918/../r1_terminal_20260918/../r1_orderreplay_20260917/active/../../r1_fullrange_20260917/../r1_tworoads_20260917/stream/../components.hpp:3,
                 from /data/wenqianz/pivoter_repo/research/r1_skyline_index_20260918/../r1_terminal_20260918/../r1_orderreplay_20260917/active/../../r1_fullrange_20260917/../r1_tworoads_20260917/stream/stream.hpp:3,
                 from /data/wenqianz/pivoter_repo/research/r1_skyline_index_20260918/../r1_terminal_20260918/../r1_orderreplay_20260917/active/../../r1_fullrange_20260917/generated.hpp:3,
                 from /data/wenqianz/pivoter_repo/research/r1_skyline_index_20260918/../r1_terminal_20260918/../r1_orderreplay_20260917/active/../order.hpp:3,
                 from /data/wenqianz/pivoter_repo/research/r1_skyline_index_20260918/../r1_terminal_20260918/../r1_orderreplay_20260917/active/active.hpp:3,
                 from /data/wenqianz/pivoter_repo/research/r1_skyline_index_20260918/../r1_terminal_20260918/terminal.hpp:3,
                 from /data/wenqianz/pivoter_repo/research/r1_skyline_index_20260918/common.hpp:6,
                 from /data/wenqianz/pivoter_repo/research/r1_skyline_index_20260918/count.cpp:1,
                 from /data/wenqianz/pivoter_repo/research/r1_skyline_index_20260918/chain_index_tool.cpp:12:
In function ‘void* memcpy(void*, const void*, size_t)’,
    inlined from ‘static T chainindex::Traits<T>::load(const unsigned char*) [with long unsigned int Wb = 32; T = long unsigned int]’ at /data/wenqianz/pivoter_repo/research/r1_skyline_index_20260918/chain_index.hpp:36:85,
    inlined from ‘chainindex::ChainIndex<long unsigned int>::value(uint32_t, int) const::<lambda(auto:45)> [with auto:45 = std::integral_constant<long unsigned int, 32>]’ at /data/wenqianz/pivoter_repo/research/r1_skyline_index_20260918/chain_index.hpp:112:200,
    inlined from ‘auto chainindex::with_width(unsigned int, F&&) [with F = chainindex::ChainIndex<long unsigned int>::value(uint32_t, int) const::<lambda(auto:45)>]’ at /data/wenqianz/pivoter_repo/research/r1_skyline_index_20260918/chain_index.hpp:60:138,
    inlined from ‘T chainindex::ChainIndex<T>::value(uint32_t, int) const [with T = long unsigned int]’ at /data/wenqianz/pivoter_repo/research/r1_skyline_index_20260918/chain_index.hpp:112:122,
    inlined from ‘selftest_graph<long unsigned int, long unsigned int>(const partial::Graph&, const string&, uint64_t&, uint64_t&, uint64_t&, uint64_t&)::<lambda(const chainindex::ChainIndex<long unsigned int>&)>’ at /data/wenqianz/pivoter_repo/research/r1_skyline_index_20260918/chain_index_tool.cpp:238:163:
/usr/include/x86_64-linux-gnu/bits/string_fortified.h:29:33: warning: ‘void* __builtin___memcpy_chk(void*, const void*, long unsigned int, long unsigned int)’ forming offset [8, 31] is out of the bounds [0, 8] of object ‘x’ with type ‘long unsigned int’ [-Warray-bounds]
   29 |   return __builtin___memcpy_chk (__dest, __src, __len,
      |          ~~~~~~~~~~~~~~~~~~~~~~~^~~~~~~~~~~~~~~~~~~~~~
   30 |                                  __glibc_objsize0 (__dest));
      |                                  ~~~~~~~~~~~~~~~~~~~~~~~~~~
In file included from /data/wenqianz/pivoter_repo/research/r1_skyline_index_20260918/chain_index_tool.cpp:14:
/data/wenqianz/pivoter_repo/research/r1_skyline_index_20260918/chain_index.hpp: In lambda function:
/data/wenqianz/pivoter_repo/research/r1_skyline_index_20260918/chain_index.hpp:36:67: note: ‘x’ declared here
   36 |     template<size_t Wb> static T load(const unsigned char* p) { T x = 0; std::memcpy(&x, p, Wb); return x; }   // constant-size load, Wb <= W
      |                                                                   ^
In file included from /usr/include/string.h:535,
                 from /usr/include/boost/range/detail/implementation_help.hpp:18,
                 from /usr/include/boost/range/end.hpp:20,
                 from /usr/include/boost/range/functions.hpp:19,
                 from /usr/include/boost/range/iterator_range_core.hpp:38,
                 from /usr/include/boost/lexical_cast.hpp:30,
                 from /usr/include/boost/multiprecision/detail/number_base.hpp:20,
                 from /usr/include/boost/multiprecision/traits/is_variable_precision.hpp:10,
                 from /usr/include/boost/multiprecision/detail/precision.hpp:9,
                 from /usr/include/boost/multiprecision/number.hpp:25,
                 from /usr/include/boost/multiprecision/cpp_int.hpp:12,
                 from /data/wenqianz/pivoter_repo/research/r1_skyline_index_20260918/../r1_terminal_20260918/../r1_orderreplay_20260917/active/../../r1_fullrange_20260917/../r1_tworoads_20260917/stream/../../r1_bottomup_20260917/../r1_sizesplit_20260917/../r1_floorbatch_20260916/../r1_envelopecore_20260916/envelope.hpp:4,
                 from /data/wenqianz/pivoter_repo/research/r1_skyline_index_20260918/../r1_terminal_20260918/../r1_orderreplay_20260917/active/../../r1_fullrange_20260917/../r1_tworoads_20260917/stream/../../r1_bottomup_20260917/../r1_sizesplit_20260917/../r1_floorbatch_20260916/floor.hpp:3,
                 from /data/wenqianz/pivoter_repo/research/r1_skyline_index_20260918/../r1_terminal_20260918/../r1_orderreplay_20260917/active/../../r1_fullrange_20260917/../r1_tworoads_20260917/stream/../../r1_bottomup_20260917/../r1_sizesplit_20260917/split.hpp:3,
                 from /data/wenqianz/pivoter_repo/research/r1_skyline_index_20260918/../r1_terminal_20260918/../r1_orderreplay_20260917/active/../../r1_fullrange_20260917/../r1_tworoads_20260917/stream/../../r1_bottomup_20260917/bottomup.hpp:3,
                 from /data/wenqianz/pivoter_repo/research/r1_skyline_index_20260918/../r1_terminal_20260918/../r1_orderreplay_20260917/active/../../r1_fullrange_20260917/../r1_tworoads_20260917/stream/../capped.hpp:3,
                 from /data/wenqianz/pivoter_repo/research/r1_skyline_index_20260918/../r1_terminal_20260918/../r1_orderreplay_20260917/active/../../r1_fullrange_20260917/../r1_tworoads_20260917/stream/../components.hpp:3,
                 from /data/wenqianz/pivoter_repo/research/r1_skyline_index_20260918/../r1_terminal_20260918/../r1_orderreplay_20260917/active/../../r1_fullrange_20260917/../r1_tworoads_20260917/stream/stream.hpp:3,
                 from /data/wenqianz/pivoter_repo/research/r1_skyline_index_20260918/../r1_terminal_20260918/../r1_orderreplay_20260917/active/../../r1_fullrange_20260917/generated.hpp:3,
                 from /data/wenqianz/pivoter_repo/research/r1_skyline_index_20260918/../r1_terminal_20260918/../r1_orderreplay_20260917/active/../order.hpp:3,
                 from /data/wenqianz/pivoter_repo/research/r1_skyline_index_20260918/../r1_terminal_20260918/../r1_orderreplay_20260917/active/active.hpp:3,
                 from /data/wenqianz/pivoter_repo/research/r1_skyline_index_20260918/../r1_terminal_20260918/terminal.hpp:3,
                 from /data/wenqianz/pivoter_repo/research/r1_skyline_index_20260918/common.hpp:6,
                 from /data/wenqianz/pivoter_repo/research/r1_skyline_index_20260918/count.cpp:1,
                 from /data/wenqianz/pivoter_repo/research/r1_skyline_index_20260918/chain_index_tool.cpp:12:
In function ‘void* memcpy(void*, const void*, size_t)’,
    inlined from ‘static T chainindex::Traits<T>::load(const unsigned char*) [with long unsigned int Wb = 64; T = long unsigned int]’ at /data/wenqianz/pivoter_repo/research/r1_skyline_index_20260918/chain_index.hpp:36:85,
    inlined from ‘chainindex::ChainIndex<long unsigned int>::value(uint32_t, int) const::<lambda(auto:45)> [with auto:45 = std::integral_constant<long unsigned int, 64>]’ at /data/wenqianz/pivoter_repo/research/r1_skyline_index_20260918/chain_index.hpp:112:200,
    inlined from ‘auto chainindex::with_width(unsigned int, F&&) [with F = chainindex::ChainIndex<long unsigned int>::value(uint32_t, int) const::<lambda(auto:45)>]’ at /data/wenqianz/pivoter_repo/research/r1_skyline_index_20260918/chain_index.hpp:61:26,
    inlined from ‘T chainindex::ChainIndex<T>::value(uint32_t, int) const [with T = long unsigned int]’ at /data/wenqianz/pivoter_repo/research/r1_skyline_index_20260918/chain_index.hpp:112:122,
    inlined from ‘selftest_graph<long unsigned int, long unsigned int>(const partial::Graph&, const string&, uint64_t&, uint64_t&, uint64_t&, uint64_t&)::<lambda(const chainindex::ChainIndex<long unsigned int>&)>’ at /data/wenqianz/pivoter_repo/research/r1_skyline_index_20260918/chain_index_tool.cpp:238:163:
/usr/include/x86_64-linux-gnu/bits/string_fortified.h:29:33: warning: ‘void* __builtin___memcpy_chk(void*, const void*, long unsigned int, long unsigned int)’ forming offset [8, 63] is out of the bounds [0, 8] of object ‘x’ with type ‘long unsigned int’ [-Warray-bounds]
   29 |   return __builtin___memcpy_chk (__dest, __src, __len,
      |          ~~~~~~~~~~~~~~~~~~~~~~~^~~~~~~~~~~~~~~~~~~~~~
   30 |                                  __glibc_objsize0 (__dest));
      |                                  ~~~~~~~~~~~~~~~~~~~~~~~~~~
In file included from /data/wenqianz/pivoter_repo/research/r1_skyline_index_20260918/chain_index_tool.cpp:14:
/data/wenqianz/pivoter_repo/research/r1_skyline_index_20260918/chain_index.hpp: In lambda function:
/data/wenqianz/pivoter_repo/research/r1_skyline_index_20260918/chain_index.hpp:36:67: note: ‘x’ declared here
   36 |     template<size_t Wb> static T load(const unsigned char* p) { T x = 0; std::memcpy(&x, p, Wb); return x; }   // constant-size load, Wb <= W
      |                                                                   ^
[100%] Linking CXX executable chain_index_tool
[100%] Built target chain_index_tool
ca-GrQc                  r0 terminal old  total      0.02s ti     0.01 solve     0.00 trees     0.01 peak        6 MB
ca-GrQc                  r0 terminal fast total      0.02s ti     0.01 solve     0.01 trees     0.01 peak        6 MB
ca-GrQc                  r0 tail     old  total      0.02s ti     0.01 solve     0.00 trees     0.01 peak        6 MB
ca-GrQc                  r0 tail     fast total      0.02s ti     0.01 solve     0.00 trees     0.01 peak        6 MB
== ca-GrQc: terminal+old 0.02s (1.00x) terminal+fast 0.02s (1.12x) tail+old 0.02s (1.19x) tail+fast 0.02s (1.38x)
dblp-core30              r0 terminal old  total      0.05s ti     0.01 solve     0.02 trees     0.02 peak        6 MB
dblp-core30              r0 terminal fast total      0.04s ti     0.01 solve     0.02 trees     0.02 peak        6 MB
dblp-core30              r0 tail     old  total      0.03s ti     0.01 solve     0.00 trees     0.02 peak        6 MB
dblp-core30              r0 tail     fast total      0.03s ti     0.01 solve     0.00 trees     0.02 peak        6 MB
== dblp-core30: terminal+old 0.05s (1.00x) terminal+fast 0.04s (1.10x) tail+old 0.03s (1.45x) tail+fast 0.03s (1.71x)
ca-CondMat               r0 terminal old  total      0.09s ti     0.03 solve     0.02 trees     0.04 peak       12 MB
ca-CondMat               r0 terminal fast total      0.09s ti     0.03 solve     0.02 trees     0.03 peak       12 MB
ca-CondMat               r0 tail     old  total      0.08s ti     0.03 solve     0.01 trees     0.04 peak       12 MB
ca-CondMat               r0 tail     fast total      0.08s ti     0.03 solve     0.01 trees     0.03 peak       12 MB
== ca-CondMat: terminal+old 0.09s (1.00x) terminal+fast 0.09s (1.05x) tail+old 0.08s (1.13x) tail+fast 0.08s (1.20x)
email-Eu-core            r0 terminal old  total      0.23s ti     0.12 solve     0.06 trees     0.06 peak       12 MB
email-Eu-core            r0 terminal fast total      0.23s ti     0.12 solve     0.06 trees     0.05 peak       12 MB
email-Eu-core            r0 tail     old  total      0.22s ti     0.12 solve     0.04 trees     0.06 peak       12 MB
email-Eu-core            r0 tail     fast total      0.20s ti     0.11 solve     0.04 trees     0.05 peak       12 MB
== email-Eu-core: terminal+old 0.23s (1.00x) terminal+fast 0.23s (1.03x) tail+old 0.22s (1.07x) tail+fast 0.20s (1.14x)
ca-AstroPh               r0 terminal old  total      0.61s ti     0.24 solve     0.17 trees     0.19 peak       22 MB
ca-AstroPh               r0 terminal fast total      0.59s ti     0.24 solve     0.17 trees     0.17 peak       22 MB
ca-AstroPh               r0 tail     old  total      0.53s ti     0.24 solve     0.10 trees     0.19 peak       22 MB
ca-AstroPh               r0 tail     fast total      0.51s ti     0.24 solve     0.10 trees     0.17 peak       22 MB
== ca-AstroPh: terminal+old 0.61s (1.00x) terminal+fast 0.59s (1.03x) tail+old 0.53s (1.14x) tail+fast 0.51s (1.19x)
ca-HepPh                 r0 terminal old  total      0.68s ti     0.10 solve     0.39 trees     0.19 peak       18 MB
ca-HepPh                 r0 terminal fast total      0.64s ti     0.10 solve     0.38 trees     0.15 peak       18 MB
ca-HepPh                 r0 tail     old  total      0.32s ti     0.10 solve     0.03 trees     0.18 peak       18 MB
ca-HepPh                 r0 tail     fast total      0.28s ti     0.10 solve     0.03 trees     0.15 peak       18 MB
== ca-HepPh: terminal+old 0.68s (1.00x) terminal+fast 0.64s (1.07x) tail+old 0.32s (2.15x) tail+fast 0.28s (2.41x)
ca-MathSciNet            r0 terminal old  total      0.95s ti     0.29 solve     0.23 trees     0.42 peak      103 MB
ca-MathSciNet            r0 terminal fast total      0.87s ti     0.29 solve     0.23 trees     0.33 peak       96 MB
ca-MathSciNet            r0 tail     old  total      0.85s ti     0.30 solve     0.12 trees     0.42 peak      101 MB
ca-MathSciNet            r0 tail     fast total      0.71s ti     0.28 solve     0.12 trees     0.30 peak       97 MB
== ca-MathSciNet: terminal+old 0.95s (1.00x) terminal+fast 0.87s (1.09x) tail+old 0.85s (1.12x) tail+fast 0.71s (1.33x)
com-amazon.ungraph       r0 terminal old  total      0.95s ti     0.25 solve     0.17 trees     0.50 peak      115 MB
com-amazon.ungraph       r0 terminal fast total      0.86s ti     0.25 solve     0.17 trees     0.40 peak      108 MB
com-amazon.ungraph       r0 tail     old  total      0.94s ti     0.26 solve     0.15 trees     0.50 peak      116 MB
com-amazon.ungraph       r0 tail     fast total      0.85s ti     0.26 solve     0.15 trees     0.40 peak      110 MB
== com-amazon.ungraph: terminal+old 0.95s (1.00x) terminal+fast 0.86s (1.11x) tail+old 0.94s (1.02x) tail+fast 0.85s (1.13x)
ca-dblp-2012             r0 terminal old  total      2.23s ti     0.33 solve     0.90 trees     0.99 peak      114 MB
ca-dblp-2012             r0 terminal fast total      1.67s ti     0.28 solve     0.84 trees     0.53 peak      111 MB
ca-dblp-2012             r0 tail     old  total      1.41s ti     0.33 solve     0.17 trees     0.89 peak      118 MB
ca-dblp-2012             r0 tail     fast total      1.02s ti     0.30 solve     0.16 trees     0.53 peak      113 MB
== ca-dblp-2012: terminal+old 2.23s (1.00x) terminal+fast 1.67s (1.34x) tail+old 1.41s (1.59x) tail+fast 1.02s (2.19x)
com-dblp                 r0 terminal old  total      2.06s ti     0.28 solve     0.86 trees     0.91 peak      114 MB
com-dblp                 r0 terminal fast total      1.63s ti     0.27 solve     0.82 trees     0.52 peak      111 MB
com-dblp                 r0 tail     old  total      1.43s ti     0.33 solve     0.17 trees     0.91 peak      114 MB
com-dblp                 r0 tail     fast total      0.93s ti     0.28 solve     0.15 trees     0.48 peak      113 MB
== com-dblp: terminal+old 2.06s (1.00x) terminal+fast 1.63s (1.26x) tail+old 1.43s (1.44x) tail+fast 0.93s (2.22x)
web-Stanford             r0 terminal old  total      5.25s ti     1.31 solve     1.86 trees     2.04 peak      229 MB
web-Stanford             r0 terminal fast total      4.86s ti     1.50 solve     1.84 trees     1.49 peak      225 MB
web-Stanford             r0 tail     old  total      4.51s ti     1.37 solve     1.15 trees     1.96 peak      233 MB
web-Stanford             r0 tail     fast total      4.01s ti     1.41 solve     1.15 trees     1.41 peak      231 MB
== web-Stanford: terminal+old 5.25s (1.00x) terminal+fast 4.86s (1.08x) tail+old 4.51s (1.17x) tail+fast 4.01s (1.31x)
web-Google               r0 terminal old  total      6.49s ti     1.41 solve     1.87 trees     3.11 peak      359 MB
web-Google               r0 terminal fast total      5.69s ti     1.41 solve     1.83 trees     2.34 peak      350 MB
web-Google               r0 tail     old  total      6.37s ti     1.52 solve     1.46 trees     3.28 peak      362 MB
web-Google               r0 tail     fast total      5.21s ti     1.42 solve     1.33 trees     2.34 peak      351 MB
== web-Google: terminal+old 6.49s (1.00x) terminal+fast 5.69s (1.14x) tail+old 6.37s (1.02x) tail+fast 5.21s (1.25x)
com-youtube              r0 terminal old  total      7.56s ti     4.12 solve     1.29 trees     2.11 peak      504 MB
com-youtube              r0 terminal fast total      6.93s ti     4.17 solve     1.30 trees     1.40 peak      497 MB
com-youtube              r0 tail     old  total      7.23s ti     4.21 solve     0.89 trees     2.09 peak      501 MB
com-youtube              r0 tail     fast total      6.49s ti     4.12 solve     0.90 trees     1.41 peak      503 MB
== com-youtube: terminal+old 7.56s (1.00x) terminal+fast 6.93s (1.09x) tail+old 7.23s (1.05x) tail+fast 6.49s (1.17x)
soc-Epinions1            r0 terminal old  total      9.00s ti     4.29 solve     1.90 trees     2.79 peak      311 MB
soc-Epinions1            r0 terminal fast total      8.30s ti     4.30 solve     1.91 trees     2.06 peak      315 MB
soc-Epinions1            r0 tail     old  total      8.33s ti     4.31 solve     1.29 trees     2.72 peak      320 MB
soc-Epinions1            r0 tail     fast total      7.73s ti     4.31 solve     1.32 trees     2.06 peak      317 MB
== soc-Epinions1: terminal+old 9.00s (1.00x) terminal+fast 8.30s (1.08x) tail+old 8.33s (1.08x) tail+fast 7.73s (1.16x)
web-it-2004              r0 terminal old  total     66.78s ti     1.28 solve    53.30 trees    12.09 peak      526 MB
web-it-2004              r0 terminal fast total     61.74s ti     1.30 solve    51.98 trees     8.36 peak      521 MB
web-it-2004              r0 tail     old  total     14.84s ti     1.28 solve     1.41 trees    12.05 peak      495 MB
web-it-2004              r0 tail     fast total     11.16s ti     1.30 solve     1.42 trees     8.33 peak      490 MB
== web-it-2004: terminal+old 66.78s (1.00x) terminal+fast 61.74s (1.08x) tail+old 14.84s (4.50x) tail+fast 11.16s (5.99x)
web-uk-2005              r0 terminal old  total     67.58s ti     2.27 solve    47.98 trees    17.28 peak      298 MB
web-uk-2005              r0 terminal fast total     65.01s ti     2.33 solve    47.96 trees    14.68 peak      295 MB
web-uk-2005              r0 tail     old  total     19.73s ti     2.30 solve     0.36 trees    17.04 peak      288 MB
web-uk-2005              r0 tail     fast total     18.10s ti     2.34 solve     0.38 trees    15.34 peak      285 MB
== web-uk-2005: terminal+old 67.58s (1.00x) terminal+fast 65.01s (1.04x) tail+old 19.73s (3.42x) tail+fast 18.10s (3.73x)
soc-pokec-relationships  r0 terminal old  total     90.03s ti    40.15 solve    25.62 trees    23.84 peak     2809 MB
soc-pokec-relationships  r0 terminal fast total     70.09s ti    33.40 solve    21.04 trees    15.01 peak     2869 MB
soc-pokec-relationships  r0 tail     old  total     75.08s ti    33.98 solve    16.12 trees    24.56 peak     2828 MB
soc-pokec-relationships  r0 tail     fast total     64.85s ti    34.37 solve    14.11 trees    15.70 peak     2894 MB
== soc-pokec-relationships: terminal+old 90.03s (1.00x) terminal+fast 70.09s (1.28x) tail+old 75.08s (1.20x) tail+fast 64.85s (1.39x)
ca-coauthors-dblp        r0 terminal old  total    112.10s ti     7.53 solve    79.41 trees    25.10 peak      878 MB
ca-coauthors-dblp        r0 terminal fast total    110.73s ti     8.45 solve    82.25 trees    19.96 peak      865 MB
ca-coauthors-dblp        r0 tail     old  total     34.75s ti     6.90 solve     2.37 trees    25.43 peak      848 MB
ca-coauthors-dblp        r0 tail     fast total     28.45s ti     6.76 solve     2.27 trees    19.35 peak      832 MB
== ca-coauthors-dblp: terminal+old 112.10s (1.00x) terminal+fast 110.73s (1.01x) tail+old 34.75s (3.23x) tail+fast 28.45s (3.94x)
wiki-Talk                r0 terminal old  total    776.98s ti   288.53 solve   186.81 trees   301.57 peak    20143 MB
wiki-Talk                r0 terminal fast total    697.43s ti   293.81 solve   184.90 trees   217.59 peak    20478 MB
wiki-Talk                r0 tail     old  total    705.77s ti   289.73 solve   112.17 trees   303.82 peak    20251 MB
wiki-Talk                r0 tail     fast total    616.99s ti   284.16 solve   112.59 trees   219.11 peak    20580 MB
== wiki-Talk: terminal+old 776.98s (1.00x) terminal+fast 697.43s (1.11x) tail+old 705.77s (1.10x) tail+fast 616.99s (1.26x)
tech-as-skitter          r0 terminal old  total    939.14s ti   180.90 solve   357.74 trees   400.20 peak    13882 MB
tech-as-skitter          r0 terminal fast total    846.43s ti   175.77 solve   373.30 trees   296.58 peak    14018 MB
tech-as-skitter          r0 tail     old  total    804.93s ti   189.22 solve   209.82 trees   405.59 peak    13921 MB
tech-as-skitter          r0 tail     fast total    693.07s ti   184.98 solve   212.34 trees   294.95 peak    14067 MB
== tech-as-skitter: terminal+old 939.14s (1.00x) terminal+fast 846.43s (1.11x) tail+old 804.93s (1.17x) tail+fast 693.07s (1.36x)
ca-GrQc                  r1 tail     fast total      0.02s ti     0.01 solve     0.00 trees     0.01 peak        6 MB
ca-GrQc                  r1 tail     old  total      0.02s ti     0.00 solve     0.00 trees     0.01 peak        6 MB
ca-GrQc                  r1 terminal fast total      0.02s ti     0.01 solve     0.01 trees     0.01 peak        6 MB
ca-GrQc                  r1 terminal old  total      0.02s ti     0.01 solve     0.01 trees     0.01 peak        6 MB
== ca-GrQc: terminal+old 0.02s (1.00x) terminal+fast 0.02s (1.17x) tail+old 0.02s (1.30x) tail+fast 0.02s (1.40x)
dblp-core30              r1 tail     fast total      0.03s ti     0.01 solve     0.00 trees     0.02 peak        6 MB
dblp-core30              r1 tail     old  total      0.03s ti     0.01 solve     0.00 trees     0.02 peak        6 MB
dblp-core30              r1 terminal fast total      0.04s ti     0.01 solve     0.02 trees     0.02 peak        6 MB
dblp-core30              r1 terminal old  total      0.05s ti     0.01 solve     0.02 trees     0.02 peak        6 MB
== dblp-core30: terminal+old 0.05s (1.00x) terminal+fast 0.04s (1.09x) tail+old 0.03s (1.46x) tail+fast 0.03s (1.67x)
ca-CondMat               r1 tail     fast total      0.07s ti     0.03 solve     0.01 trees     0.03 peak       12 MB
ca-CondMat               r1 tail     old  total      0.08s ti     0.03 solve     0.01 trees     0.04 peak       12 MB
ca-CondMat               r1 terminal fast total      0.09s ti     0.03 solve     0.02 trees     0.03 peak       12 MB
ca-CondMat               r1 terminal old  total      0.09s ti     0.03 solve     0.02 trees     0.04 peak       12 MB
== ca-CondMat: terminal+old 0.09s (1.00x) terminal+fast 0.09s (1.05x) tail+old 0.08s (1.12x) tail+fast 0.07s (1.31x)
email-Eu-core            r1 tail     fast total      0.21s ti     0.12 solve     0.04 trees     0.05 peak       12 MB
email-Eu-core            r1 tail     old  total      0.22s ti     0.12 solve     0.04 trees     0.06 peak       12 MB
email-Eu-core            r1 terminal fast total      0.23s ti     0.11 solve     0.06 trees     0.06 peak       12 MB
email-Eu-core            r1 terminal old  total      0.23s ti     0.11 solve     0.06 trees     0.06 peak       12 MB
== email-Eu-core: terminal+old 0.23s (1.00x) terminal+fast 0.23s (1.01x) tail+old 0.22s (1.07x) tail+fast 0.21s (1.12x)
ca-AstroPh               r1 tail     fast total      0.44s ti     0.20 solve     0.09 trees     0.15 peak       22 MB
ca-AstroPh               r1 tail     old  total      0.55s ti     0.24 solve     0.10 trees     0.20 peak       22 MB
ca-AstroPh               r1 terminal fast total      0.60s ti     0.24 solve     0.18 trees     0.18 peak       22 MB
ca-AstroPh               r1 terminal old  total      0.61s ti     0.24 solve     0.17 trees     0.20 peak       22 MB
== ca-AstroPh: terminal+old 0.61s (1.00x) terminal+fast 0.60s (1.02x) tail+old 0.54s (1.13x) tail+fast 0.48s (1.28x)
ca-HepPh                 r1 tail     fast total      0.28s ti     0.10 solve     0.03 trees     0.14 peak       18 MB
ca-HepPh                 r1 tail     old  total      0.32s ti     0.10 solve     0.03 trees     0.19 peak       18 MB
ca-HepPh                 r1 terminal fast total      0.66s ti     0.10 solve     0.40 trees     0.15 peak       18 MB
ca-HepPh                 r1 terminal old  total      0.69s ti     0.10 solve     0.39 trees     0.19 peak       18 MB
== ca-HepPh: terminal+old 0.68s (1.00x) terminal+fast 0.65s (1.06x) tail+old 0.32s (2.15x) tail+fast 0.28s (2.44x)
ca-MathSciNet            r1 tail     fast total      0.75s ti     0.29 solve     0.12 trees     0.32 peak       97 MB
ca-MathSciNet            r1 tail     old  total      0.85s ti     0.30 solve     0.12 trees     0.42 peak      101 MB
ca-MathSciNet            r1 terminal fast total      0.89s ti     0.30 solve     0.24 trees     0.34 peak       96 MB
ca-MathSciNet            r1 terminal old  total      0.99s ti     0.29 solve     0.24 trees     0.44 peak      103 MB
== ca-MathSciNet: terminal+old 0.97s (1.00x) terminal+fast 0.88s (1.10x) tail+old 0.85s (1.14x) tail+fast 0.73s (1.32x)
com-amazon.ungraph       r1 tail     fast total      0.87s ti     0.26 solve     0.15 trees     0.42 peak      110 MB
com-amazon.ungraph       r1 tail     old  total      0.94s ti     0.26 solve     0.14 trees     0.50 peak      116 MB
com-amazon.ungraph       r1 terminal fast total      0.86s ti     0.26 solve     0.17 trees     0.40 peak      108 MB
com-amazon.ungraph       r1 terminal old  total      0.94s ti     0.25 solve     0.17 trees     0.49 peak      115 MB
== com-amazon.ungraph: terminal+old 0.95s (1.00x) terminal+fast 0.86s (1.10x) tail+old 0.94s (1.01x) tail+fast 0.86s (1.11x)
ca-dblp-2012             r1 tail     fast total      1.09s ti     0.33 solve     0.17 trees     0.57 peak      113 MB
ca-dblp-2012             r1 tail     old  total      1.39s ti     0.33 solve     0.17 trees     0.88 peak      119 MB
ca-dblp-2012             r1 terminal fast total      2.17s ti     0.33 solve     1.06 trees     0.75 peak      111 MB
ca-dblp-2012             r1 terminal old  total      2.25s ti     0.32 solve     0.92 trees     0.98 peak      114 MB
== ca-dblp-2012: terminal+old 2.24s (1.00x) terminal+fast 1.92s (1.17x) tail+old 1.40s (1.60x) tail+fast 1.05s (2.12x)
com-dblp                 r1 tail     fast total      1.16s ti     0.35 solve     0.18 trees     0.61 peak      113 MB
com-dblp                 r1 tail     old  total      1.36s ti     0.32 solve     0.16 trees     0.86 peak      114 MB
com-dblp                 r1 terminal fast total      1.89s ti     0.32 solve     0.95 trees     0.60 peak      111 MB
com-dblp                 r1 terminal old  total      2.25s ti     0.32 solve     0.93 trees     0.98 peak      114 MB
== com-dblp: terminal+old 2.15s (1.00x) terminal+fast 1.76s (1.22x) tail+old 1.40s (1.54x) tail+fast 1.04s (2.06x)
web-Stanford             r1 tail     fast total      4.16s ti     1.50 solve     1.18 trees     1.44 peak      231 MB
web-Stanford             r1 tail     old  total      5.04s ti     1.58 solve     1.27 trees     2.15 peak      233 MB
web-Stanford             r1 terminal fast total      5.04s ti     1.51 solve     1.93 trees     1.56 peak      225 MB
web-Stanford             r1 terminal old  total      5.29s ti     1.44 solve     1.83 trees     1.98 peak      229 MB
== web-Stanford: terminal+old 5.27s (1.00x) terminal+fast 4.95s (1.06x) tail+old 4.77s (1.10x) tail+fast 4.09s (1.29x)
web-Google               r1 tail     fast total      6.97s ti     1.81 solve     1.82 trees     3.20 peak      351 MB
web-Google               r1 tail     old  total      6.28s ti     1.70 solve     1.35 trees     3.13 peak      362 MB
web-Google               r1 terminal fast total      6.39s ti     1.70 solve     2.01 trees     2.57 peak      350 MB
web-Google               r1 terminal old  total      6.64s ti     1.66 solve     1.82 trees     3.07 peak      359 MB
== web-Google: terminal+old 6.57s (1.00x) terminal+fast 6.04s (1.09x) tail+old 6.32s (1.04x) tail+fast 6.09s (1.08x)
com-youtube              r1 tail     fast total      7.17s ti     4.54 solve     1.01 trees     1.54 peak      503 MB
com-youtube              r1 tail     old  total      8.78s ti     5.46 solve     0.96 trees     2.32 peak      501 MB
com-youtube              r1 terminal fast total      7.57s ti     4.50 solve     1.45 trees     1.54 peak      497 MB
com-youtube              r1 terminal old  total      7.84s ti     4.33 solve     1.33 trees     2.15 peak      504 MB
== com-youtube: terminal+old 7.70s (1.00x) terminal+fast 7.25s (1.06x) tail+old 8.00s (0.96x) tail+fast 6.83s (1.13x)
soc-Epinions1            r1 tail     fast total      8.98s ti     5.32 solve     1.42 trees     2.20 peak      317 MB
soc-Epinions1            r1 tail     old  total      9.32s ti     4.92 solve     1.35 trees     3.04 peak      320 MB
soc-Epinions1            r1 terminal fast total      8.55s ti     4.57 solve     1.92 trees     2.02 peak      316 MB
soc-Epinions1            r1 terminal old  total     10.77s ti     5.29 solve     2.27 trees     3.19 peak      311 MB
== soc-Epinions1: terminal+old 9.88s (1.00x) terminal+fast 8.43s (1.17x) tail+old 8.82s (1.12x) tail+fast 8.35s (1.18x)
END 2026-09-23T06:38:59+00:00 rc=0
