graph,r,s,algorithm,run,status,wall_ms,took_ms,build_ms,peel_ms,memory_kB,time_max_rss_kB,time_user_sec,time_sys_sec,time_elapsed,time_pagefaults_major,time_pagefaults_minor,time_voluntary_ctxt,time_involuntary_ctxt,time_exit_status
com-dblp,1,2,Pure,0,OK,1390.8,77.1201,,77.1201,118036.0,118036,1.30,0.07,0:01.38,24,40436,26,3,0
com-dblp,1,2,Pure,1,OK,1394.3,77.9925,,77.9925,118132.0,118132,1.27,0.11,0:01.39,0,40451,1,1,0
com-dblp,1,2,Pure,2,OK,1371.2,77.4315,,77.4315,118136.0,118136,1.28,0.07,0:01.36,0,40450,1,1,0
com-dblp,1,2,REF_R1,0,OK,1520.2,753.3620000000001,486.983,266.379,240080.0,240080,1.41,0.10,0:01.51,1,63426,2,3,0
com-dblp,1,2,REF_R1,1,OK,1391.2,750.287,484.007,266.28,239920.0,239920,1.29,0.09,0:01.38,0,63423,1,4,0
com-dblp,1,2,REF_R1,2,OK,1390.6,750.444,483.951,266.493,239864.0,239864,1.33,0.05,0:01.38,0,63427,1,5,0
com-dblp,1,3,Pure,0,OK,1396.8,92.5119,,92.5119,113632.0,113632,1.31,0.08,0:01.39,0,38823,1,2,0
com-dblp,1,3,Pure,1,OK,1400.7,92.6915,,92.6915,113652.0,113652,1.31,0.07,0:01.39,0,38828,1,1,0
com-dblp,1,3,Pure,2,OK,1100.4,64.9964,,64.9964,113588.0,113588,1.03,0.06,0:01.09,0,38830,1,2,0
com-dblp,1,3,REF_R1,0,OK,1358.3,716.302,452.262,264.04,208024.0,208024,1.29,0.05,0:01.35,0,55444,1,1,0
com-dblp,1,3,REF_R1,1,OK,1355.5,706.072,447.061,259.011,208156.0,208156,1.28,0.06,0:01.35,0,55451,1,1,0
com-dblp,1,3,REF_R1,2,OK,1373.9,715.952,451.862,264.09,208052.0,208052,1.28,0.08,0:01.37,0,55449,1,3,0
com-dblp,1,4,Pure,0,OK,1318.8,63.0044,,63.0044,105124.0,105124,1.25,0.05,0:01.31,0,32299,1,1,0
com-dblp,1,4,Pure,1,OK,1137.5,44.9244,,44.9244,104916.0,104916,1.10,0.02,0:01.13,0,32294,1,2,0
com-dblp,1,4,Pure,2,OK,964.2,45.4903,,45.4903,105084.0,105084,0.92,0.03,0:00.96,0,32301,1,1,0
com-dblp,1,4,REF_R1,0,OK,1650.6,817.126,534.18,282.946,168940.0,168940,1.54,0.10,0:01.64,0,45704,1,3,0
com-dblp,1,4,REF_R1,1,OK,1200.5,564.029,379.206,184.823,169012.0,169012,1.13,0.05,0:01.19,0,45701,1,1,0
com-dblp,1,4,REF_R1,2,OK,1649.4,814.173,533.447,280.726,168912.0,168912,1.55,0.09,0:01.64,0,45703,1,3,0
com-dblp,1,5,Pure,0,OK,958.3,26.4413,,26.4413,99008.0,99008,0.91,0.03,0:00.95,0,29825,1,0,0
com-dblp,1,5,Pure,1,OK,1270.7,37.0158,,37.0158,99148.0,99148,1.19,0.06,0:01.26,0,29826,1,1,0
com-dblp,1,5,Pure,2,OK,960.6,26.4741,,26.4741,99152.0,99152,0.91,0.04,0:00.95,0,29826,1,3,0
com-dblp,1,5,REF_R1,0,OK,1046.7,449.176,324.601,124.575,147460.0,147460,0.98,0.05,0:01.04,0,40314,1,2,0
com-dblp,1,5,REF_R1,1,OK,1048.4,449.48799999999994,325.03,124.458,147504.0,147504,1.00,0.03,0:01.04,0,40312,1,2,0
com-dblp,1,5,REF_R1,2,OK,1049.6,448.939,324.156,124.783,147668.0,147668,0.99,0.05,0:01.04,0,40316,1,1,0
com-dblp,1,6,Pure,0,OK,914.0,15.4038,,15.4038,95544.0,95544,0.87,0.03,0:00.91,0,28424,1,1,0
com-dblp,1,6,Pure,1,OK,912.6,15.4802,,15.4802,95716.0,95716,0.87,0.03,0:00.90,0,28424,1,2,0
com-dblp,1,6,Pure,2,OK,912.9,15.6065,,15.6065,95576.0,95576,0.87,0.03,0:00.91,0,28422,1,1,0
com-dblp,1,6,REF_R1,0,OK,1356.1,549.487,413.301,136.186,135092.0,135092,1.26,0.08,0:01.35,0,37248,1,1,0
com-dblp,1,6,REF_R1,1,OK,1066.8,380.27290000000005,288.588,91.6849,135168.0,135168,0.99,0.06,0:01.06,0,37247,1,1,0
com-dblp,1,6,REF_R1,2,OK,999.6,381.37879999999996,289.123,92.2558,135132.0,135132,0.94,0.05,0:00.99,0,37251,1,1,0
com-dblp,1,7,Pure,0,OK,915.6,9.85766,,9.85766,93988.0,93988,0.86,0.04,0:00.91,0,27706,1,0,0
com-dblp,1,7,Pure,1,OK,903.1,9.88378,,9.88378,94324.0,94324,0.85,0.04,0:00.90,0,27707,1,2,0
com-dblp,1,7,Pure,2,OK,904.7,9.96757,,9.96757,94164.0,94164,0.84,0.05,0:00.90,0,27703,1,3,0
com-dblp,1,7,REF_R1,0,OK,931.6,342.2921,266.623,75.6691,128320.0,128320,0.89,0.03,0:00.92,0,35463,1,3,0
com-dblp,1,7,REF_R1,1,OK,953.5,340.7737,265.237,75.5367,128000.0,128000,0.90,0.04,0:00.95,0,35459,1,1,0
com-dblp,1,7,REF_R1,2,OK,958.7,341.9563,266.366,75.5903,128108.0,128108,0.90,0.05,0:00.95,0,35463,1,2,0
com-dblp,1,8,Pure,0,OK,900.6,6.99725,,6.99725,92936.0,92936,0.87,0.02,0:00.89,0,27265,1,1,0
com-dblp,1,8,Pure,1,OK,900.1,6.96897,,6.96897,93180.0,93180,0.84,0.05,0:00.89,0,27264,1,3,0
com-dblp,1,8,Pure,2,OK,1209.8,9.43328,,9.43328,93256.0,93256,1.13,0.07,0:01.20,0,27264,1,2,0
com-dblp,1,8,REF_R1,0,OK,932.6,317.5509,250.418,67.1329,123968.0,123968,0.87,0.05,0:00.92,0,34457,1,1,0
com-dblp,1,8,REF_R1,1,OK,1242.6,443.1701,346.861,96.3091,123860.0,123860,1.15,0.08,0:01.23,0,34452,1,2,0
com-dblp,1,8,REF_R1,2,OK,990.9,317.2584,250.25,67.0084,124160.0,124160,0.91,0.06,0:00.98,0,34460,1,2,0
com-dblp,1,9,Pure,0,OK,898.3,5.45559,,5.45559,92764.0,92764,0.86,0.03,0:00.89,0,27062,1,1,0
com-dblp,1,9,Pure,1,OK,896.2,5.42078,,5.42078,92648.0,92648,0.86,0.03,0:00.89,0,27059,1,1,0
com-dblp,1,9,Pure,2,OK,1236.8,7.42966,,7.42966,92700.0,92700,1.17,0.05,0:01.23,0,27054,1,1,0
com-dblp,1,9,REF_R1,0,OK,1204.9,412.7352,325.096,87.6392,121620.0,121620,1.13,0.06,0:01.20,0,33837,1,2,0
com-dblp,1,9,REF_R1,1,OK,914.7,301.24219999999997,238.646,62.5962,121356.0,121356,0.85,0.05,0:00.91,0,33837,1,1,0
com-dblp,1,9,REF_R1,2,OK,887.2,299.6915,237.456,62.2355,121632.0,121632,0.83,0.04,0:00.88,0,33837,1,1,0
com-dblp,1,10,Pure,0,OK,894.1,4.60712,,4.60712,92380.0,92380,0.84,0.04,0:00.89,0,26907,1,1,0
com-dblp,1,10,Pure,1,OK,893.1,4.58905,,4.58905,92188.0,92188,0.85,0.04,0:00.89,0,26906,1,4,0
com-dblp,1,10,Pure,2,OK,1205.4,6.29037,,6.29037,92240.0,92240,1.13,0.06,0:01.20,0,26908,1,1,0
com-dblp,1,10,REF_R1,0,OK,902.5,288.0089,229.003,59.0059,120044.0,120044,0.83,0.05,0:00.89,0,33449,1,2,0
com-dblp,1,10,REF_R1,1,OK,1198.1,401.2223,318.401,82.8213,119944.0,119944,1.12,0.06,0:01.19,0,33448,1,2,0
com-dblp,1,10,REF_R1,2,OK,979.4,286.7214,227.89,58.8314,120160.0,120160,0.91,0.06,0:00.97,0,33448,1,2,0
com-dblp,1,11,Pure,0,OK,922.8,4.07431,,4.07431,92244.0,92244,0.88,0.03,0:00.92,0,26813,1,1,0
com-dblp,1,11,Pure,1,OK,1217.7,5.65945,,5.65945,92244.0,92244,1.17,0.04,0:01.21,0,26812,1,1,0
com-dblp,1,11,Pure,2,OK,919.9,4.06097,,4.06097,92292.0,92292,0.88,0.03,0:00.91,0,26813,1,1,0
com-dblp,1,11,REF_R1,0,OK,864.1,278.6201,221.544,57.0761,119016.0,119016,0.80,0.05,0:00.86,0,33174,1,2,0
com-dblp,1,11,REF_R1,1,OK,863.9,278.6053,221.568,57.0373,119200.0,119200,0.79,0.06,0:00.86,0,33175,1,1,0
com-dblp,1,11,REF_R1,2,OK,867.2,278.50849999999997,221.337,57.1715,119052.0,119052,0.81,0.04,0:00.86,0,33174,1,2,0
com-dblp,1,12,Pure,0,OK,1217.8,5.20151,,5.20151,92212.0,92212,1.16,0.04,0:01.21,0,26743,1,1,0
com-dblp,1,12,Pure,1,OK,924.1,3.73645,,3.73645,92016.0,92016,0.87,0.04,0:00.92,0,26744,1,3,0
com-dblp,1,12,Pure,2,OK,1202.1,5.19891,,5.19891,92060.0,92060,1.15,0.04,0:01.19,0,26739,1,1,0
com-dblp,1,12,REF_R1,0,OK,888.2,272.4725,216.717,55.7555,118100.0,118100,0.83,0.04,0:00.88,0,32991,1,1,0
com-dblp,1,12,REF_R1,1,OK,1164.2,374.65700000000004,297.389,77.268,118116.0,118116,1.08,0.07,0:01.16,0,32996,1,1,0
com-dblp,1,12,REF_R1,2,OK,885.8,272.9515,217.29,55.6615,118064.0,118064,0.82,0.05,0:00.88,0,32995,1,5,0
com-dblp,1,13,Pure,0,OK,1217.6,4.92411,,4.92411,92256.0,92256,1.17,0.04,0:01.21,0,26679,1,1,0
com-dblp,1,13,Pure,1,OK,920.7,3.51204,,3.51204,92208.0,92208,0.87,0.04,0:00.91,0,26680,1,2,0
com-dblp,1,13,Pure,2,OK,890.7,3.51195,,3.51195,92212.0,92212,0.85,0.02,0:00.88,0,26680,1,1,0
com-dblp,1,13,REF_R1,0,OK,851.7,267.61,212.9,54.71,117560.0,117560,0.80,0.04,0:00.84,0,32853,1,3,0
com-dblp,1,13,REF_R1,1,OK,1156.1,367.8868,292.284,75.6028,117500.0,117500,1.09,0.06,0:01.15,0,32852,1,1,0
com-dblp,1,13,REF_R1,2,OK,879.0,267.5976,212.916,54.6816,117560.0,117560,0.81,0.06,0:00.87,0,32855,1,2,0
com-dblp,1,14,Pure,0,OK,1218.0,4.75996,,4.75996,92152.0,92152,1.13,0.07,0:01.21,0,26635,1,1,0
com-dblp,1,14,Pure,1,OK,918.1,3.39158,,3.39158,92184.0,92184,0.87,0.04,0:00.91,0,26637,1,2,0
com-dblp,1,14,Pure,2,OK,891.5,3.39114,,3.39114,91976.0,91976,0.84,0.03,0:00.88,0,26639,1,1,0
com-dblp,1,14,REF_R1,0,OK,1159.6,368.5508,293.146,75.4048,117216.0,117216,1.08,0.06,0:01.15,0,32742,1,1,0
com-dblp,1,14,REF_R1,1,OK,876.5,263.66679999999997,209.684,53.9828,117152.0,117152,0.82,0.04,0:00.87,0,32741,1,1,0
com-dblp,1,14,REF_R1,2,OK,851.1,263.6545,209.574,54.0805,117136.0,117136,0.80,0.04,0:00.84,0,32740,1,2,0
com-dblp,1,15,Pure,0,OK,1214.6,4.58916,,4.58916,91764.0,91764,1.15,0.05,0:01.21,0,26601,1,1,0
com-dblp,1,15,Pure,1,OK,921.6,3.27337,,3.27337,91948.0,91948,0.87,0.03,0:00.91,0,26600,1,4,0
com-dblp,1,15,Pure,2,OK,1212.1,4.64034,,4.64034,91660.0,91660,1.12,0.08,0:01.20,0,26600,1,1,0
com-dblp,1,15,REF_R1,0,OK,878.5,261.3153,207.418,53.8973,117000.0,117000,0.81,0.05,0:00.87,0,32656,1,1,0
com-dblp,1,15,REF_R1,1,OK,1160.0,364.4339,289.65,74.7839,116896.0,116896,1.09,0.06,0:01.15,0,32655,1,1,0
com-dblp,1,15,REF_R1,2,OK,877.9,260.6965,207.16,53.5365,116800.0,116800,0.81,0.05,0:00.87,0,32655,1,1,0
com-dblp,1,16,Pure,0,OK,1213.4,4.42662,,4.42662,91800.0,91800,1.15,0.05,0:01.21,0,26571,1,1,0
com-dblp,1,16,Pure,1,OK,917.6,3.1456,,3.1456,91892.0,91892,0.86,0.05,0:00.91,0,26567,1,2,0
com-dblp,1,16,Pure,2,OK,890.6,3.12967,,3.12967,91920.0,91920,0.85,0.03,0:00.88,0,26571,1,1,0
com-dblp,1,16,REF_R1,0,OK,1156.5,361.30539999999996,287.056,74.2494,116556.0,116556,1.08,0.07,0:01.15,0,32586,1,1,0
com-dblp,1,16,REF_R1,1,OK,871.6,259.0249,205.443,53.5819,116596.0,116596,0.81,0.05,0:00.86,0,32583,1,1,0
com-dblp,1,16,REF_R1,2,OK,845.6,259.0531,205.409,53.6441,116608.0,116608,0.79,0.04,0:00.84,0,32585,1,3,0
com-dblp,1,17,Pure,0,OK,1212.8,4.30123,,4.30123,91964.0,91964,1.14,0.06,0:01.20,0,26546,1,1,0
com-dblp,1,17,Pure,1,OK,919.3,3.02575,,3.02575,91900.0,91900,0.90,0.01,0:00.91,0,26545,1,3,0
com-dblp,1,17,Pure,2,OK,1210.8,4.30021,,4.30021,91788.0,91788,1.14,0.06,0:01.20,0,26543,1,1,0
com-dblp,1,17,REF_R1,0,OK,870.2,255.7787,203.438,52.3407,116356.0,116356,0.81,0.05,0:00.86,0,32522,1,2,0
com-dblp,1,17,REF_R1,1,OK,841.8,255.65789999999998,203.369,52.2889,116336.0,116336,0.81,0.02,0:00.83,0,32523,1,1,0
com-dblp,1,17,REF_R1,2,OK,840.9,256.5271,204.34,52.1871,116220.0,116220,0.81,0.02,0:00.83,0,32521,1,2,0
com-dblp,1,18,Pure,0,OK,889.8,2.95671,,2.95671,91908.0,91908,0.84,0.04,0:00.88,0,26523,1,1,0
com-dblp,1,18,Pure,1,OK,891.3,3.10144,,3.10144,91800.0,91800,0.86,0.02,0:00.88,0,26522,1,3,0
com-dblp,1,18,Pure,2,OK,1208.6,4.19823,,4.19823,91912.0,91912,1.16,0.04,0:01.20,0,26522,1,1,0
com-dblp,1,18,REF_R1,0,OK,868.3,254.8554,202.017,52.8384,116216.0,116216,0.81,0.05,0:00.86,0,32479,1,2,0
com-dblp,1,18,REF_R1,1,OK,1154.1,355.962,282.827,73.135,116236.0,116236,1.08,0.06,0:01.15,0,32478,1,1,0
com-dblp,1,18,REF_R1,2,OK,868.5,255.9189,203.303,52.6159,116204.0,116204,0.80,0.06,0:00.86,0,32476,1,2,0
com-dblp,1,19,Pure,0,OK,1215.7,4.16675,,4.16675,91700.0,91700,1.14,0.06,0:01.21,0,26506,1,1,0
com-dblp,1,19,Pure,1,OK,916.3,2.94377,,2.94377,92016.0,92016,0.87,0.04,0:00.91,0,26513,1,1,0
com-dblp,1,19,Pure,2,OK,888.2,2.94378,,2.94378,91788.0,91788,0.84,0.03,0:00.88,0,26506,1,1,0
com-dblp,1,19,REF_R1,0,OK,1146.9,353.9044,281.185,72.7194,116140.0,116140,1.05,0.08,0:01.14,0,32427,1,2,0
com-dblp,1,19,REF_R1,1,OK,866.5,253.9131,201.212,52.7011,116168.0,116168,0.81,0.05,0:00.86,0,32430,1,1,0
com-dblp,1,19,REF_R1,2,OK,838.5,253.4806,200.983,52.4976,116000.0,116000,0.77,0.05,0:00.83,0,32427,1,1,0
com-dblp,1,20,Pure,0,OK,1213.1,4.10928,,4.10928,91892.0,91892,1.14,0.06,0:01.21,0,26493,1,2,0
com-dblp,1,20,Pure,1,OK,919.9,2.90004,,2.90004,91708.0,91708,0.88,0.03,0:00.91,0,26493,1,5,0
com-dblp,1,20,Pure,2,OK,1212.9,4.12728,,4.12728,91768.0,91768,1.15,0.05,0:01.21,0,26489,1,3,0
com-dblp,1,20,REF_R1,0,OK,863.6,252.23829999999998,200.16,52.0783,115880.0,115880,0.82,0.04,0:00.86,0,32398,1,2,0
com-dblp,1,20,REF_R1,1,OK,836.8,251.2682,199.366,51.9022,115884.0,115884,0.80,0.03,0:00.83,0,32399,1,2,0
com-dblp,1,20,REF_R1,2,OK,1145.0,352.29600000000005,279.802,72.494,115940.0,115940,1.06,0.07,0:01.14,0,32398,1,3,0
com-dblp,1,21,Pure,0,OK,918.9,2.88102,,2.88102,91516.0,91516,0.87,0.04,0:00.91,0,26479,1,2,0
com-dblp,1,21,Pure,1,OK,1210.4,4.07416,,4.07416,91600.0,91600,1.13,0.06,0:01.20,0,26475,1,2,0
com-dblp,1,21,Pure,2,OK,917.5,2.87791,,2.87791,91556.0,91556,0.88,0.03,0:00.91,0,26480,1,1,0
com-dblp,1,21,REF_R1,0,OK,833.0,250.31869999999998,198.515,51.8037,115648.0,115648,0.78,0.04,0:00.83,0,32364,1,2,0
com-dblp,1,21,REF_R1,1,OK,1145.5,351.2067,279.197,72.0097,115772.0,115772,1.08,0.06,0:01.14,0,32367,1,3,0
com-dblp,1,21,REF_R1,2,OK,865.7,249.9158,198.269,51.6468,115636.0,115636,0.79,0.06,0:00.86,0,32364,1,2,0
com-dblp,1,22,Pure,0,OK,1213.0,4.04275,,4.04275,91376.0,91376,1.13,0.07,0:01.21,0,26463,1,4,0
com-dblp,1,22,Pure,1,OK,918.0,2.84767,,2.84767,91644.0,91644,0.87,0.03,0:00.91,0,26465,1,3,0
com-dblp,1,22,Pure,2,OK,890.2,2.8583,,2.8583,91744.0,91744,0.86,0.02,0:00.88,0,26467,1,2,0
com-dblp,1,22,REF_R1,0,OK,832.0,249.1832,197.484,51.6992,115620.0,115620,0.78,0.04,0:00.82,0,32338,1,0,0
com-dblp,1,22,REF_R1,1,OK,835.7,249.0788,197.345,51.7338,115680.0,115680,0.80,0.03,0:00.83,0,32341,1,1,0
com-dblp,1,22,REF_R1,2,OK,834.0,249.22140000000002,197.429,51.7924,115672.0,115672,0.78,0.04,0:00.83,0,32339,1,2,0
com-dblp,1,23,Pure,0,OK,1211.4,3.99393,,3.99393,91604.0,91604,1.14,0.06,0:01.20,0,26453,1,1,0
com-dblp,1,23,Pure,1,OK,916.9,2.81645,,2.81645,91428.0,91428,0.87,0.03,0:00.91,0,26450,1,1,0
com-dblp,1,23,Pure,2,OK,1211.0,4.00232,,4.00232,91396.0,91396,1.14,0.06,0:01.20,0,26451,1,2,0
com-dblp,1,23,REF_R1,0,OK,860.9,247.7627,196.008,51.7547,115636.0,115636,0.82,0.03,0:00.85,0,32318,1,2,0
com-dblp,1,23,REF_R1,1,OK,835.0,247.7561,195.908,51.8481,115508.0,115508,0.78,0.04,0:00.83,0,32312,1,1,0
com-dblp,1,23,REF_R1,2,OK,832.8,247.5521,195.764,51.7881,115512.0,115512,0.77,0.05,0:00.83,0,32314,1,1,0
com-dblp,1,24,Pure,0,OK,890.9,2.79239,,2.79239,91516.0,91516,0.85,0.02,0:00.88,0,26441,1,2,0
com-dblp,1,24,Pure,1,OK,1207.9,3.95397,,3.95397,91648.0,91648,1.14,0.06,0:01.20,0,26443,1,2,0
com-dblp,1,24,Pure,2,OK,988.3,2.78441,,2.78441,91636.0,91636,0.94,0.03,0:00.98,0,26441,1,3,0
com-dblp,1,24,REF_R1,0,OK,1128.1,340.76570000000004,269.697,71.0687,115528.0,115528,1.06,0.06,0:01.12,0,32292,1,1,0
com-dblp,1,24,REF_R1,1,OK,861.7,246.96859999999998,195.553,51.4156,115516.0,115516,0.81,0.04,0:00.85,0,32296,1,0,0
com-dblp,1,24,REF_R1,2,OK,1125.6,339.457,268.549,70.908,115628.0,115628,1.05,0.06,0:01.12,0,32296,1,1,0
com-dblp,1,25,Pure,0,OK,917.7,2.78518,,2.78518,91524.0,91524,0.88,0.02,0:00.91,0,26433,1,1,0
com-dblp,1,25,Pure,1,OK,887.8,2.79259,,2.79259,91508.0,91508,0.85,0.02,0:00.88,0,26434,1,0,0
com-dblp,1,25,Pure,2,OK,912.1,2.77323,,2.77323,91604.0,91604,0.87,0.03,0:00.90,0,26435,1,1,0
com-dblp,1,25,REF_R1,0,OK,827.3,244.2234,192.737,51.4864,115272.0,115272,0.78,0.04,0:00.82,0,32271,1,2,0
com-dblp,1,25,REF_R1,1,OK,860.7,247.2519,195.435,51.8169,115560.0,115560,0.81,0.03,0:00.85,0,32272,1,1,0
com-dblp,1,25,REF_R1,2,OK,829.8,245.57569999999998,193.618,51.9577,115536.0,115536,0.77,0.05,0:00.82,0,32268,1,1,0
com-dblp,1,26,Pure,0,OK,1197.4,3.88003,,3.88003,91604.0,91604,1.13,0.05,0:01.19,0,26429,1,2,0
com-dblp,1,26,Pure,1,OK,920.9,2.76271,,2.76271,91548.0,91548,0.88,0.02,0:00.91,0,26426,1,2,0
com-dblp,1,26,Pure,2,OK,887.9,2.76899,,2.76899,91660.0,91660,0.83,0.04,0:00.88,0,26426,1,2,0
com-dblp,1,26,REF_R1,0,OK,1125.4,337.4044,266.349,71.0554,115444.0,115444,1.04,0.07,0:01.12,0,32257,1,4,0
com-dblp,1,26,REF_R1,1,OK,855.9,244.4688,193.126,51.3428,115372.0,115372,0.79,0.05,0:00.85,0,32257,1,0,0
com-dblp,1,26,REF_R1,2,OK,829.9,243.8799,192.582,51.2979,115484.0,115484,0.79,0.03,0:00.82,0,32255,1,2,0
com-dblp,1,27,Pure,0,OK,1212.6,3.90687,,3.90687,91636.0,91636,1.15,0.05,0:01.20,0,26417,1,3,0
com-dblp,1,27,Pure,1,OK,913.5,2.74789,,2.74789,91532.0,91532,0.88,0.02,0:00.91,0,26416,1,3,0
com-dblp,1,27,Pure,2,OK,888.6,2.75101,,2.75101,91548.0,91548,0.85,0.02,0:00.88,0,26417,1,1,0
com-dblp,1,27,REF_R1,0,OK,1134.2,343.1099,270.472,72.6379,115428.0,115428,1.05,0.07,0:01.13,0,32244,1,3,0
com-dblp,1,27,REF_R1,1,OK,859.0,243.9844,191.624,52.3604,115088.0,115088,0.81,0.03,0:00.85,0,32240,1,2,0
com-dblp,1,27,REF_R1,2,OK,829.9,246.438,193.868,52.57,115440.0,115440,0.77,0.04,0:00.82,0,32245,1,1,0
com-dblp,1,28,Pure,0,OK,1212.6,3.90947,,3.90947,91512.0,91512,1.17,0.03,0:01.20,0,26410,1,1,0
com-dblp,1,28,Pure,1,OK,920.6,2.75628,,2.75628,91612.0,91612,0.88,0.03,0:00.91,0,26413,1,3,0
com-dblp,1,28,Pure,2,OK,1197.8,3.87425,,3.87425,91728.0,91728,1.12,0.06,0:01.19,0,26414,1,2,0
com-dblp,1,28,REF_R1,0,OK,1136.2,340.68760000000003,269.134,71.5536,115108.0,115108,1.04,0.08,0:01.13,0,32229,1,4,0
com-dblp,1,28,REF_R1,1,OK,854.2,242.91559999999998,191.123,51.7926,115320.0,115320,0.80,0.04,0:00.85,0,32228,1,0,0
com-dblp,1,28,REF_R1,2,OK,1135.7,340.2444,268.501,71.7434,115124.0,115124,1.07,0.06,0:01.13,0,32228,1,3,0
com-dblp,1,29,Pure,0,OK,918.2,2.74415,,2.74415,91644.0,91644,0.88,0.03,0:00.91,0,26406,1,2,0
com-dblp,1,29,Pure,1,OK,1210.2,3.85576,,3.85576,91644.0,91644,1.17,0.03,0:01.20,0,26403,1,3,0
com-dblp,1,29,Pure,2,OK,1224.0,3.93133,,3.93133,91488.0,91488,1.16,0.05,0:01.22,0,26399,1,1,0
com-dblp,1,29,REF_R1,0,OK,972.0,239.695,190.159,49.536,115204.0,115204,0.92,0.03,0:00.96,0,32217,1,1,0
com-dblp,1,29,REF_R1,1,OK,828.0,239.8245,190.406,49.4185,115252.0,115252,0.76,0.05,0:00.82,0,32220,1,2,0
com-dblp,1,29,REF_R1,2,OK,825.8,239.8779,189.863,50.0149,115340.0,115340,0.77,0.04,0:00.82,0,32218,1,2,0
com-dblp,1,30,Pure,0,OK,1208.9,3.8511,,3.8511,91664.0,91664,1.16,0.03,0:01.20,0,26394,1,1,0
com-dblp,1,30,Pure,1,OK,919.8,2.73268,,2.73268,91528.0,91528,0.88,0.02,0:00.91,0,26391,1,2,0
com-dblp,1,30,Pure,2,OK,1211.6,3.8395,,3.8395,91720.0,91720,1.15,0.05,0:01.20,0,26399,1,5,0
com-dblp,1,30,REF_R1,0,OK,851.9,239.5575,189.256,50.3015,115160.0,115160,0.76,0.08,0:00.84,0,32208,1,1,0
com-dblp,1,30,REF_R1,1,OK,1141.6,345.91470000000004,276.17,69.7447,115292.0,115292,1.05,0.07,0:01.13,0,32210,1,3,0
com-dblp,1,30,REF_R1,2,OK,853.2,239.52620000000002,189.233,50.2932,115252.0,115252,0.80,0.04,0:00.85,0,32209,1,1,0
com-amazon.ungraph,1,2,Pure,0,OK,1153.0,81.7104,,81.7104,127960.0,127960,1.05,0.09,0:01.15,0,42767,2,2,0
com-amazon.ungraph,1,2,Pure,1,OK,851.0,57.7197,,57.7197,127792.0,127792,0.79,0.05,0:00.84,0,42766,1,1,0
com-amazon.ungraph,1,2,Pure,2,OK,824.3,57.6589,,57.6589,127880.0,127880,0.76,0.05,0:00.82,0,42766,1,1,0
com-amazon.ungraph,1,2,REF_R1,0,OK,1288.0,681.52,360.3,321.22,250312.0,250312,1.22,0.06,0:01.28,0,65939,1,1,0
com-amazon.ungraph,1,2,REF_R1,1,OK,1890.9,1053.768,547.608,506.16,250524.0,250524,1.72,0.16,0:01.88,0,65940,1,4,0
com-amazon.ungraph,1,2,REF_R1,2,OK,1314.6,679.582,358.893,320.689,250388.0,250388,1.22,0.08,0:01.31,0,65938,1,1,0
com-amazon.ungraph,1,3,Pure,0,OK,804.0,57.016,,57.016,114976.0,114976,0.74,0.05,0:00.80,0,38330,1,1,0
com-amazon.ungraph,1,3,Pure,1,OK,911.2,57.4972,,57.4972,114872.0,114872,0.85,0.05,0:00.90,0,38330,1,3,0
com-amazon.ungraph,1,3,Pure,2,OK,1123.7,83.1778,,83.1778,115148.0,115148,1.03,0.08,0:01.12,0,38335,1,1,0
com-amazon.ungraph,1,3,REF_R1,0,OK,1181.9,577.126,280.753,296.373,199948.0,199948,1.10,0.07,0:01.17,0,53327,1,1,0
com-amazon.ungraph,1,3,REF_R1,1,OK,1152.8,576.646,280.627,296.019,199812.0,199812,1.07,0.07,0:01.15,0,53324,1,3,0
com-amazon.ungraph,1,3,REF_R1,2,OK,1152.5,577.755,281.553,296.202,199836.0,199836,1.08,0.06,0:01.14,0,53327,1,2,0
com-amazon.ungraph,1,4,Pure,0,OK,1051.9,41.2341,,41.2341,103808.0,103808,0.98,0.06,0:01.04,0,30967,1,1,0
com-amazon.ungraph,1,4,Pure,1,OK,1037.8,40.6413,,40.6413,103900.0,103900,0.97,0.05,0:01.03,0,30971,1,1,0
com-amazon.ungraph,1,4,Pure,2,OK,961.2,27.8886,,27.8886,103776.0,103776,0.93,0.02,0:00.95,0,30972,1,2,0
com-amazon.ungraph,1,4,REF_R1,0,OK,907.6,362.307,199.211,163.096,157088.0,157088,0.84,0.06,0:00.90,0,42603,1,1,0
com-amazon.ungraph,1,4,REF_R1,1,OK,1331.5,564.6030000000001,309.363,255.24,157116.0,157116,1.24,0.08,0:01.32,0,42604,1,1,0
com-amazon.ungraph,1,4,REF_R1,2,OK,1020.9,368.96900000000005,203.288,165.681,157080.0,157080,0.95,0.06,0:01.01,0,42607,1,1,0
com-amazon.ungraph,1,5,Pure,0,OK,738.8,10.0781,,10.0781,98084.0,98084,0.70,0.03,0:00.73,0,28456,1,1,0
com-amazon.ungraph,1,5,Pure,1,OK,744.1,10.1871,,10.1871,98044.0,98044,0.70,0.03,0:00.74,0,28460,1,1,0
com-amazon.ungraph,1,5,Pure,2,OK,735.5,10.1432,,10.1432,98232.0,98232,0.70,0.02,0:00.73,0,28458,1,1,0
com-amazon.ungraph,1,5,REF_R1,0,OK,762.3,228.1379,141.5,86.6379,132024.0,132024,0.71,0.03,0:00.75,0,36365,1,1,0
com-amazon.ungraph,1,5,REF_R1,1,OK,766.6,229.47429999999997,142.123,87.3513,132348.0,132348,0.71,0.04,0:00.76,0,36370,1,0,0
com-amazon.ungraph,1,5,REF_R1,2,OK,764.0,228.1889,141.561,86.6279,132136.0,132136,0.73,0.02,0:00.76,0,36365,1,1,0
com-amazon.ungraph,1,6,Pure,0,OK,696.8,3.75032,,3.75032,95280.0,95280,0.65,0.03,0:00.69,0,27330,1,2,0
com-amazon.ungraph,1,6,Pure,1,OK,981.7,5.39298,,5.39298,95388.0,95388,0.91,0.06,0:00.97,0,27329,1,2,0
com-amazon.ungraph,1,6,Pure,2,OK,725.0,3.73984,,3.73984,95480.0,95480,0.68,0.03,0:00.72,0,27330,1,3,0
com-amazon.ungraph,1,6,REF_R1,0,OK,988.3,251.6092,167.073,84.5362,120552.0,120552,0.90,0.08,0:00.98,0,33482,1,3,0
com-amazon.ungraph,1,6,REF_R1,1,OK,728.7,167.2656,107.678,59.5876,120492.0,120492,0.66,0.06,0:00.72,0,33481,1,3,0
com-amazon.ungraph,1,6,REF_R1,2,OK,730.7,170.6971,110.866,59.8311,120532.0,120532,0.67,0.05,0:00.72,0,33477,1,1,0
com-amazon.ungraph,1,7,Pure,0,OK,701.9,2.77588,,2.77588,95104.0,95104,0.66,0.03,0:00.69,0,27122,1,1,0
com-amazon.ungraph,1,7,Pure,1,OK,717.4,2.75932,,2.75932,95260.0,95260,0.68,0.03,0:00.71,0,27124,1,1,0
com-amazon.ungraph,1,7,Pure,2,OK,726.3,2.78025,,2.78025,94940.0,94940,0.69,0.02,0:00.72,0,27126,1,1,0
com-amazon.ungraph,1,7,REF_R1,0,OK,705.3,148.6333,94.3334,54.2999,117396.0,117396,0.65,0.05,0:00.70,0,32675,1,1,0
com-amazon.ungraph,1,7,REF_R1,1,OK,679.3,148.399,94.387,54.012,117292.0,117292,0.62,0.04,0:00.67,0,32676,1,2,0
com-amazon.ungraph,1,7,REF_R1,2,OK,677.5,148.7079,94.3908,54.3171,117320.0,117320,0.61,0.05,0:00.67,0,32678,1,0,0
com-amazon.ungraph,1,8,Pure,0,OK,693.5,2.62487,,2.62487,94748.0,94748,0.64,0.04,0:00.69,0,26966,1,1,0
com-amazon.ungraph,1,8,Pure,1,OK,693.0,2.61506,,2.61506,94600.0,94600,0.65,0.03,0:00.69,0,26960,1,1,0
com-amazon.ungraph,1,8,Pure,2,OK,695.4,2.61278,,2.61278,94432.0,94432,0.66,0.02,0:00.69,0,26963,1,2,0
com-amazon.ungraph,1,8,REF_R1,0,OK,676.6,148.3044,94.6009,53.7035,117148.0,117148,0.63,0.04,0:00.67,0,32667,1,1,0
com-amazon.ungraph,1,8,REF_R1,1,OK,971.8,228.96800000000002,153.99,74.978,117416.0,117416,0.93,0.03,0:00.96,0,32667,1,1,0
com-amazon.ungraph,1,8,REF_R1,2,OK,706.3,147.8269,94.1738,53.6531,117292.0,117292,0.65,0.04,0:00.70,0,32671,1,1,0
com-amazon.ungraph,1,9,Pure,0,OK,699.8,2.61999,,2.61999,94612.0,94612,0.65,0.04,0:00.69,0,26961,1,0,0
com-amazon.ungraph,1,9,Pure,1,OK,987.2,3.73797,,3.73797,94760.0,94760,0.94,0.04,0:00.98,0,26966,1,2,0
com-amazon.ungraph,1,9,Pure,2,OK,720.2,2.62283,,2.62283,94532.0,94532,0.68,0.03,0:00.71,0,26962,1,1,0
com-amazon.ungraph,1,9,REF_R1,0,OK,957.0,224.3193,149.31,75.0093,117416.0,117416,0.87,0.07,0:00.95,0,32669,1,2,0
com-amazon.ungraph,1,9,REF_R1,1,OK,705.4,148.07420000000002,94.1709,53.9033,117340.0,117340,0.64,0.05,0:00.70,0,32670,1,2,0
com-amazon.ungraph,1,9,REF_R1,2,OK,969.7,228.92270000000002,153.425,75.4977,117252.0,117252,0.91,0.05,0:00.96,0,32669,1,1,0
com-amazon.ungraph,1,10,Pure,0,OK,722.9,2.62072,,2.62072,94556.0,94556,0.67,0.04,0:00.71,0,26963,1,0,0
com-amazon.ungraph,1,10,Pure,1,OK,693.2,2.62623,,2.62623,94544.0,94544,0.64,0.04,0:00.69,0,26962,1,1,0
com-amazon.ungraph,1,10,Pure,2,OK,692.3,2.62375,,2.62375,94404.0,94404,0.66,0.02,0:00.68,0,26962,1,2,0
com-amazon.ungraph,1,10,REF_R1,0,OK,677.5,148.9087,95.307,53.6017,117312.0,117312,0.61,0.05,0:00.67,0,32668,1,1,0
com-amazon.ungraph,1,10,REF_R1,1,OK,678.2,148.47879999999998,94.8864,53.5924,117384.0,117384,0.63,0.03,0:00.67,0,32668,1,0,0
com-amazon.ungraph,1,10,REF_R1,2,OK,679.2,148.2091,94.4448,53.7643,117288.0,117288,0.63,0.04,0:00.67,0,32665,1,2,0
com-amazon.ungraph,1,11,Pure,0,OK,694.1,2.61193,,2.61193,94616.0,94616,0.65,0.03,0:00.69,0,26966,1,2,0
com-amazon.ungraph,1,11,Pure,1,OK,984.5,3.76697,,3.76697,94676.0,94676,0.94,0.03,0:00.98,0,26964,1,2,0
com-amazon.ungraph,1,11,Pure,2,OK,722.4,2.6203,,2.6203,94420.0,94420,0.68,0.03,0:00.71,0,26960,1,1,0
com-amazon.ungraph,1,11,REF_R1,0,OK,677.5,147.90519999999998,94.115,53.7902,117420.0,117420,0.63,0.04,0:00.67,0,32667,1,1,0
com-amazon.ungraph,1,11,REF_R1,1,OK,677.9,148.5515,94.3806,54.1709,117160.0,117160,0.64,0.03,0:00.67,0,32667,1,1,0
com-amazon.ungraph,1,11,REF_R1,2,OK,960.5,224.2239,149.474,74.7499,117392.0,117392,0.88,0.07,0:00.95,0,32671,1,3,0
com-amazon.ungraph,1,12,Pure,0,OK,723.1,2.61334,,2.61334,94524.0,94524,0.67,0.04,0:00.72,0,26962,1,2,0
com-amazon.ungraph,1,12,Pure,1,OK,692.5,2.61053,,2.61053,94692.0,94692,0.66,0.02,0:00.68,0,26963,1,1,0
com-amazon.ungraph,1,12,Pure,2,OK,700.7,2.61023,,2.61023,94464.0,94464,0.64,0.04,0:00.69,0,26961,1,1,0
com-amazon.ungraph,1,12,REF_R1,0,OK,676.0,148.203,94.321,53.882,117280.0,117280,0.60,0.06,0:00.67,0,32669,1,1,0
com-amazon.ungraph,1,12,REF_R1,1,OK,974.5,229.54149999999998,153.672,75.8695,117256.0,117256,0.90,0.06,0:00.97,0,32665,1,2,0
com-amazon.ungraph,1,12,REF_R1,2,OK,705.1,148.3434,94.6117,53.7317,117264.0,117264,0.66,0.03,0:00.70,0,32668,1,2,0
com-amazon.ungraph,1,13,Pure,0,OK,693.2,2.62638,,2.62638,94384.0,94384,0.64,0.04,0:00.69,0,26960,1,0,0
com-amazon.ungraph,1,13,Pure,1,OK,694.0,2.61264,,2.61264,94408.0,94408,0.65,0.03,0:00.69,0,26962,1,1,0
com-amazon.ungraph,1,13,Pure,2,OK,694.0,2.6345,,2.6345,94496.0,94496,0.65,0.04,0:00.69,0,26962,1,1,0
com-amazon.ungraph,1,13,REF_R1,0,OK,970.1,229.46409999999997,153.801,75.6631,117224.0,117224,0.91,0.05,0:00.96,0,32668,1,1,0
com-amazon.ungraph,1,13,REF_R1,1,OK,707.0,147.29770000000002,93.8631,53.4346,117340.0,117340,0.66,0.03,0:00.70,0,32669,1,2,0
com-amazon.ungraph,1,13,REF_R1,2,OK,970.4,229.16339999999997,153.45,75.7134,117176.0,117176,0.91,0.05,0:00.96,0,32667,1,2,0
com-amazon.ungraph,1,14,Pure,0,OK,950.3,2.87923,,2.87923,94352.0,94352,0.89,0.04,0:00.94,0,26960,1,2,0
com-amazon.ungraph,1,14,Pure,1,OK,719.8,2.60935,,2.60935,94516.0,94516,0.70,0.01,0:00.71,0,26963,1,1,0
com-amazon.ungraph,1,14,Pure,2,OK,693.6,2.61602,,2.61602,94552.0,94552,0.66,0.02,0:00.69,0,26958,1,0,0
com-amazon.ungraph,1,14,REF_R1,0,OK,679.2,148.5497,94.8926,53.6571,117272.0,117272,0.63,0.04,0:00.67,0,32664,1,1,0
com-amazon.ungraph,1,14,REF_R1,1,OK,680.5,148.8971,94.426,54.4711,117160.0,117160,0.62,0.05,0:00.67,0,32666,1,2,0
com-amazon.ungraph,1,14,REF_R1,2,OK,677.5,148.0654,94.1836,53.8818,117280.0,117280,0.63,0.04,0:00.67,0,32666,1,0,0
com-amazon.ungraph,1,15,Pure,0,OK,728.4,2.625,,2.625,94456.0,94456,0.68,0.04,0:00.72,0,26964,1,1,0
com-amazon.ungraph,1,15,Pure,1,OK,721.8,2.61912,,2.61912,94436.0,94436,0.67,0.04,0:00.71,0,26960,1,1,0
com-amazon.ungraph,1,15,Pure,2,OK,692.2,2.61569,,2.61569,94500.0,94500,0.65,0.03,0:00.68,0,26960,1,4,0
com-amazon.ungraph,1,15,REF_R1,0,OK,678.7,148.4808,94.7563,53.7245,117236.0,117236,0.63,0.04,0:00.67,0,32669,1,2,0
com-amazon.ungraph,1,15,REF_R1,1,OK,677.4,148.4499,94.6082,53.8417,117312.0,117312,0.64,0.03,0:00.67,0,32668,1,3,0
com-amazon.ungraph,1,15,REF_R1,2,OK,677.3,148.423,94.6332,53.7898,117200.0,117200,0.63,0.03,0:00.67,0,32668,1,3,0
com-amazon.ungraph,1,16,Pure,0,OK,727.7,2.6272,,2.6272,94544.0,94544,0.68,0.03,0:00.72,0,26966,1,1,0
com-amazon.ungraph,1,16,Pure,1,OK,699.7,2.63735,,2.63735,94528.0,94528,0.65,0.04,0:00.69,0,26964,1,0,0
com-amazon.ungraph,1,16,Pure,2,OK,722.3,2.62377,,2.62377,94360.0,94360,0.67,0.03,0:00.71,0,26960,1,1,0
com-amazon.ungraph,1,16,REF_R1,0,OK,710.2,150.5981,96.9833,53.6148,117356.0,117356,0.65,0.04,0:00.70,0,32668,1,1,0
com-amazon.ungraph,1,16,REF_R1,1,OK,704.7,148.3197,94.5879,53.7318,117088.0,117088,0.65,0.05,0:00.70,0,32665,1,1,0
com-amazon.ungraph,1,16,REF_R1,2,OK,676.9,148.3303,93.9764,54.3539,117432.0,117432,0.63,0.03,0:00.67,0,32671,1,2,0
com-amazon.ungraph,1,17,Pure,0,OK,977.5,3.75078,,3.75078,94620.0,94620,0.93,0.03,0:00.97,0,26966,1,2,0
com-amazon.ungraph,1,17,Pure,1,OK,720.6,2.62353,,2.62353,94488.0,94488,0.67,0.04,0:00.71,0,26960,1,2,0
com-amazon.ungraph,1,17,Pure,2,OK,695.3,2.62433,,2.62433,94504.0,94504,0.64,0.04,0:00.69,0,26962,1,1,0
com-amazon.ungraph,1,17,REF_R1,0,OK,675.3,147.4276,94.0511,53.3765,117464.0,117464,0.61,0.05,0:00.67,0,32671,1,2,0
com-amazon.ungraph,1,17,REF_R1,1,OK,676.6,148.1461,94.7171,53.429,117456.0,117456,0.61,0.05,0:00.67,0,32671,1,1,0
com-amazon.ungraph,1,17,REF_R1,2,OK,958.2,224.2837,149.542,74.7417,117348.0,117348,0.89,0.06,0:00.95,0,32665,1,2,0
com-amazon.ungraph,1,18,Pure,0,OK,720.8,2.60688,,2.60688,94468.0,94468,0.67,0.04,0:00.71,0,26961,1,3,0
com-amazon.ungraph,1,18,Pure,1,OK,987.6,3.74901,,3.74901,94612.0,94612,0.91,0.06,0:00.98,0,26965,1,4,0
com-amazon.ungraph,1,18,Pure,2,OK,723.7,2.62162,,2.62162,94516.0,94516,0.68,0.04,0:00.72,0,26963,1,1,0
com-amazon.ungraph,1,18,REF_R1,0,OK,688.8,148.10309999999998,94.1776,53.9255,117292.0,117292,0.64,0.03,0:00.68,0,32667,1,0,0
com-amazon.ungraph,1,18,REF_R1,1,OK,969.8,229.5568,153.649,75.9078,117356.0,117356,0.89,0.06,0:00.96,0,32670,1,1,0
com-amazon.ungraph,1,18,REF_R1,2,OK,705.8,148.2398,94.1885,54.0513,117156.0,117156,0.65,0.04,0:00.70,0,32667,1,1,0
com-amazon.ungraph,1,19,Pure,0,OK,695.1,2.61013,,2.61013,94344.0,94344,0.64,0.04,0:00.69,0,26962,1,0,0
com-amazon.ungraph,1,19,Pure,1,OK,986.0,3.7546,,3.7546,94696.0,94696,0.94,0.04,0:00.98,0,26964,1,2,0
com-amazon.ungraph,1,19,Pure,2,OK,967.1,3.71788,,3.71788,94548.0,94548,0.91,0.05,0:00.96,0,26964,1,2,0
com-amazon.ungraph,1,19,REF_R1,0,OK,888.7,189.6217,134.483,55.1387,117464.0,117464,0.82,0.05,0:00.88,0,32671,1,1,0
com-amazon.ungraph,1,19,REF_R1,1,OK,678.8,148.236,94.4471,53.7889,117160.0,117160,0.63,0.03,0:00.67,0,32667,1,2,0
com-amazon.ungraph,1,19,REF_R1,2,OK,677.8,148.3802,94.4843,53.8959,117364.0,117364,0.61,0.05,0:00.67,0,32667,1,2,0
com-amazon.ungraph,1,20,Pure,0,OK,991.2,3.75258,,3.75258,94572.0,94572,0.93,0.05,0:00.98,0,26964,1,2,0
com-amazon.ungraph,1,20,Pure,1,OK,721.7,2.71899,,2.71899,94616.0,94616,0.67,0.04,0:00.71,0,26967,1,2,0
com-amazon.ungraph,1,20,Pure,2,OK,695.6,2.62796,,2.62796,94600.0,94600,0.64,0.04,0:00.69,0,26964,1,1,0
com-amazon.ungraph,1,20,REF_R1,0,OK,957.0,224.36939999999998,149.331,75.0384,117264.0,117264,0.88,0.06,0:00.95,0,32666,1,3,0
com-amazon.ungraph,1,20,REF_R1,1,OK,974.1,229.9805,153.758,76.2225,117308.0,117308,0.89,0.07,0:00.97,0,32665,1,2,0
com-amazon.ungraph,1,20,REF_R1,2,OK,887.6,175.5525,120.714,54.8385,117460.0,117460,0.83,0.04,0:00.88,0,32671,1,1,0
com-amazon.ungraph,1,21,Pure,0,OK,701.0,2.63615,,2.63615,94552.0,94552,0.67,0.02,0:00.69,0,26965,1,1,0
com-amazon.ungraph,1,21,Pure,1,OK,700.0,2.64569,,2.64569,94520.0,94520,0.64,0.04,0:00.69,0,26961,1,1,0
com-amazon.ungraph,1,21,Pure,2,OK,980.6,3.75059,,3.75059,94576.0,94576,0.92,0.05,0:00.97,0,26963,1,2,0
com-amazon.ungraph,1,21,REF_R1,0,OK,739.2,150.77339999999998,96.8971,53.8763,117176.0,117176,0.68,0.05,0:00.73,0,32668,1,3,0
com-amazon.ungraph,1,21,REF_R1,1,OK,960.5,225.5224,150.466,75.0564,117148.0,117148,0.91,0.04,0:00.95,0,32667,1,2,0
com-amazon.ungraph,1,21,REF_R1,2,OK,714.7,151.0498,97.213,53.8368,117384.0,117384,0.66,0.04,0:00.71,0,32670,1,1,0
com-amazon.ungraph,1,22,Pure,0,OK,978.8,3.7787,,3.7787,94540.0,94540,0.92,0.04,0:00.97,0,26961,1,3,0
com-amazon.ungraph,1,22,Pure,1,OK,729.7,2.6261,,2.6261,94540.0,94540,0.69,0.02,0:00.72,0,26963,1,3,0
com-amazon.ungraph,1,22,Pure,2,OK,967.2,3.71593,,3.71593,94732.0,94732,0.91,0.05,0:00.96,0,26967,1,2,0
com-amazon.ungraph,1,22,REF_R1,0,OK,713.4,150.6324,96.4981,54.1343,117408.0,117408,0.67,0.03,0:00.71,0,32665,1,1,0
com-amazon.ungraph,1,22,REF_R1,1,OK,959.9,226.3347,151.126,75.2087,117184.0,117184,0.88,0.07,0:00.95,0,32668,1,2,0
com-amazon.ungraph,1,22,REF_R1,2,OK,942.4,225.5381,150.644,74.8941,117308.0,117308,0.87,0.06,0:00.93,0,32670,1,1,0
com-amazon.ungraph,1,23,Pure,0,OK,733.3,2.63371,,2.63371,94672.0,94672,0.69,0.03,0:00.73,0,26966,1,1,0
com-amazon.ungraph,1,23,Pure,1,OK,699.2,2.64658,,2.64658,94624.0,94624,0.66,0.03,0:00.69,0,26965,1,2,0
com-amazon.ungraph,1,23,Pure,2,OK,967.8,3.6863,,3.6863,94532.0,94532,0.91,0.05,0:00.96,0,26962,1,1,0
com-amazon.ungraph,1,23,REF_R1,0,OK,713.8,150.6216,96.8227,53.7989,117404.0,117404,0.66,0.04,0:00.71,0,32671,1,1,0
com-amazon.ungraph,1,23,REF_R1,1,OK,965.5,226.62920000000003,151.781,74.8482,117256.0,117256,0.90,0.06,0:00.96,0,32668,1,3,0
com-amazon.ungraph,1,23,REF_R1,2,OK,907.8,200.24110000000002,144.83,55.4111,117320.0,117320,0.85,0.05,0:00.90,0,32665,1,1,0
com-amazon.ungraph,1,24,Pure,0,OK,727.8,2.65891,,2.65891,94592.0,94592,0.68,0.03,0:00.72,0,26965,1,1,0
com-amazon.ungraph,1,24,Pure,1,OK,727.7,2.62386,,2.62386,94364.0,94364,0.68,0.04,0:00.72,0,26961,1,2,0
com-amazon.ungraph,1,24,Pure,2,OK,726.5,2.64471,,2.64471,94548.0,94548,0.67,0.04,0:00.72,0,26963,1,1,0
com-amazon.ungraph,1,24,REF_R1,0,OK,949.2,219.89729999999997,146.171,73.7263,117096.0,117096,0.86,0.07,0:00.94,0,32666,1,1,0
com-amazon.ungraph,1,24,REF_R1,1,OK,729.5,151.52960000000002,97.2257,54.3039,117288.0,117288,0.69,0.03,0:00.72,0,32668,1,1,0
com-amazon.ungraph,1,24,REF_R1,2,OK,684.8,150.8481,96.7467,54.1014,117248.0,117248,0.63,0.04,0:00.68,0,32669,1,1,0
com-amazon.ungraph,1,25,Pure,0,OK,727.4,2.61519,,2.61519,94604.0,94604,0.70,0.02,0:00.72,0,26964,1,2,0
com-amazon.ungraph,1,25,Pure,1,OK,726.0,2.63987,,2.63987,94572.0,94572,0.69,0.03,0:00.72,0,26965,1,0,0
com-amazon.ungraph,1,25,Pure,2,OK,700.0,2.6532,,2.6532,94776.0,94776,0.64,0.04,0:00.69,0,26967,1,1,0
com-amazon.ungraph,1,25,REF_R1,0,OK,707.8,149.7969,96.5591,53.2378,117404.0,117404,0.66,0.03,0:00.70,0,32671,1,2,0
com-amazon.ungraph,1,25,REF_R1,1,OK,975.0,229.03369999999998,153.503,75.5307,117176.0,117176,0.88,0.08,0:00.97,0,32667,1,4,0
com-amazon.ungraph,1,25,REF_R1,2,OK,713.1,150.32299999999998,96.2986,54.0244,117376.0,117376,0.65,0.05,0:00.71,0,32667,1,2,0
com-amazon.ungraph,1,26,Pure,0,OK,987.9,3.8009,,3.8009,94540.0,94540,0.91,0.06,0:00.98,0,26963,1,4,0
com-amazon.ungraph,1,26,Pure,1,OK,978.7,3.80311,,3.80311,94448.0,94448,0.91,0.06,0:00.97,0,26962,1,2,0
com-amazon.ungraph,1,26,Pure,2,OK,729.6,2.62968,,2.62968,94352.0,94352,0.67,0.05,0:00.72,0,26961,1,0,0
com-amazon.ungraph,1,26,REF_R1,0,OK,680.2,148.7811,95.4916,53.2895,117456.0,117456,0.62,0.05,0:00.67,0,32671,1,2,0
com-amazon.ungraph,1,26,REF_R1,1,OK,711.0,150.8394,96.9307,53.9087,117164.0,117164,0.65,0.04,0:00.70,0,32665,1,0,0
com-amazon.ungraph,1,26,REF_R1,2,OK,685.6,150.6179,96.8052,53.8127,117192.0,117192,0.63,0.05,0:00.68,0,32667,1,1,0
com-amazon.ungraph,1,27,Pure,0,OK,724.7,2.62294,,2.62294,94644.0,94644,0.69,0.02,0:00.72,0,26963,1,1,0
com-amazon.ungraph,1,27,Pure,1,OK,725.8,2.63276,,2.63276,94572.0,94572,0.67,0.04,0:00.72,0,26963,1,1,0
com-amazon.ungraph,1,27,Pure,2,OK,726.2,2.63226,,2.63226,94740.0,94740,0.67,0.05,0:00.72,0,26962,1,2,0
com-amazon.ungraph,1,27,REF_R1,0,OK,709.8,150.66910000000001,97.0899,53.5792,117380.0,117380,0.65,0.05,0:00.70,0,32667,1,1,0
com-amazon.ungraph,1,27,REF_R1,1,OK,951.8,220.16180000000003,145.764,74.3978,117160.0,117160,0.88,0.06,0:00.94,0,32667,1,1,0
com-amazon.ungraph,1,27,REF_R1,2,OK,715.6,151.35320000000002,97.0091,54.3441,117408.0,117408,0.66,0.04,0:00.71,0,32665,1,1,0
com-amazon.ungraph,1,28,Pure,0,OK,699.7,2.64963,,2.64963,94668.0,94668,0.66,0.03,0:00.69,0,26963,1,2,0
com-amazon.ungraph,1,28,Pure,1,OK,726.4,2.62435,,2.62435,94568.0,94568,0.68,0.03,0:00.72,0,26965,1,2,0
com-amazon.ungraph,1,28,Pure,2,OK,990.1,3.78872,,3.78872,94580.0,94580,0.93,0.05,0:00.98,0,26964,1,1,0
com-amazon.ungraph,1,28,REF_R1,0,OK,937.2,216.49399999999997,154.313,62.181,117440.0,117440,0.88,0.04,0:00.93,0,32668,1,1,0
com-amazon.ungraph,1,28,REF_R1,1,OK,684.9,150.7079,96.6929,54.015,117384.0,117384,0.62,0.05,0:00.68,0,32667,1,1,0
com-amazon.ungraph,1,28,REF_R1,2,OK,683.6,150.7835,96.9937,53.7898,117292.0,117292,0.63,0.04,0:00.68,0,32670,1,2,0
com-amazon.ungraph,1,29,Pure,0,OK,968.5,3.74583,,3.74583,94428.0,94428,0.91,0.05,0:00.96,0,26963,1,2,0
com-amazon.ungraph,1,29,Pure,1,OK,727.3,2.64631,,2.64631,94708.0,94708,0.67,0.04,0:00.72,0,26964,1,2,0
com-amazon.ungraph,1,29,Pure,2,OK,700.3,2.64007,,2.64007,94628.0,94628,0.66,0.02,0:00.69,0,26964,1,1,0
com-amazon.ungraph,1,29,REF_R1,0,OK,684.5,150.41750000000002,96.7399,53.6776,117316.0,117316,0.63,0.04,0:00.68,0,32669,1,1,0
com-amazon.ungraph,1,29,REF_R1,1,OK,683.5,150.4239,96.6753,53.7486,117360.0,117360,0.64,0.04,0:00.68,0,32667,1,0,0
com-amazon.ungraph,1,29,REF_R1,2,OK,685.2,150.5448,96.9792,53.5656,117232.0,117232,0.63,0.04,0:00.68,0,32664,1,1,0
com-amazon.ungraph,1,30,Pure,0,OK,725.4,2.63927,,2.63927,94668.0,94668,0.68,0.03,0:00.72,0,26968,1,1,0
com-amazon.ungraph,1,30,Pure,1,OK,727.5,2.64313,,2.64313,94668.0,94668,0.68,0.03,0:00.72,0,26961,1,2,0
com-amazon.ungraph,1,30,Pure,2,OK,715.3,2.64018,,2.64018,94528.0,94528,0.67,0.03,0:00.71,0,26959,1,0,0
com-amazon.ungraph,1,30,REF_R1,0,OK,752.1,150.5302,96.8341,53.6961,117292.0,117292,0.71,0.03,0:00.74,0,32666,1,1,0
com-amazon.ungraph,1,30,REF_R1,1,OK,685.0,151.6264,97.1054,54.521,117396.0,117396,0.63,0.04,0:00.68,0,32672,1,1,0
com-amazon.ungraph,1,30,REF_R1,2,OK,684.9,151.099,97.205,53.894,117172.0,117172,0.63,0.04,0:00.68,0,32667,1,1,0
twitter_combined,1,2,Pure,0,OK,6940.0,83.9977,,83.9977,86688.0,86688,6.87,0.06,0:06.93,0,40381,3,14,0
twitter_combined,1,2,Pure,1,OK,7345.8,84.114,,84.114,86648.0,86648,7.25,0.08,0:07.34,0,40381,1,13,0
twitter_combined,1,2,Pure,2,OK,7332.2,84.2072,,84.2072,86576.0,86576,7.26,0.06,0:07.32,0,40385,1,12,0
twitter_combined,1,2,REF_R1,0,OK,7491.7,6721.053,6433.79,287.263,274368.0,274368,7.36,0.12,0:07.48,0,79851,1,14,0
twitter_combined,1,2,REF_R1,1,OK,7929.7,6987.799999999999,6703.86,283.94,274304.0,274304,7.78,0.14,0:07.92,0,79848,1,14,0
twitter_combined,1,2,REF_R1,2,OK,7935.0,6988.960999999999,6699.69,289.271,274264.0,274264,7.80,0.12,0:07.93,0,79848,1,12,0
twitter_combined,1,3,Pure,0,OK,13179.5,342.217,,342.217,342840.0,342840,12.96,0.20,0:13.17,0,160259,1,30,0
twitter_combined,1,3,Pure,1,OK,13648.4,338.694,,338.694,342924.0,342924,13.40,0.24,0:13.64,0,160260,1,30,0
twitter_combined,1,3,Pure,2,OK,13229.6,342.274,,342.274,343128.0,343128,12.99,0.22,0:13.22,0,160263,1,24,0
twitter_combined,1,3,REF_R1,0,OK,15924.1,15074.93,13543.3,1531.63,1114296.0,1114296,15.50,0.41,0:15.92,0,312765,1,33,0
twitter_combined,1,3,REF_R1,1,OK,16363.3,15311.5,13786.6,1524.9,1114460.0,1114460,15.96,0.39,0:16.36,0,312766,1,37,0
twitter_combined,1,3,REF_R1,2,OK,16351.4,15299.289999999999,13771.4,1527.89,1114428.0,1114428,15.88,0.46,0:16.34,0,312765,1,25,0
twitter_combined,1,4,Pure,0,OK,21808.1,752.013,,752.013,1182572.0,1182572,21.02,0.77,0:21.80,0,586625,1,37,0
twitter_combined,1,4,Pure,1,OK,21899.6,759.955,,759.955,1182708.0,1182708,21.12,0.77,0:21.89,0,586628,1,55,0
twitter_combined,1,4,Pure,2,OK,21817.9,757.046,,757.046,1182624.0,1182624,21.04,0.76,0:21.81,0,586632,1,45,0
twitter_combined,1,4,REF_R1,0,OK,31287.0,30043.78,24997.1,5046.68,3288860.0,3288860,30.08,1.19,0:31.28,0,886875,1,71,0
twitter_combined,1,4,REF_R1,1,OK,30814.9,29777.83,24738.2,5039.63,3288868.0,3288868,29.73,1.07,0:30.81,0,886873,1,77,0
twitter_combined,1,4,REF_R1,2,OK,30834.8,29795.370000000003,24757.2,5038.17,3288984.0,3288984,29.69,1.13,0:30.83,0,886876,1,60,0
twitter_combined,1,5,Pure,0,OK,31818.7,1375.72,,1375.72,3306448.0,3306448,29.56,2.25,0:31.81,0,1772764,1,81,0
twitter_combined,1,5,Pure,1,OK,31947.0,1385.02,,1385.02,3306708.0,3306708,29.79,2.14,0:31.94,0,1772766,1,66,0
twitter_combined,1,5,Pure,2,OK,31830.0,1379.99,,1379.99,3306560.0,3306560,29.59,2.22,0:31.82,0,1772762,1,76,0
twitter_combined,1,5,REF_R1,0,OK,56099.0,54578.6,41953.7,12624.9,7305264.0,7305264,53.65,2.43,0:56.09,0,1960177,1,110,0
twitter_combined,1,5,REF_R1,1,OK,55592.4,54268.9,41678,12590.9,7305396.0,7305396,53.21,2.37,0:55.58,0,1960177,1,107,0
twitter_combined,1,5,REF_R1,2,OK,55939.9,54427.200000000004,41861.8,12565.4,7305316.0,7305316,53.40,2.52,0:55.93,0,1960179,1,139,0
twitter_combined,1,6,Pure,0,OK,42922.0,2196.65,,2196.65,6583760.0,6583760,38.70,4.21,0:42.91,0,3464273,1,82,0
twitter_combined,1,6,Pure,1,OK,42822.7,2170.8,,2170.8,6583532.0,6583532,38.63,4.18,0:42.82,0,3464273,1,100,0
twitter_combined,1,6,Pure,2,OK,42918.7,2176.88,,2176.88,6583632.0,6583632,38.69,4.21,0:42.91,0,3464271,1,102,0
twitter_combined,1,6,REF_R1,0,OK,89966.2,88313.9,64525.7,23788.2,12713004.0,12713004,85.67,4.28,1:29.96,0,3487312,1,218,0
twitter_combined,1,6,REF_R1,1,OK,90190.4,88337.4,64649.9,23687.5,12713156.0,12713156,85.80,4.37,1:30.18,0,3487318,1,262,0
twitter_combined,1,6,REF_R1,2,OK,89852.2,88003.7,64400.7,23603,12713136.0,12713136,85.74,4.09,1:29.84,0,3487314,1,199,0
twitter_combined,1,7,Pure,0,OK,51702.0,2994.13,,2994.13,8621156.0,8621156,46.24,5.45,0:51.69,0,4433229,1,126,0
twitter_combined,1,7,Pure,1,OK,51266.7,2986.81,,2986.81,8621196.0,8621196,46.02,5.23,0:51.26,0,4433225,1,85,0
twitter_combined,1,7,Pure,2,OK,51738.7,2995.24,,2995.24,8621144.0,8621144,46.57,5.16,0:51.73,0,4433228,1,115,0
twitter_combined,1,7,REF_R1,0,OK,128832.9,126846.9,90327.7,36519.2,18684980.0,18684980,122.58,6.23,2:08.83,0,5072364,1,297,0
twitter_combined,1,7,REF_R1,1,OK,128784.1,126794.0,90321.5,36472.5,18684776.0,18684776,122.71,6.05,2:08.78,0,5072361,1,317,0
twitter_combined,1,7,REF_R1,2,OK,128941.0,126752.0,90386.9,36365.1,18684988.0,18684988,122.85,6.07,2:08.93,0,5072366,1,296,0
twitter_combined,1,8,Pure,0,OK,61885.5,3648.13,,3648.13,12875592.0,12875592,53.75,8.12,1:01.88,0,6905681,1,148,0
twitter_combined,1,8,Pure,1,OK,61730.0,3640.34,,3640.34,12875816.0,12875816,53.62,8.10,1:01.72,0,6905688,1,142,0
twitter_combined,1,8,Pure,2,OK,61975.2,3658.6,,3658.6,12875804.0,12875804,53.70,8.26,1:01.97,0,6905686,1,109,0
twitter_combined,1,8,REF_R1,0,OK,164023.1,161769.6,114608,47161.6,23673568.0,23673568,156.16,7.85,2:44.02,0,6596099,1,312,0
twitter_combined,1,8,REF_R1,1,OK,163857.3,161602.7,114464,47138.7,23673864.0,23673864,155.70,8.14,2:43.85,0,6596100,1,320,0
twitter_combined,1,8,REF_R1,2,OK,163936.8,161487.6,114377,47110.6,23673856.0,23673856,155.98,7.93,2:43.93,0,6596101,1,499,0
twitter_combined,1,9,Pure,0,OK,66934.2,4119.35,,4119.35,13546156.0,13546156,57.79,9.13,1:06.93,0,7575680,1,173,0
twitter_combined,1,9,Pure,1,OK,66657.9,4091.68,,4091.68,13546028.0,13546028,57.56,9.08,1:06.65,0,7575679,1,184,0
twitter_combined,1,9,Pure,2,OK,66199.6,4084.45,,4084.45,13546292.0,13546292,57.36,8.82,1:06.19,0,7575680,1,195,0
twitter_combined,1,9,REF_R1,0,OK,189605.8,186977.1,132750,54227.1,27160892.0,27160892,180.15,9.43,3:09.60,0,7855018,1,487,0
twitter_combined,1,9,REF_R1,1,OK,189119.6,186510.8,132363,54147.8,27160788.0,27160788,179.41,9.69,3:09.11,0,7855017,1,482,0
twitter_combined,1,9,REF_R1,2,OK,189633.9,187013.1,132760,54253.1,27160932.0,27160932,180.18,9.43,3:09.63,0,7855021,1,451,0
twitter_combined,1,10,Pure,0,OK,69256.0,4327.54,,4327.54,14784040.0,14784040,59.71,9.53,1:09.25,0,7953069,1,182,0
twitter_combined,1,10,Pure,1,OK,69603.8,4320.68,,4320.68,14784100.0,14784100,60.00,9.59,1:09.60,0,7953065,1,187,0
twitter_combined,1,10,Pure,2,OK,69152.2,4315.82,,4315.82,14784268.0,14784268,59.48,9.65,1:09.14,0,7953071,1,187,0
twitter_combined,1,10,REF_R1,0,OK,202992.4,200315.0,142609,57706,29230140.0,29230140,192.45,10.52,3:22.98,0,8685721,1,431,0
twitter_combined,1,10,REF_R1,1,OK,204572.6,201883.9,143727,58156.9,29230112.0,29230112,194.22,10.33,3:24.56,0,8685722,1,527,0
twitter_combined,1,10,REF_R1,2,OK,205574.7,203078.4,144269,58809.4,29230280.0,29230280,194.84,10.71,3:25.57,0,8685724,1,778,0
twitter_combined,1,11,Pure,0,OK,70360.4,4351.31,,4351.31,15231456.0,15231456,60.42,9.93,1:10.35,0,8092336,1,156,0
twitter_combined,1,11,Pure,1,OK,70469.4,4340.8,,4340.8,15231544.0,15231544,60.62,9.83,1:10.46,0,8092336,1,162,0
twitter_combined,1,11,Pure,2,OK,70772.2,4333.06,,4333.06,15231312.0,15231312,60.98,9.77,1:10.76,0,8092333,1,218,0
twitter_combined,1,11,REF_R1,0,OK,209412.9,206904.3,147397,59507.3,29760012.0,29760012,198.28,11.10,3:29.41,0,8928712,1,664,0
twitter_combined,1,11,REF_R1,1,OK,209462.0,206958.3,147408,59550.3,29759752.0,29759752,198.89,10.54,3:29.45,0,8928710,1,688,0
twitter_combined,1,11,REF_R1,2,OK,209356.6,206664.7,147364,59300.7,29759696.0,29759696,198.23,11.11,3:29.35,0,8928711,1,450,0
twitter_combined,1,12,Pure,0,OK,70859.1,4342.1,,4342.1,15253696.0,15253696,60.98,9.86,1:10.85,0,8096331,1,160,0
twitter_combined,1,12,Pure,1,OK,70591.7,4339.43,,4339.43,15253712.0,15253712,60.94,9.63,1:10.58,0,8096333,1,183,0
twitter_combined,1,12,Pure,2,OK,70942.2,4357.01,,4357.01,15253968.0,15253968,61.37,9.56,1:10.93,0,8096337,1,160,0
twitter_combined,1,12,REF_R1,0,OK,208009.5,205349.3,146460,58889.3,29506572.0,29506572,197.27,10.71,3:28.00,0,8856119,1,397,0
twitter_combined,1,12,REF_R1,1,OK,210004.0,207320.1,147886,59434.1,29506300.0,29506300,199.21,10.77,3:30.00,0,8856116,1,505,0
twitter_combined,1,12,REF_R1,2,OK,209202.1,206531.5,147249,59282.5,29506392.0,29506392,198.38,10.79,3:29.19,0,8856117,1,570,0
twitter_combined,1,13,Pure,0,OK,69919.8,4293.75,,4293.75,15066176.0,15066176,60.06,9.84,1:09.91,0,8055922,1,189,0
twitter_combined,1,13,Pure,1,OK,70712.5,4297.8,,4297.8,15065796.0,15065796,60.76,9.94,1:10.70,0,8055920,1,160,0
twitter_combined,1,13,Pure,2,OK,70277.4,4301.07,,4301.07,15066052.0,15066052,60.68,9.58,1:10.27,0,8055922,1,160,0
twitter_combined,1,13,REF_R1,0,OK,208893.0,206245.0,147618,58627,29203376.0,29203376,197.92,10.95,3:28.89,0,8780399,1,615,0
twitter_combined,1,13,REF_R1,1,OK,207821.6,205381.4,146816,58565.4,29203276.0,29203276,197.19,10.60,3:27.81,0,8780403,1,678,0
twitter_combined,1,13,REF_R1,2,OK,207253.3,204616.5,146231,58385.5,29203448.0,29203448,196.37,10.86,3:27.25,0,8780401,1,418,0
twitter_combined,1,14,Pure,0,OK,70115.2,4121.72,,4121.72,14856136.0,14856136,60.48,9.62,1:10.11,0,7986398,1,183,0
twitter_combined,1,14,Pure,1,OK,69833.2,4166.75,,4166.75,14856060.0,14856060,60.34,9.47,1:09.83,0,7986396,1,162,0
twitter_combined,1,14,Pure,2,OK,70168.8,4145.29,,4145.29,14856116.0,14856116,60.40,9.75,1:10.16,0,7986400,1,176,0
twitter_combined,1,14,REF_R1,0,OK,204619.1,202219.8,144949,57270.8,28714836.0,28714836,194.09,10.51,3:24.61,0,8676666,1,560,0
twitter_combined,1,14,REF_R1,1,OK,204498.6,202102.7,144882,57220.7,28714608.0,28714608,193.56,10.91,3:24.49,0,8676666,1,646,0
twitter_combined,1,14,REF_R1,2,OK,204450.0,201850.3,144720,57130.3,28714616.0,28714616,194.13,10.29,3:24.44,0,8676666,1,501,0
twitter_combined,1,15,Pure,0,OK,68847.2,3976.34,,3976.34,14639548.0,14639548,59.25,9.59,1:08.84,0,7884463,1,121,0
twitter_combined,1,15,Pure,1,OK,69534.6,3993.89,,3993.89,14639660.0,14639660,59.90,9.62,1:09.53,0,7884462,1,183,0
twitter_combined,1,15,Pure,2,OK,69130.1,3980.85,,3980.85,14639820.0,14639820,59.76,9.35,1:09.12,0,7884463,1,161,0
twitter_combined,1,15,REF_R1,0,OK,201724.5,199064.2,143121,55943.2,28175924.0,28175924,191.40,10.30,3:21.72,0,8541974,1,551,0
twitter_combined,1,15,REF_R1,1,OK,200801.5,198248.5,142558,55690.5,28175740.0,28175740,190.49,10.29,3:20.79,0,8541971,1,551,0
twitter_combined,1,15,REF_R1,2,OK,200598.6,198241.5,142595,55646.5,28175864.0,28175864,190.65,9.92,3:20.59,0,8541968,1,580,0
twitter_combined,1,16,Pure,0,OK,68739.8,3843.7,,3843.7,14272316.0,14272316,59.60,9.13,1:08.73,0,7792251,1,152,0
twitter_combined,1,16,Pure,1,OK,68181.7,3825.51,,3825.51,14272324.0,14272324,58.89,9.28,1:08.17,0,7792252,1,145,0
twitter_combined,1,16,Pure,2,OK,68304.6,3827.98,,3827.98,14272340.0,14272340,58.98,9.31,1:08.30,0,7792253,1,138,0
twitter_combined,1,16,REF_R1,0,OK,197395.3,194890.8,140681,54209.8,27493896.0,27493896,186.99,10.38,3:17.39,0,8371444,1,459,0
twitter_combined,1,16,REF_R1,1,OK,196915.9,194351.0,140414,53937,27493904.0,27493904,186.75,10.14,3:16.91,0,8371442,1,455,0
twitter_combined,1,16,REF_R1,2,OK,197593.4,195087.6,140984,54103.6,27493868.0,27493868,187.47,10.09,3:17.59,0,8371441,1,515,0
twitter_combined,1,17,Pure,0,OK,67733.0,3647.55,,3647.55,13949612.0,13949612,58.35,9.37,1:07.73,0,7657299,1,157,0
twitter_combined,1,17,Pure,1,OK,68121.5,3646.57,,3646.57,13949612.0,13949612,58.87,9.23,1:08.11,0,7657299,1,181,0
twitter_combined,1,17,Pure,2,OK,67880.2,3671.37,,3671.37,13949312.0,13949312,58.35,9.51,1:07.87,0,7657295,1,130,0
twitter_combined,1,17,REF_R1,0,OK,192718.5,190275.3,137756,52519.3,26575300.0,26575300,182.53,10.16,3:12.71,0,8104965,1,352,0
twitter_combined,1,17,REF_R1,1,OK,192344.5,189899.5,137573,52326.5,26575428.0,26575428,182.31,10.01,3:12.34,0,8104966,1,442,0
twitter_combined,1,17,REF_R1,2,OK,192612.4,190162.1,137639,52523.1,26575488.0,26575488,182.65,9.94,3:12.60,0,8104967,1,362,0
twitter_combined,1,18,Pure,0,OK,66855.1,3498.07,,3498.07,13524508.0,13524508,57.72,9.12,1:06.85,0,7517287,1,152,0
twitter_combined,1,18,Pure,1,OK,66598.0,3494.26,,3494.26,13524480.0,13524480,57.75,8.83,1:06.59,0,7517287,1,130,0
twitter_combined,1,18,Pure,2,OK,66860.8,3497.2,,3497.2,13524468.0,13524468,57.67,9.18,1:06.85,0,7517284,1,146,0
twitter_combined,1,18,REF_R1,0,OK,185595.2,183203.2,133500,49703.2,25778080.0,25778080,176.22,9.34,3:05.59,0,7905615,1,807,0
twitter_combined,1,18,REF_R1,1,OK,186494.6,184092.6,134189,49903.6,25778028.0,25778028,176.69,9.78,3:06.49,0,7905621,1,388,0
twitter_combined,1,18,REF_R1,2,OK,186171.2,183978.2,134099,49879.2,25777968.0,25777968,176.64,9.51,3:06.16,0,7905620,1,444,0
twitter_combined,1,19,Pure,0,OK,65807.7,3296.98,,3296.98,13011344.0,13011344,56.93,8.86,1:05.80,0,7369077,1,225,0
twitter_combined,1,19,Pure,1,OK,66102.5,3300.97,,3300.97,13011168.0,13011168,57.14,8.94,1:06.09,0,7369078,1,114,0
twitter_combined,1,19,Pure,2,OK,66095.3,3308.07,,3308.07,13011176.0,13011176,57.22,8.86,1:06.09,0,7369079,1,171,0
twitter_combined,1,19,REF_R1,0,OK,179299.0,176979.4,129584,47395.4,24837308.0,24837308,169.92,9.35,2:59.29,0,7642787,1,642,0
twitter_combined,1,19,REF_R1,1,OK,180295.7,177965.2,130286,47679.2,24837332.0,24837332,171.19,9.08,3:00.29,0,7642784,1,549,0
twitter_combined,1,19,REF_R1,2,OK,179745.8,177613.2,129939,47674.2,24837300.0,24837300,170.60,9.11,2:59.74,0,7642784,1,592,0
twitter_combined,1,20,Pure,0,OK,64790.7,3133.44,,3133.44,12875156.0,12875156,56.03,8.74,1:04.78,0,7211467,1,232,0
twitter_combined,1,20,Pure,1,OK,65153.5,3114.88,,3114.88,12875372.0,12875372,56.40,8.73,1:05.15,0,7211467,1,191,0
twitter_combined,1,20,Pure,2,OK,64803.3,3137.89,,3137.89,12875208.0,12875208,56.24,8.55,1:04.80,0,7211467,1,251,0
twitter_combined,1,20,REF_R1,0,OK,173667.4,171393.1,126051,45342.1,23784092.0,23784092,164.35,9.29,2:53.66,0,7361040,1,562,0
twitter_combined,1,20,REF_R1,1,OK,172638.2,170378.3,125259,45119.3,23784072.0,23784072,163.50,9.11,2:52.63,0,7361037,1,658,0
twitter_combined,1,20,REF_R1,2,OK,174702.9,172431.6,126074,46357.6,23784276.0,23784276,165.59,9.09,2:54.70,0,7361041,1,527,0
twitter_combined,1,21,Pure,0,OK,63744.3,2841.84,,2841.84,12744080.0,12744080,55.26,8.47,1:03.74,0,7062701,1,221,0
twitter_combined,1,21,Pure,1,OK,64008.6,2848.38,,2848.38,12744328.0,12744328,55.39,8.60,1:04.00,0,7062704,1,200,0
twitter_combined,1,21,Pure,2,OK,63665.9,2842.7,,2842.7,12744064.0,12744064,55.15,8.49,1:03.66,0,7062697,1,203,0
twitter_combined,1,21,REF_R1,0,OK,167357.6,165138.0,122084,43054,22961976.0,22961976,158.88,8.45,2:47.35,0,7024323,1,537,0
twitter_combined,1,21,REF_R1,1,OK,166937.3,164922.5,121823,43099.5,22961952.0,22961952,158.33,8.58,2:46.93,0,7024320,1,541,0
twitter_combined,1,21,REF_R1,2,OK,167083.4,165070.8,122005,43065.8,22961908.0,22961908,158.82,8.23,2:47.08,0,7024319,1,555,0
twitter_combined,1,22,Pure,0,OK,62242.7,2261.14,,2261.14,12744256.0,12744256,54.00,8.22,1:02.23,0,6928127,1,210,0
twitter_combined,1,22,Pure,1,OK,62522.0,2261.43,,2261.43,12744008.0,12744008,54.33,8.18,1:02.51,0,6928123,1,166,0
twitter_combined,1,22,Pure,2,OK,62149.4,2251.89,,2251.89,12744232.0,12744232,53.88,8.25,1:02.14,0,6928124,1,170,0
twitter_combined,1,22,REF_R1,0,OK,160653.9,158493.2,117650,40843.2,22105336.0,22105336,152.48,8.14,2:40.65,0,6791736,1,649,0
twitter_combined,1,22,REF_R1,1,OK,161677.9,159502.6,118448,41054.6,22105344.0,22105344,153.57,8.08,2:41.67,0,6791735,1,520,0
twitter_combined,1,22,REF_R1,2,OK,161292.9,159329.7,118236,41093.7,22105296.0,22105296,152.81,8.45,2:41.29,0,6791736,1,549,0
twitter_combined,1,23,Pure,0,OK,61043.6,1693.49,,1693.49,12744176.0,12744176,52.74,8.29,1:01.04,0,6806143,1,182,0
twitter_combined,1,23,Pure,1,OK,61206.1,1689.74,,1689.74,12744484.0,12744484,52.94,8.25,1:01.20,0,6806150,1,207,0
twitter_combined,1,23,Pure,2,OK,61449.2,1690.81,,1690.81,12744204.0,12744204,53.33,8.10,1:01.44,0,6806146,1,199,0
twitter_combined,1,23,REF_R1,0,OK,155972.4,154052.1,114819,39233.1,21426096.0,21426096,147.84,8.10,2:35.96,0,6612674,1,566,0
twitter_combined,1,23,REF_R1,1,OK,155535.1,153416.2,114367,39049.2,21425800.0,21425800,147.40,8.12,2:35.53,0,6612671,1,351,0
twitter_combined,1,23,REF_R1,2,OK,156493.3,154371.4,115073,39298.4,21425920.0,21425920,148.45,8.01,2:36.49,0,6612670,1,554,0
twitter_combined,1,24,Pure,0,OK,60356.4,1568.76,,1568.76,12744240.0,12744240,52.21,8.13,1:00.35,0,6692251,1,241,0
twitter_combined,1,24,Pure,1,OK,60372.4,1571.84,,1571.84,12744128.0,12744128,52.29,8.07,1:00.36,0,6692245,1,219,0
twitter_combined,1,24,Pure,2,OK,60700.5,1567.03,,1567.03,12744128.0,12744128,52.67,8.01,1:00.69,0,6692247,1,106,0
twitter_combined,1,24,REF_R1,0,OK,151486.6,149409.4,111744,37665.4,20798852.0,20798852,143.32,8.13,2:31.48,0,6455917,1,559,0
twitter_combined,1,24,REF_R1,1,OK,151127.6,149248.3,111544,37704.3,20798948.0,20798948,143.48,7.62,2:31.12,0,6455915,1,569,0
twitter_combined,1,24,REF_R1,2,OK,150654.5,148579.6,111106,37473.6,20798736.0,20798736,142.88,7.75,2:30.65,0,6455914,1,291,0
twitter_combined,1,25,Pure,0,OK,59948.0,1406.26,,1406.26,12744276.0,12744276,52.04,7.89,0:59.94,0,6514929,1,208,0
twitter_combined,1,25,Pure,1,OK,59465.5,1401.24,,1401.24,12744328.0,12744328,51.55,7.90,0:59.46,0,6514931,1,220,0
twitter_combined,1,25,Pure,2,OK,59568.5,1404.69,,1404.69,12744212.0,12744212,51.80,7.75,0:59.56,0,6514928,1,195,0
twitter_combined,1,25,REF_R1,0,OK,146904.2,144868.3,108266,36602.3,19919068.0,19919068,139.51,7.36,2:26.90,0,6136652,1,557,0
twitter_combined,1,25,REF_R1,1,OK,145654.8,143622.8,107453,36169.8,19919144.0,19919144,138.30,7.33,2:25.65,0,6136649,1,591,0
twitter_combined,1,25,REF_R1,2,OK,146616.0,144579.3,108174,36405.3,19918940.0,19918940,139.24,7.35,2:26.61,0,6136650,1,486,0
twitter_combined,1,26,Pure,0,OK,58929.2,1260.3,,1260.3,12744256.0,12744256,50.99,7.92,0:58.92,0,6396381,1,232,0
twitter_combined,1,26,Pure,1,OK,58997.3,1260.42,,1260.42,12744256.0,12744256,51.28,7.70,0:58.99,0,6396383,1,153,0
twitter_combined,1,26,Pure,2,OK,58517.9,1265.6,,1265.6,12744488.0,12744488,50.54,7.96,0:58.51,0,6396383,1,189,0
twitter_combined,1,26,REF_R1,0,OK,139994.8,138015.5,103280,34735.5,18897872.0,18897872,132.92,7.05,2:19.99,0,5761511,1,475,0
twitter_combined,1,26,REF_R1,1,OK,140647.2,138650.1,103800,34850.1,18897600.0,18897600,133.49,7.13,2:20.64,0,5761508,1,456,0
twitter_combined,1,26,REF_R1,2,OK,139993.9,138011.6,103321,34690.6,18897688.0,18897688,133.15,6.81,2:19.99,0,5761511,1,504,0
twitter_combined,1,27,Pure,0,OK,58257.7,1137.08,,1137.08,12787368.0,12787368,50.65,7.59,0:58.25,0,6263467,1,193,0
twitter_combined,1,27,Pure,1,OK,57822.2,1129.26,,1129.26,12787404.0,12787404,50.32,7.48,0:57.81,0,6263465,1,190,0
twitter_combined,1,27,Pure,2,OK,57839.3,1133.44,,1133.44,12787328.0,12787328,50.54,7.28,0:57.83,0,6263464,1,185,0
twitter_combined,1,27,REF_R1,0,OK,134355.5,132416.6,99331.1,33085.5,18240180.0,18240180,127.65,6.68,2:14.35,0,5569448,1,560,0
twitter_combined,1,27,REF_R1,1,OK,134995.8,133055.9,100028,33027.9,18240196.0,18240196,128.40,6.58,2:14.99,0,5569453,1,368,0
twitter_combined,1,27,REF_R1,2,OK,134952.6,133009.7,99978.5,33031.2,18239984.0,18239984,128.16,6.77,2:14.94,0,5569451,1,245,0
twitter_combined,1,28,Pure,0,OK,57505.4,1051.8,,1051.8,12743448.0,12743448,50.17,7.32,0:57.50,0,6134653,1,174,0
twitter_combined,1,28,Pure,1,OK,57263.8,1176.38,,1176.38,12743604.0,12743604,49.80,7.45,0:57.26,0,6134655,1,226,0
twitter_combined,1,28,Pure,2,OK,57304.9,1023.14,,1023.14,12743532.0,12743532,49.86,7.43,0:57.30,0,6134653,1,189,0
twitter_combined,1,28,REF_R1,0,OK,128198.5,126302.7,95222.4,31080.3,17402916.0,17402916,121.92,6.26,2:08.19,0,5267920,1,300,0
twitter_combined,1,28,REF_R1,1,OK,128712.2,126818.2,95598.7,31219.5,17402660.0,17402660,122.24,6.45,2:08.70,0,5267916,1,434,0
twitter_combined,1,28,REF_R1,2,OK,128134.3,126246.6,95180.2,31066.4,17402788.0,17402788,121.82,6.29,2:08.13,0,5267921,1,451,0
twitter_combined,1,29,Pure,0,OK,56464.0,895.464,,895.464,12744432.0,12744432,49.02,7.43,0:56.46,0,5997666,1,202,0
twitter_combined,1,29,Pure,1,OK,56012.0,894.707,,894.707,12744492.0,12744492,48.85,7.14,0:56.00,0,5997666,1,201,0
twitter_combined,1,29,Pure,2,OK,56132.1,1052.98,,1052.98,12744484.0,12744484,48.73,7.38,0:56.12,0,5997669,1,196,0
twitter_combined,1,29,REF_R1,0,OK,122778.4,120928.4,91530.5,29397.9,16634480.0,16634480,116.61,6.15,2:02.77,0,5098893,1,269,0
twitter_combined,1,29,REF_R1,1,OK,122697.1,120849.9,91524.9,29325,16634424.0,16634424,116.53,6.14,2:02.69,0,5098890,1,415,0
twitter_combined,1,29,REF_R1,2,OK,121995.3,120156.1,90957.1,29199,16634392.0,16634392,115.92,6.05,2:01.99,0,5098892,1,456,0
twitter_combined,1,30,Pure,0,OK,52614.5,766.227,,766.227,8480524.0,8480524,47.38,5.21,0:52.61,0,4280585,1,182,0
twitter_combined,1,30,Pure,1,OK,52171.2,760.577,,760.577,8480512.0,8480512,46.95,5.21,0:52.16,0,4280582,1,185,0
twitter_combined,1,30,Pure,2,OK,52230.5,760.743,,760.743,8480592.0,8480592,47.00,5.22,0:52.22,0,4280584,1,175,0
twitter_combined,1,30,REF_R1,0,OK,115972.2,114183.1,86759.7,27423.4,15780392.0,15780392,110.02,5.93,1:55.96,0,4848492,1,479,0
twitter_combined,1,30,REF_R1,1,OK,116599.3,114798.29999999999,87250.9,27547.4,15780260.0,15780260,110.68,5.90,1:56.59,0,4848491,1,442,0
twitter_combined,1,30,REF_R1,2,OK,116202.1,114608.79999999999,87042.2,27566.6,15780352.0,15780352,110.36,5.81,1:56.19,0,4848492,1,458,0
web-Stanford,1,2,Pure,0,OK,7192.4,62.0485,,62.0485,136560.0,136560,7.07,0.11,0:07.18,0,56655,2,28,0
web-Stanford,1,2,Pure,1,OK,6797.4,62.3338,,62.3338,136148.0,136148,6.69,0.09,0:06.79,0,56650,1,31,0
web-Stanford,1,2,Pure,2,OK,7224.3,61.8714,,61.8714,136464.0,136464,7.12,0.09,0:07.22,0,56653,1,26,0
web-Stanford,1,2,REF_R1,0,OK,7402.7,6313.968,5953.42,360.548,342544.0,342544,7.26,0.13,0:07.40,0,93904,1,25,0
web-Stanford,1,2,REF_R1,1,OK,7812.8,6421.995000000001,6066.06,355.935,342364.0,342364,7.64,0.16,0:07.81,0,93900,1,21,0
web-Stanford,1,2,REF_R1,2,OK,7830.5,6431.633,6073.12,358.513,342480.0,342480,7.63,0.19,0:07.82,0,93901,1,35,0
web-Stanford,1,3,Pure,0,OK,7424.9,115.88,,115.88,188852.0,188852,7.27,0.15,0:07.42,0,94887,1,20,0
web-Stanford,1,3,Pure,1,OK,7406.5,116.665,,116.665,189068.0,189068,7.24,0.15,0:07.40,0,94892,1,26,0
web-Stanford,1,3,Pure,2,OK,7418.1,116.759,,116.759,189100.0,189100,7.25,0.16,0:07.41,0,94889,1,27,0
web-Stanford,1,3,REF_R1,0,OK,8567.5,7150.796,6448.79,702.006,520460.0,520460,8.37,0.18,0:08.56,0,145057,1,20,0
web-Stanford,1,3,REF_R1,1,OK,8590.7,7175.169,6474.54,700.629,520556.0,520556,8.40,0.17,0:08.58,0,145059,1,30,0
web-Stanford,1,3,REF_R1,2,OK,8571.9,7157.043000000001,6456.18,700.863,520452.0,520452,8.34,0.22,0:08.56,0,145058,1,14,0
web-Stanford,1,4,Pure,0,OK,7533.0,124.689,,124.689,255424.0,255424,7.35,0.17,0:07.53,0,130274,1,25,0
web-Stanford,1,4,Pure,1,OK,7284.8,126.112,,126.112,255420.0,255420,7.11,0.16,0:07.28,0,130277,1,24,0
web-Stanford,1,4,Pure,2,OK,7107.9,126.012,,126.012,255420.0,255420,6.90,0.19,0:07.10,0,130272,1,29,0
web-Stanford,1,4,REF_R1,0,OK,8665.7,7272.5650000000005,6545.51,727.055,530284.0,530284,8.45,0.21,0:08.66,0,140902,1,23,0
web-Stanford,1,4,REF_R1,1,OK,8711.4,7308.257,6576.07,732.187,530340.0,530340,8.51,0.19,0:08.70,0,140903,1,35,0
web-Stanford,1,4,REF_R1,2,OK,8276.8,7185.0419999999995,6451.58,733.462,530264.0,530264,8.10,0.17,0:08.27,0,140902,1,30,0
web-Stanford,1,5,Pure,0,OK,7488.6,117.419,,117.419,255600.0,255600,7.31,0.16,0:07.48,0,126471,1,23,0
web-Stanford,1,5,Pure,1,OK,7475.0,118.595,,118.595,255596.0,255596,7.27,0.19,0:07.47,0,126473,1,24,0
web-Stanford,1,5,Pure,2,OK,7082.7,118.818,,118.818,255708.0,255708,6.94,0.13,0:07.08,0,126475,1,27,0
web-Stanford,1,5,REF_R1,0,OK,8575.0,7190.21,6513.24,676.97,505864.0,505864,8.37,0.19,0:08.57,0,134751,1,27,0
web-Stanford,1,5,REF_R1,1,OK,8590.8,7197.844,6515.61,682.234,506064.0,506064,8.39,0.19,0:08.58,0,134754,1,35,0
web-Stanford,1,5,REF_R1,2,OK,8537.6,7152.293000000001,6475.85,676.443,506068.0,506068,8.33,0.20,0:08.53,0,134753,1,31,0
web-Stanford,1,6,Pure,0,OK,7434.1,102.587,,102.587,256076.0,256076,7.24,0.18,0:07.43,0,123415,1,30,0
web-Stanford,1,6,Pure,1,OK,7411.8,102.58,,102.58,255928.0,255928,7.19,0.21,0:07.40,0,123416,1,19,0
web-Stanford,1,6,Pure,2,OK,7492.4,102.978,,102.978,256160.0,256160,7.28,0.20,0:07.48,0,123418,1,27,0
web-Stanford,1,6,REF_R1,0,OK,8409.8,7029.319,6414.63,614.689,472572.0,472572,8.19,0.20,0:08.40,0,126469,1,26,0
web-Stanford,1,6,REF_R1,1,OK,8439.3,7057.616,6439.03,618.586,472708.0,472708,8.23,0.20,0:08.43,0,126472,1,30,0
web-Stanford,1,6,REF_R1,2,OK,8034.2,6961.615,6340.15,621.465,472752.0,472752,7.87,0.15,0:08.03,0,126472,1,26,0
web-Stanford,1,7,Pure,0,OK,7369.5,88.1201,,88.1201,182052.0,182052,7.21,0.15,0:07.36,0,92932,1,24,0
web-Stanford,1,7,Pure,1,OK,6961.7,86.982,,86.982,182000.0,182000,6.80,0.14,0:06.95,0,92928,1,32,0
web-Stanford,1,7,Pure,2,OK,7382.2,88.4839,,88.4839,182000.0,182000,7.25,0.12,0:07.37,0,92931,1,26,0
web-Stanford,1,7,REF_R1,0,OK,7810.1,6749.489,6220.04,529.449,424256.0,424256,7.63,0.16,0:07.80,0,114326,1,27,0
web-Stanford,1,7,REF_R1,1,OK,7805.4,6738.119,6207.44,530.679,424144.0,424144,7.64,0.15,0:07.80,0,114324,1,32,0
web-Stanford,1,7,REF_R1,2,OK,8191.8,6824.624,6297.07,527.554,424088.0,424088,8.00,0.18,0:08.18,0,114327,1,27,0
web-Stanford,1,8,Pure,0,OK,7286.0,64.2907,,64.2907,150616.0,150616,7.13,0.15,0:07.28,0,76426,1,25,0
web-Stanford,1,8,Pure,1,OK,6858.9,64.3032,,64.3032,150608.0,150608,6.72,0.12,0:06.85,0,76427,1,27,0
web-Stanford,1,8,Pure,2,OK,6856.4,64.3838,,64.3838,150512.0,150512,6.76,0.09,0:06.85,0,76425,1,27,0
web-Stanford,1,8,REF_R1,0,OK,7700.8,6356.488,6040.76,315.728,292560.0,292560,7.56,0.13,0:07.69,0,78158,1,16,0
web-Stanford,1,8,REF_R1,1,OK,7692.5,6342.4,6025.37,317.03,292636.0,292636,7.58,0.10,0:07.68,0,78160,1,27,0
web-Stanford,1,8,REF_R1,2,OK,7690.9,6345.441,6030.24,315.201,292632.0,292632,7.55,0.13,0:07.68,0,78162,1,11,0
web-Stanford,1,9,Pure,0,OK,6842.1,57.3236,,57.3236,149884.0,149884,6.72,0.11,0:06.83,0,74846,1,12,0
web-Stanford,1,9,Pure,1,OK,7267.9,57.7931,,57.7931,150072.0,150072,7.16,0.10,0:07.26,0,74848,1,25,0
web-Stanford,1,9,Pure,2,OK,6843.9,57.599,,57.599,149976.0,149976,6.71,0.12,0:06.84,0,74845,1,29,0
web-Stanford,1,9,REF_R1,0,OK,7237.3,6198.7119999999995,5904.45,294.262,279864.0,279864,7.10,0.12,0:07.23,0,74970,1,25,0
web-Stanford,1,9,REF_R1,1,OK,7237.7,6197.464999999999,5903.23,294.235,279976.0,279976,7.14,0.09,0:07.23,0,74969,1,30,0
web-Stanford,1,9,REF_R1,2,OK,7267.7,6198.858,5904.83,294.028,279992.0,279992,7.17,0.08,0:07.26,0,74971,1,35,0
web-Stanford,1,10,Pure,0,OK,7227.5,51.414,,51.414,150004.0,150004,7.09,0.13,0:07.22,0,72899,1,23,0
web-Stanford,1,10,Pure,1,OK,7257.9,51.839,,51.839,149972.0,149972,7.11,0.14,0:07.25,0,72900,1,23,0
web-Stanford,1,10,Pure,2,OK,6851.2,51.6883,,51.6883,149912.0,149912,6.73,0.11,0:06.84,0,72897,1,12,0
web-Stanford,1,10,REF_R1,0,OK,7553.9,6209.616999999999,5937.19,272.427,267388.0,267388,7.41,0.13,0:07.55,0,71809,1,17,0
web-Stanford,1,10,REF_R1,1,OK,7572.0,6228.203,5955.92,272.283,267344.0,267344,7.44,0.12,0:07.56,0,71810,1,13,0
web-Stanford,1,10,REF_R1,2,OK,7171.7,6132.903,5858.16,274.743,267280.0,267280,7.04,0.12,0:07.16,0,71806,1,19,0
web-Stanford,1,11,Pure,0,OK,7203.3,45.6046,,45.6046,150048.0,150048,7.07,0.11,0:07.20,0,71441,1,28,0
web-Stanford,1,11,Pure,1,OK,7247.3,45.8796,,45.8796,150008.0,150008,7.11,0.12,0:07.24,0,71440,1,17,0
web-Stanford,1,11,Pure,2,OK,6967.6,45.775,,45.775,150200.0,150200,6.84,0.11,0:06.96,0,71443,1,24,0
web-Stanford,1,11,REF_R1,0,OK,7540.0,6197.491,5941,256.491,255560.0,255560,7.38,0.14,0:07.53,0,68819,1,15,0
web-Stanford,1,11,REF_R1,1,OK,7520.9,6177.166,5921.14,256.026,255400.0,255400,7.42,0.09,0:07.51,0,68814,1,23,0
web-Stanford,1,11,REF_R1,2,OK,7119.0,6081.188999999999,5823.98,257.209,255532.0,255532,7.02,0.08,0:07.11,0,68822,1,27,0
web-Stanford,1,12,Pure,0,OK,6780.4,41.0499,,41.0499,127372.0,127372,6.69,0.08,0:06.77,0,57582,1,25,0
web-Stanford,1,12,Pure,1,OK,6781.5,40.406,,40.406,127384.0,127384,6.70,0.07,0:06.77,0,57575,1,31,0
web-Stanford,1,12,Pure,2,OK,7191.5,40.5996,,40.5996,127320.0,127320,7.09,0.09,0:07.18,0,57575,1,26,0
web-Stanford,1,12,REF_R1,0,OK,7439.3,6100.268,5863.09,237.178,244872.0,244872,7.31,0.11,0:07.43,0,66189,1,31,0
web-Stanford,1,12,REF_R1,1,OK,7443.8,6108.351,5872.73,235.621,244808.0,244808,7.35,0.08,0:07.44,0,66192,1,27,0
web-Stanford,1,12,REF_R1,2,OK,7439.4,6095.089,5857.46,237.629,244904.0,244904,7.34,0.08,0:07.43,0,66190,1,13,0
web-Stanford,1,13,Pure,0,OK,7166.8,35.6662,,35.6662,124440.0,124440,7.07,0.08,0:07.16,0,55995,1,33,0
web-Stanford,1,13,Pure,1,OK,6795.3,35.7673,,35.7673,124416.0,124416,6.72,0.07,0:06.79,0,55992,1,10,0
web-Stanford,1,13,Pure,2,OK,7164.4,35.6981,,35.6981,124568.0,124568,7.05,0.10,0:07.16,0,55994,1,28,0
web-Stanford,1,13,REF_R1,0,OK,6998.9,5967.71,5751.7,216.01,234884.0,234884,6.89,0.09,0:06.99,0,63678,1,27,0
web-Stanford,1,13,REF_R1,1,OK,7002.1,5968.795,5752.2,216.595,234940.0,234940,6.90,0.09,0:06.99,0,63680,1,24,0
web-Stanford,1,13,REF_R1,2,OK,7407.3,6069.903,5854.88,215.023,234824.0,234824,7.28,0.11,0:07.40,0,63679,1,25,0
web-Stanford,1,14,Pure,0,OK,7190.0,32.1424,,32.1424,121464.0,121464,7.12,0.06,0:07.18,0,54495,1,29,0
web-Stanford,1,14,Pure,1,OK,6759.7,32.0633,,32.0633,121712.0,121712,6.68,0.07,0:06.75,0,54497,1,27,0
web-Stanford,1,14,Pure,2,OK,7169.6,32.6934,,32.6934,121588.0,121588,7.07,0.09,0:07.16,0,54498,1,10,0
web-Stanford,1,14,REF_R1,0,OK,7333.6,5998.471,5799.5,198.971,222620.0,222620,7.19,0.13,0:07.33,0,60655,1,27,0
web-Stanford,1,14,REF_R1,1,OK,6963.7,5909.543,5710.23,199.313,222512.0,222512,6.89,0.06,0:06.96,0,60656,1,16,0
web-Stanford,1,14,REF_R1,2,OK,7334.4,5986.427,5786.69,199.737,222752.0,222752,7.21,0.11,0:07.33,0,60656,1,26,0
web-Stanford,1,15,Pure,0,OK,7125.2,29.0665,,29.0665,118620.0,118620,7.00,0.11,0:07.12,0,52739,1,21,0
web-Stanford,1,15,Pure,1,OK,7137.8,28.0351,,28.0351,118432.0,118432,7.06,0.07,0:07.13,0,52740,1,31,0
web-Stanford,1,15,Pure,2,OK,7165.2,28.0774,,28.0774,118516.0,118516,7.06,0.09,0:07.16,0,52742,1,11,0
web-Stanford,1,15,REF_R1,0,OK,7293.6,5956.438,5778.37,178.068,212488.0,212488,7.18,0.10,0:07.29,0,58182,1,24,0
web-Stanford,1,15,REF_R1,1,OK,6886.6,5856.4490000000005,5678.31,178.139,212660.0,212660,6.79,0.09,0:06.88,0,58184,1,28,0
web-Stanford,1,15,REF_R1,2,OK,6883.8,5854.753,5676.65,178.103,212620.0,212620,6.81,0.06,0:06.88,0,58181,1,26,0
web-Stanford,1,16,Pure,0,OK,6728.6,23.3869,,23.3869,112876.0,112876,6.65,0.07,0:06.72,0,49832,1,23,0
web-Stanford,1,16,Pure,1,OK,7260.5,23.225,,23.225,112828.0,112828,7.15,0.10,0:07.25,0,49832,1,23,0
web-Stanford,1,16,Pure,2,OK,7109.4,23.2866,,23.2866,112744.0,112744,7.01,0.08,0:07.10,0,49826,1,13,0
web-Stanford,1,16,REF_R1,0,OK,7214.2,5882.034,5735.4,146.634,190500.0,190500,7.12,0.08,0:07.21,0,52625,1,23,0
web-Stanford,1,16,REF_R1,1,OK,7220.2,5881.09,5732.78,148.31,190568.0,190568,7.13,0.08,0:07.21,0,52630,1,24,0
web-Stanford,1,16,REF_R1,2,OK,6814.5,5766.408,5619.63,146.778,190352.0,190352,6.71,0.09,0:06.81,0,52626,1,16,0
web-Stanford,1,17,Pure,0,OK,7118.2,17.6635,,17.6635,104360.0,104360,7.04,0.07,0:07.11,0,39333,1,26,0
web-Stanford,1,17,Pure,1,OK,6710.2,17.587,,17.587,104584.0,104584,6.65,0.04,0:06.70,0,39341,1,17,0
web-Stanford,1,17,Pure,2,OK,6685.9,18.3336,,18.3336,104436.0,104436,6.59,0.08,0:06.68,0,39337,1,20,0
web-Stanford,1,17,REF_R1,0,OK,6681.5,5662.246,5549.26,112.986,161724.0,161724,6.60,0.07,0:06.67,0,45363,1,23,0
web-Stanford,1,17,REF_R1,1,OK,7074.9,5749.639999999999,5634.66,114.98,161548.0,161548,6.99,0.07,0:07.07,0,45362,1,27,0
web-Stanford,1,17,REF_R1,2,OK,6686.3,5666.852000000001,5553.85,113.002,161620.0,161620,6.62,0.05,0:06.68,0,45360,1,25,0
web-Stanford,1,18,Pure,0,OK,7090.5,15.3799,,15.3799,103528.0,103528,7.00,0.08,0:07.08,0,38800,1,32,0
web-Stanford,1,18,Pure,1,OK,7061.8,15.9537,,15.9537,103520.0,103520,6.97,0.08,0:07.05,0,38798,1,24,0
web-Stanford,1,18,Pure,2,OK,7076.0,15.3218,,15.3218,103556.0,103556,7.00,0.06,0:07.07,0,38798,1,25,0
web-Stanford,1,18,REF_R1,0,OK,6644.4,5626.9710000000005,5520.35,106.621,158532.0,158532,6.56,0.07,0:06.64,0,44585,1,22,0
web-Stanford,1,18,REF_R1,1,OK,7077.9,5745.091,5637.08,108.011,158384.0,158384,6.99,0.08,0:07.07,0,44579,1,12,0
web-Stanford,1,18,REF_R1,2,OK,7043.4,5717.333,5610.37,106.963,158408.0,158408,6.93,0.10,0:07.04,0,44579,1,11,0
web-Stanford,1,19,Pure,0,OK,6712.3,14.0022,,14.0022,102848.0,102848,6.66,0.04,0:06.70,0,38425,1,28,0
web-Stanford,1,19,Pure,1,OK,7078.2,13.9975,,13.9975,102688.0,102688,6.98,0.08,0:07.07,0,38425,1,9,0
web-Stanford,1,19,Pure,2,OK,7071.2,14.633,,14.633,102904.0,102904,6.99,0.07,0:07.06,0,38427,1,26,0
web-Stanford,1,19,REF_R1,0,OK,7048.1,5722.094,5619.59,102.504,156416.0,156416,6.94,0.09,0:07.04,0,44130,1,25,0
web-Stanford,1,19,REF_R1,1,OK,7008.8,5682.859,5579,103.859,156340.0,156340,6.94,0.06,0:07.00,0,44129,1,32,0
web-Stanford,1,19,REF_R1,2,OK,7026.2,5704.110000000001,5602.02,102.09,156492.0,156492,6.94,0.07,0:07.02,0,44131,1,24,0
web-Stanford,1,20,Pure,0,OK,6704.1,12.5905,,12.5905,102152.0,102152,6.66,0.04,0:06.70,0,38033,1,8,0
web-Stanford,1,20,Pure,1,OK,7097.0,12.5971,,12.5971,102284.0,102284,7.00,0.09,0:07.09,0,38034,1,26,0
web-Stanford,1,20,Pure,2,OK,6705.8,12.6936,,12.6936,102272.0,102272,6.68,0.02,0:06.70,0,38030,1,25,0
web-Stanford,1,20,REF_R1,0,OK,6984.8,5659.5504,5560.68,98.8704,154764.0,154764,6.88,0.09,0:06.98,0,43712,1,10,0
web-Stanford,1,20,REF_R1,1,OK,6994.2,5667.9502999999995,5569.48,98.4703,154924.0,154924,6.95,0.03,0:06.99,0,43714,1,25,0
web-Stanford,1,20,REF_R1,2,OK,6995.9,5672.201499999999,5574.48,97.7215,154740.0,154740,6.89,0.09,0:06.99,0,43714,1,24,0
web-Stanford,1,21,Pure,0,OK,7056.9,11.9991,,11.9991,101276.0,101276,6.98,0.06,0:07.05,0,37490,1,23,0
web-Stanford,1,21,Pure,1,OK,6693.6,11.3497,,11.3497,101056.0,101056,6.63,0.05,0:06.69,0,37489,1,15,0
web-Stanford,1,21,Pure,2,OK,7088.7,11.382,,11.382,100968.0,100968,7.02,0.06,0:07.08,0,37489,1,30,0
web-Stanford,1,21,REF_R1,0,OK,6534.7,5492.298699999999,5400.48,91.8187,150604.0,150604,6.44,0.08,0:06.53,0,42689,1,23,0
web-Stanford,1,21,REF_R1,1,OK,6914.8,5588.458299999999,5496.07,92.3883,150704.0,150704,6.81,0.09,0:06.91,0,42688,1,23,0
web-Stanford,1,21,REF_R1,2,OK,6513.8,5495.2302,5402.68,92.5502,150672.0,150672,6.45,0.05,0:06.51,0,42687,1,25,0
web-Stanford,1,22,Pure,0,OK,7073.0,10.613,,10.613,100592.0,100592,7.00,0.06,0:07.07,0,37184,1,23,0
web-Stanford,1,22,Pure,1,OK,7057.1,11.367,,11.367,100652.0,100652,6.99,0.05,0:07.05,0,37186,1,24,0
web-Stanford,1,22,Pure,2,OK,6694.8,10.6159,,10.6159,100716.0,100716,6.62,0.06,0:06.69,0,37182,1,18,0
web-Stanford,1,22,REF_R1,0,OK,6878.9,5555.6844,5466.05,89.6344,148716.0,148716,6.81,0.05,0:06.87,0,42214,1,9,0
web-Stanford,1,22,REF_R1,1,OK,6898.8,5579.091,5490.29,88.801,148688.0,148688,6.82,0.07,0:06.89,0,42212,1,15,0
web-Stanford,1,22,REF_R1,2,OK,6888.5,5561.7877,5472.53,89.2577,148740.0,148740,6.80,0.07,0:06.88,0,42213,1,20,0
web-Stanford,1,23,Pure,0,OK,7047.5,10.233,,10.233,100132.0,100132,7.00,0.03,0:07.04,0,36889,1,13,0
web-Stanford,1,23,Pure,1,OK,7094.1,10.2192,,10.2192,100056.0,100056,7.01,0.07,0:07.09,0,36892,1,17,0
web-Stanford,1,23,Pure,2,OK,7047.8,10.3441,,10.3441,100116.0,100116,6.96,0.07,0:07.04,0,36889,1,14,0
web-Stanford,1,23,REF_R1,0,OK,6885.0,5555.5846,5468.49,87.0946,146940.0,146940,6.80,0.07,0:06.88,0,41781,1,19,0
web-Stanford,1,23,REF_R1,1,OK,6456.3,5440.0716,5352.91,87.1616,147180.0,147180,6.40,0.04,0:06.45,0,41782,1,18,0
web-Stanford,1,23,REF_R1,2,OK,6464.4,5445.7473,5358.67,87.0773,146880.0,146880,6.39,0.06,0:06.46,0,41781,1,28,0
web-Stanford,1,24,Pure,0,OK,7076.3,9.74117,,9.74117,99608.0,99608,6.99,0.08,0:07.07,0,36713,1,21,0
web-Stanford,1,24,Pure,1,OK,7049.0,9.71037,,9.71037,99576.0,99576,6.99,0.04,0:07.04,0,36713,1,20,0
web-Stanford,1,24,Pure,2,OK,7048.6,9.63559,,9.63559,99696.0,99696,6.96,0.08,0:07.04,0,36714,1,10,0
web-Stanford,1,24,REF_R1,0,OK,6798.0,5475.812400000001,5390.31,85.5024,146408.0,146408,6.71,0.08,0:06.79,0,41627,1,24,0
web-Stanford,1,24,REF_R1,1,OK,6826.9,5504.6871,5420.16,84.5271,146296.0,146296,6.74,0.07,0:06.82,0,41626,1,12,0
web-Stanford,1,24,REF_R1,2,OK,6411.4,5395.0401999999995,5310.37,84.6702,146288.0,146288,6.31,0.09,0:06.40,0,41625,1,16,0
web-Stanford,1,25,Pure,0,OK,7094.8,10.3136,,10.3136,99024.0,99024,7.04,0.04,0:07.09,0,36443,1,25,0
web-Stanford,1,25,Pure,1,OK,6686.7,9.30931,,9.30931,98884.0,98884,6.65,0.02,0:06.68,0,36443,1,16,0
web-Stanford,1,25,Pure,2,OK,7088.4,9.48422,,9.48422,99040.0,99040,7.01,0.06,0:07.08,0,36445,1,24,0
web-Stanford,1,25,REF_R1,0,OK,6804.2,5484.6272,5401.86,82.7672,145432.0,145432,6.69,0.10,0:06.80,0,41382,1,27,0
web-Stanford,1,25,REF_R1,1,OK,6802.2,5476.5231,5393.31,83.2131,145440.0,145440,6.71,0.07,0:06.79,0,41379,1,20,0
web-Stanford,1,25,REF_R1,2,OK,6770.4,5445.5326,5361.94,83.5926,145268.0,145268,6.69,0.07,0:06.76,0,41379,1,6,0
web-Stanford,1,26,Pure,0,OK,7094.9,8.90701,,8.90701,98712.0,98712,6.99,0.09,0:07.09,0,36303,1,24,0
web-Stanford,1,26,Pure,1,OK,6662.7,8.93408,,8.93408,98732.0,98732,6.61,0.04,0:06.66,0,36303,1,23,0
web-Stanford,1,26,Pure,2,OK,6665.3,8.89932,,8.89932,98948.0,98948,6.60,0.05,0:06.66,0,36301,1,20,0
web-Stanford,1,26,REF_R1,0,OK,6360.1,5342.5967,5259.69,82.9067,144508.0,144508,6.29,0.06,0:06.35,0,41154,1,22,0
web-Stanford,1,26,REF_R1,1,OK,6359.4,5342.7232,5259.59,83.1332,144456.0,144456,6.30,0.05,0:06.35,0,41156,1,18,0
web-Stanford,1,26,REF_R1,2,OK,6357.0,5340.523999999999,5257.45,83.074,144632.0,144632,6.27,0.07,0:06.35,0,41157,1,22,0
web-Stanford,1,27,Pure,0,OK,6665.9,8.6453,,8.6453,98564.0,98564,6.59,0.07,0:06.66,0,36194,1,26,0
web-Stanford,1,27,Pure,1,OK,7078.3,8.63173,,8.63173,98876.0,98876,7.00,0.06,0:07.07,0,36198,1,21,0
web-Stanford,1,27,Pure,2,OK,7069.5,9.58044,,9.58044,98780.0,98780,6.97,0.08,0:07.06,0,36195,1,16,0
web-Stanford,1,27,REF_R1,0,OK,6317.4,5300.0124,5219.11,80.9024,143392.0,143392,6.25,0.05,0:06.31,0,40865,1,17,0
web-Stanford,1,27,REF_R1,1,OK,6714.9,5394.457,5313.64,80.817,143340.0,143340,6.62,0.08,0:06.71,0,40861,1,21,0
web-Stanford,1,27,REF_R1,2,OK,6310.0,5295.5309,5214.9,80.6309,143284.0,143284,6.25,0.04,0:06.30,0,40864,1,21,0
web-Stanford,1,28,Pure,0,OK,7074.9,8.43995,,8.43995,98324.0,98324,6.99,0.07,0:07.07,0,36040,1,21,0
web-Stanford,1,28,Pure,1,OK,7061.3,9.05187,,9.05187,98124.0,98124,7.01,0.04,0:07.05,0,36042,1,23,0
web-Stanford,1,28,Pure,2,OK,7094.6,8.4262,,8.4262,98124.0,98124,7.01,0.07,0:07.09,0,36040,1,16,0
web-Stanford,1,28,REF_R1,0,OK,6294.8,5280.1539,5200.17,79.9839,142340.0,142340,6.22,0.06,0:06.29,0,40648,1,23,0
web-Stanford,1,28,REF_R1,1,OK,6550.2,5421.2157,5341.92,79.2957,142496.0,142496,6.47,0.07,0:06.54,0,40647,1,14,0
web-Stanford,1,28,REF_R1,2,OK,6698.9,5374.2606000000005,5294.38,79.8806,142736.0,142736,6.61,0.07,0:06.69,0,40654,1,17,0
web-Stanford,1,29,Pure,0,OK,6661.9,8.03629,,8.03629,97732.0,97732,6.60,0.05,0:06.65,0,35764,1,20,0
web-Stanford,1,29,Pure,1,OK,6656.4,8.03553,,8.03553,97944.0,97944,6.61,0.04,0:06.65,0,35765,1,22,0
web-Stanford,1,29,Pure,2,OK,6658.9,8.79398,,8.79398,97856.0,97856,6.60,0.05,0:06.65,0,35765,1,19,0
web-Stanford,1,29,REF_R1,0,OK,6674.4,5353.1678999999995,5276.11,77.0579,140868.0,140868,6.57,0.09,0:06.67,0,40188,1,20,0
web-Stanford,1,29,REF_R1,1,OK,6700.9,5373.2431,5295.94,77.3031,140708.0,140708,6.60,0.08,0:06.69,0,40183,1,19,0
web-Stanford,1,29,REF_R1,2,OK,6276.0,5261.968,5184.04,77.928,140688.0,140688,6.21,0.06,0:06.27,0,40183,1,20,0
web-Stanford,1,30,Pure,0,OK,7028.3,7.75237,,7.75237,97544.0,97544,6.94,0.08,0:07.02,0,32418,1,25,0
web-Stanford,1,30,Pure,1,OK,6648.2,7.67891,,7.67891,97604.0,97604,6.60,0.04,0:06.64,0,32423,1,22,0
web-Stanford,1,30,Pure,2,OK,7079.7,7.7441,,7.7441,97632.0,97632,7.00,0.07,0:07.07,0,32424,1,16,0
web-Stanford,1,30,REF_R1,0,OK,6682.0,5311.1043,5235.5,75.6043,139472.0,139472,6.61,0.06,0:06.67,0,39868,1,19,0
web-Stanford,1,30,REF_R1,1,OK,6673.6,5350.2372,5274.69,75.5472,139508.0,139508,6.58,0.08,0:06.67,0,39869,1,20,0
web-Stanford,1,30,REF_R1,2,OK,6629.7,5308.6785,5233.48,75.1985,139256.0,139256,6.57,0.05,0:06.62,0,39864,1,17,0
web-Stanford,1,31,Pure,0,OK,6679.8,7.22321,,7.22321,96892.0,96892,6.63,0.04,0:06.67,0,32189,1,11,0
web-Stanford,1,31,Pure,1,OK,6655.1,7.23155,,7.23155,97092.0,97092,6.58,0.06,0:06.65,0,32188,1,14,0
web-Stanford,1,31,Pure,2,OK,6653.4,7.92269,,7.92269,97124.0,97124,6.59,0.05,0:06.65,0,32191,1,17,0
web-Stanford,1,31,REF_R1,0,OK,6234.7,5219.1416,5145.4,73.7416,137596.0,137596,6.17,0.05,0:06.23,0,39381,1,22,0
web-Stanford,1,31,REF_R1,1,OK,6234.7,5217.4973,5143.93,73.5673,137436.0,137436,6.15,0.07,0:06.23,0,39378,1,20,0
web-Stanford,1,31,REF_R1,2,OK,6640.8,5314.487999999999,5240.07,74.418,137412.0,137412,6.56,0.07,0:06.63,0,39377,1,5,0
web-Stanford,1,32,Pure,0,OK,6676.0,6.87282,,6.87282,96716.0,96716,6.60,0.06,0:06.67,0,31943,1,14,0
web-Stanford,1,32,Pure,1,OK,6648.6,6.89734,,6.89734,96928.0,96928,6.61,0.03,0:06.64,0,31947,1,22,0
web-Stanford,1,32,Pure,2,OK,7058.5,7.41536,,7.41536,96744.0,96744,6.99,0.06,0:07.05,0,31939,1,12,0
web-Stanford,1,32,REF_R1,0,OK,6207.6,5196.5775,5125.1,71.4775,136312.0,136312,6.14,0.06,0:06.20,0,39091,1,14,0
web-Stanford,1,32,REF_R1,1,OK,6604.1,5279.5598,5207.73,71.8298,136320.0,136320,6.51,0.08,0:06.60,0,39093,1,16,0
web-Stanford,1,32,REF_R1,2,OK,6609.4,5290.5967,5218.83,71.7667,136408.0,136408,6.52,0.08,0:06.60,0,39093,1,10,0
web-Stanford,1,33,Pure,0,OK,7039.3,6.40967,,6.40967,96156.0,96156,6.93,0.09,0:07.03,0,31625,1,23,0
web-Stanford,1,33,Pure,1,OK,6946.1,6.40115,,6.40115,96312.0,96312,6.89,0.04,0:06.94,0,31629,1,22,0
web-Stanford,1,33,Pure,2,OK,7044.6,6.40716,,6.40716,96124.0,96124,6.99,0.04,0:07.04,0,31627,1,8,0
web-Stanford,1,33,REF_R1,0,OK,6211.0,5171.1451,5101.41,69.7351,134828.0,134828,6.16,0.04,0:06.20,0,38720,1,10,0
web-Stanford,1,33,REF_R1,1,OK,6209.9,5167.2532,5098.29,68.9632,134904.0,134904,6.15,0.05,0:06.20,0,38722,1,21,0
web-Stanford,1,33,REF_R1,2,OK,6212.7,5169.7427,5100.54,69.2027,134832.0,134832,6.15,0.05,0:06.21,0,38721,1,9,0
web-Stanford,1,34,Pure,0,OK,7044.4,6.15245,,6.15245,96056.0,96056,6.96,0.07,0:07.04,0,31458,1,14,0
web-Stanford,1,34,Pure,1,OK,6670.3,6.11154,,6.11154,96036.0,96036,6.61,0.05,0:06.66,0,31454,1,13,0
web-Stanford,1,34,Pure,2,OK,7035.1,6.0956,,6.0956,95856.0,95856,6.96,0.06,0:07.03,0,31456,1,13,0
web-Stanford,1,34,REF_R1,0,OK,6193.5,5149.9417,5081.85,68.0917,133980.0,133980,6.12,0.06,0:06.19,0,38482,1,16,0
web-Stanford,1,34,REF_R1,1,OK,6188.2,5148.7474999999995,5081.61,67.1375,133836.0,133836,6.12,0.06,0:06.18,0,38481,1,16,0
web-Stanford,1,34,REF_R1,2,OK,6553.9,5228.486199999999,5160.7,67.7862,133908.0,133908,6.46,0.08,0:06.55,0,38481,1,13,0
web-Stanford,1,35,Pure,0,OK,7104.0,6.00494,,6.00494,95724.0,95724,7.04,0.05,0:07.10,0,31335,1,17,0
web-Stanford,1,35,Pure,1,OK,7068.3,6.95596,,6.95596,95964.0,95964,6.98,0.07,0:07.06,0,31337,1,12,0
web-Stanford,1,35,Pure,2,OK,7063.3,6.03223,,6.03223,95756.0,95756,7.00,0.05,0:07.06,0,31332,1,15,0
web-Stanford,1,35,REF_R1,0,OK,6154.2,5137.0979,5070.34,66.7579,133216.0,133216,6.08,0.06,0:06.15,0,38308,1,17,0
web-Stanford,1,35,REF_R1,1,OK,6565.4,5242.0256,5175.22,66.8056,133304.0,133304,6.50,0.06,0:06.56,0,38311,1,6,0
web-Stanford,1,35,REF_R1,2,OK,6559.1,5234.3653,5167.56,66.8053,133092.0,133092,6.48,0.06,0:06.55,0,38309,1,15,0
web-Stanford,1,36,Pure,0,OK,7107.5,6.8585,,6.8585,95452.0,95452,7.06,0.04,0:07.10,0,31252,1,18,0
web-Stanford,1,36,Pure,1,OK,7037.8,5.98832,,5.98832,95244.0,95244,6.99,0.03,0:07.03,0,31248,1,16,0
web-Stanford,1,36,Pure,2,OK,6673.1,5.91115,,5.91115,95440.0,95440,6.62,0.04,0:06.67,0,31251,1,10,0
web-Stanford,1,36,REF_R1,0,OK,6130.9,5113.9302,5048.38,65.5502,133004.0,133004,6.05,0.06,0:06.12,0,38258,1,16,0
web-Stanford,1,36,REF_R1,1,OK,6161.2,5118.842,5052.65,66.192,133028.0,133028,6.11,0.03,0:06.15,0,38257,1,13,0
web-Stanford,1,36,REF_R1,2,OK,6133.9,5118.0023,5051.83,66.1723,132856.0,132856,6.07,0.05,0:06.13,0,38257,1,9,0
web-Stanford,1,37,Pure,0,OK,6645.9,5.73922,,5.73922,95732.0,95732,6.59,0.05,0:06.64,0,31171,1,14,0
web-Stanford,1,37,Pure,1,OK,6647.8,5.73511,,5.73511,95540.0,95540,6.60,0.04,0:06.64,0,31169,1,12,0
web-Stanford,1,37,Pure,2,OK,7061.3,6.64626,,6.64626,95336.0,95336,7.01,0.03,0:07.05,0,31167,1,23,0
web-Stanford,1,37,REF_R1,0,OK,6531.0,5207.5788999999995,5141.69,65.8889,132880.0,132880,6.45,0.07,0:06.52,0,38197,1,22,0
web-Stanford,1,37,REF_R1,1,OK,6117.9,5103.5964,5038.06,65.5364,132804.0,132804,6.05,0.06,0:06.11,0,38200,1,16,0
web-Stanford,1,37,REF_R1,2,OK,6143.1,5103.408899999999,5037.94,65.4689,132536.0,132536,6.06,0.07,0:06.14,0,38194,1,12,0
web-Stanford,1,38,Pure,0,OK,6668.2,5.62437,,5.62437,95080.0,95080,6.61,0.04,0:06.66,0,31058,1,10,0
web-Stanford,1,38,Pure,1,OK,6661.1,5.61401,,5.61401,95276.0,95276,6.61,0.04,0:06.65,0,31059,1,16,0
web-Stanford,1,38,Pure,2,OK,6668.3,5.60947,,5.60947,95248.0,95248,6.61,0.05,0:06.66,0,31057,1,13,0
web-Stanford,1,38,REF_R1,0,OK,6517.3,5197.4348,5132.46,64.9748,132372.0,132372,6.43,0.07,0:06.51,0,38097,1,9,0
web-Stanford,1,38,REF_R1,1,OK,6130.1,5088.4874,5023.52,64.9674,132300.0,132300,6.07,0.04,0:06.12,0,38098,1,9,0
web-Stanford,1,38,REF_R1,2,OK,6102.8,5088.6577,5022.98,65.6777,132400.0,132400,6.03,0.05,0:06.10,0,38099,1,16,0
web-Stanford,1,39,Pure,0,OK,7059.6,6.049,,6.049,94972.0,94972,6.98,0.07,0:07.05,0,30913,1,21,0
web-Stanford,1,39,Pure,1,OK,6668.4,5.51045,,5.51045,94984.0,94984,6.63,0.03,0:06.66,0,30912,1,16,0
web-Stanford,1,39,Pure,2,OK,6646.4,5.5336,,5.5336,95000.0,95000,6.58,0.05,0:06.64,0,30911,1,19,0
web-Stanford,1,39,REF_R1,0,OK,6088.3,5074.940799999999,5010.07,64.8708,131932.0,131932,6.04,0.04,0:06.08,0,37959,1,12,0
web-Stanford,1,39,REF_R1,1,OK,6503.1,5182.8716,5119.22,63.6516,131752.0,131752,6.40,0.09,0:06.50,0,37957,1,16,0
web-Stanford,1,39,REF_R1,2,OK,6114.3,5072.2036,5008.48,63.7236,131812.0,131812,6.07,0.03,0:06.11,0,37960,1,10,0
web-Stanford,1,40,Pure,0,OK,7068.1,6.45699,,6.45699,95096.0,95096,7.00,0.06,0:07.06,0,30844,1,25,0
web-Stanford,1,40,Pure,1,OK,6667.4,5.54538,,5.54538,95056.0,95056,6.60,0.05,0:06.66,0,30842,1,10,0
web-Stanford,1,40,Pure,2,OK,6666.4,5.55849,,5.55849,94764.0,94764,6.63,0.02,0:06.66,0,30843,1,22,0
web-Stanford,1,40,REF_R1,0,OK,6487.3,5166.4844,5102.68,63.8044,131576.0,131576,6.40,0.08,0:06.48,0,37884,1,7,0
web-Stanford,1,40,REF_R1,1,OK,6478.8,5158.6789,5094.89,63.7889,131320.0,131320,6.41,0.05,0:06.47,0,37884,1,10,0
web-Stanford,1,40,REF_R1,2,OK,6082.8,5066.933599999999,5002.65,64.2836,131564.0,131564,6.03,0.04,0:06.08,0,37887,1,16,0
web-Stanford,1,41,Pure,0,OK,7043.5,5.41623,,5.41623,94788.0,94788,6.96,0.07,0:07.04,0,30747,1,17,0
web-Stanford,1,41,Pure,1,OK,6665.0,5.41962,,5.41962,94676.0,94676,6.59,0.06,0:06.66,0,30747,1,9,0
web-Stanford,1,41,Pure,2,OK,6641.6,5.44896,,5.44896,94672.0,94672,6.59,0.04,0:06.63,0,30743,1,16,0
web-Stanford,1,41,REF_R1,0,OK,6462.2,5148.2855,5085.74,62.5455,131236.0,131236,6.39,0.05,0:06.46,0,37818,1,17,0
web-Stanford,1,41,REF_R1,1,OK,6459.1,5139.2465999999995,5075.9,63.3466,131336.0,131336,6.37,0.07,0:06.45,0,37823,1,10,0
web-Stanford,1,41,REF_R1,2,OK,6074.8,5058.7144,4995.3,63.4144,131124.0,131124,6.01,0.05,0:06.07,0,37820,1,11,0
web-Stanford,1,42,Pure,0,OK,6639.9,5.12872,,5.12872,94232.0,94232,6.57,0.06,0:06.63,0,30573,1,18,0
web-Stanford,1,42,Pure,1,OK,6641.2,5.11936,,5.11936,94352.0,94352,6.59,0.03,0:06.63,0,30574,1,15,0
web-Stanford,1,42,Pure,2,OK,6635.0,5.11513,,5.11513,94376.0,94376,6.57,0.05,0:06.63,0,30573,1,14,0
web-Stanford,1,42,REF_R1,0,OK,6067.4,5050.8556,4988.21,62.6456,130824.0,130824,6.02,0.03,0:06.06,0,37710,1,10,0
web-Stanford,1,42,REF_R1,1,OK,6065.0,5051.3705,4988.57,62.8005,130792.0,130792,5.99,0.06,0:06.06,0,37708,1,14,0
web-Stanford,1,42,REF_R1,2,OK,6066.9,5050.0654,4987.17,62.8954,130628.0,130628,6.01,0.05,0:06.06,0,37707,1,11,0
web-Stanford,1,43,Pure,0,OK,6638.1,5.57415,,5.57415,93660.0,93660,6.57,0.05,0:06.63,0,30274,1,11,0
web-Stanford,1,43,Pure,1,OK,7031.3,4.82128,,4.82128,93776.0,93776,6.97,0.05,0:07.02,0,30278,1,20,0
web-Stanford,1,43,Pure,2,OK,7023.8,4.86857,,4.86857,93628.0,93628,6.95,0.06,0:07.02,0,30273,1,13,0
web-Stanford,1,43,REF_R1,0,OK,6056.8,5045.1608,4983.58,61.5808,129164.0,129164,5.98,0.06,0:06.05,0,37282,1,12,0
web-Stanford,1,43,REF_R1,1,OK,6476.5,5154.4945,5094.4,60.0945,129064.0,129064,6.40,0.06,0:06.47,0,37281,1,25,0
web-Stanford,1,43,REF_R1,2,OK,6474.2,5152.6993,5092.34,60.3593,129060.0,129060,6.40,0.06,0:06.47,0,37280,1,11,0
web-Stanford,1,44,Pure,0,OK,6636.2,4.57956,,4.57956,93312.0,93312,6.58,0.04,0:06.63,0,29953,1,13,0
web-Stanford,1,44,Pure,1,OK,7032.0,4.54444,,4.54444,93308.0,93308,6.96,0.06,0:07.02,0,29953,1,28,0
web-Stanford,1,44,Pure,2,OK,7039.3,4.56376,,4.56376,93212.0,93212,6.98,0.05,0:07.03,0,29953,1,17,0
web-Stanford,1,44,REF_R1,0,OK,6047.1,5031.841,4972.79,59.051,127604.0,127604,5.98,0.06,0:06.04,0,36866,1,11,0
web-Stanford,1,44,REF_R1,1,OK,6454.9,5137.088,5079.12,57.968,127488.0,127488,6.35,0.09,0:06.45,0,36863,1,23,0
web-Stanford,1,44,REF_R1,2,OK,6434.7,5112.831999999999,5054.49,58.342,127568.0,127568,6.33,0.09,0:06.43,0,36862,1,7,0
web-Stanford,1,45,Pure,0,OK,6634.4,4.32346,,4.32346,92588.0,92588,6.55,0.07,0:06.63,0,29639,1,19,0
web-Stanford,1,45,Pure,1,OK,6631.9,4.32454,,4.32454,92704.0,92704,6.58,0.04,0:06.62,0,29639,1,23,0
web-Stanford,1,45,Pure,2,OK,6632.1,4.31301,,4.31301,92488.0,92488,6.59,0.03,0:06.62,0,29636,1,15,0
web-Stanford,1,45,REF_R1,0,OK,6456.8,5143.0165,5086.63,56.3865,126280.0,126280,6.37,0.07,0:06.45,0,36601,1,20,0
web-Stanford,1,45,REF_R1,1,OK,6444.7,5119.6242999999995,5062.98,56.6443,126396.0,126396,6.34,0.09,0:06.44,0,36601,1,12,0
web-Stanford,1,45,REF_R1,2,OK,6035.8,5020.1229,4962.66,57.4629,126392.0,126392,5.98,0.05,0:06.03,0,36601,1,16,0
web-Stanford,1,46,Pure,0,OK,6633.9,4.12561,,4.12561,92424.0,92424,6.56,0.06,0:06.63,0,29445,1,21,0
web-Stanford,1,46,Pure,1,OK,6630.8,4.09784,,4.09784,92324.0,92324,6.57,0.05,0:06.62,0,29442,1,16,0
web-Stanford,1,46,Pure,2,OK,6630.1,4.10594,,4.10594,92408.0,92408,6.56,0.05,0:06.62,0,29440,1,13,0
web-Stanford,1,46,REF_R1,0,OK,6390.3,5075.0092,5019.75,55.2592,123060.0,123060,6.31,0.06,0:06.38,0,35792,1,22,0
web-Stanford,1,46,REF_R1,1,OK,6423.6,5100.855600000001,5045.39,55.4656,123016.0,123016,6.34,0.07,0:06.42,0,35795,1,16,0
web-Stanford,1,46,REF_R1,2,OK,6039.4,4998.9249,4943.79,55.1349,123152.0,123152,5.98,0.05,0:06.03,0,35796,1,14,0
web-Stanford,1,47,Pure,0,OK,7038.8,4.02211,,4.02211,92192.0,92192,6.96,0.07,0:07.03,0,29342,1,15,0
web-Stanford,1,47,Pure,1,OK,6652.1,4.02425,,4.02425,92484.0,92484,6.60,0.03,0:06.64,0,29343,1,16,0
web-Stanford,1,47,Pure,2,OK,7037.4,4.02015,,4.02015,92392.0,92392,6.96,0.06,0:07.03,0,29346,1,14,0
web-Stanford,1,47,REF_R1,0,OK,6028.8,4992.8709,4938.65,54.2209,123164.0,123164,5.97,0.05,0:06.02,0,35757,1,18,0
web-Stanford,1,47,REF_R1,1,OK,6406.7,5083.7876,5029.19,54.5976,122920.0,122920,6.33,0.07,0:06.40,0,35753,1,13,0
web-Stanford,1,47,REF_R1,2,OK,6416.7,5096.2846,5041.69,54.5946,123200.0,123200,6.32,0.08,0:06.41,0,35756,1,9,0
web-Stanford,1,48,Pure,0,OK,7030.1,3.94036,,3.94036,92112.0,92112,6.97,0.04,0:07.02,0,29218,1,19,0
web-Stanford,1,48,Pure,1,OK,7077.4,3.93935,,3.93935,92072.0,92072,7.01,0.05,0:07.07,0,29220,1,20,0
web-Stanford,1,48,Pure,2,OK,7027.9,3.93295,,3.93295,92272.0,92272,6.94,0.07,0:07.02,0,29223,1,15,0
web-Stanford,1,48,REF_R1,0,OK,6401.6,5084.067300000001,5030.06,54.0073,122096.0,122096,6.30,0.09,0:06.39,0,35533,1,18,0
web-Stanford,1,48,REF_R1,1,OK,6022.2,4982.7063,4928.5,54.2063,122052.0,122052,5.97,0.04,0:06.01,0,35531,1,4,0
web-Stanford,1,48,REF_R1,2,OK,6021.1,4982.3172,4928.35,53.9672,122116.0,122116,5.96,0.05,0:06.01,0,35533,1,12,0
web-Stanford,1,49,Pure,0,OK,7012.5,3.80766,,3.80766,91628.0,91628,6.94,0.06,0:07.00,0,29031,1,11,0
web-Stanford,1,49,Pure,1,OK,7040.4,3.81434,,3.81434,91812.0,91812,6.98,0.04,0:07.03,0,29032,1,9,0
web-Stanford,1,49,Pure,2,OK,6656.7,3.79479,,3.79479,91836.0,91836,6.60,0.04,0:06.65,0,29033,1,11,0
web-Stanford,1,49,REF_R1,0,OK,6408.5,5090.1166,5036.84,53.2766,121112.0,121112,6.33,0.06,0:06.40,0,35290,1,11,0
web-Stanford,1,49,REF_R1,1,OK,6415.1,5091.72,5038.39,53.33,121196.0,121196,6.31,0.09,0:06.41,0,35290,1,12,0
web-Stanford,1,49,REF_R1,2,OK,6361.8,5042.1941,4988.91,53.2841,121168.0,121168,6.26,0.09,0:06.35,0,35290,1,6,0
web-Stanford,1,50,Pure,0,OK,6656.3,3.60309,,3.60309,91404.0,91404,6.59,0.05,0:06.65,0,28734,1,14,0
web-Stanford,1,50,Pure,1,OK,7019.8,3.6205,,3.6205,91368.0,91368,6.94,0.07,0:07.01,0,28730,1,19,0
web-Stanford,1,50,Pure,2,OK,6672.2,3.61907,,3.61907,91212.0,91212,6.62,0.04,0:06.66,0,28731,1,12,0
web-Stanford,1,50,REF_R1,0,OK,6336.8,5023.930899999999,4972.49,51.4409,120556.0,120556,6.25,0.07,0:06.33,0,35140,1,17,0
web-Stanford,1,50,REF_R1,1,OK,5992.7,4954.2393,4902.76,51.4793,120344.0,120344,5.92,0.06,0:05.98,0,35137,1,9,0
web-Stanford,1,50,REF_R1,2,OK,5969.2,4954.9326,4903.31,51.6226,120408.0,120408,5.90,0.05,0:05.96,0,35137,1,15,0
web-Stanford,1,51,Pure,0,OK,6653.2,3.28028,,3.28028,90420.0,90420,6.60,0.04,0:06.65,0,28229,1,15,0
web-Stanford,1,51,Pure,1,OK,7020.8,3.30815,,3.30815,90368.0,90368,6.96,0.05,0:07.01,0,28227,1,17,0
web-Stanford,1,51,Pure,2,OK,7035.8,3.30135,,3.30135,90248.0,90248,6.96,0.06,0:07.03,0,28228,1,13,0
web-Stanford,1,51,REF_R1,0,OK,6362.7,5045.9202000000005,4996.55,49.3702,117812.0,117812,6.27,0.07,0:06.35,0,34440,1,19,0
web-Stanford,1,51,REF_R1,1,OK,6347.4,5034.4339,4985.25,49.1839,117504.0,117504,6.27,0.06,0:06.34,0,34436,1,14,0
web-Stanford,1,51,REF_R1,2,OK,6359.1,5038.979300000001,4989.52,49.4593,117528.0,117528,6.28,0.06,0:06.35,0,34436,1,18,0
web-Stanford,1,52,Pure,0,OK,6649.0,2.96014,,2.96014,89504.0,89504,6.60,0.03,0:06.64,0,27704,1,18,0
web-Stanford,1,52,Pure,1,OK,7053.9,2.9667,,2.9667,89448.0,89448,7.00,0.04,0:07.05,0,27705,1,12,0
web-Stanford,1,52,Pure,2,OK,6629.1,2.96669,,2.96669,89308.0,89308,6.56,0.05,0:06.62,0,27702,1,15,0
web-Stanford,1,52,REF_R1,0,OK,6315.1,5000.8314,4954.63,46.2014,115260.0,115260,6.25,0.05,0:06.31,0,33848,1,15,0
web-Stanford,1,52,REF_R1,1,OK,6330.0,5010.7471000000005,4964.39,46.3571,115340.0,115340,6.26,0.06,0:06.32,0,33846,1,14,0
web-Stanford,1,52,REF_R1,2,OK,5933.7,4922.614,4876.23,46.384,115236.0,115236,5.90,0.02,0:05.93,0,33846,1,20,0
web-Stanford,1,53,Pure,0,OK,6621.0,2.65567,,2.65567,89052.0,89052,6.57,0.04,0:06.61,0,27379,1,17,0
web-Stanford,1,53,Pure,1,OK,7048.8,2.64884,,2.64884,89232.0,89232,6.99,0.04,0:07.04,0,27381,1,17,0
web-Stanford,1,53,Pure,2,OK,6995.6,2.68672,,2.68672,88848.0,88848,6.93,0.05,0:06.99,0,27376,1,25,0
web-Stanford,1,53,REF_R1,0,OK,6294.5,4979.3493,4934.86,44.4893,113952.0,113952,6.22,0.06,0:06.29,0,33486,1,10,0
web-Stanford,1,53,REF_R1,1,OK,5954.2,4914.2024,4869.45,44.7524,113928.0,113928,5.90,0.04,0:05.95,0,33483,1,5,0
web-Stanford,1,53,REF_R1,2,OK,5926.2,4914.0272,4869.21,44.8172,113896.0,113896,5.87,0.05,0:05.92,0,33482,1,11,0
web-Stanford,1,54,Pure,0,OK,6620.7,2.55561,,2.55561,88956.0,88956,6.59,0.02,0:06.61,0,27276,1,7,0
web-Stanford,1,54,Pure,1,OK,7003.7,2.54838,,2.54838,89024.0,89024,6.93,0.06,0:07.00,0,27276,1,20,0
web-Stanford,1,54,Pure,2,OK,6647.9,2.5581,,2.5581,89012.0,89012,6.60,0.04,0:06.64,0,27279,1,20,0
web-Stanford,1,54,REF_R1,0,OK,6331.4,5016.485,4972.61,43.875,113776.0,113776,6.24,0.08,0:06.32,0,33404,1,10,0
web-Stanford,1,54,REF_R1,1,OK,6301.3,4983.1209,4939.03,44.0909,113688.0,113688,6.23,0.06,0:06.29,0,33401,1,16,0
web-Stanford,1,54,REF_R1,2,OK,6339.0,5022.5227,4978.5,44.0227,113572.0,113572,6.25,0.07,0:06.33,0,33401,1,14,0
web-Stanford,1,55,Pure,0,OK,7033.4,2.39419,,2.39419,88072.0,88072,6.99,0.03,0:07.03,0,27102,1,20,0
web-Stanford,1,55,Pure,1,OK,7039.3,2.38764,,2.38764,88068.0,88068,6.97,0.06,0:07.03,0,27103,1,14,0
web-Stanford,1,55,Pure,2,OK,6993.7,2.39539,,2.39539,87908.0,87908,6.95,0.04,0:06.99,0,27100,1,25,0
web-Stanford,1,55,REF_R1,0,OK,5925.5,4891.7546,4848.17,43.5846,113352.0,113352,5.87,0.05,0:05.92,0,33346,1,13,0
web-Stanford,1,55,REF_R1,1,OK,6333.6,5014.1543,4970.47,43.6843,113536.0,113536,6.26,0.06,0:06.33,0,33350,1,19,0
web-Stanford,1,55,REF_R1,2,OK,6336.0,5013.2762,4969.91,43.3662,113320.0,113320,6.28,0.05,0:06.33,0,33347,1,6,0
web-Stanford,1,56,Pure,0,OK,7012.1,2.37421,,2.37421,88124.0,88124,6.94,0.06,0:07.00,0,27077,1,18,0
web-Stanford,1,56,Pure,1,OK,6619.3,2.3743,,2.3743,88260.0,88260,6.56,0.04,0:06.61,0,27078,1,24,0
web-Stanford,1,56,Pure,2,OK,6998.4,2.35878,,2.35878,88140.0,88140,6.93,0.05,0:06.99,0,27077,1,12,0
web-Stanford,1,56,REF_R1,0,OK,6280.9,4965.1446,4921.92,43.2246,113276.0,113276,6.21,0.06,0:06.27,0,33340,1,17,0
web-Stanford,1,56,REF_R1,1,OK,5923.2,4887.5008,4843.98,43.5208,113284.0,113284,5.86,0.05,0:05.92,0,33341,1,18,0
web-Stanford,1,56,REF_R1,2,OK,6310.0,4989.423,4945.87,43.553,113532.0,113532,6.24,0.06,0:06.30,0,33344,1,15,0
web-Stanford,1,57,Pure,0,OK,7001.9,2.3412,,2.3412,88288.0,88288,6.93,0.05,0:06.99,0,27069,1,17,0
web-Stanford,1,57,Pure,1,OK,7095.6,2.35205,,2.35205,88060.0,88060,7.04,0.04,0:07.09,0,27063,1,23,0
web-Stanford,1,57,Pure,2,OK,6622.0,2.33691,,2.33691,88012.0,88012,6.55,0.06,0:06.61,0,27062,1,24,0
web-Stanford,1,57,REF_R1,0,OK,6189.5,4982.1852,4939.11,43.0752,113464.0,113464,6.13,0.05,0:06.18,0,33342,1,8,0
web-Stanford,1,57,REF_R1,1,OK,5884.1,4874.9729,4831.96,43.0129,113280.0,113280,5.82,0.05,0:05.88,0,33336,1,12,0
web-Stanford,1,57,REF_R1,2,OK,6276.6,4956.0075,4912.98,43.0275,113468.0,113468,6.20,0.06,0:06.27,0,33343,1,16,0
web-Stanford,1,58,Pure,0,OK,6646.3,2.32965,,2.32965,88224.0,88224,6.60,0.03,0:06.64,0,27061,1,21,0
web-Stanford,1,58,Pure,1,OK,6998.7,2.3303,,2.3303,88132.0,88132,6.92,0.07,0:06.99,0,27060,1,17,0
web-Stanford,1,58,Pure,2,OK,6618.8,2.32081,,2.32081,88328.0,88328,6.57,0.03,0:06.61,0,27064,1,20,0
web-Stanford,1,58,REF_R1,0,OK,6274.4,4960.0348,4917.08,42.9548,113340.0,113340,6.21,0.05,0:06.27,0,33341,1,16,0
web-Stanford,1,58,REF_R1,1,OK,6257.3,4938.529600000001,4895.39,43.1396,113300.0,113300,6.15,0.10,0:06.25,0,33342,1,17,0
web-Stanford,1,58,REF_R1,2,OK,6279.4,4964.6772,4921.87,42.8072,113452.0,113452,6.19,0.08,0:06.27,0,33343,1,19,0
web-Stanford,1,59,Pure,0,OK,6700.2,2.53838,,2.53838,88780.0,88780,6.64,0.04,0:06.69,0,27193,1,12,0
web-Stanford,1,59,Pure,1,OK,6622.1,2.43093,,2.43093,88564.0,88564,6.56,0.05,0:06.61,0,27189,1,23,0
web-Stanford,1,59,Pure,2,OK,6999.3,2.42097,,2.42097,88784.0,88784,6.93,0.06,0:06.99,0,27192,1,16,0
web-Stanford,1,59,REF_R1,0,OK,6155.6,4962.7071,4920,42.7071,113220.0,113220,6.10,0.04,0:06.15,0,33340,1,18,0
web-Stanford,1,59,REF_R1,1,OK,6273.8,4953.4872000000005,4910.89,42.5972,113348.0,113348,6.19,0.07,0:06.27,0,33337,1,8,0
web-Stanford,1,59,REF_R1,2,OK,6280.0,4958.9175000000005,4916.26,42.6575,113472.0,113472,6.20,0.07,0:06.27,0,33343,1,15,0
web-Stanford,1,60,Pure,0,OK,6999.5,2.3135,,2.3135,88400.0,88400,6.94,0.05,0:06.99,0,27053,1,24,0
web-Stanford,1,60,Pure,1,OK,7028.2,2.30325,,2.30325,88268.0,88268,6.97,0.05,0:07.02,0,27051,1,20,0
web-Stanford,1,60,Pure,2,OK,6999.0,2.29358,,2.29358,88476.0,88476,6.94,0.05,0:06.99,0,27057,1,25,0
web-Stanford,1,60,REF_R1,0,OK,5886.2,4852.235900000001,4809.22,43.0159,113336.0,113336,5.83,0.04,0:05.88,0,33340,1,10,0
web-Stanford,1,60,REF_R1,1,OK,6275.9,4960.0154999999995,4917.28,42.7355,113480.0,113480,6.18,0.08,0:06.27,0,33337,1,22,0
web-Stanford,1,60,REF_R1,2,OK,6265.6,4945.4758,4902.53,42.9458,113392.0,113392,6.18,0.07,0:06.26,0,33340,1,7,0
web-Stanford,1,61,Pure,0,OK,6997.1,2.297,,2.297,88284.0,88284,6.93,0.05,0:06.99,0,27050,1,27,0
web-Stanford,1,61,Pure,1,OK,7020.2,2.28406,,2.28406,88128.0,88128,6.96,0.05,0:07.01,0,27047,1,14,0
web-Stanford,1,61,Pure,2,OK,7038.5,2.29905,,2.29905,88256.0,88256,6.99,0.04,0:07.03,0,27048,1,7,0
web-Stanford,1,61,REF_R1,0,OK,5884.6,4846.3368,4803.66,42.6768,113276.0,113276,5.82,0.05,0:05.88,0,33340,1,14,0
web-Stanford,1,61,REF_R1,1,OK,6254.2,4938.4911,4896.08,42.4111,113392.0,113392,6.17,0.07,0:06.25,0,33342,1,14,0
web-Stanford,1,61,REF_R1,2,OK,6233.2,4912.5598,4869.9,42.6598,113220.0,113220,6.16,0.06,0:06.23,0,33341,1,16,0
web-Google,1,2,Pure,0,OK,5386.7,200.156,,200.156,345212.0,345212,5.17,0.20,0:05.38,0,147292,2,19,0
web-Google,1,2,Pure,1,OK,4983.2,201.537,,201.537,345360.0,345360,4.77,0.20,0:04.98,0,147291,1,10,0
web-Google,1,2,Pure,2,OK,4967.0,199.696,,199.696,345492.0,345492,4.70,0.26,0:04.96,0,147292,1,16,0
web-Google,1,2,REF_R1,0,OK,6885.0,4173.39,3061.4,1111.99,777760.0,777760,6.57,0.30,0:06.88,0,219354,1,14,0
web-Google,1,2,REF_R1,1,OK,6694.1,4168.42,3057.24,1111.18,777784.0,777784,6.38,0.30,0:06.69,0,219355,1,21,0
web-Google,1,2,REF_R1,2,OK,7064.4,4142.58,3041.82,1100.76,777924.0,777924,6.76,0.29,0:07.06,0,219357,1,25,0
web-Google,1,3,Pure,0,OK,5469.6,293.745,,293.745,344260.0,344260,5.20,0.26,0:05.46,0,150119,1,8,0
web-Google,1,3,Pure,1,OK,5076.3,295.098,,295.098,344392.0,344392,4.84,0.22,0:05.07,0,150119,1,18,0
web-Google,1,3,Pure,2,OK,5089.1,296.026,,296.026,344156.0,344156,4.90,0.18,0:05.08,0,150116,1,6,0
web-Google,1,3,REF_R1,0,OK,7270.4,4379.530000000001,3067.32,1312.21,718652.0,718652,6.95,0.30,0:07.26,0,204575,1,17,0
web-Google,1,3,REF_R1,1,OK,7219.4,4348.29,3052.15,1296.14,718676.0,718676,6.95,0.26,0:07.21,0,204578,1,24,0
web-Google,1,3,REF_R1,2,OK,7288.1,4381.82,3068.91,1312.91,718628.0,718628,6.99,0.28,0:07.28,0,204577,1,12,0
web-Google,1,4,Pure,0,OK,5033.7,265.056,,265.056,321232.0,321232,4.82,0.20,0:05.03,0,141781,1,11,0
web-Google,1,4,Pure,1,OK,5016.0,265.373,,265.373,321024.0,321024,4.79,0.21,0:05.01,0,141780,1,8,0
web-Google,1,4,Pure,2,OK,4986.9,265.375,,265.375,321316.0,321316,4.79,0.19,0:04.98,0,141784,1,14,0
web-Google,1,4,REF_R1,0,OK,6356.4,3930.97,2892.12,1038.85,623384.0,623384,6.05,0.29,0:06.35,0,180785,1,17,0
web-Google,1,4,REF_R1,1,OK,6767.8,3909.24,2879.08,1030.16,623496.0,623496,6.50,0.25,0:06.76,0,180788,1,19,0
web-Google,1,4,REF_R1,2,OK,6383.2,3930.32,2892.38,1037.94,623512.0,623512,6.14,0.23,0:06.38,0,180788,1,19,0
web-Google,1,5,Pure,0,OK,5281.8,230.918,,230.918,310612.0,310612,5.09,0.18,0:05.27,0,136630,1,13,0
web-Google,1,5,Pure,1,OK,4940.7,231.834,,231.834,310688.0,310688,4.75,0.17,0:04.93,0,136628,1,21,0
web-Google,1,5,Pure,2,OK,4915.6,229.011,,229.011,310660.0,310660,4.75,0.16,0:04.91,0,136631,1,14,0
web-Google,1,5,REF_R1,0,OK,6021.3,3599.594,2736.84,862.754,557288.0,557288,5.78,0.23,0:06.01,0,164270,1,19,0
web-Google,1,5,REF_R1,1,OK,6396.0,3599.974,2733.29,866.684,557260.0,557260,6.17,0.22,0:06.39,0,164271,1,12,0
web-Google,1,5,REF_R1,2,OK,6439.7,3604.269,2738.6,865.669,557484.0,557484,6.16,0.27,0:06.43,0,164272,1,19,0
web-Google,1,6,Pure,0,OK,5266.7,196.447,,196.447,298520.0,298520,5.08,0.17,0:05.26,0,131658,1,19,0
web-Google,1,6,Pure,1,OK,5270.7,197.572,,197.572,298672.0,298672,5.06,0.19,0:05.26,0,131660,1,7,0
web-Google,1,6,Pure,2,OK,5295.6,198.226,,198.226,298516.0,298516,5.08,0.20,0:05.29,0,131658,1,18,0
web-Google,1,6,REF_R1,0,OK,6106.7,3332.8720000000003,2602.32,730.552,513428.0,513428,5.88,0.21,0:06.10,0,153337,1,18,0
web-Google,1,6,REF_R1,1,OK,6152.1,3352.067,2611.75,740.317,513568.0,513568,5.90,0.24,0:06.14,0,153340,1,18,0
web-Google,1,6,REF_R1,2,OK,5726.3,3351.651,2612.14,739.511,513504.0,513504,5.56,0.15,0:05.72,0,153339,1,19,0
web-Google,1,7,Pure,0,OK,5153.9,166.598,,166.598,291568.0,291568,4.97,0.17,0:05.15,0,115839,1,14,0
web-Google,1,7,Pure,1,OK,4790.6,167.3,,167.3,291724.0,291724,4.58,0.20,0:04.78,0,115840,1,19,0
web-Google,1,7,Pure,2,OK,4789.4,165.402,,165.402,291392.0,291392,4.59,0.19,0:04.78,0,115835,1,13,0
web-Google,1,7,REF_R1,0,OK,5469.1,3116.77,2482.45,634.32,481528.0,481528,5.24,0.22,0:05.46,0,145278,1,21,0
web-Google,1,7,REF_R1,1,OK,5906.1,3133.973,2494.59,639.383,481532.0,481532,5.67,0.23,0:05.90,0,145278,1,16,0
web-Google,1,7,REF_R1,2,OK,5483.6,3113.719,2479.36,634.359,481324.0,481324,5.21,0.26,0:05.48,0,145277,1,20,0
web-Google,1,8,Pure,0,OK,4750.2,137.379,,137.379,285548.0,285548,4.56,0.17,0:04.74,0,112690,1,15,0
web-Google,1,8,Pure,1,OK,4718.1,136.988,,136.988,285252.0,285252,4.57,0.13,0:04.71,0,112689,1,15,0
web-Google,1,8,Pure,2,OK,5134.0,137.75,,137.75,285256.0,285256,4.97,0.16,0:05.13,0,112688,1,12,0
web-Google,1,8,REF_R1,0,OK,5292.2,2929.386,2383.86,545.526,455596.0,455596,5.08,0.20,0:05.28,0,138806,1,15,0
web-Google,1,8,REF_R1,1,OK,5294.0,2950.184,2403.82,546.364,455488.0,455488,5.06,0.22,0:05.29,0,138805,1,18,0
web-Google,1,8,REF_R1,2,OK,5274.2,2931.212,2383.85,547.362,455632.0,455632,5.09,0.17,0:05.27,0,138807,1,23,0
web-Google,1,9,Pure,0,OK,5062.8,114.303,,114.303,277680.0,277680,4.87,0.18,0:05.06,0,109200,1,6,0
web-Google,1,9,Pure,1,OK,4697.8,113.147,,113.147,277500.0,277500,4.53,0.15,0:04.69,0,109200,1,15,0
web-Google,1,9,Pure,2,OK,5102.1,113.489,,113.489,277344.0,277344,4.89,0.20,0:05.09,0,109198,1,11,0
web-Google,1,9,REF_R1,0,OK,5095.0,2739.079,2268.09,470.989,430680.0,430680,4.87,0.21,0:05.09,0,132579,1,17,0
web-Google,1,9,REF_R1,1,OK,5076.9,2722.273,2255.78,466.493,430760.0,430760,4.90,0.16,0:05.07,0,132577,1,6,0
web-Google,1,9,REF_R1,2,OK,5087.2,2732.764,2262.79,469.974,430660.0,430660,4.85,0.22,0:05.08,0,132580,1,22,0
web-Google,1,10,Pure,0,OK,4633.7,90.0019,,90.0019,272120.0,272120,4.45,0.17,0:04.63,0,106343,1,19,0
web-Google,1,10,Pure,1,OK,4644.2,89.278,,89.278,272048.0,272048,4.50,0.13,0:04.64,0,106344,1,12,0
web-Google,1,10,Pure,2,OK,4659.0,90.27,,90.27,271860.0,271860,4.47,0.18,0:04.65,0,106344,1,17,0
web-Google,1,10,REF_R1,0,OK,4868.2,2531.5789999999997,2133.18,398.399,407376.0,407376,4.67,0.18,0:04.86,0,126759,1,12,0
web-Google,1,10,REF_R1,1,OK,4889.8,2547.3360000000002,2145.34,401.996,407384.0,407384,4.67,0.21,0:04.88,0,126760,1,17,0
web-Google,1,10,REF_R1,2,OK,4867.7,2533.492,2134.88,398.612,407452.0,407452,4.69,0.16,0:04.86,0,126759,1,19,0
web-Google,1,11,Pure,0,OK,4605.8,70.6014,,70.6014,266860.0,266860,4.45,0.14,0:04.60,0,97547,1,15,0
web-Google,1,11,Pure,1,OK,4584.8,71.0535,,71.0535,266928.0,266928,4.42,0.15,0:04.58,0,97549,1,21,0
web-Google,1,11,Pure,2,OK,4589.0,70.5849,,70.5849,266776.0,266776,4.43,0.15,0:04.58,0,97548,1,23,0
web-Google,1,11,REF_R1,0,OK,5056.5,2356.5769999999998,2017.05,339.527,386444.0,386444,4.85,0.19,0:05.05,0,121547,1,12,0
web-Google,1,11,REF_R1,1,OK,4707.1,2370.583,2028.51,342.073,386188.0,386188,4.49,0.20,0:04.70,0,121544,1,18,0
web-Google,1,11,REF_R1,2,OK,4707.4,2357.141,2016.98,340.161,386372.0,386372,4.54,0.15,0:04.70,0,121546,1,10,0
web-Google,1,12,Pure,0,OK,4581.0,55.4884,,55.4884,261724.0,261724,4.42,0.14,0:04.57,0,95057,1,16,0
web-Google,1,12,Pure,1,OK,4568.9,55.0054,,55.0054,261908.0,261908,4.43,0.13,0:04.56,0,95060,1,14,0
web-Google,1,12,Pure,2,OK,4587.0,55.3705,,55.3705,261704.0,261704,4.43,0.14,0:04.58,0,95057,1,18,0
web-Google,1,12,REF_R1,0,OK,4504.7,2207.0209999999997,1918.12,288.901,368844.0,368844,4.32,0.17,0:04.50,0,117080,1,16,0
web-Google,1,12,REF_R1,1,OK,4510.8,2206.92,1917.61,289.31,368592.0,368592,4.33,0.17,0:04.50,0,117083,1,20,0
web-Google,1,12,REF_R1,2,OK,4944.4,2197.462,1910.46,287.002,368624.0,368624,4.75,0.18,0:04.94,0,117081,1,10,0
web-Google,1,13,Pure,0,OK,4558.8,43.402,,43.402,258316.0,258316,4.39,0.15,0:04.55,0,93232,1,19,0
web-Google,1,13,Pure,1,OK,4545.1,43.0543,,43.0543,258408.0,258408,4.37,0.16,0:04.54,0,93230,1,10,0
web-Google,1,13,Pure,2,OK,4556.0,43.4934,,43.4934,258388.0,258388,4.42,0.13,0:04.55,0,93232,1,21,0
web-Google,1,13,REF_R1,0,OK,4377.4,2058.18,1808.6,249.58,353096.0,353096,4.16,0.20,0:04.37,0,113234,1,9,0
web-Google,1,13,REF_R1,1,OK,4815.1,2067.093,1815.78,251.313,353160.0,353160,4.62,0.18,0:04.81,0,113232,1,11,0
web-Google,1,13,REF_R1,2,OK,4773.9,2068.533,1817.78,250.753,353092.0,353092,4.58,0.18,0:04.77,0,113232,1,14,0
web-Google,1,14,Pure,0,OK,4499.6,32.9882,,32.9882,254576.0,254576,4.38,0.11,0:04.49,0,88560,1,20,0
web-Google,1,14,Pure,1,OK,4932.9,32.8001,,32.8001,254528.0,254528,4.78,0.14,0:04.93,0,88563,1,12,0
web-Google,1,14,Pure,2,OK,4525.0,33.1571,,33.1571,254592.0,254592,4.40,0.11,0:04.52,0,88563,1,16,0
web-Google,1,14,REF_R1,0,OK,4242.6,1949.665,1727.26,222.405,340564.0,340564,4.10,0.13,0:04.23,0,110069,1,16,0
web-Google,1,14,REF_R1,1,OK,4649.1,1938.348,1717.32,221.028,340432.0,340432,4.45,0.19,0:04.64,0,110069,1,10,0
web-Google,1,14,REF_R1,2,OK,4269.0,1947.171,1726.15,221.021,340476.0,340476,4.11,0.14,0:04.26,0,110069,1,14,0
web-Google,1,15,Pure,0,OK,4498.7,25.4674,,25.4674,252260.0,252260,4.37,0.11,0:04.49,0,88012,1,15,0
web-Google,1,15,Pure,1,OK,4877.9,25.176,,25.176,252336.0,252336,4.73,0.14,0:04.87,0,88012,1,16,0
web-Google,1,15,Pure,2,OK,4518.2,25.3856,,25.3856,252480.0,252480,4.38,0.12,0:04.51,0,88013,1,13,0
web-Google,1,15,REF_R1,0,OK,4147.6,1832.4279999999999,1633.79,198.638,329660.0,329660,3.96,0.17,0:04.14,0,107349,1,11,0
web-Google,1,15,REF_R1,1,OK,4157.2,1841.412,1641.47,199.942,329416.0,329416,4.02,0.12,0:04.15,0,107348,1,12,0
web-Google,1,15,REF_R1,2,OK,4135.7,1843.666,1642.96,200.706,329672.0,329672,3.92,0.20,0:04.13,0,107348,1,16,0
web-Google,1,16,Pure,0,OK,4897.0,19.3224,,19.3224,250064.0,250064,4.74,0.15,0:04.89,0,87507,1,13,0
web-Google,1,16,Pure,1,OK,4508.3,19.4629,,19.4629,250036.0,250036,4.39,0.11,0:04.50,0,87509,1,13,0
web-Google,1,16,Pure,2,OK,4478.2,19.4275,,19.4275,249944.0,249944,4.31,0.15,0:04.47,0,87507,1,19,0
web-Google,1,16,REF_R1,0,OK,4032.0,1744.358,1565.98,178.378,320864.0,320864,3.86,0.16,0:04.02,0,105108,1,12,0
web-Google,1,16,REF_R1,1,OK,4034.1,1746.207,1567.24,178.967,320712.0,320712,3.87,0.15,0:04.03,0,105110,1,15,0
web-Google,1,16,REF_R1,2,OK,4468.5,1735.902,1557.84,178.062,320740.0,320740,4.29,0.17,0:04.46,0,105107,1,12,0
web-Google,1,17,Pure,0,OK,4502.5,15.1775,,15.1775,248984.0,248984,4.36,0.13,0:04.49,0,87172,1,14,0
web-Google,1,17,Pure,1,OK,4471.9,15.1812,,15.1812,249180.0,249180,4.34,0.12,0:04.46,0,87174,1,13,0
web-Google,1,17,Pure,2,OK,4862.4,15.6199,,15.6199,249072.0,249072,4.73,0.12,0:04.86,0,87172,1,14,0
web-Google,1,17,REF_R1,0,OK,3981.7,1667.387,1501.3,166.087,313772.0,313772,3.84,0.13,0:03.97,0,103410,1,14,0
web-Google,1,17,REF_R1,1,OK,4357.2,1667.676,1501.09,166.586,313924.0,313924,4.18,0.16,0:04.35,0,103411,1,6,0
web-Google,1,17,REF_R1,2,OK,3979.7,1667.613,1501.44,166.173,313740.0,313740,3.80,0.17,0:03.97,0,103411,1,8,0
web-Google,1,18,Pure,0,OK,4464.9,12.0627,,12.0627,247796.0,247796,4.34,0.11,0:04.46,0,86892,1,8,0
web-Google,1,18,Pure,1,OK,4466.8,12.1283,,12.1283,248024.0,248024,4.33,0.12,0:04.46,0,86892,1,9,0
web-Google,1,18,Pure,2,OK,4889.9,12.0628,,12.0628,248104.0,248104,4.74,0.14,0:04.88,0,86898,1,13,0
web-Google,1,18,REF_R1,0,OK,3870.5,1592.284,1434.99,157.294,309104.0,309104,3.71,0.15,0:03.86,0,102163,1,11,0
web-Google,1,18,REF_R1,1,OK,3921.6,1605.421,1446.41,159.011,308972.0,308972,3.75,0.15,0:03.91,0,102160,1,13,0
web-Google,1,18,REF_R1,2,OK,3893.4,1601.629,1443.54,158.089,308920.0,308920,3.74,0.14,0:03.89,0,102157,1,12,0
web-Google,1,19,Pure,0,OK,4872.7,9.98605,,9.98605,246976.0,246976,4.69,0.17,0:04.87,0,86700,1,17,0
web-Google,1,19,Pure,1,OK,4867.7,10.0343,,10.0343,246848.0,246848,4.73,0.12,0:04.86,0,86699,1,6,0
web-Google,1,19,Pure,2,OK,4941.1,9.99719,,9.99719,246968.0,246968,4.74,0.19,0:04.93,0,86697,1,19,0
web-Google,1,19,REF_R1,0,OK,3861.2,1551.32,1399.97,151.35,305040.0,305040,3.71,0.13,0:03.85,0,101205,1,5,0
web-Google,1,19,REF_R1,1,OK,3862.0,1551.389,1400.33,151.059,304980.0,304980,3.71,0.14,0:03.85,0,101209,1,6,0
web-Google,1,19,REF_R1,2,OK,3861.8,1553.629,1401.53,152.099,305092.0,305092,3.72,0.13,0:03.85,0,101208,1,7,0
web-Google,1,20,Pure,0,OK,4488.0,8.76785,,8.76785,246456.0,246456,4.31,0.17,0:04.48,0,86576,1,5,0
web-Google,1,20,Pure,1,OK,4860.7,8.71931,,8.71931,246356.0,246356,4.71,0.13,0:04.85,0,86577,1,17,0
web-Google,1,20,Pure,2,OK,4479.3,8.73646,,8.73646,246496.0,246496,4.34,0.13,0:04.47,0,86578,1,12,0
web-Google,1,20,REF_R1,0,OK,3807.1,1510.361,1360.24,150.121,302544.0,302544,3.65,0.15,0:03.80,0,100562,1,12,0
web-Google,1,20,REF_R1,1,OK,3822.5,1519.148,1369.12,150.028,302608.0,302608,3.65,0.15,0:03.82,0,100563,1,10,0
web-Google,1,20,REF_R1,2,OK,3813.7,1511.509,1360.81,150.699,302616.0,302616,3.65,0.16,0:03.81,0,100563,1,10,0
web-Google,1,21,Pure,0,OK,4441.0,8.03259,,8.03259,246208.0,246208,4.32,0.10,0:04.43,0,86491,1,19,0
web-Google,1,21,Pure,1,OK,4898.6,8.07677,,8.07677,246372.0,246372,4.74,0.14,0:04.89,0,86491,1,16,0
web-Google,1,21,Pure,2,OK,4468.6,8.05537,,8.05537,246348.0,246348,4.34,0.12,0:04.46,0,86491,1,13,0
web-Google,1,21,REF_R1,0,OK,3799.5,1493.288,1345.84,147.448,300488.0,300488,3.66,0.13,0:03.79,0,100094,1,9,0
web-Google,1,21,REF_R1,1,OK,3774.3,1494.947,1347.53,147.417,300644.0,300644,3.62,0.14,0:03.77,0,100095,1,12,0
web-Google,1,21,REF_R1,2,OK,4191.8,1483.5210000000002,1336.13,147.391,300696.0,300696,3.98,0.20,0:04.18,0,100097,1,11,0
web-Google,1,22,Pure,0,OK,4475.5,7.71136,,7.71136,246040.0,246040,4.34,0.12,0:04.47,0,86447,1,11,0
web-Google,1,22,Pure,1,OK,4452.0,7.74181,,7.74181,245860.0,245860,4.36,0.08,0:04.44,0,86444,1,21,0
web-Google,1,22,Pure,2,OK,4870.8,7.71515,,7.71515,246040.0,246040,4.75,0.11,0:04.86,0,86449,1,13,0
web-Google,1,22,REF_R1,0,OK,3779.8,1477.6779999999999,1332.53,145.148,299684.0,299684,3.62,0.15,0:03.77,0,99842,1,9,0
web-Google,1,22,REF_R1,1,OK,3765.4,1468.656,1323.67,144.986,299768.0,299768,3.61,0.14,0:03.76,0,99846,1,11,0
web-Google,1,22,REF_R1,2,OK,3780.7,1478.1970000000001,1333,145.197,299708.0,299708,3.64,0.13,0:03.77,0,99838,1,12,0
web-Google,1,23,Pure,0,OK,4453.4,7.5448,,7.5448,245880.0,245880,4.36,0.08,0:04.45,0,86418,1,14,0
web-Google,1,23,Pure,1,OK,4452.0,7.54545,,7.54545,245884.0,245884,4.32,0.12,0:04.44,0,86419,1,14,0
web-Google,1,23,Pure,2,OK,4448.6,7.53217,,7.53217,246036.0,246036,4.30,0.14,0:04.44,0,86420,1,16,0
web-Google,1,23,REF_R1,0,OK,3745.0,1470.508,1326.26,144.248,299116.0,299116,3.59,0.14,0:03.74,0,99679,1,11,0
web-Google,1,23,REF_R1,1,OK,4144.8,1461.6290000000001,1316.63,144.999,299036.0,299036,4.00,0.13,0:04.14,0,99680,1,11,0
web-Google,1,23,REF_R1,2,OK,3776.5,1468.435,1324.69,143.745,299224.0,299224,3.60,0.16,0:03.77,0,99682,1,10,0
web-Google,1,24,Pure,0,OK,4453.1,7.45472,,7.45472,245520.0,245520,4.33,0.11,0:04.45,0,86407,1,11,0
web-Google,1,24,Pure,1,OK,4462.5,7.46993,,7.46993,245736.0,245736,4.35,0.10,0:04.46,0,86410,1,15,0
web-Google,1,24,Pure,2,OK,4453.7,7.45789,,7.45789,245776.0,245776,4.29,0.15,0:04.45,0,86410,1,10,0
web-Google,1,24,REF_R1,0,OK,3746.5,1464.744,1325.28,139.464,298776.0,298776,3.59,0.15,0:03.74,0,99628,1,12,0
web-Google,1,24,REF_R1,1,OK,4140.4,1454.435,1314.48,139.955,298876.0,298876,3.95,0.18,0:04.13,0,99630,1,10,0
web-Google,1,24,REF_R1,2,OK,3769.7,1463.7769999999998,1324.1,139.677,298992.0,298992,3.62,0.13,0:03.76,0,99632,1,10,0
web-Google,1,25,Pure,0,OK,4463.9,7.35496,,7.35496,245784.0,245784,4.31,0.14,0:04.46,0,86399,1,11,0
web-Google,1,25,Pure,1,OK,4480.8,7.38643,,7.38643,245884.0,245884,4.34,0.12,0:04.47,0,86405,1,13,0
web-Google,1,25,Pure,2,OK,4464.7,7.36103,,7.36103,245956.0,245956,4.32,0.14,0:04.46,0,86403,1,12,0
web-Google,1,25,REF_R1,0,OK,3764.2,1458.444,1318.94,139.504,298668.0,298668,3.60,0.16,0:03.76,0,99592,1,10,0
web-Google,1,25,REF_R1,1,OK,3742.7,1458.343,1319.23,139.113,298516.0,298516,3.58,0.15,0:03.74,0,99588,1,13,0
web-Google,1,25,REF_R1,2,OK,4124.4,1452.562,1312.55,140.012,298348.0,298348,3.97,0.14,0:04.12,0,99590,1,11,0
web-Google,1,26,Pure,0,OK,4479.9,7.28532,,7.28532,245632.0,245632,4.37,0.10,0:04.47,0,86391,1,13,0
web-Google,1,26,Pure,1,OK,4458.2,7.29615,,7.29615,245768.0,245768,4.35,0.09,0:04.45,0,86392,1,14,0
web-Google,1,26,Pure,2,OK,4463.3,7.29901,,7.29901,245876.0,245876,4.32,0.13,0:04.46,0,86393,1,14,0
web-Google,1,26,REF_R1,0,OK,3743.6,1456.298,1317.5,138.798,298508.0,298508,3.60,0.13,0:03.74,0,99547,1,15,0
web-Google,1,26,REF_R1,1,OK,4134.6,1449.5710000000001,1310.66,138.911,298508.0,298508,3.93,0.19,0:04.13,0,99546,1,10,0
web-Google,1,26,REF_R1,2,OK,3770.3,1458.226,1320.01,138.216,298548.0,298548,3.62,0.13,0:03.76,0,99545,1,11,0
web-Google,1,27,Pure,0,OK,4461.9,7.27589,,7.27589,245632.0,245632,4.34,0.11,0:04.45,0,86387,1,13,0
web-Google,1,27,Pure,1,OK,4482.9,7.27245,,7.27245,245932.0,245932,4.36,0.11,0:04.48,0,86390,1,13,0
web-Google,1,27,Pure,2,OK,4459.8,7.25681,,7.25681,245852.0,245852,4.32,0.13,0:04.45,0,86389,1,11,0
web-Google,1,27,REF_R1,0,OK,3760.3,1455.019,1316.04,138.979,298308.0,298308,3.61,0.14,0:03.75,0,99521,1,10,0
web-Google,1,27,REF_R1,1,OK,3743.4,1456.751,1317.44,139.311,298272.0,298272,3.59,0.14,0:03.74,0,99521,1,15,0
web-Google,1,27,REF_R1,2,OK,4177.2,1446.364,1307.88,138.484,298276.0,298276,4.01,0.15,0:04.17,0,99521,1,11,0
web-Google,1,28,Pure,0,OK,4483.3,7.27344,,7.27344,245624.0,245624,4.32,0.15,0:04.48,0,86383,1,13,0
web-Google,1,28,Pure,1,OK,4896.5,7.2646,,7.2646,245676.0,245676,4.72,0.16,0:04.89,0,86381,1,7,0
web-Google,1,28,Pure,2,OK,4484.8,7.28418,,7.28418,245740.0,245740,4.35,0.12,0:04.48,0,86384,1,18,0
web-Google,1,28,REF_R1,0,OK,3733.4,1453.859,1315.21,138.649,297980.0,297980,3.57,0.15,0:03.73,0,99506,1,13,0
web-Google,1,28,REF_R1,1,OK,4136.1,1445.855,1307.15,138.705,298604.0,298604,3.94,0.18,0:04.13,0,99510,1,12,0
web-Google,1,28,REF_R1,2,OK,3761.8,1453.702,1315.76,137.942,298256.0,298256,3.61,0.14,0:03.75,0,99509,1,13,0
web-Google,1,29,Pure,0,OK,4465.6,6.93907,,6.93907,244216.0,244216,4.31,0.14,0:04.46,0,85956,1,13,0
web-Google,1,29,Pure,1,OK,4478.8,6.95723,,6.95723,244036.0,244036,4.35,0.11,0:04.47,0,85954,1,12,0
web-Google,1,29,Pure,2,OK,4455.0,6.91875,,6.91875,244192.0,244192,4.32,0.12,0:04.45,0,85958,1,17,0
web-Google,1,29,REF_R1,0,OK,3730.7,1451.546,1312.66,138.886,298072.0,298072,3.60,0.12,0:03.72,0,99493,1,12,0
web-Google,1,29,REF_R1,1,OK,3741.9,1444.301,1305.8,138.501,298064.0,298064,3.58,0.15,0:03.73,0,99493,1,9,0
web-Google,1,29,REF_R1,2,OK,3761.8,1452.909,1314.26,138.649,298152.0,298152,3.59,0.16,0:03.75,0,99493,1,9,0
web-Google,1,30,Pure,0,OK,4451.8,6.9449,,6.9449,244236.0,244236,4.34,0.10,0:04.44,0,85954,1,13,0
web-Google,1,30,Pure,1,OK,4468.9,6.94032,,6.94032,244164.0,244164,4.30,0.15,0:04.46,0,85955,1,8,0
web-Google,1,30,Pure,2,OK,4455.4,6.92844,,6.92844,244168.0,244168,4.31,0.13,0:04.45,0,85954,1,5,0
web-Google,1,30,REF_R1,0,OK,4141.3,1435.402,1304.01,131.392,298164.0,298164,3.98,0.15,0:04.13,0,99485,1,13,0
web-Google,1,30,REF_R1,1,OK,3756.1,1445.2440000000001,1314.14,131.104,297980.0,297980,3.62,0.13,0:03.75,0,99482,1,5,0
web-Google,1,30,REF_R1,2,OK,3727.3,1442.9299999999998,1311.62,131.31,298136.0,298136,3.54,0.18,0:03.72,0,99483,1,8,0
web-Google,1,31,Pure,0,OK,4452.2,6.9648,,6.9648,243944.0,243944,4.34,0.10,0:04.44,0,85952,1,8,0
web-Google,1,31,Pure,1,OK,4451.3,6.9665,,6.9665,244204.0,244204,4.33,0.11,0:04.44,0,85953,1,6,0
web-Google,1,31,Pure,2,OK,4454.1,6.94117,,6.94117,244292.0,244292,4.30,0.14,0:04.45,0,85955,1,12,0
web-Google,1,31,REF_R1,0,OK,3732.2,1443.972,1313,130.972,298020.0,298020,3.57,0.15,0:03.72,0,99482,1,7,0
web-Google,1,31,REF_R1,1,OK,3731.1,1444.688,1313.39,131.298,298060.0,298060,3.61,0.11,0:03.72,0,99483,1,12,0
web-Google,1,31,REF_R1,2,OK,4149.1,1434.606,1302.96,131.646,298236.0,298236,4.02,0.11,0:04.14,0,99483,1,15,0
web-Google,1,32,Pure,0,OK,4478.1,6.94857,,6.94857,244204.0,244204,4.35,0.11,0:04.47,0,85954,1,9,0
web-Google,1,32,Pure,1,OK,4452.7,6.91163,,6.91163,244168.0,244168,4.31,0.13,0:04.45,0,85955,1,17,0
web-Google,1,32,Pure,2,OK,4451.3,6.93246,,6.93246,243960.0,243960,4.30,0.14,0:04.44,0,85951,1,13,0
web-Google,1,32,REF_R1,0,OK,3732.0,1450.568,1311.26,139.308,298132.0,298132,3.58,0.14,0:03.72,0,99480,1,14,0
web-Google,1,32,REF_R1,1,OK,4145.5,1442.792,1302.87,139.922,298240.0,298240,3.96,0.17,0:04.14,0,99481,1,11,0
web-Google,1,32,REF_R1,2,OK,4161.6,1449.314,1309.76,139.554,298016.0,298016,4.00,0.15,0:04.15,0,99480,1,8,0
web-Google,1,33,Pure,0,OK,4867.8,6.90812,,6.90812,244220.0,244220,4.73,0.13,0:04.86,0,85955,1,15,0
web-Google,1,33,Pure,1,OK,4879.1,6.89499,,6.89499,244040.0,244040,4.74,0.13,0:04.87,0,85953,1,13,0
web-Google,1,33,Pure,2,OK,4476.0,6.90453,,6.90453,243968.0,243968,4.32,0.15,0:04.47,0,85952,1,11,0
web-Google,1,33,REF_R1,0,OK,3730.2,1447.953,1308.78,139.173,297976.0,297976,3.58,0.13,0:03.72,0,99473,1,11,0
web-Google,1,33,REF_R1,1,OK,4184.7,1446.1660000000002,1307.93,138.236,298260.0,298260,4.02,0.15,0:04.18,0,99481,1,6,0
web-Google,1,33,REF_R1,2,OK,3758.6,1448.7350000000001,1310.49,138.245,298140.0,298140,3.59,0.15,0:03.75,0,99480,1,11,0
web-Google,1,34,Pure,0,OK,4867.3,6.89204,,6.89204,244100.0,244100,4.71,0.14,0:04.86,0,85951,1,19,0
web-Google,1,34,Pure,1,OK,4476.4,6.92544,,6.92544,244312.0,244312,4.35,0.12,0:04.47,0,85954,1,11,0
web-Google,1,34,Pure,2,OK,4458.0,6.88554,,6.88554,244240.0,244240,4.32,0.12,0:04.45,0,85955,1,12,0
web-Google,1,34,REF_R1,0,OK,3758.5,1448.2179999999998,1310.03,138.188,298092.0,298092,3.57,0.17,0:03.75,0,99473,1,9,0
web-Google,1,34,REF_R1,1,OK,3731.1,1450.655,1312.43,138.225,298252.0,298252,3.57,0.15,0:03.72,0,99475,1,11,0
web-Google,1,34,REF_R1,2,OK,4186.2,1446.961,1308.83,138.131,298116.0,298116,4.03,0.15,0:04.18,0,99473,1,9,0
web-Google,1,35,Pure,0,OK,4486.8,6.91874,,6.91874,244212.0,244212,4.35,0.13,0:04.48,0,85953,1,12,0
web-Google,1,35,Pure,1,OK,4895.1,6.90095,,6.90095,244276.0,244276,4.75,0.13,0:04.89,0,85947,1,17,0
web-Google,1,35,Pure,2,OK,4489.3,6.9157,,6.9157,244148.0,244148,4.37,0.11,0:04.48,0,85952,1,12,0
web-Google,1,35,REF_R1,0,OK,3729.6,1449.275,1311.04,138.235,298044.0,298044,3.58,0.14,0:03.72,0,99461,1,16,0
web-Google,1,35,REF_R1,1,OK,4158.8,1440.954,1302.29,138.664,297932.0,297932,4.00,0.15,0:04.15,0,99462,1,13,0
web-Google,1,35,REF_R1,2,OK,3714.2,1439.844,1301.25,138.594,297924.0,297924,3.58,0.12,0:03.71,0,99463,1,11,0
web-Google,1,36,Pure,0,OK,4503.4,6.92504,,6.92504,243972.0,243972,4.37,0.12,0:04.50,0,85951,1,12,0
web-Google,1,36,Pure,1,OK,4458.9,6.89165,,6.89165,243748.0,243748,4.32,0.13,0:04.45,0,85946,1,11,0
web-Google,1,36,Pure,2,OK,4486.9,6.89668,,6.89668,244160.0,244160,4.35,0.12,0:04.48,0,85946,1,13,0
web-Google,1,36,REF_R1,0,OK,3730.3,1447.722,1309.67,138.052,297924.0,297924,3.59,0.13,0:03.72,0,99462,1,17,0
web-Google,1,36,REF_R1,1,OK,4151.6,1442.097,1303.26,138.837,298116.0,298116,4.00,0.14,0:04.14,0,99462,1,10,0
web-Google,1,36,REF_R1,2,OK,3750.9,1449.7279999999998,1311.61,138.118,297984.0,297984,3.58,0.15,0:03.74,0,99464,1,10,0
web-Google,1,37,Pure,0,OK,4462.1,6.86969,,6.86969,243760.0,243760,4.34,0.11,0:04.45,0,85947,1,10,0
web-Google,1,37,Pure,1,OK,4474.2,6.90255,,6.90255,244028.0,244028,4.34,0.12,0:04.47,0,85951,1,18,0
web-Google,1,37,Pure,2,OK,4457.8,6.86046,,6.86046,243884.0,243884,4.35,0.09,0:04.45,0,85945,1,10,0
web-Google,1,37,REF_R1,0,OK,3756.9,1448.625,1311.14,137.485,297980.0,297980,3.59,0.15,0:03.75,0,99438,1,11,0
web-Google,1,37,REF_R1,1,OK,3747.2,1446.654,1308.76,137.894,297812.0,297812,3.58,0.16,0:03.74,0,99438,1,11,0
web-Google,1,37,REF_R1,2,OK,3756.6,1449.189,1310.39,138.799,298028.0,298028,3.57,0.18,0:03.75,0,99438,1,8,0
web-Google,1,38,Pure,0,OK,4467.2,6.86395,,6.86395,243972.0,243972,4.32,0.14,0:04.46,0,85944,1,11,0
web-Google,1,38,Pure,1,OK,4485.5,6.91588,,6.91588,243824.0,243824,4.34,0.13,0:04.48,0,85940,1,11,0
web-Google,1,38,Pure,2,OK,4455.3,6.86257,,6.86257,244076.0,244076,4.33,0.11,0:04.45,0,85943,1,12,0
web-Google,1,38,REF_R1,0,OK,3760.0,1453.617,1310.84,142.777,297928.0,297928,3.60,0.15,0:03.75,0,99421,1,9,0
web-Google,1,38,REF_R1,1,OK,4149.7,1450.451,1306.99,143.461,297796.0,297796,3.97,0.17,0:04.14,0,99414,1,5,0
web-Google,1,38,REF_R1,2,OK,3757.1,1452.401,1309.64,142.761,298036.0,298036,3.60,0.14,0:03.75,0,99421,1,10,0
web-Google,1,39,Pure,0,OK,4450.5,6.86057,,6.86057,244076.0,244076,4.33,0.10,0:04.44,0,85945,1,16,0
web-Google,1,39,Pure,1,OK,4830.3,6.83433,,6.83433,243812.0,243812,4.68,0.14,0:04.82,0,85941,1,17,0
web-Google,1,39,Pure,2,OK,4437.7,6.83722,,6.83722,244076.0,244076,4.31,0.11,0:04.43,0,85944,1,13,0
web-Google,1,39,REF_R1,0,OK,4157.6,1453.888,1307.98,145.908,297908.0,297908,3.98,0.17,0:04.15,0,99411,1,10,0
web-Google,1,39,REF_R1,1,OK,3741.3,1443.6,1300.25,143.35,297988.0,297988,3.58,0.15,0:03.73,0,99412,1,10,0
web-Google,1,39,REF_R1,2,OK,3752.2,1450.24,1307.03,143.21,297956.0,297956,3.59,0.15,0:03.74,0,99411,1,6,0
web-Google,1,40,Pure,0,OK,4466.1,6.8488,,6.8488,243980.0,243980,4.33,0.13,0:04.46,0,85939,1,10,0
web-Google,1,40,Pure,1,OK,4518.6,6.87821,,6.87821,244004.0,244004,4.40,0.11,0:04.51,0,85941,1,7,0
web-Google,1,40,Pure,2,OK,4460.1,6.85874,,6.85874,244080.0,244080,4.34,0.10,0:04.45,0,85940,1,12,0
web-Google,1,40,REF_R1,0,OK,3718.2,1444.417,1300.54,143.877,297916.0,297916,3.58,0.13,0:03.71,0,99411,1,12,0
web-Google,1,40,REF_R1,1,OK,3754.3,1451.988,1307.77,144.218,297936.0,297936,3.60,0.14,0:03.75,0,99412,1,7,0
web-Google,1,40,REF_R1,2,OK,3742.1,1442.901,1298.17,144.731,298020.0,298020,3.59,0.14,0:03.73,0,99410,1,11,0
com-youtube,1,2,Pure,0,OK,5086.1,218.702,,218.702,439224.0,439224,4.84,0.23,0:05.08,0,152109,2,9,0
com-youtube,1,2,Pure,1,OK,5057.5,214.485,,214.485,439300.0,439300,4.84,0.20,0:05.05,0,152115,1,17,0
com-youtube,1,2,Pure,2,OK,5066.4,215.881,,215.881,439284.0,439284,4.82,0.23,0:05.06,0,152112,1,12,0
com-youtube,1,2,REF_R1,0,OK,6897.4,4883.5,3714.56,1168.94,982328.0,982328,6.55,0.33,0:06.89,0,272476,1,30,0
com-youtube,1,2,REF_R1,1,OK,6867.4,4881.84,3712.14,1169.7,982432.0,982432,6.51,0.35,0:06.86,0,272480,1,24,0
com-youtube,1,2,REF_R1,2,OK,7335.9,4908.57,3728.51,1180.06,982448.0,982448,6.95,0.37,0:07.33,0,272477,1,16,0
com-youtube,1,3,Pure,0,OK,5101.5,222.189,,222.189,399184.0,399184,4.93,0.16,0:05.09,0,143387,1,21,0
com-youtube,1,3,Pure,1,OK,5593.7,220.576,,220.576,398876.0,398876,5.36,0.22,0:05.59,0,143383,1,15,0
com-youtube,1,3,Pure,2,OK,5129.4,222.516,,222.516,398936.0,398936,4.94,0.18,0:05.12,0,143387,1,18,0
com-youtube,1,3,REF_R1,0,OK,6461.6,4593.7,3573.83,1019.87,746596.0,746596,6.19,0.25,0:06.45,0,200266,1,20,0
com-youtube,1,3,REF_R1,1,OK,6891.2,4618.59,3590.03,1028.56,746516.0,746516,6.59,0.29,0:06.88,0,200264,1,18,0
com-youtube,1,3,REF_R1,2,OK,6865.6,4595.21,3575.65,1019.56,746752.0,746752,6.59,0.26,0:06.86,0,200263,1,25,0
com-youtube,1,4,Pure,0,OK,5536.9,188.475,,188.475,404460.0,404460,5.32,0.20,0:05.53,0,148917,1,7,0
com-youtube,1,4,Pure,1,OK,5112.4,190.9,,190.9,404656.0,404656,4.92,0.18,0:05.10,0,148919,1,6,0
com-youtube,1,4,Pure,2,OK,5502.7,189.173,,189.173,404564.0,404564,5.26,0.23,0:05.50,0,148919,1,24,0
com-youtube,1,4,REF_R1,0,OK,6354.0,4518.691,3600.29,918.401,722828.0,722828,6.10,0.24,0:06.35,0,194317,1,8,0
com-youtube,1,4,REF_R1,1,OK,6808.3,4500.04,3588.97,911.07,722828.0,722828,6.52,0.27,0:06.80,0,194309,1,27,0
com-youtube,1,4,REF_R1,2,OK,6754.9,4516.873,3599.7,917.173,722756.0,722756,6.45,0.29,0:06.75,0,194313,1,12,0
com-youtube,1,5,Pure,0,OK,5016.2,144.547,,144.547,395656.0,395656,4.82,0.18,0:05.01,0,145608,1,11,0
com-youtube,1,5,Pure,1,OK,5010.0,143.821,,143.821,395992.0,395992,4.81,0.19,0:05.00,0,145611,1,11,0
com-youtube,1,5,Pure,2,OK,5465.5,144.561,,144.561,395856.0,395856,5.24,0.21,0:05.46,0,145608,1,18,0
com-youtube,1,5,REF_R1,0,OK,6085.0,4267.911,3486.28,781.631,657508.0,657508,5.80,0.27,0:06.08,0,177994,1,17,0
com-youtube,1,5,REF_R1,1,OK,6056.8,4271.684,3488.56,783.124,657636.0,657636,5.79,0.26,0:06.05,0,177997,1,14,0
com-youtube,1,5,REF_R1,2,OK,6057.0,4268.529,3486.26,782.269,657580.0,657580,5.78,0.26,0:06.05,0,177996,1,18,0
com-youtube,1,6,Pure,0,OK,5337.8,102.442,,102.442,369688.0,369688,5.13,0.20,0:05.33,0,134931,1,20,0
com-youtube,1,6,Pure,1,OK,4952.1,102.563,,102.563,369720.0,369720,4.71,0.23,0:04.94,0,134925,1,8,0
com-youtube,1,6,Pure,2,OK,4916.4,102.835,,102.835,369600.0,369600,4.76,0.15,0:04.91,0,134930,1,9,0
com-youtube,1,6,REF_R1,0,OK,5681.1,3925.2129999999997,3294.68,630.533,575188.0,575188,5.46,0.20,0:05.67,0,157419,1,14,0
com-youtube,1,6,REF_R1,1,OK,6092.2,3913.1059999999998,3288.6,624.506,575176.0,575176,5.87,0.21,0:06.08,0,157421,1,22,0
com-youtube,1,6,REF_R1,2,OK,6144.9,3926.972,3294.51,632.462,575392.0,575392,5.92,0.21,0:06.14,0,157423,1,17,0
com-youtube,1,7,Pure,0,OK,5213.3,69.4647,,69.4647,347436.0,347436,5.07,0.14,0:05.21,0,112428,1,19,0
com-youtube,1,7,Pure,1,OK,4836.4,69.366,,69.366,347224.0,347224,4.68,0.15,0:04.83,0,112425,1,13,0
com-youtube,1,7,Pure,2,OK,5302.5,69.4153,,69.4153,347600.0,347600,5.10,0.19,0:05.29,0,112429,1,11,0
com-youtube,1,7,REF_R1,0,OK,5363.3,3601.641,3106.81,494.831,514572.0,514572,5.15,0.20,0:05.36,0,142238,1,7,0
com-youtube,1,7,REF_R1,1,OK,5335.2,3596.707,3102.72,493.987,514692.0,514692,5.14,0.18,0:05.33,0,142240,1,10,0
com-youtube,1,7,REF_R1,2,OK,5754.0,3601.527,3109.42,492.107,514568.0,514568,5.58,0.16,0:05.75,0,142236,1,7,0
com-youtube,1,8,Pure,0,OK,4773.4,46.0394,,46.0394,332588.0,332588,4.62,0.14,0:04.77,0,104572,1,10,0
com-youtube,1,8,Pure,1,OK,5156.3,45.9137,,45.9137,332324.0,332324,4.99,0.16,0:05.15,0,104569,1,17,0
com-youtube,1,8,Pure,2,OK,4777.6,45.8418,,45.8418,332684.0,332684,4.65,0.12,0:04.77,0,104572,1,14,0
com-youtube,1,8,REF_R1,0,OK,5036.7,3321.084,2945.16,375.924,471096.0,471096,4.87,0.15,0:05.03,0,131404,1,12,0
com-youtube,1,8,REF_R1,1,OK,5040.3,3319.3669999999997,2943.47,375.897,470940.0,470940,4.83,0.19,0:05.03,0,131405,1,16,0
com-youtube,1,8,REF_R1,2,OK,5509.2,3309.1130000000003,2935.01,374.103,471060.0,471060,5.28,0.22,0:05.50,0,131402,1,14,0
com-youtube,1,9,Pure,0,OK,4718.3,30.4457,,30.4457,319628.0,319628,4.57,0.14,0:04.71,0,93513,1,14,0
com-youtube,1,9,Pure,1,OK,4692.6,30.3197,,30.3197,319568.0,319568,4.58,0.10,0:04.69,0,93512,1,11,0
com-youtube,1,9,Pure,2,OK,4694.7,30.3337,,30.3337,319772.0,319772,4.56,0.12,0:04.69,0,93511,1,16,0
com-youtube,1,9,REF_R1,0,OK,5282.8,3103.416,2802.9,300.516,438472.0,438472,5.05,0.22,0:05.28,0,123197,1,13,0
com-youtube,1,9,REF_R1,1,OK,4857.0,3117.674,2817.14,300.534,438428.0,438428,4.71,0.13,0:04.85,0,123192,1,13,0
com-youtube,1,9,REF_R1,2,OK,4836.5,3106.7149999999997,2808.7,298.015,438492.0,438492,4.64,0.18,0:04.83,0,123195,1,12,0
com-youtube,1,10,Pure,0,OK,4686.7,20.7251,,20.7251,312148.0,312148,4.56,0.11,0:04.68,0,91635,1,10,0
com-youtube,1,10,Pure,1,OK,4664.7,20.7816,,20.7816,312160.0,312160,4.53,0.12,0:04.66,0,91635,1,14,0
com-youtube,1,10,Pure,2,OK,4661.1,20.7195,,20.7195,312184.0,312184,4.53,0.12,0:04.65,0,91635,1,14,0
com-youtube,1,10,REF_R1,0,OK,4660.3,2956.381,2708.23,248.151,415736.0,415736,4.49,0.16,0:04.65,0,117537,1,9,0
com-youtube,1,10,REF_R1,1,OK,5132.9,2949.599,2700.59,249.009,415640.0,415640,4.94,0.18,0:05.13,0,117536,1,17,0
com-youtube,1,10,REF_R1,2,OK,4694.7,2962.7400000000002,2714.88,247.86,415712.0,415712,4.49,0.19,0:04.69,0,117538,1,9,0
com-youtube,1,11,Pure,0,OK,4650.0,14.9997,,14.9997,307776.0,307776,4.54,0.10,0:04.64,0,90510,1,17,0
com-youtube,1,11,Pure,1,OK,4673.2,15.0407,,15.0407,307776.0,307776,4.51,0.15,0:04.67,0,90506,1,10,0
com-youtube,1,11,Pure,2,OK,4642.4,15.0386,,15.0386,307624.0,307624,4.51,0.11,0:04.63,0,90509,1,14,0
com-youtube,1,11,REF_R1,0,OK,4557.7,2852.893,2633.2,219.693,401624.0,401624,4.40,0.14,0:04.55,0,114023,1,14,0
com-youtube,1,11,REF_R1,1,OK,4996.4,2850.072,2630.78,219.292,401544.0,401544,4.82,0.16,0:04.99,0,114026,1,9,0
com-youtube,1,11,REF_R1,2,OK,4586.4,2853.8039999999996,2634.22,219.584,401464.0,401464,4.42,0.15,0:04.58,0,114025,1,10,0
com-youtube,1,12,Pure,0,OK,4640.1,11.9604,,11.9604,304848.0,304848,4.50,0.13,0:04.63,0,89867,1,14,0
com-youtube,1,12,Pure,1,OK,4639.2,11.9631,,11.9631,305032.0,305032,4.52,0.11,0:04.63,0,89869,1,13,0
com-youtube,1,12,Pure,2,OK,4640.1,11.9566,,11.9566,304924.0,304924,4.50,0.12,0:04.63,0,89869,1,11,0
com-youtube,1,12,REF_R1,0,OK,4900.6,2765.582,2561.6,203.982,394708.0,394708,4.74,0.15,0:04.89,0,112277,1,14,0
com-youtube,1,12,REF_R1,1,OK,4507.9,2779.1110000000003,2574.78,204.331,394560.0,394560,4.36,0.13,0:04.50,0,112275,1,11,0
com-youtube,1,12,REF_R1,2,OK,4480.2,2777.327,2572.28,205.047,394684.0,394684,4.32,0.15,0:04.47,0,112274,1,13,0
com-youtube,1,13,Pure,0,OK,4631.9,10.4154,,10.4154,304152.0,304152,4.53,0.09,0:04.62,0,89599,1,11,0
com-youtube,1,13,Pure,1,OK,5078.0,10.3742,,10.3742,303964.0,303964,4.93,0.13,0:05.07,0,89595,1,16,0
com-youtube,1,13,Pure,2,OK,4616.0,10.3965,,10.3965,304192.0,304192,4.48,0.12,0:04.61,0,89600,1,14,0
com-youtube,1,13,REF_R1,0,OK,4926.2,2720.64,2523.85,196.79,391028.0,391028,4.74,0.17,0:04.92,0,111378,1,18,0
com-youtube,1,13,REF_R1,1,OK,4431.4,2718.913,2522.73,196.183,390916.0,390916,4.27,0.15,0:04.42,0,111376,1,12,0
com-youtube,1,13,REF_R1,2,OK,4845.9,2713.46,2517.48,195.98,391180.0,391180,4.65,0.18,0:04.84,0,111380,1,19,0
com-youtube,1,14,Pure,0,OK,4657.2,9.73903,,9.73903,303496.0,303496,4.53,0.11,0:04.65,0,89477,1,12,0
com-youtube,1,14,Pure,1,OK,5132.4,9.68102,,9.68102,303332.0,303332,4.97,0.15,0:05.12,0,89474,1,10,0
com-youtube,1,14,Pure,2,OK,4654.2,9.70711,,9.70711,303440.0,303440,4.53,0.11,0:04.65,0,89475,1,11,0
com-youtube,1,14,REF_R1,0,OK,4402.9,2675.5009999999997,2482.95,192.551,389340.0,389340,4.25,0.14,0:04.40,0,110994,1,7,0
com-youtube,1,14,REF_R1,1,OK,4409.7,2677.886,2484.86,193.026,389316.0,389316,4.23,0.17,0:04.40,0,110993,1,10,0
com-youtube,1,14,REF_R1,2,OK,4383.2,2678.426,2484.48,193.946,389488.0,389488,4.21,0.16,0:04.38,0,110995,1,11,0
com-youtube,1,15,Pure,0,OK,4628.6,9.03572,,9.03572,301220.0,301220,4.49,0.13,0:04.62,0,88888,1,14,0
com-youtube,1,15,Pure,1,OK,4625.5,9.02849,,9.02849,301020.0,301020,4.49,0.13,0:04.62,0,88884,1,11,0
com-youtube,1,15,Pure,2,OK,5072.0,9.01832,,9.01832,301076.0,301076,4.92,0.14,0:05.06,0,88886,1,16,0
com-youtube,1,15,REF_R1,0,OK,4755.0,2639.1209999999996,2447.95,191.171,388968.0,388968,4.57,0.17,0:04.75,0,110853,1,8,0
com-youtube,1,15,REF_R1,1,OK,4843.7,2646.9,2455.71,191.19,389152.0,389152,4.65,0.18,0:04.84,0,110854,1,11,0
com-youtube,1,15,REF_R1,2,OK,4365.3,2642.547,2451.25,191.297,389188.0,389188,4.23,0.12,0:04.36,0,110855,1,6,0
com-youtube,1,16,Pure,0,OK,4654.2,8.96693,,8.96693,300900.0,300900,4.54,0.10,0:04.65,0,88877,1,17,0
com-youtube,1,16,Pure,1,OK,5099.8,8.90218,,8.90218,300960.0,300960,4.94,0.14,0:05.09,0,88877,1,13,0
com-youtube,1,16,Pure,2,OK,4656.7,8.9181,,8.9181,300928.0,300928,4.52,0.12,0:04.65,0,88874,1,14,0
com-youtube,1,16,REF_R1,0,OK,4311.9,2610.123,2419.5,190.623,389008.0,389008,4.14,0.16,0:04.30,0,110823,1,11,0
com-youtube,1,16,REF_R1,1,OK,4790.6,2600.19,2410.33,189.86,388768.0,388768,4.63,0.15,0:04.78,0,110821,1,14,0
com-youtube,1,16,REF_R1,2,OK,4337.5,2606.854,2416.75,190.104,389144.0,389144,4.16,0.17,0:04.33,0,110825,1,9,0
com-youtube,1,17,Pure,0,OK,4631.1,8.862,,8.862,300936.0,300936,4.52,0.10,0:04.62,0,88876,1,13,0
com-youtube,1,17,Pure,1,OK,4624.6,8.87274,,8.87274,300904.0,300904,4.49,0.12,0:04.62,0,88877,1,13,0
com-youtube,1,17,Pure,2,OK,4623.0,8.88119,,8.88119,300964.0,300964,4.49,0.12,0:04.62,0,88877,1,10,0
com-youtube,1,17,REF_R1,0,OK,4776.0,2576.798,2385.62,191.178,388988.0,388988,4.60,0.16,0:04.77,0,110819,1,14,0
com-youtube,1,17,REF_R1,1,OK,4312.0,2585.609,2393.42,192.189,388896.0,388896,4.16,0.13,0:04.30,0,110819,1,12,0
com-youtube,1,17,REF_R1,2,OK,4308.5,2585.995,2393.93,192.065,389004.0,389004,4.16,0.14,0:04.30,0,110818,1,13,0
web-it-2004,1,2,Pure,0,OK,145939.4,51.1307,,51.1307,279176.0,279176,145.71,0.21,2:25.93,0,134919,2,410,0
web-it-2004,1,2,Pure,1,OK,146375.5,50.8519,,50.8519,279136.0,279136,146.15,0.21,2:26.37,0,134922,1,543,0
web-it-2004,1,2,Pure,2,OK,146356.9,50.9227,,50.9227,279244.0,279244,146.14,0.20,2:26.35,0,134923,1,270,0
web-it-2004,1,2,REF_R1,0,OK,147450.4,143862.493,143225,637.493,616792.0,616792,147.17,0.26,2:27.44,0,178142,1,407,0
web-it-2004,1,2,REF_R1,1,OK,147498.9,143954.17,143321,633.17,616940.0,616940,147.20,0.28,2:27.49,0,178143,1,548,0
web-it-2004,1,2,REF_R1,2,OK,147449.1,143905.415,143267,638.415,617032.0,617032,147.21,0.22,2:27.44,0,178143,1,414,0
web-it-2004,1,3,Pure,0,OK,146272.4,53.34,,53.34,276580.0,276580,146.07,0.19,2:26.26,0,133585,1,486,0
web-it-2004,1,3,Pure,1,OK,146312.8,53.7945,,53.7945,276500.0,276500,146.11,0.19,2:26.31,0,133583,1,405,0
web-it-2004,1,3,Pure,2,OK,146299.4,53.9996,,53.9996,276432.0,276432,146.11,0.17,2:26.29,0,133583,1,270,0
web-it-2004,1,3,REF_R1,0,OK,147378.2,143802.173,143172,630.173,569820.0,569820,147.12,0.24,2:27.37,0,166358,1,420,0
web-it-2004,1,3,REF_R1,1,OK,147314.9,143779.308,143153,626.308,569684.0,569684,147.06,0.23,2:27.31,0,166357,1,497,0
web-it-2004,1,3,REF_R1,2,OK,147537.3,143951.846,143322,629.846,569856.0,569856,147.28,0.23,2:27.53,0,166355,1,432,0
web-it-2004,1,4,Pure,0,OK,145918.9,45.4621,,45.4621,262536.0,262536,145.70,0.20,2:25.91,0,130121,1,562,0
web-it-2004,1,4,Pure,1,OK,145892.5,45.3857,,45.3857,262292.0,262292,145.70,0.17,2:25.88,0,130119,1,534,0
web-it-2004,1,4,Pure,2,OK,146202.2,46.5362,,46.5362,262736.0,262736,146.03,0.16,2:26.20,0,130122,1,496,0
web-it-2004,1,4,REF_R1,0,OK,147175.6,143653.754,143091,562.754,546188.0,546188,146.94,0.22,2:27.17,0,160470,1,479,0
web-it-2004,1,4,REF_R1,1,OK,147190.7,143672.612,143113,559.612,546308.0,546308,146.93,0.25,2:27.18,0,160471,1,496,0
web-it-2004,1,4,REF_R1,2,OK,147656.1,143833.761,143267,566.761,546212.0,546212,147.39,0.25,2:27.65,0,160469,1,465,0
web-it-2004,1,5,Pure,0,OK,146247.0,44.5484,,44.5484,260912.0,260912,146.03,0.19,2:26.24,0,129491,1,503,0
web-it-2004,1,5,Pure,1,OK,146272.4,44.9226,,44.9226,260804.0,260804,146.05,0.20,2:26.26,0,129493,1,494,0
web-it-2004,1,5,Pure,2,OK,146408.6,48.8307,,48.8307,260824.0,260824,146.21,0.18,2:26.40,0,129492,1,273,0
web-it-2004,1,5,REF_R1,0,OK,147337.5,143817.113,143262,555.113,538396.0,538396,147.05,0.27,2:27.33,0,158520,1,335,0
web-it-2004,1,5,REF_R1,1,OK,147210.3,143691.78,143138,553.78,538480.0,538480,146.97,0.22,2:27.20,0,158519,1,276,0
web-it-2004,1,5,REF_R1,2,OK,147246.6,143703.652,143149,554.652,538408.0,538408,146.99,0.23,2:27.24,0,158523,1,410,0
web-it-2004,1,6,Pure,0,OK,146177.5,44.8682,,44.8682,259076.0,259076,145.99,0.17,2:26.17,0,128772,1,522,0
web-it-2004,1,6,Pure,1,OK,146268.1,43.8328,,43.8328,258984.0,258984,146.08,0.17,2:26.26,0,128769,1,410,0
web-it-2004,1,6,Pure,2,OK,145911.8,43.8352,,43.8352,259048.0,259048,145.70,0.20,2:25.90,0,128769,1,401,0
web-it-2004,1,6,REF_R1,0,OK,147226.0,143674.195,143137,537.195,527552.0,527552,147.00,0.21,2:27.22,0,155803,1,495,0
web-it-2004,1,6,REF_R1,1,OK,147149.8,143612.046,143071,541.046,527636.0,527636,146.91,0.22,2:27.14,0,155809,1,402,0
web-it-2004,1,6,REF_R1,2,OK,147176.6,143667.407,143130,537.407,527648.0,527648,146.91,0.24,2:27.17,0,155805,1,571,0
web-it-2004,1,7,Pure,0,OK,146263.7,43.3657,,43.3657,254064.0,254064,146.07,0.18,2:26.26,0,127931,1,406,0
web-it-2004,1,7,Pure,1,OK,145873.7,43.7239,,43.7239,254068.0,254068,145.68,0.17,2:25.87,0,127933,1,409,0
web-it-2004,1,7,Pure,2,OK,146211.6,44.1498,,44.1498,254184.0,254184,146.01,0.18,2:26.20,0,127938,1,549,0
web-it-2004,1,7,REF_R1,0,OK,147184.8,143642.043,143114,528.043,515632.0,515632,146.96,0.20,2:27.18,0,152819,1,473,0
web-it-2004,1,7,REF_R1,1,OK,146790.7,143629.321,143101,528.321,515604.0,515604,146.57,0.20,2:26.78,0,152822,1,480,0
web-it-2004,1,7,REF_R1,2,OK,147152.5,143647.635,143123,524.635,515568.0,515568,146.94,0.19,2:27.15,0,152817,1,477,0
web-it-2004,1,8,Pure,0,OK,146262.3,42.8099,,42.8099,251488.0,251488,146.03,0.21,2:26.26,0,127036,1,469,0
web-it-2004,1,8,Pure,1,OK,146241.0,42.6054,,42.6054,251372.0,251372,146.05,0.17,2:26.23,0,127036,1,477,0
web-it-2004,1,8,Pure,2,OK,146376.0,42.7008,,42.7008,251420.0,251420,146.18,0.17,2:26.37,0,127034,1,571,0
web-it-2004,1,8,REF_R1,0,OK,147127.5,143573.081,143059,514.081,506108.0,506108,146.90,0.20,2:27.12,0,150420,1,555,0
web-it-2004,1,8,REF_R1,1,OK,147038.4,143534.653,143017,517.653,506176.0,506176,146.79,0.23,2:27.03,0,150419,1,565,0
web-it-2004,1,8,REF_R1,2,OK,147037.1,143502.639,142989,513.639,506132.0,506132,146.84,0.18,2:27.03,0,150415,1,530,0
web-it-2004,1,9,Pure,0,OK,146218.8,42.0922,,42.0922,248232.0,248232,146.02,0.17,2:26.21,0,125951,1,667,0
web-it-2004,1,9,Pure,1,OK,146320.5,42.2782,,42.2782,248276.0,248276,146.12,0.19,2:26.31,0,125953,1,353,0
web-it-2004,1,9,Pure,2,OK,146228.9,42.2221,,42.2221,248388.0,248388,146.01,0.20,2:26.22,0,125949,1,624,0
web-it-2004,1,9,REF_R1,0,OK,146970.8,143806.661,143320,486.661,496992.0,496992,146.80,0.15,2:26.96,0,148152,1,460,0
web-it-2004,1,9,REF_R1,1,OK,146737.3,143561.309,143075,486.309,496936.0,496936,146.53,0.19,2:26.73,0,148159,1,391,0
web-it-2004,1,9,REF_R1,2,OK,147088.9,143577.691,143095,482.691,497176.0,497176,146.88,0.19,2:27.08,0,148159,1,415,0
web-it-2004,1,10,Pure,0,OK,146388.9,42.4181,,42.4181,244952.0,244952,146.20,0.17,2:26.38,0,124677,1,358,0
web-it-2004,1,10,Pure,1,OK,146330.2,43.0998,,43.0998,244752.0,244752,146.10,0.21,2:26.32,0,124676,1,374,0
web-it-2004,1,10,Pure,2,OK,146283.9,42.5246,,42.5246,245036.0,245036,146.06,0.20,2:26.28,0,124678,1,210,0
web-it-2004,1,10,REF_R1,0,OK,147109.8,143944.589,143416,528.589,487252.0,487252,146.79,0.30,2:27.10,0,145690,1,261,0
web-it-2004,1,10,REF_R1,1,OK,146861.5,143712.878,143189,523.878,486980.0,486980,146.66,0.18,2:26.85,0,145687,1,201,0
web-it-2004,1,10,REF_R1,2,OK,147400.6,143862.741,143334,528.741,487224.0,487224,147.18,0.20,2:27.39,0,145690,1,341,0
web-it-2004,1,11,Pure,0,OK,146446.9,30.6575,,30.6575,240384.0,240384,146.29,0.14,2:26.44,0,121402,1,230,0
web-it-2004,1,11,Pure,1,OK,146615.2,30.569,,30.569,240512.0,240512,146.39,0.21,2:26.61,0,121402,1,352,0
web-it-2004,1,11,Pure,2,OK,146190.6,31.074,,31.074,240652.0,240652,146.01,0.16,2:26.18,0,121404,1,332,0
web-it-2004,1,11,REF_R1,0,OK,147087.7,143597.353,143117,480.353,461880.0,461880,146.94,0.13,2:27.08,0,139404,1,382,0
web-it-2004,1,11,REF_R1,1,OK,148090.0,144913.629,144365,548.629,462136.0,462136,147.67,0.39,2:28.08,0,216231,1,480,0
web-it-2004,1,11,REF_R1,2,OK,147080.8,143578.173,143092,486.173,461788.0,461788,146.90,0.17,2:27.07,0,139402,1,198,0
web-it-2004,1,12,Pure,0,OK,146431.0,29.1267,,29.1267,240364.0,240364,146.21,0.20,2:26.42,0,120051,1,261,0
web-it-2004,1,12,Pure,1,OK,147789.5,33.4694,,33.4694,240488.0,240488,147.44,0.31,2:27.78,0,164587,1,532,0
web-it-2004,1,12,Pure,2,OK,146419.4,28.5044,,28.5044,240564.0,240564,146.22,0.18,2:26.41,0,120054,1,343,0
web-it-2004,1,12,REF_R1,0,OK,146657.2,143487.519,143042,445.519,449772.0,449772,146.45,0.19,2:26.65,0,137374,1,338,0
web-it-2004,1,12,REF_R1,1,OK,146634.6,143477.505,143030,447.505,449764.0,449764,146.41,0.21,2:26.63,0,136350,1,305,0
web-it-2004,1,12,REF_R1,2,OK,147825.0,144627.362,144089,538.362,449984.0,449984,147.36,0.44,2:27.82,0,217774,1,441,0
web-it-2004,1,13,Pure,0,OK,146984.1,29.6225,,29.6225,240744.0,240744,146.65,0.31,2:26.98,0,164565,1,515,0
web-it-2004,1,13,Pure,1,OK,146839.2,29.2665,,29.2665,240748.0,240748,146.51,0.31,2:26.83,0,163659,1,517,0
web-it-2004,1,13,Pure,2,OK,146226.3,25.211,,25.211,240432.0,240432,146.00,0.21,2:26.22,0,118618,1,551,0
web-it-2004,1,13,REF_R1,0,OK,146867.3,143353.597,142932,421.597,437728.0,437728,146.57,0.27,2:26.86,0,133344,1,531,0
web-it-2004,1,13,REF_R1,1,OK,146817.9,143301.356,142881,420.356,437636.0,437636,146.61,0.18,2:26.81,0,133342,1,560,0
web-it-2004,1,13,REF_R1,2,OK,147595.1,144041.633,143556,485.633,437844.0,437844,147.16,0.41,2:27.59,0,200377,1,470,0
web-it-2004,1,14,Pure,0,OK,146239.0,23.5793,,23.5793,240548.0,240548,146.01,0.21,2:26.23,0,117064,1,617,0
web-it-2004,1,14,Pure,1,OK,146412.1,23.9439,,23.9439,240604.0,240604,146.18,0.21,2:26.41,0,117065,1,588,0
web-it-2004,1,14,Pure,2,OK,146376.4,23.3948,,23.3948,240444.0,240444,146.19,0.16,2:26.37,0,117064,1,649,0
web-it-2004,1,14,REF_R1,0,OK,146848.4,143675.424,143187,488.424,430196.0,430196,146.44,0.38,2:26.84,0,203253,1,529,0
web-it-2004,1,14,REF_R1,1,OK,147414.0,143853.077,143334,519.077,430452.0,430452,147.00,0.39,2:27.41,0,214676,1,498,0
web-it-2004,1,14,REF_R1,2,OK,146866.2,143355.438,142940,415.438,429928.0,429928,146.64,0.21,2:26.86,0,131473,1,562,0
web-it-2004,1,15,Pure,0,OK,146367.2,24.4414,,24.4414,240780.0,240780,146.05,0.30,2:26.36,0,157689,1,496,0
web-it-2004,1,15,Pure,1,OK,146929.0,24.594,,24.594,240784.0,240784,146.55,0.36,2:26.92,0,158664,1,496,0
web-it-2004,1,15,Pure,2,OK,147500.1,24.3918,,24.3918,240584.0,240584,147.12,0.33,2:27.49,0,159499,1,650,0
web-it-2004,1,15,REF_R1,0,OK,146719.3,143142.132,142744,398.132,422116.0,422116,146.47,0.23,2:26.71,0,129418,1,578,0
web-it-2004,1,15,REF_R1,1,OK,146559.8,143055.635,142656,399.635,421948.0,421948,146.34,0.19,2:26.55,0,129419,1,575,0
web-it-2004,1,15,REF_R1,2,OK,146640.6,143144.698,142750,394.698,422064.0,422064,146.42,0.20,2:26.63,0,129415,1,635,0
web-it-2004,1,16,Pure,0,OK,146238.4,18.7703,,18.7703,240784.0,240784,145.99,0.23,2:26.23,0,113141,1,592,0
web-it-2004,1,16,Pure,1,OK,146285.7,18.7537,,18.7537,240636.0,240636,146.05,0.21,2:26.28,0,113138,1,354,0
web-it-2004,1,16,Pure,2,OK,146451.1,18.7298,,18.7298,240644.0,240644,146.21,0.21,2:26.44,0,113139,1,606,0
web-it-2004,1,16,REF_R1,0,OK,146120.6,142989.078,142634,355.078,407952.0,407952,145.91,0.19,2:26.11,0,125962,1,666,0
web-it-2004,1,16,REF_R1,1,OK,146087.3,142952.829,142598,354.829,408028.0,408028,145.86,0.21,2:26.08,0,125961,1,657,0
web-it-2004,1,16,REF_R1,2,OK,146497.1,143016.655,142664,352.655,408204.0,408204,146.26,0.21,2:26.49,0,126474,1,590,0
web-it-2004,1,17,Pure,0,OK,147119.7,16.1981,,16.1981,211000.0,211000,146.81,0.29,2:27.11,0,140923,1,662,0
web-it-2004,1,17,Pure,1,OK,146380.7,12.9085,,12.9085,210596.0,210596,146.17,0.19,2:26.37,0,97138,1,618,0
web-it-2004,1,17,Pure,2,OK,146815.7,15.8084,,15.8084,210620.0,210620,146.47,0.33,2:26.81,0,138681,1,429,0
web-it-2004,1,17,REF_R1,0,OK,146406.0,142917.655,142612,305.655,372644.0,372644,146.17,0.21,2:26.40,0,117076,1,718,0
web-it-2004,1,17,REF_R1,1,OK,146560.5,143392.856,143004,388.856,372840.0,372840,146.12,0.42,2:26.55,0,187970,1,704,0
web-it-2004,1,17,REF_R1,2,OK,146352.4,142860.893,142555,305.893,372744.0,372744,146.14,0.18,2:26.34,0,117081,1,647,0
web-it-2004,1,18,Pure,0,OK,146563.9,10.8685,,10.8685,207820.0,207820,146.39,0.15,2:26.56,0,95639,1,431,0
web-it-2004,1,18,Pure,1,OK,146189.5,12.1772,,12.1772,207860.0,207860,145.98,0.19,2:26.18,0,95639,1,706,0
web-it-2004,1,18,Pure,2,OK,146310.2,10.9264,,10.9264,207684.0,207684,146.10,0.19,2:26.30,0,95639,1,353,0
web-it-2004,1,18,REF_R1,0,OK,145742.5,142618.623,142343,275.623,359012.0,359012,145.54,0.18,2:25.73,0,113656,1,459,0
web-it-2004,1,18,REF_R1,1,OK,146050.8,142572.764,142301,271.764,358868.0,358868,145.85,0.18,2:26.04,0,113651,1,369,0
web-it-2004,1,18,REF_R1,2,OK,146146.3,142648.727,142373,275.727,358820.0,358820,145.97,0.15,2:26.14,0,113655,1,358,0
web-it-2004,1,19,Pure,0,OK,146124.9,9.51977,,9.51977,205348.0,205348,145.93,0.17,2:26.12,0,94628,1,386,0
web-it-2004,1,19,Pure,1,OK,146495.5,12.9958,,12.9958,205816.0,205816,146.19,0.28,2:26.49,0,132378,1,428,0
web-it-2004,1,19,Pure,2,OK,146209.3,9.58253,,9.58253,205588.0,205588,146.04,0.15,2:26.20,0,94631,1,381,0
web-it-2004,1,19,REF_R1,0,OK,145981.6,142508.534,142250,258.534,344992.0,344992,145.78,0.18,2:25.97,0,110181,1,313,0
web-it-2004,1,19,REF_R1,1,OK,145967.8,142480.223,142219,261.223,344996.0,344996,145.76,0.19,2:25.96,0,110180,1,314,0
web-it-2004,1,19,REF_R1,2,OK,145602.2,142480.707,142220,260.707,344944.0,344944,145.41,0.18,2:25.59,0,110177,1,318,0
web-it-2004,1,20,Pure,0,OK,146248.4,8.76455,,8.76455,204672.0,204672,146.08,0.15,2:26.24,0,94101,1,313,0
web-it-2004,1,20,Pure,1,OK,145842.4,8.74007,,8.74007,204980.0,204980,145.65,0.17,2:25.83,0,94108,1,471,0
web-it-2004,1,20,Pure,2,OK,146668.5,11.279,,11.279,204840.0,204840,146.34,0.31,2:26.66,0,131530,1,454,0
web-it-2004,1,20,REF_R1,0,OK,145993.9,142431.457,142193,238.457,338920.0,338920,145.79,0.18,2:25.99,0,108678,1,453,0
web-it-2004,1,20,REF_R1,1,OK,146387.6,142822.94,142534,288.94,339220.0,339220,146.04,0.33,2:26.38,0,156500,1,461,0
web-it-2004,1,20,REF_R1,2,OK,146363.9,142834.235,142536,298.235,339180.0,339180,145.99,0.35,2:26.36,0,161757,1,396,0
web-it-2004,1,21,Pure,0,OK,146286.3,8.32643,,8.32643,203792.0,203792,146.08,0.19,2:26.28,0,94118,1,300,0
web-it-2004,1,21,Pure,1,OK,145904.0,8.28853,,8.28853,203556.0,203556,145.70,0.19,2:25.90,0,93604,1,418,0
web-it-2004,1,21,Pure,2,OK,146296.0,8.25858,,8.25858,203616.0,203616,146.16,0.12,2:26.29,0,93604,1,459,0
web-it-2004,1,21,REF_R1,0,OK,145477.7,142366.202,142135,231.202,334988.0,334988,145.25,0.21,2:25.47,0,107714,1,472,0
web-it-2004,1,21,REF_R1,1,OK,145844.3,142361.805,142129,232.805,334880.0,334880,145.61,0.21,2:25.84,0,107712,1,501,0
web-it-2004,1,21,REF_R1,2,OK,145833.8,142360.793,142127,233.793,334952.0,334952,145.62,0.19,2:25.83,0,107713,1,387,0
web-it-2004,1,22,Pure,0,OK,146353.9,10.5421,,10.5421,202976.0,202976,146.06,0.27,2:26.35,0,132257,1,432,0
web-it-2004,1,22,Pure,1,OK,146467.0,7.6821,,7.6821,203084.0,203084,146.26,0.19,2:26.46,0,93254,1,459,0
web-it-2004,1,22,Pure,2,OK,146817.1,7.8188,,7.8188,202948.0,202948,146.64,0.16,2:26.81,0,93253,1,346,0
web-it-2004,1,22,REF_R1,0,OK,145908.3,142752.817,142452,300.817,331000.0,331000,145.57,0.31,2:25.90,0,162341,1,427,0
web-it-2004,1,22,REF_R1,1,OK,146271.4,142665.841,142372,293.841,330848.0,330848,145.88,0.37,2:26.26,0,158931,1,427,0
web-it-2004,1,22,REF_R1,2,OK,145889.6,142400.596,142170,230.596,330548.0,330548,145.70,0.17,2:25.88,0,106590,1,371,0
web-it-2004,1,23,Pure,0,OK,146946.9,10.7561,,10.7561,202700.0,202700,146.66,0.27,2:26.94,0,135554,1,392,0
web-it-2004,1,23,Pure,1,OK,146653.1,7.55876,,7.55876,202476.0,202476,146.45,0.18,2:26.65,0,93110,1,454,0
web-it-2004,1,23,Pure,2,OK,146426.1,7.69658,,7.69658,202572.0,202572,146.26,0.15,2:26.42,0,93623,1,388,0
web-it-2004,1,23,REF_R1,0,OK,145738.5,142260.317,142039,221.317,329616.0,329616,145.53,0.18,2:25.73,0,106327,1,557,0
web-it-2004,1,23,REF_R1,1,OK,145865.7,142398.923,142176,222.923,329544.0,329544,145.66,0.19,2:25.86,0,106321,1,309,0
web-it-2004,1,23,REF_R1,2,OK,145683.4,142558.093,142335,223.093,329672.0,329672,145.51,0.15,2:25.68,0,106324,1,365,0
web-it-2004,1,24,Pure,0,OK,146415.0,10.1573,,10.1573,202528.0,202528,146.16,0.23,2:26.41,0,131121,1,452,0
web-it-2004,1,24,Pure,1,OK,146328.1,7.40962,,7.40962,202448.0,202448,146.12,0.19,2:26.32,0,92989,1,408,0
web-it-2004,1,24,Pure,2,OK,146373.6,7.36303,,7.36303,202128.0,202128,146.17,0.18,2:26.37,0,92985,1,369,0
web-it-2004,1,24,REF_R1,0,OK,145850.9,142346.838,142123,223.838,326328.0,326328,145.70,0.13,2:25.84,0,105495,1,336,0
web-it-2004,1,24,REF_R1,1,OK,145440.1,142330.615,142107,223.615,326244.0,326244,145.27,0.15,2:25.43,0,105494,1,381,0
web-it-2004,1,24,REF_R1,2,OK,145734.1,142268.884,142048,220.884,326272.0,326272,145.52,0.19,2:25.73,0,105491,1,291,0
web-it-2004,1,25,Pure,0,OK,146253.4,7.27536,,7.27536,202124.0,202124,146.04,0.19,2:26.25,0,92870,1,372,0
web-it-2004,1,25,Pure,1,OK,146382.3,7.21901,,7.21901,202092.0,202092,146.24,0.12,2:26.37,0,92871,1,377,0
web-it-2004,1,25,Pure,2,OK,146284.4,7.27074,,7.27074,202184.0,202184,146.12,0.14,2:26.28,0,92870,1,450,0
web-it-2004,1,25,REF_R1,0,OK,146420.7,142888.17,142634,254.17,324636.0,324636,146.06,0.34,2:26.41,0,149791,1,493,0
web-it-2004,1,25,REF_R1,1,OK,146235.7,142731.602,142461,270.602,324500.0,324500,145.93,0.29,2:26.23,0,157918,1,478,0
web-it-2004,1,25,REF_R1,2,OK,146609.2,143014.482,142805,209.482,324524.0,324524,146.41,0.17,2:26.60,0,105031,1,493,0
web-it-2004,1,26,Pure,0,OK,146701.8,10.071,,10.071,201928.0,201928,146.43,0.25,2:26.69,0,132855,1,426,0
web-it-2004,1,26,Pure,1,OK,146313.6,7.24833,,7.24833,202000.0,202000,146.12,0.17,2:26.31,0,92765,1,414,0
web-it-2004,1,26,Pure,2,OK,145973.2,7.21599,,7.21599,201952.0,201952,145.82,0.13,2:25.97,0,92766,1,511,0
web-it-2004,1,26,REF_R1,0,OK,145720.9,142194.197,141972,222.197,323804.0,323804,145.50,0.20,2:25.71,0,104820,1,528,0
web-it-2004,1,26,REF_R1,1,OK,145776.4,142293.659,142069,224.659,323512.0,323512,145.59,0.16,2:25.77,0,104816,1,613,0
web-it-2004,1,26,REF_R1,2,OK,145404.5,142282.055,142057,225.055,323656.0,323656,145.22,0.16,2:25.40,0,104818,1,537,0
web-it-2004,1,27,Pure,0,OK,146659.6,10.2585,,10.2585,201956.0,201956,146.36,0.28,2:26.65,0,131052,1,514,0
web-it-2004,1,27,Pure,1,OK,146299.9,7.22058,,7.22058,201684.0,201684,146.07,0.20,2:26.29,0,92654,1,541,0
web-it-2004,1,27,Pure,2,OK,146299.8,7.16013,,7.16013,201724.0,201724,146.14,0.14,2:26.29,0,92657,1,477,0
web-it-2004,1,27,REF_R1,0,OK,145849.5,142334.517,142112,222.517,323236.0,323236,145.67,0.16,2:25.84,0,104728,1,481,0
web-it-2004,1,27,REF_R1,1,OK,145764.3,142276.249,142056,220.249,323268.0,323268,145.53,0.21,2:25.76,0,104730,1,449,0
web-it-2004,1,27,REF_R1,2,OK,146744.0,143223.915,142950,273.915,323528.0,323528,146.43,0.29,2:26.74,0,151811,1,493,0
web-it-2004,1,28,Pure,0,OK,146920.1,10.0655,,10.0655,201764.0,201764,146.66,0.24,2:26.91,0,134478,1,516,0
web-it-2004,1,28,Pure,1,OK,146381.7,7.01708,,7.01708,201612.0,201612,146.20,0.16,2:26.37,0,92545,1,533,0
web-it-2004,1,28,Pure,2,OK,146206.2,6.92635,,6.92635,201704.0,201704,145.99,0.19,2:26.20,0,92546,1,558,0
web-it-2004,1,28,REF_R1,0,OK,145751.2,142216.716,142004,212.716,323056.0,323056,145.55,0.18,2:25.74,0,104634,1,443,0
web-it-2004,1,28,REF_R1,1,OK,145716.4,142202.187,141988,214.187,322912.0,322912,145.51,0.19,2:25.71,0,104634,1,416,0
web-it-2004,1,28,REF_R1,2,OK,145739.6,142236.432,142024,212.432,322748.0,322748,145.49,0.23,2:25.73,0,104633,1,455,0
web-it-2004,1,29,Pure,0,OK,146231.5,6.90414,,6.90414,201392.0,201392,146.09,0.11,2:26.22,0,92431,1,545,0
web-it-2004,1,29,Pure,1,OK,146330.7,6.99227,,6.99227,201532.0,201532,146.15,0.16,2:26.32,0,92434,1,542,0
web-it-2004,1,29,Pure,2,OK,146382.3,6.90626,,6.90626,201376.0,201376,146.23,0.13,2:26.37,0,92435,1,484,0
web-it-2004,1,29,REF_R1,0,OK,145645.1,142502.103,142241,261.103,322640.0,322640,145.28,0.35,2:25.64,0,147439,1,567,0
web-it-2004,1,29,REF_R1,1,OK,145711.0,142213.155,141995,218.155,322672.0,322672,145.53,0.16,2:25.70,0,104573,1,514,0
web-it-2004,1,29,REF_R1,2,OK,145703.0,142230.498,142012,218.498,322824.0,322824,145.48,0.20,2:25.70,0,104576,1,447,0
web-it-2004,1,30,Pure,0,OK,146867.4,9.62684,,9.62684,201480.0,201480,146.60,0.25,2:26.86,0,125677,1,544,0
web-it-2004,1,30,Pure,1,OK,146811.7,9.50295,,9.50295,201332.0,201332,146.47,0.31,2:26.80,0,132458,1,538,0
web-it-2004,1,30,Pure,2,OK,146243.5,6.78503,,6.78503,201100.0,201100,146.07,0.15,2:26.24,0,92317,1,509,0
web-it-2004,1,30,REF_R1,0,OK,145278.0,142162.835,141946,216.835,322444.0,322444,145.13,0.12,2:25.27,0,104482,1,508,0
web-it-2004,1,30,REF_R1,1,OK,146021.9,142877.343,142622,255.343,322484.0,322484,145.71,0.29,2:26.01,0,146432,1,604,0
web-it-2004,1,30,REF_R1,2,OK,146132.1,142610.954,142323,287.954,322324.0,322324,145.79,0.32,2:26.12,0,160045,1,507,0
web-it-2004,1,31,Pure,0,OK,146873.9,9.2899,,9.2899,201212.0,201212,146.55,0.30,2:26.87,0,128915,1,538,0
web-it-2004,1,31,Pure,1,OK,147391.3,10.0105,,10.0105,201184.0,201184,147.11,0.26,2:27.38,0,130569,1,538,0
web-it-2004,1,31,Pure,2,OK,146453.1,6.71277,,6.71277,201016.0,201016,146.29,0.14,2:26.45,0,92203,1,465,0
web-it-2004,1,31,REF_R1,0,OK,145323.6,142211.155,141995,216.155,321068.0,321068,145.15,0.15,2:25.32,0,104140,1,575,0
web-it-2004,1,31,REF_R1,1,OK,146126.0,142592.906,142318,274.906,321132.0,321132,145.80,0.30,2:26.12,0,156151,1,477,0
web-it-2004,1,31,REF_R1,2,OK,146083.8,142585.204,142312,273.204,321000.0,321000,145.77,0.29,2:26.08,0,154970,1,569,0
web-it-2004,1,32,Pure,0,OK,146344.2,6.44739,,6.44739,201020.0,201020,146.16,0.16,2:26.34,0,92114,1,483,0
web-it-2004,1,32,Pure,1,OK,146323.2,6.57854,,6.57854,200940.0,200940,146.11,0.19,2:26.32,0,92114,1,517,0
web-it-2004,1,32,Pure,2,OK,146106.1,6.6393,,6.6393,200972.0,200972,145.92,0.16,2:26.10,0,92113,1,488,0
web-it-2004,1,32,REF_R1,0,OK,146038.1,142550.557,142271,279.557,320140.0,320140,145.69,0.33,2:26.03,0,156525,1,447,0
web-it-2004,1,32,REF_R1,1,OK,145598.1,142090.388,141854,236.388,320376.0,320376,145.31,0.27,2:25.59,0,144071,1,649,0
web-it-2004,1,32,REF_R1,2,OK,145594.4,142113.701,141897,216.701,320268.0,320268,145.39,0.18,2:25.59,0,103967,1,482,0
web-it-2004,1,33,Pure,0,OK,146706.0,9.04045,,9.04045,200888.0,200888,146.37,0.31,2:26.70,0,133623,1,524,0
web-it-2004,1,33,Pure,1,OK,146449.9,6.27731,,6.27731,200912.0,200912,146.28,0.15,2:26.44,0,92034,1,563,0
web-it-2004,1,33,Pure,2,OK,146311.2,6.25492,,6.25492,200892.0,200892,146.13,0.15,2:26.30,0,92034,1,522,0
web-it-2004,1,33,REF_R1,0,OK,145550.2,142094.045,141879,215.045,319900.0,319900,145.34,0.19,2:25.54,0,103889,1,425,0
web-it-2004,1,33,REF_R1,1,OK,145590.7,142123.765,141907,216.765,319948.0,319948,145.37,0.20,2:25.58,0,103890,1,485,0
web-it-2004,1,33,REF_R1,2,OK,145599.7,142105.06,141891,214.06,319744.0,319744,145.42,0.16,2:25.59,0,103889,1,485,0
web-it-2004,1,34,Pure,0,OK,146862.4,9.20604,,9.20604,200852.0,200852,146.55,0.29,2:26.85,0,131819,1,474,0
web-it-2004,1,34,Pure,1,OK,146597.5,9.42512,,9.42512,200632.0,200632,146.30,0.27,2:26.59,0,127032,1,734,0
web-it-2004,1,34,Pure,2,OK,146254.0,6.42631,,6.42631,200732.0,200732,146.05,0.18,2:26.25,0,91951,1,446,0
web-it-2004,1,34,REF_R1,0,OK,146122.0,142590.525,142304,286.525,319624.0,319624,145.74,0.36,2:26.11,0,160287,1,505,0
web-it-2004,1,34,REF_R1,1,OK,146042.1,142011.959,141802,209.959,319524.0,319524,145.83,0.19,2:26.03,0,103783,1,465,0
web-it-2004,1,34,REF_R1,2,OK,145604.3,142125.422,141916,209.422,319584.0,319584,145.40,0.18,2:25.60,0,103783,1,483,0
web-it-2004,1,35,Pure,0,OK,146330.6,6.45439,,6.45439,200676.0,200676,146.13,0.18,2:26.32,0,91874,1,438,0
web-it-2004,1,35,Pure,1,OK,146301.9,6.22761,,6.22761,200628.0,200628,146.12,0.16,2:26.29,0,91871,1,510,0
web-it-2004,1,35,Pure,2,OK,146830.0,8.96825,,8.96825,200556.0,200556,146.59,0.22,2:26.82,0,130417,1,485,0
web-it-2004,1,35,REF_R1,0,OK,145947.1,142411.29,142155,256.29,319268.0,319268,145.61,0.32,2:25.94,0,148819,1,564,0
web-it-2004,1,35,REF_R1,1,OK,146207.2,142674.71,142388,286.71,319244.0,319244,145.82,0.37,2:26.20,0,160825,1,435,0
web-it-2004,1,35,REF_R1,2,OK,145928.3,142431.056,142221,210.056,319276.0,319276,145.75,0.16,2:25.92,0,103706,1,476,0
web-it-2004,1,36,Pure,0,OK,146476.8,6.22673,,6.22673,200428.0,200428,146.26,0.20,2:26.47,0,91789,1,391,0
web-it-2004,1,36,Pure,1,OK,146941.3,6.38807,,6.38807,200432.0,200432,146.75,0.16,2:26.93,0,91791,1,517,0
web-it-2004,1,36,Pure,2,OK,146877.2,9.1521,,9.1521,200500.0,200500,146.60,0.26,2:26.87,0,133416,1,420,0
web-it-2004,1,36,REF_R1,0,OK,145547.0,142364.709,142100,264.709,318976.0,318976,145.21,0.31,2:25.54,0,151309,1,531,0
web-it-2004,1,36,REF_R1,1,OK,145557.3,142061.79,141850,211.79,318816.0,318816,145.34,0.20,2:25.55,0,103621,1,491,0
web-it-2004,1,36,REF_R1,2,OK,145478.7,141986.378,141776,210.378,318776.0,318776,145.28,0.18,2:25.47,0,103622,1,456,0
web-it-2004,1,37,Pure,0,OK,146361.8,8.81935,,8.81935,200244.0,200244,146.07,0.27,2:26.35,0,131826,1,547,0
web-it-2004,1,37,Pure,1,OK,146484.9,6.06159,,6.06159,200412.0,200412,146.32,0.15,2:26.48,0,91705,1,510,0
web-it-2004,1,37,Pure,2,OK,146735.4,9.12506,,9.12506,200216.0,200216,146.46,0.25,2:26.73,0,129708,1,461,0
web-it-2004,1,37,REF_R1,0,OK,145910.5,142391.197,142150,241.197,318384.0,318384,145.60,0.29,2:25.90,0,146215,1,522,0
web-it-2004,1,37,REF_R1,1,OK,145583.7,142088.355,141889,199.355,318236.0,318236,145.32,0.24,2:25.58,0,103491,1,577,0
web-it-2004,1,37,REF_R1,2,OK,145499.5,142045.335,141848,197.335,318416.0,318416,145.32,0.16,2:25.49,0,103492,1,407,0
web-it-2004,1,38,Pure,0,OK,146425.7,6.25885,,6.25885,200276.0,200276,146.21,0.19,2:26.42,0,92151,1,609,0
web-it-2004,1,38,Pure,1,OK,145908.1,5.90329,,5.90329,200284.0,200284,145.73,0.16,2:25.90,0,91636,1,585,0
web-it-2004,1,38,Pure,2,OK,146741.3,8.95451,,8.95451,200244.0,200244,146.41,0.31,2:26.73,0,130497,1,501,0
web-it-2004,1,38,REF_R1,0,OK,145529.8,142061.507,141860,201.507,317352.0,317352,145.35,0.16,2:25.52,0,103232,1,523,0
web-it-2004,1,38,REF_R1,1,OK,145608.4,142093.715,141892,201.715,317292.0,317292,145.43,0.15,2:25.60,0,103231,1,499,0
web-it-2004,1,38,REF_R1,2,OK,145508.4,142007.901,141806,201.901,317340.0,317340,145.33,0.16,2:25.50,0,103233,1,434,0
web-it-2004,1,39,Pure,0,OK,146316.0,5.82561,,5.82561,200060.0,200060,146.14,0.15,2:26.31,0,91584,1,485,0
web-it-2004,1,39,Pure,1,OK,146765.6,5.81277,,5.81277,200240.0,200240,146.59,0.15,2:26.76,0,92049,1,473,0
web-it-2004,1,39,Pure,2,OK,146293.4,5.81743,,5.81743,200180.0,200180,146.12,0.15,2:26.29,0,91586,1,561,0
web-it-2004,1,39,REF_R1,0,OK,145986.0,142513.807,142313,200.807,316632.0,316632,145.78,0.19,2:25.98,0,103093,1,432,0
web-it-2004,1,39,REF_R1,1,OK,145436.4,141976.09,141776,200.09,316532.0,316532,145.26,0.15,2:25.43,0,103052,1,504,0
web-it-2004,1,39,REF_R1,2,OK,145843.5,142317.359,142076,241.359,316636.0,316636,145.54,0.28,2:25.84,0,144412,1,489,0
web-it-2004,1,40,Pure,0,OK,146468.7,5.7238,,5.7238,199940.0,199940,146.26,0.19,2:26.46,0,91524,1,556,0
web-it-2004,1,40,Pure,1,OK,146253.3,5.66201,,5.66201,200120.0,200120,146.11,0.12,2:26.25,0,91527,1,443,0
web-it-2004,1,40,Pure,2,OK,146716.0,8.67547,,8.67547,200008.0,200008,146.39,0.30,2:26.71,0,129687,1,609,0
web-it-2004,1,40,REF_R1,0,OK,145795.6,142292.912,142050,242.912,316336.0,316336,145.48,0.29,2:25.79,0,147012,1,570,0
web-it-2004,1,40,REF_R1,1,OK,145615.4,142123.232,141924,199.232,316180.0,316180,145.44,0.15,2:25.61,0,102978,1,517,0
web-it-2004,1,40,REF_R1,2,OK,145192.1,142081.811,141881,200.811,316432.0,316432,144.96,0.21,2:25.18,0,102981,1,543,0
web-it-2004,1,41,Pure,0,OK,146229.6,5.77238,,5.77238,200156.0,200156,146.04,0.17,2:26.22,0,91478,1,476,0
web-it-2004,1,41,Pure,1,OK,146808.3,8.91911,,8.91911,199936.0,199936,146.53,0.25,2:26.80,0,131872,1,629,0
web-it-2004,1,41,Pure,2,OK,146750.4,8.81009,,8.81009,200140.0,200140,146.43,0.30,2:26.74,0,129436,1,562,0
web-it-2004,1,41,REF_R1,0,OK,145987.5,142461.96,142197,264.96,316108.0,316108,145.62,0.35,2:25.98,0,157700,1,476,0
web-it-2004,1,41,REF_R1,1,OK,146011.1,141959.872,141769,190.872,316076.0,316076,145.83,0.16,2:26.00,0,102925,1,426,0
web-it-2004,1,41,REF_R1,2,OK,145497.7,141970.133,141779,191.133,316164.0,316164,145.30,0.17,2:25.49,0,102929,1,462,0
web-it-2004,1,42,Pure,0,OK,146226.5,5.60112,,5.60112,199932.0,199932,146.04,0.17,2:26.22,0,91422,1,450,0
web-it-2004,1,42,Pure,1,OK,146584.0,8.58894,,8.58894,199912.0,199912,146.28,0.28,2:26.58,0,127110,1,529,0
web-it-2004,1,42,Pure,2,OK,146498.7,5.66673,,5.66673,200012.0,200012,146.30,0.17,2:26.49,0,91425,1,521,0
web-it-2004,1,42,REF_R1,0,OK,145095.1,141982.022,141788,194.022,315880.0,315880,144.89,0.18,2:25.09,0,102887,1,519,0
web-it-2004,1,42,REF_R1,1,OK,145424.0,141951.53,141759,192.53,315900.0,315900,145.20,0.20,2:25.42,0,102884,1,578,0
web-it-2004,1,42,REF_R1,2,OK,145471.4,142000.79,141807,193.79,315848.0,315848,145.28,0.17,2:25.46,0,102881,1,547,0
web-it-2004,1,43,Pure,0,OK,146233.1,5.57366,,5.57366,199832.0,199832,146.05,0.16,2:26.23,0,91368,1,472,0
web-it-2004,1,43,Pure,1,OK,146497.4,5.61644,,5.61644,199796.0,199796,146.33,0.15,2:26.49,0,91368,1,442,0
web-it-2004,1,43,Pure,2,OK,145998.5,5.62321,,5.62321,199600.0,199600,145.83,0.15,2:25.99,0,91367,1,541,0
web-it-2004,1,43,REF_R1,0,OK,145566.1,142416.287,142171,245.287,315868.0,315868,145.31,0.23,2:25.56,0,148661,1,553,0
web-it-2004,1,43,REF_R1,1,OK,145667.1,142019.79,141827,192.79,315660.0,315660,145.43,0.21,2:25.66,0,102842,1,470,0
web-it-2004,1,43,REF_R1,2,OK,146006.3,142504.859,142242,262.859,315716.0,315716,145.66,0.32,2:26.00,0,157010,1,495,0
web-it-2004,1,44,Pure,0,OK,146367.1,5.53845,,5.53845,199796.0,199796,146.16,0.18,2:26.36,0,91313,1,505,0
web-it-2004,1,44,Pure,1,OK,146784.2,8.53779,,8.53779,199724.0,199724,146.51,0.25,2:26.78,0,129765,1,581,0
web-it-2004,1,44,Pure,2,OK,146500.4,5.62399,,5.62399,199820.0,199820,146.30,0.17,2:26.49,0,91314,1,553,0
web-it-2004,1,44,REF_R1,0,OK,145055.7,141947.8,141752,195.8,315424.0,315424,144.85,0.18,2:25.05,0,102796,1,519,0
web-it-2004,1,44,REF_R1,1,OK,145361.0,141902.735,141709,193.735,315508.0,315508,145.16,0.18,2:25.35,0,103309,1,507,0
web-it-2004,1,44,REF_R1,2,OK,145950.9,142428.349,142173,255.349,315796.0,315796,145.64,0.29,2:25.94,0,153141,1,482,0
web-it-2004,1,45,Pure,0,OK,146458.3,5.4851,,5.4851,199596.0,199596,146.25,0.18,2:26.45,0,91256,1,506,0
web-it-2004,1,45,Pure,1,OK,147098.7,8.44706,,8.44706,199624.0,199624,146.83,0.25,2:27.09,0,127539,1,522,0
web-it-2004,1,45,Pure,2,OK,146516.7,5.503,,5.503,199600.0,199600,146.33,0.17,2:26.51,0,91253,1,508,0
web-it-2004,1,45,REF_R1,0,OK,144984.1,141880.429,141687,193.429,315464.0,315464,144.81,0.15,2:24.98,0,102776,1,604,0
web-it-2004,1,45,REF_R1,1,OK,145477.9,142330.995,142083,247.995,315440.0,315440,145.16,0.29,2:25.47,0,151750,1,574,0
web-it-2004,1,45,REF_R1,2,OK,147056.1,143526.324,143280,246.324,315700.0,315700,146.75,0.28,2:27.05,0,147906,1,475,0
web-it-2004,1,46,Pure,0,OK,146763.1,8.12619,,8.12619,199660.0,199660,146.46,0.28,2:26.76,0,129846,1,581,0
web-it-2004,1,46,Pure,1,OK,146834.7,8.12881,,8.12881,199476.0,199476,146.54,0.27,2:26.83,0,128556,1,553,0
web-it-2004,1,46,Pure,2,OK,146276.2,5.46952,,5.46952,199516.0,199516,146.09,0.16,2:26.27,0,91197,1,597,0
web-it-2004,1,46,REF_R1,0,OK,145550.5,142073.546,141876,197.546,315320.0,315320,145.37,0.16,2:25.54,0,102735,1,511,0
web-it-2004,1,46,REF_R1,1,OK,145177.5,141962.196,141766,196.196,315428.0,315428,145.04,0.11,2:25.17,0,102737,1,544,0
web-it-2004,1,46,REF_R1,2,OK,145912.9,142424.247,142203,221.247,315292.0,315292,145.56,0.33,2:25.91,0,142811,1,536,0
web-it-2004,1,47,Pure,0,OK,146782.7,8.45816,,8.45816,199524.0,199524,146.47,0.29,2:26.77,0,130755,1,546,0
web-it-2004,1,47,Pure,1,OK,147037.0,8.44432,,8.44432,199224.0,199224,146.72,0.30,2:27.03,0,132229,1,481,0
web-it-2004,1,47,Pure,2,OK,146323.4,5.42504,,5.42504,199520.0,199520,146.13,0.17,2:26.32,0,91139,1,506,0
web-it-2004,1,47,REF_R1,0,OK,145358.9,141863.28,141674,189.28,315144.0,315144,145.19,0.14,2:25.35,0,102677,1,518,0
web-it-2004,1,47,REF_R1,1,OK,145386.5,141892.897,141702,190.897,315148.0,315148,145.15,0.21,2:25.38,0,102680,1,490,0
web-it-2004,1,47,REF_R1,2,OK,145412.2,141918.077,141728,190.077,315088.0,315088,145.20,0.19,2:25.40,0,103426,1,534,0
web-it-2004,1,48,Pure,0,OK,146971.2,8.00596,,8.00596,199276.0,199276,146.68,0.27,2:26.96,0,129029,1,523,0
web-it-2004,1,48,Pure,1,OK,146306.1,5.34239,,5.34239,199292.0,199292,146.13,0.15,2:26.30,0,91077,1,571,0
web-it-2004,1,48,Pure,2,OK,146408.8,5.31125,,5.31125,199436.0,199436,146.25,0.14,2:26.40,0,91076,1,504,0
web-it-2004,1,48,REF_R1,0,OK,145611.7,142079.407,141889,190.407,314764.0,314764,145.43,0.16,2:25.60,0,102618,1,488,0
web-it-2004,1,48,REF_R1,1,OK,145793.9,142253.713,142026,227.713,314732.0,314732,145.50,0.27,2:25.79,0,142697,1,476,0
web-it-2004,1,48,REF_R1,2,OK,145500.7,141849.09,141659,190.09,314696.0,314696,145.30,0.18,2:25.49,0,102616,1,512,0
web-it-2004,1,49,Pure,0,OK,146777.0,8.34098,,8.34098,199160.0,199160,146.48,0.27,2:26.77,0,130027,1,620,0
web-it-2004,1,49,Pure,1,OK,146393.2,5.32709,,5.32709,199196.0,199196,146.21,0.16,2:26.39,0,91016,1,443,0
web-it-2004,1,49,Pure,2,OK,145870.2,5.25898,,5.25898,199188.0,199188,145.76,0.09,2:25.86,0,91017,1,625,0
web-it-2004,1,49,REF_R1,0,OK,145293.4,141770.673,141568,202.673,314296.0,314296,145.10,0.17,2:25.29,0,102513,1,499,0
web-it-2004,1,49,REF_R1,1,OK,145494.8,141830.049,141639,191.049,314392.0,314392,145.33,0.14,2:25.49,0,102513,1,539,0
web-it-2004,1,49,REF_R1,2,OK,145288.8,141791.472,141596,195.472,314292.0,314292,145.09,0.17,2:25.28,0,102513,1,599,0
web-it-2004,1,50,Pure,0,OK,146342.8,5.26837,,5.26837,198752.0,198752,146.16,0.16,2:26.34,0,90921,1,465,0
web-it-2004,1,50,Pure,1,OK,146002.7,5.30627,,5.30627,198736.0,198736,145.81,0.17,2:26.00,0,90921,1,486,0
web-it-2004,1,50,Pure,2,OK,146281.6,5.31928,,5.31928,198972.0,198972,146.11,0.15,2:26.27,0,91361,1,524,0
web-it-2004,1,50,REF_R1,0,OK,145404.2,141945.903,141752,193.903,314092.0,314092,145.24,0.14,2:25.40,0,102389,1,526,0
web-it-2004,1,50,REF_R1,1,OK,145875.4,142175.466,141929,246.466,314016.0,314016,145.54,0.31,2:25.87,0,150684,1,525,0
web-it-2004,1,50,REF_R1,2,OK,145308.9,141818.783,141624,194.783,313964.0,313964,145.09,0.20,2:25.30,0,102384,1,489,0
web-it-2004,1,51,Pure,0,OK,145923.8,5.23279,,5.23279,198880.0,198880,145.77,0.13,2:25.92,0,90858,1,598,0
web-it-2004,1,51,Pure,1,OK,146218.4,5.16499,,5.16499,198860.0,198860,146.06,0.13,2:26.21,0,90857,1,692,0
web-it-2004,1,51,Pure,2,OK,146492.5,5.26909,,5.26909,198740.0,198740,146.33,0.14,2:26.48,0,90859,1,539,0
web-it-2004,1,51,REF_R1,0,OK,144892.6,141789.206,141596,193.206,312572.0,312572,144.73,0.14,2:24.88,0,102008,1,518,0
web-it-2004,1,51,REF_R1,1,OK,144815.2,141706.827,141514,192.827,312524.0,312524,144.61,0.18,2:24.81,0,102008,1,516,0
web-it-2004,1,51,REF_R1,2,OK,144861.0,141748.419,141556,192.419,312436.0,312436,144.66,0.18,2:24.85,0,102007,1,545,0
web-it-2004,1,52,Pure,0,OK,146365.1,8.28629,,8.28629,198916.0,198916,146.13,0.21,2:26.36,0,130427,1,542,0
web-it-2004,1,52,Pure,1,OK,146512.1,5.30603,,5.30603,198748.0,198748,146.33,0.16,2:26.50,0,90796,1,530,0
web-it-2004,1,52,Pure,2,OK,146073.1,5.18209,,5.18209,198636.0,198636,145.89,0.16,2:26.07,0,90795,1,532,0
web-it-2004,1,52,REF_R1,0,OK,144937.4,141827.863,141636,191.863,311504.0,311504,144.74,0.17,2:24.93,0,101785,1,528,0
web-it-2004,1,52,REF_R1,1,OK,145246.2,141598.054,141407,191.054,311600.0,311600,145.06,0.16,2:25.24,0,102255,1,590,0
web-it-2004,1,52,REF_R1,2,OK,145139.5,141674.681,141483,191.681,311544.0,311544,144.94,0.17,2:25.13,0,101785,1,512,0
web-it-2004,1,53,Pure,0,OK,146238.2,5.09103,,5.09103,198452.0,198452,146.04,0.18,2:26.23,0,90730,1,565,0
web-it-2004,1,53,Pure,1,OK,146752.2,8.20567,,8.20567,198692.0,198692,146.46,0.27,2:26.74,0,127507,1,609,0
web-it-2004,1,53,Pure,2,OK,146260.2,5.13223,,5.13223,198452.0,198452,146.08,0.15,2:26.25,0,90729,1,572,0
web-it-2004,1,53,REF_R1,0,OK,145754.3,142171.979,141906,265.979,310944.0,310944,145.40,0.33,2:25.75,0,154929,1,466,0
web-it-2004,1,53,REF_R1,1,OK,145191.1,141659.33,141464.0,195.33,310808.0,310808,144.98,0.19,2:25.18,0,101616,1,597,0
web-it-2004,1,53,REF_R1,2,OK,145317.5,141754.583,141558.0,196.583,310784.0,310784,145.11,0.18,2:25.31,0,101619,1,665,0
web-it-2004,1,54,Pure,0,OK,146478.0,5.11093,,5.11093,198304.0,198304,146.30,0.15,2:26.47,0,90663,1,601,0
web-it-2004,1,54,Pure,1,OK,146366.3,5.09451,,5.09451,198336.0,198336,146.22,0.12,2:26.36,0,90660,1,571,0
web-it-2004,1,54,Pure,2,OK,146943.9,8.0504,,8.0504,198592.0,198592,146.63,0.29,2:26.94,0,127735,1,533,0
web-it-2004,1,54,REF_R1,0,OK,146194.6,142532.911,142310.0,222.911,310736.0,310736,145.86,0.31,2:26.19,0,141619,1,529,0
web-it-2004,1,54,REF_R1,1,OK,145977.5,142369.972,142178.0,191.972,310724.0,310724,145.73,0.22,2:25.97,0,101559,1,780,0
web-it-2004,1,54,REF_R1,2,OK,145504.5,141975.311,141783.0,192.311,310604.0,310604,145.29,0.19,2:25.50,0,101556,1,819,0
web-it-2004,1,55,Pure,0,OK,146859.7,8.27383,,8.27383,198444.0,198444,146.54,0.29,2:26.85,0,130837,1,691,0
web-it-2004,1,55,Pure,1,OK,146774.7,5.0945,,5.0945,198372.0,198372,146.54,0.20,2:26.77,0,90596,1,813,0
web-it-2004,1,55,Pure,2,OK,146757.4,8.07187,,8.07187,198388.0,198388,146.47,0.26,2:26.75,0,124971,1,591,0
web-it-2004,1,55,REF_R1,0,OK,145657.2,142118.86,141929.0,189.86,310528.0,310528,145.47,0.16,2:25.65,0,101510,1,715,0
web-it-2004,1,55,REF_R1,1,OK,145684.2,142175.667,141988.0,187.667,310272.0,310272,145.45,0.21,2:25.68,0,101506,1,657,0
web-it-2004,1,55,REF_R1,2,OK,146667.6,142770.359,142510.0,260.359,310436.0,310436,146.29,0.35,2:26.66,0,155489,1,534,0
web-it-2004,1,56,Pure,0,OK,147184.6,5.18741,,5.18741,198204.0,198204,146.95,0.21,2:27.18,0,90531,1,587,0
web-it-2004,1,56,Pure,1,OK,146891.7,7.99902,,7.99902,198156.0,198156,146.62,0.25,2:26.88,0,124590,1,596,0
com-orkut,1,2,Pure,0,OK,673922.3,13924.4,,13924.4,6352040.0,6352040,665.56,8.19,11:13.91,0,4449959,26,2221,0
com-orkut,1,2,Pure,1,OK,701184.3,14264.5,,14264.5,6352148.0,6352148,691.27,9.87,11:41.18,0,5278732,1,1892,0
com-orkut,1,2,Pure,2,OK,696499.0,13954.1,,13954.1,6351988.0,6351988,688.08,8.37,11:36.49,0,4576663,1,1664,0
com-orkut,1,2,REF_R1,0,OK,749169.0,668912.1,617607.0,51305.1,24882904.0,24882904,737.83,11.29,12:29.16,0,8099608,1,1597,0
com-orkut,1,2,REF_R1,1,OK,760065.2,677961.1,626462.0,51499.1,24882976.0,24882976,748.04,11.96,12:40.06,0,8329559,1,2001,0
com-orkut,1,2,REF_R1,2,OK,772370.5,691508.2,634941.0,56567.2,24883036.0,24883036,756.29,16.03,12:52.36,0,8973977,1,1818,0
com-orkut,1,3,Pure,0,OK,1189484.3,49706.3,,49706.3,31056616.0,31056616,1163.88,25.55,19:49.48,0,17245790,1,2158,0
com-orkut,1,3,Pure,1,OK,1213861.6,47758.1,,47758.1,31056324.0,31056324,1184.20,29.61,20:13.85,0,18243583,1,1990,0
com-orkut,1,3,Pure,2,OK,1186037.2,48120.4,,48120.4,31056360.0,31056360,1156.76,29.23,19:46.03,0,18404546,1,1674,0
com-orkut,1,3,REF_R1,0,OK,1490174.4,214483.0,,214483.0,83166480.0,83166480,1450.74,39.36,24:50.17,0,24455990,1,2546,0
com-orkut,1,3,REF_R1,1,OK,1505923.2,218890.0,,218890.0,83166344.0,83166344,1452.64,53.19,25:05.92,0,25827141,1,3274,0
com-orkut,1,3,REF_R1,2,OK,1468192.4,209722.0,,209722.0,83166348.0,83166348,1424.14,44.00,24:28.18,0,24216323,1,2119,0
com-orkut,1,4,Pure,0,OK,1761254.2,87170.4,,87170.4,79070884.0,79070884,1706.00,55.21,29:21.25,0,42631660,1,2236,0
com-orkut,1,4,Pure,1,OK,1767681.9,88447.7,,88447.7,79070752.0,79070752,1710.50,57.14,29:27.67,0,42631180,1,2112,0
com-orkut,1,4,Pure,2,OK,1784535.4,87946.5,,87946.5,79070776.0,79070776,1717.29,67.18,29:44.53,0,45336443,1,2658,0
com-orkut,1,4,REF_R1,0,OK,2969245.3,769381.0,,769381.0,223287120.0,223287120,2696.31,272.67,49:29.24,0,137742144,1,6217,0
com-orkut,1,4,REF_R1,1,OK,2817644.5,632411.0,,632411.0,223286892.0,223286892,2645.63,171.85,46:57.64,0,103754197,1,5614,0
com-orkut,1,4,REF_R1,2,OK,2887279.1,698924.0,,698924.0,223287200.0,223287200,2643.39,243.68,48:07.27,0,114711406,1,6214,0
com-orkut,1,5,Pure,0,OK,2460447.6,91542.4,,91542.4,211412144.0,211412144,2279.03,181.29,41:00.44,0,118185377,1,4122,0
com-orkut,1,5,Pure,1,OK,2339403.3,89168.2,,89168.2,211411932.0,211411932,2194.96,144.28,38:59.40,0,117790102,1,7188,0
com-orkut,1,5,Pure,2,OK,2339435.6,89325.7,,89325.7,211412028.0,211412028,2194.21,145.08,38:59.43,0,117790107,1,6339,0
com-orkut,1,5,REF_R1,0,TIMEOUT,3600000.0,,,,,,,,,,,,,
com-orkut,1,5,REF_R1,1,SKIP_FLOOR,,,,,,,,,,,,,,
com-orkut,1,5,REF_R1,2,SKIP_FLOOR,,,,,,,,,,,,,,
com-orkut,1,6,Pure,0,OK,3272127.6,125412.0,,125412.0,421124944.0,421124944,2779.66,483.78,54:32.10,15255,295581802,16811,11137,0
com-orkut,1,6,Pure,1,OK,3175483.0,126725.0,,126725.0,421127248.0,421127248,2766.11,409.01,52:55.47,6,284885417,21,11088,0
com-orkut,1,6,Pure,2,OK,3213980.2,125789.0,,125789.0,421127444.0,421127444,2804.71,408.92,53:33.97,0,284357043,1,10929,0
com-orkut,1,6,REF_R1,0,SKIP_FLOOR,,,,,,,,,,,,,,
com-orkut,1,6,REF_R1,1,SKIP_FLOOR,,,,,,,,,,,,,,
com-orkut,1,6,REF_R1,2,SKIP_FLOOR,,,,,,,,,,,,,,
com-orkut,1,7,Pure,0,TIMEOUT,3600000.0,,,,,,,,,,,,,
com-orkut,1,7,Pure,1,SKIP_FLOOR,,,,,,,,,,,,,,
com-orkut,1,7,Pure,2,SKIP_FLOOR,,,,,,,,,,,,,,
com-orkut,1,7,REF_R1,0,SKIP_FLOOR,,,,,,,,,,,,,,
com-orkut,1,7,REF_R1,1,SKIP_FLOOR,,,,,,,,,,,,,,
com-orkut,1,7,REF_R1,2,SKIP_FLOOR,,,,,,,,,,,,,,
com-orkut,1,8,Pure,0,SKIP_FLOOR,,,,,,,,,,,,,,
com-orkut,1,8,Pure,1,SKIP_FLOOR,,,,,,,,,,,,,,
com-orkut,1,8,Pure,2,SKIP_FLOOR,,,,,,,,,,,,,,
com-orkut,1,8,REF_R1,0,SKIP_FLOOR,,,,,,,,,,,,,,
com-orkut,1,8,REF_R1,1,SKIP_FLOOR,,,,,,,,,,,,,,
com-orkut,1,8,REF_R1,2,SKIP_FLOOR,,,,,,,,,,,,,,
com-orkut,1,9,Pure,0,SKIP_FLOOR,,,,,,,,,,,,,,
com-orkut,1,9,Pure,1,SKIP_FLOOR,,,,,,,,,,,,,,
com-orkut,1,9,Pure,2,SKIP_FLOOR,,,,,,,,,,,,,,
com-orkut,1,9,REF_R1,0,SKIP_FLOOR,,,,,,,,,,,,,,
com-orkut,1,9,REF_R1,1,SKIP_FLOOR,,,,,,,,,,,,,,
com-orkut,1,9,REF_R1,2,SKIP_FLOOR,,,,,,,,,,,,,,
com-orkut,1,10,Pure,0,SKIP_FLOOR,,,,,,,,,,,,,,
com-orkut,1,10,Pure,1,SKIP_FLOOR,,,,,,,,,,,,,,
com-orkut,1,10,Pure,2,SKIP_FLOOR,,,,,,,,,,,,,,
com-orkut,1,10,REF_R1,0,SKIP_FLOOR,,,,,,,,,,,,,,
com-orkut,1,10,REF_R1,1,SKIP_FLOOR,,,,,,,,,,,,,,
com-orkut,1,10,REF_R1,2,SKIP_FLOOR,,,,,,,,,,,,,,
com-orkut,1,11,Pure,0,SKIP_FLOOR,,,,,,,,,,,,,,
com-orkut,1,11,Pure,1,SKIP_FLOOR,,,,,,,,,,,,,,
com-orkut,1,11,Pure,2,SKIP_FLOOR,,,,,,,,,,,,,,
com-orkut,1,11,REF_R1,0,SKIP_FLOOR,,,,,,,,,,,,,,
com-orkut,1,11,REF_R1,1,SKIP_FLOOR,,,,,,,,,,,,,,
com-orkut,1,11,REF_R1,2,SKIP_FLOOR,,,,,,,,,,,,,,
com-orkut,1,12,Pure,0,SKIP_FLOOR,,,,,,,,,,,,,,
com-orkut,1,12,Pure,1,SKIP_FLOOR,,,,,,,,,,,,,,
com-orkut,1,12,Pure,2,SKIP_FLOOR,,,,,,,,,,,,,,
com-orkut,1,12,REF_R1,0,SKIP_FLOOR,,,,,,,,,,,,,,
com-orkut,1,12,REF_R1,1,SKIP_FLOOR,,,,,,,,,,,,,,
com-orkut,1,12,REF_R1,2,SKIP_FLOOR,,,,,,,,,,,,,,
com-orkut,1,13,Pure,0,SKIP_FLOOR,,,,,,,,,,,,,,
com-orkut,1,13,Pure,1,SKIP_FLOOR,,,,,,,,,,,,,,
com-orkut,1,13,Pure,2,SKIP_FLOOR,,,,,,,,,,,,,,
com-orkut,1,13,REF_R1,0,SKIP_FLOOR,,,,,,,,,,,,,,
com-orkut,1,13,REF_R1,1,SKIP_FLOOR,,,,,,,,,,,,,,
com-orkut,1,13,REF_R1,2,SKIP_FLOOR,,,,,,,,,,,,,,
com-orkut,1,14,Pure,0,SKIP_FLOOR,,,,,,,,,,,,,,
com-orkut,1,14,Pure,1,SKIP_FLOOR,,,,,,,,,,,,,,
com-orkut,1,14,Pure,2,SKIP_FLOOR,,,,,,,,,,,,,,
com-orkut,1,14,REF_R1,0,SKIP_FLOOR,,,,,,,,,,,,,,
com-orkut,1,14,REF_R1,1,SKIP_FLOOR,,,,,,,,,,,,,,
com-orkut,1,14,REF_R1,2,SKIP_FLOOR,,,,,,,,,,,,,,
com-orkut,1,15,Pure,0,SKIP_FLOOR,,,,,,,,,,,,,,
com-orkut,1,15,Pure,1,SKIP_FLOOR,,,,,,,,,,,,,,
com-orkut,1,15,Pure,2,SKIP_FLOOR,,,,,,,,,,,,,,
com-orkut,1,15,REF_R1,0,SKIP_FLOOR,,,,,,,,,,,,,,
com-orkut,1,15,REF_R1,1,SKIP_FLOOR,,,,,,,,,,,,,,
com-orkut,1,15,REF_R1,2,SKIP_FLOOR,,,,,,,,,,,,,,
wiki-Talk,1,2,Pure,0,OK,29327.5,234.678,,234.678,853456.0,853456,28.74,0.57,0:29.32,0,343820,6,56,0
wiki-Talk,1,2,Pure,1,OK,28755.7,224.856,,224.856,853428.0,853428,28.25,0.49,0:28.75,0,343820,1,66,0
wiki-Talk,1,2,Pure,2,OK,28689.1,223.588,,223.588,853428.0,853428,28.20,0.48,0:28.68,0,343819,1,63,0
wiki-Talk,1,2,REF_R1,0,OK,30756.5,27851.38,26273.5,1577.88,1792040.0,1792040,30.06,0.68,0:30.75,1,514532,2,61,0
wiki-Talk,1,2,REF_R1,1,OK,30742.5,27840.52,26265.9,1574.62,1792028.0,1792028,30.07,0.66,0:30.74,0,514532,1,70,0
wiki-Talk,1,2,REF_R1,2,OK,31123.2,27805.81,26246.5,1559.31,1792100.0,1792100,30.44,0.67,0:31.12,0,514529,1,62,0
wiki-Talk,1,3,Pure,0,OK,46128.5,355.915,,355.915,931236.0,931236,45.46,0.65,0:46.12,0,444517,1,89,0
wiki-Talk,1,3,Pure,1,OK,46132.2,355.68,,355.68,931300.0,931300,45.47,0.65,0:46.12,0,444519,1,92,0
wiki-Talk,1,3,Pure,2,OK,46144.3,361.136,,361.136,931188.0,931188,45.52,0.61,0:46.14,0,444516,1,87,0
wiki-Talk,1,3,REF_R1,0,OK,50052.9,47204.4,44619.0,2585.4,2110396.0,2110396,49.13,0.90,0:50.05,0,622198,1,119,0
wiki-Talk,1,3,REF_R1,1,OK,50065.9,47216.259999999995,44624.7,2591.56,2110352.0,2110352,49.13,0.92,0:50.06,0,622199,1,126,0
wiki-Talk,1,3,REF_R1,2,OK,50039.8,47190.04,44604.8,2585.24,2110524.0,2110524,49.15,0.87,0:50.03,0,622200,1,120,0
wiki-Talk,1,4,Pure,0,OK,73405.7,857.212,,857.212,2298944.0,2298944,71.59,1.80,1:13.40,0,1383041,1,144,0
wiki-Talk,1,4,Pure,1,OK,73486.5,864.928,,864.928,2298876.0,2298876,71.60,1.87,1:13.48,0,1383044,1,140,0
wiki-Talk,1,4,Pure,2,OK,73112.3,871.648,,871.648,2298928.0,2298928,71.29,1.81,1:13.10,0,1383045,1,143,0
wiki-Talk,1,4,REF_R1,0,OK,95671.0,91841.4,80031.4,11810.0,6967776.0,6967776,92.96,2.69,1:35.66,0,2029518,1,218,0
wiki-Talk,1,4,REF_R1,1,OK,95691.0,91857.1,80069.6,11787.5,6968092.0,6968092,92.91,2.76,1:35.68,0,2029522,1,183,0
wiki-Talk,1,4,REF_R1,2,OK,95458.4,91684.9,79956.0,11728.9,6967928.0,6967928,92.68,2.76,1:35.45,0,2029517,1,222,0
wiki-Talk,1,5,Pure,0,OK,104089.3,2532.73,,2532.73,7360524.0,7360524,98.70,5.37,1:44.08,0,4315071,1,240,0
wiki-Talk,1,5,Pure,1,OK,103984.1,2526.38,,2526.38,7360736.0,7360736,98.80,5.17,1:43.98,0,4315072,1,199,0
wiki-Talk,1,5,Pure,2,OK,104023.1,2528.1,,2528.1,7360572.0,7360572,98.62,5.39,1:44.02,0,4315073,1,218,0
wiki-Talk,1,5,REF_R1,0,OK,183091.3,178044.7,137457.0,40587.7,19617484.0,19617484,176.17,6.90,3:03.08,0,5620125,1,409,0
wiki-Talk,1,5,REF_R1,1,OK,183200.4,178180.4,137513.0,40667.4,19617588.0,19617588,176.25,6.93,3:03.19,0,5620129,1,406,0
wiki-Talk,1,5,REF_R1,2,OK,183554.8,178524.1,137714.0,40810.1,19617516.0,19617516,176.36,7.17,3:03.55,0,5620127,1,571,0
wiki-Talk,1,6,Pure,0,OK,131860.8,5660.14,,5660.14,16052852.0,16052852,121.70,10.13,2:11.85,0,8875266,1,419,0
wiki-Talk,1,6,Pure,1,OK,131940.1,5571.47,,5571.47,16052892.0,16052892,121.08,10.84,2:11.93,0,8875267,1,304,0
wiki-Talk,1,6,Pure,2,OK,132486.1,5611.84,,5611.84,16052744.0,16052744,121.64,10.82,2:12.48,0,8875266,1,419,0
wiki-Talk,1,6,REF_R1,0,OK,309494.0,302992.2,213957.0,89035.2,37571960.0,37571960,295.02,14.45,5:09.49,0,11770712,1,737,0
wiki-Talk,1,6,REF_R1,1,OK,310728.7,304165.8,214782.0,89383.8,37571952.0,37571952,296.23,14.47,5:10.72,0,11770712,1,690,0
wiki-Talk,1,6,REF_R1,2,OK,311497.8,304880.3,215160.0,89720.3,37571996.0,37571996,296.94,14.53,5:11.49,0,11770712,1,658,0
wiki-Talk,1,7,Pure,0,OK,154107.0,8085.5,,8085.5,26435108.0,26435108,136.74,17.35,2:34.10,0,14517044,1,337,0
wiki-Talk,1,7,Pure,1,OK,154273.6,8066.18,,8066.18,26435148.0,26435148,136.79,17.46,2:34.27,0,14517042,1,318,0
wiki-Talk,1,7,Pure,2,OK,154531.3,8118.2,,8118.2,26434972.0,26434972,137.18,17.33,2:34.52,0,14517042,1,360,0
wiki-Talk,1,7,REF_R1,0,OK,423076.2,415440.0,279402.0,136038.0,51951804.0,51951804,402.55,20.48,7:03.07,0,16743557,1,1244,0
wiki-Talk,1,7,REF_R1,1,OK,425084.3,417427.0,280721.0,136706.0,51951804.0,51951804,404.55,20.50,7:05.08,0,16743557,1,1030,0
wiki-Talk,1,7,REF_R1,2,OK,424444.2,417212.0,280406.0,136806.0,51951652.0,51951652,403.93,20.47,7:04.44,0,16743556,1,1114,0
wiki-Talk,1,8,Pure,0,OK,162843.2,9566.41,,9566.41,27575088.0,27575088,144.03,18.79,2:42.84,0,15776302,1,450,0
wiki-Talk,1,8,Pure,1,OK,162728.3,9721.16,,9721.16,27575020.0,27575020,144.07,18.64,2:42.72,0,15776300,1,339,0
wiki-Talk,1,8,Pure,2,OK,162328.0,9571.57,,9571.57,27575016.0,27575016,143.45,18.85,2:42.32,0,15776300,1,453,0
wiki-Talk,1,8,REF_R1,0,OK,481521.1,473955.0,316372.0,157583.0,59014884.0,59014884,457.77,23.71,8:01.51,0,19513913,1,1446,0
wiki-Talk,1,8,REF_R1,1,OK,480650.3,473115.0,315441.0,157674.0,59015088.0,59015088,457.22,23.38,8:00.64,0,19513912,1,1547,0
wiki-Talk,1,8,REF_R1,2,OK,478418.6,470458.0,313638.0,156820.0,59015184.0,59015184,454.75,23.62,7:58.41,0,19513916,1,1380,0
wiki-Talk,1,9,Pure,0,OK,164372.3,9955.92,,9955.92,28428912.0,28428912,145.13,19.22,2:44.36,0,16038987,1,441,0
wiki-Talk,1,9,Pure,1,OK,164255.5,9948.82,,9948.82,28428760.0,28428760,145.06,19.18,2:44.25,0,16038985,1,315,0
wiki-Talk,1,9,Pure,2,OK,164521.8,9969.91,,9969.91,28428964.0,28428964,144.95,19.54,2:44.51,0,16038988,1,535,0
wiki-Talk,1,9,REF_R1,0,OK,491531.6,483508.0,322513.0,160995.0,60146652.0,60146652,467.08,24.41,8:11.52,0,20082542,1,1113,0
wiki-Talk,1,9,REF_R1,1,OK,493010.5,484928.0,322958.0,161970.0,60146544.0,60146544,468.73,24.22,8:13.00,0,20082542,1,1600,0
wiki-Talk,1,9,REF_R1,2,OK,489735.9,481783.0,321249.0,160534.0,60146624.0,60146624,466.08,23.61,8:09.73,0,20084079,1,1325,0
wiki-Talk,1,10,Pure,0,OK,163790.2,9857.42,,9857.42,28099636.0,28099636,144.73,19.04,2:43.78,0,15892099,1,343,0
wiki-Talk,1,10,Pure,1,OK,163277.9,9818.8,,9818.8,28099744.0,28099744,144.60,18.65,2:43.27,0,15892103,1,481,0
wiki-Talk,1,10,Pure,2,OK,162757.4,9836.11,,9836.11,28099872.0,28099872,143.69,19.05,2:42.75,0,15892104,1,523,0
wiki-Talk,1,10,REF_R1,0,OK,486735.4,479013.0,320352.0,158661.0,59100160.0,59100160,462.72,23.97,8:06.73,0,19820951,1,1165,0
wiki-Talk,1,10,REF_R1,1,OK,485560.9,477842.0,319853.0,157989.0,59100276.0,59100276,461.85,23.67,8:05.55,0,19820955,1,1088,0
wiki-Talk,1,10,REF_R1,2,OK,483112.3,475845.0,318075.0,157770.0,59100288.0,59100288,459.34,23.73,8:03.10,0,19820958,1,1165,0
wiki-Talk,1,11,Pure,0,OK,163561.2,9684.82,,9684.82,27082264.0,27082264,144.80,18.74,2:43.55,0,15546932,1,327,0
wiki-Talk,1,11,Pure,1,OK,161203.2,9548.49,,9548.49,27082456.0,27082456,142.77,18.41,2:41.20,0,15546931,1,464,0
wiki-Talk,1,11,Pure,2,OK,161371.4,9645.38,,9645.38,27082368.0,27082368,142.92,18.43,2:41.36,0,15546930,1,397,0
wiki-Talk,1,11,REF_R1,0,OK,467456.8,460449.0,308256.0,152193.0,56217868.0,56217868,443.96,23.45,7:47.45,0,18828999,1,1361,0
wiki-Talk,1,11,REF_R1,1,OK,470280.4,462789.0,310526.0,152263.0,56218024.0,56218024,447.21,23.03,7:50.27,0,18828486,1,1175,0
wiki-Talk,1,11,REF_R1,2,OK,467348.9,459945.0,308236.0,151709.0,56218044.0,56218044,444.28,23.03,7:47.34,0,18829001,1,1257,0
wiki-Talk,1,12,Pure,0,OK,158467.4,8962.67,,8962.67,26480620.0,26480620,140.55,17.90,2:38.46,0,14983956,1,419,0
wiki-Talk,1,12,Pure,1,OK,157952.7,8955.73,,8955.73,26480420.0,26480420,140.22,17.71,2:37.95,0,14983955,1,410,0
wiki-Talk,1,12,Pure,2,OK,158038.4,8968.27,,8968.27,26480760.0,26480760,140.09,17.93,2:38.03,0,14983956,1,374,0
wiki-Talk,1,12,REF_R1,0,OK,441917.0,435480.0,295142.0,140338.0,52729600.0,52729600,420.90,20.97,7:21.91,0,17808978,1,1351,0
wiki-Talk,1,12,REF_R1,1,OK,442727.3,436260.0,295400.0,140860.0,52729768.0,52729768,420.72,21.96,7:22.72,0,17809490,1,1168,0
wiki-Talk,1,12,REF_R1,2,OK,441850.4,435403.0,294915.0,140488.0,52729736.0,52729736,420.09,21.70,7:21.84,0,17808978,1,1468,0
wiki-Talk,1,13,Pure,0,OK,153016.7,8034.77,,8034.77,26480540.0,26480540,135.76,17.23,2:33.01,0,14153026,1,569,0
wiki-Talk,1,13,Pure,1,OK,153102.2,8010.83,,8010.83,26480612.0,26480612,136.18,16.90,2:33.09,0,14153025,1,301,0
wiki-Talk,1,13,Pure,2,OK,153353.2,8019.65,,8019.65,26480484.0,26480484,136.24,17.09,2:33.35,0,14153027,1,468,0
wiki-Talk,1,13,REF_R1,0,OK,402490.7,396125.0,273009.0,123116.0,47841128.0,47841128,382.62,19.83,6:42.48,0,16342609,1,1049,0
wiki-Talk,1,13,REF_R1,1,OK,405570.7,399153.0,275089.0,124064.0,47841220.0,47841220,385.58,19.94,6:45.56,0,16342612,1,1314,0
wiki-Talk,1,13,REF_R1,2,OK,402696.6,396285.0,272946.0,123339.0,47841224.0,47841224,383.04,19.62,6:42.69,0,16342610,1,1029,0
wiki-Talk,1,14,Pure,0,OK,146471.7,6701.23,,6701.23,26480716.0,26480716,130.98,15.47,2:26.46,0,13045782,1,292,0
wiki-Talk,1,14,Pure,1,OK,145976.4,6671.32,,6671.32,26481020.0,26481020,130.47,15.49,2:25.97,0,13045788,1,279,0
wiki-Talk,1,14,Pure,2,OK,146951.6,6681.9,,6681.9,26480888.0,26480888,130.98,15.95,2:26.94,0,13045787,1,369,0
wiki-Talk,1,14,REF_R1,0,OK,350923.4,345299.0,242225.0,103074.0,39847952.0,39847952,334.84,16.04,5:50.92,0,13134934,1,1108,0
wiki-Talk,1,14,REF_R1,1,OK,348615.7,343063.0,240875.0,102188.0,39847828.0,39847828,333.20,15.39,5:48.61,0,13135959,1,803,0
wiki-Talk,1,14,REF_R1,2,OK,350976.0,345390.0,242221.0,103169.0,39847768.0,39847768,335.29,15.65,5:50.97,0,13134931,1,882,0
wiki-Talk,1,15,Pure,0,OK,131955.2,5236.26,,5236.26,15096788.0,15096788,121.97,9.96,2:11.95,0,8330436,1,301,0
wiki-Talk,1,15,Pure,1,OK,132063.0,5234.43,,5234.43,15096724.0,15096724,122.08,9.96,2:12.06,0,8330435,1,347,0
wiki-Talk,1,15,Pure,2,OK,131956.7,5239.48,,5239.48,15096900.0,15096900,121.82,10.12,2:11.95,0,8330436,1,295,0
wiki-Talk,1,15,REF_R1,0,OK,290009.4,284981.4,206382.0,78599.4,31329868.0,31329868,277.48,12.50,4:50.00,0,10294817,1,827,0
wiki-Talk,1,15,REF_R1,1,OK,288487.0,283554.8,205518.0,78036.8,31329892.0,31329892,276.12,12.34,4:48.48,0,10294817,1,783,0
wiki-Talk,1,15,REF_R1,2,OK,290065.8,285069.2,206392.0,78677.2,31329748.0,31329748,277.41,12.62,4:50.06,0,10294815,1,935,0
wiki-Talk,1,16,Pure,0,OK,123246.1,3718.15,,3718.15,13066492.0,13066492,114.80,8.43,2:03.24,0,6972373,1,298,0
wiki-Talk,1,16,Pure,1,OK,122807.7,3716.39,,3716.39,13066492.0,13066492,114.29,8.50,2:02.80,0,6972373,1,333,0
wiki-Talk,1,16,Pure,2,OK,123391.5,3730.25,,3730.25,13066608.0,13066608,114.96,8.41,2:03.38,0,6972375,1,335,0
wiki-Talk,1,16,REF_R1,0,OK,226108.0,221866.9,167746.0,54120.9,22314460.0,22314460,217.49,8.59,3:46.10,0,7083703,1,540,0
wiki-Talk,1,16,REF_R1,1,OK,225809.2,222002.2,167909.0,54093.2,22314264.0,22314264,217.01,8.77,3:45.80,0,7083707,1,689,0
wiki-Talk,1,16,REF_R1,2,OK,227141.2,222859.2,168400.0,54459.2,22314260.0,22314260,218.51,8.60,3:47.13,0,7085241,1,726,0
wiki-Talk,1,17,Pure,0,OK,112493.0,2386.67,,2386.67,7001304.0,7001304,107.68,4.80,1:52.49,0,4048679,1,234,0
wiki-Talk,1,17,Pure,1,OK,112657.8,2392.64,,2392.64,7001196.0,7001196,107.59,5.05,1:52.65,0,4048678,1,342,0
wiki-Talk,1,17,Pure,2,OK,113145.8,2393.99,,2393.99,7001396.0,7001396,108.15,4.97,1:53.14,0,4048679,1,209,0
wiki-Talk,1,17,REF_R1,0,OK,171097.2,167308.6,133374.0,33934.6,14210720.0,14210720,165.53,5.53,2:51.09,0,4389101,1,579,0
wiki-Talk,1,17,REF_R1,1,OK,171772.6,167984.0,133919.0,34065.0,14210820.0,14210820,166.20,5.55,2:51.76,0,4389099,1,423,0
wiki-Talk,1,17,REF_R1,2,OK,171057.7,167278.7,133399.0,33879.7,14210732.0,14210732,165.79,5.25,2:51.05,0,4389099,1,457,0
wiki-Talk,1,18,Pure,0,OK,104891.8,1352.2,,1352.2,4025072.0,4025072,102.07,2.80,1:44.88,0,2258409,1,322,0
wiki-Talk,1,18,Pure,1,OK,104568.7,1348.91,,1348.91,4025032.0,4025032,101.81,2.74,1:44.56,0,2258409,1,338,0
wiki-Talk,1,18,Pure,2,OK,104955.8,1342.25,,1342.25,4024980.0,4024980,102.16,2.77,1:44.95,0,2258406,1,264,0
wiki-Talk,1,18,REF_R1,0,OK,126059.1,123024.1,104829.0,18195.1,8517484.0,8517484,122.91,3.13,2:06.05,0,2546899,1,300,0
wiki-Talk,1,18,REF_R1,1,OK,126722.5,123254.7,104950.0,18304.7,8517692.0,8517692,123.44,3.26,2:06.71,0,2546900,1,337,0
wiki-Talk,1,18,REF_R1,2,OK,127006.1,123551.8,105173.0,18378.8,8517536.0,8517536,123.74,3.25,2:07.00,0,2546901,1,281,0
wiki-Talk,1,19,Pure,0,OK,100403.2,679.16,,679.16,2067468.0,2067468,98.91,1.48,1:40.40,0,1211262,1,323,0
wiki-Talk,1,19,Pure,1,OK,100295.2,685.636,,685.636,2067420.0,2067420,98.80,1.48,1:40.29,0,1211261,1,192,0
wiki-Talk,1,19,Pure,2,OK,100152.5,684.452,,684.452,2067408.0,2067408,98.74,1.39,1:40.14,0,1211261,1,288,0
wiki-Talk,1,19,REF_R1,0,OK,95927.6,92684.36,83868.2,8816.16,4522444.0,4522444,94.22,1.69,1:35.92,0,1294854,1,176,0
wiki-Talk,1,19,REF_R1,1,OK,95831.7,92604.07999999999,83818.9,8785.18,4522484.0,4522484,94.20,1.61,1:35.82,0,1294851,1,260,0
wiki-Talk,1,19,REF_R1,2,OK,95677.2,92429.2,83654.9,8774.3,4522456.0,4522456,93.98,1.67,1:35.67,0,1294853,1,244,0
wiki-Talk,1,20,Pure,0,OK,97336.6,299.445,,299.445,1078632.0,1078632,96.49,0.83,1:37.33,0,655246,1,272,0
wiki-Talk,1,20,Pure,1,OK,97319.3,298.141,,298.141,1078728.0,1078728,96.47,0.83,1:37.31,0,655246,1,239,0
wiki-Talk,1,20,Pure,2,OK,97460.2,298.323,,298.323,1078684.0,1078684,96.62,0.82,1:37.45,0,655243,1,258,0
wiki-Talk,1,20,REF_R1,0,OK,76296.1,73175.3,69512.0,3663.3,2303548.0,2303548,75.46,0.82,1:16.29,0,638063,1,183,0
wiki-Talk,1,20,REF_R1,1,OK,76382.6,73240.18,69555.7,3684.48,2303304.0,2303304,75.52,0.84,1:16.37,0,638059,1,199,0
wiki-Talk,1,20,REF_R1,2,OK,76330.7,73228.04000000001,69569.1,3658.94,2303624.0,2303624,75.46,0.85,1:16.32,0,638063,1,185,0
wiki-Talk,1,21,Pure,0,OK,96157.5,117.983,,117.983,775072.0,775072,95.61,0.53,1:36.15,0,389897,1,252,0
wiki-Talk,1,21,Pure,1,OK,96192.4,117.639,,117.639,774784.0,774784,95.63,0.55,1:36.18,0,389897,1,207,0
wiki-Talk,1,21,Pure,2,OK,96092.2,118.024,,118.024,774948.0,774948,95.62,0.46,1:36.08,0,389895,1,241,0
wiki-Talk,1,21,REF_R1,0,OK,64285.0,61676.85,60193.4,1483.45,1225052.0,1225052,63.86,0.41,1:04.28,0,358728,1,173,0
wiki-Talk,1,21,REF_R1,1,OK,64751.4,61719.450000000004,60240.8,1478.65,1224908.0,1224908,64.26,0.48,1:04.74,0,358727,1,120,0
wiki-Talk,1,21,REF_R1,2,OK,64778.4,61732.369999999995,60245.1,1487.27,1224672.0,1224672,64.26,0.50,1:04.77,0,358724,1,163,0
wiki-Talk,1,22,Pure,0,OK,95106.3,48.635,,48.635,659840.0,659840,94.74,0.35,1:35.10,0,251337,1,219,0
wiki-Talk,1,22,Pure,1,OK,94950.9,48.2842,,48.2842,659596.0,659596,94.58,0.35,1:34.94,0,251333,1,202,0
wiki-Talk,1,22,Pure,2,OK,96116.7,61.5893,,61.5893,659640.0,659640,95.63,0.47,1:36.11,0,302403,1,190,0
wiki-Talk,1,22,REF_R1,0,OK,57326.6,54276.812000000005,53608.3,668.512,894348.0,894348,56.92,0.39,0:57.32,0,276115,1,145,0
wiki-Talk,1,22,REF_R1,1,OK,56941.8,54355.935,53683.7,672.235,894464.0,894464,56.60,0.33,0:56.93,0,276116,1,151,0
wiki-Talk,1,22,REF_R1,2,OK,57269.6,54235.685000000005,53570.4,665.285,894592.0,894592,56.87,0.38,0:57.26,0,276119,1,127,0
wiki-Talk,1,23,Pure,0,OK,96875.1,26.8623,,26.8623,625504.0,625504,96.58,0.28,1:36.87,0,212969,1,209,0
wiki-Talk,1,23,Pure,1,OK,95356.7,26.7047,,26.7047,625584.0,625584,95.04,0.30,1:35.35,0,212973,1,168,0
wiki-Talk,1,23,Pure,2,OK,95345.9,26.9911,,26.9911,625340.0,625340,95.05,0.27,1:35.34,0,212966,1,217,0
wiki-Talk,1,23,REF_R1,0,OK,52022.6,49040.06,48580.7,459.36,790004.0,790004,51.61,0.40,0:52.01,0,250044,1,112,0
wiki-Talk,1,23,REF_R1,1,OK,51945.0,48973.145000000004,48511.3,461.845,790296.0,790296,51.61,0.32,0:51.94,0,250047,1,158,0
wiki-Talk,1,23,REF_R1,2,OK,52004.4,49016.299,48557.7,458.599,790212.0,790212,51.69,0.30,0:52.00,0,250044,1,92,0
wiki-Talk,1,24,Pure,0,OK,95257.9,22.1044,,22.1044,616932.0,616932,94.96,0.28,1:35.25,0,207317,1,207,0
wiki-Talk,1,24,Pure,1,OK,95181.8,21.9425,,21.9425,616908.0,616908,94.89,0.27,1:35.17,0,207318,1,120,0
wiki-Talk,1,24,Pure,2,OK,95551.1,21.9889,,21.9889,616896.0,616896,95.22,0.31,1:35.54,0,207317,1,204,0
wiki-Talk,1,24,REF_R1,0,OK,47807.4,44802.381,44388.3,414.081,764300.0,764300,47.46,0.33,0:47.80,0,243587,1,121,0
wiki-Talk,1,24,REF_R1,1,OK,47861.7,44837.431000000004,44421.8,415.631,764324.0,764324,47.54,0.31,0:47.85,0,243588,1,150,0
wiki-Talk,1,24,REF_R1,2,OK,47426.0,44852.716,44434.1,418.616,764212.0,764212,47.08,0.33,0:47.42,0,243585,1,157,0
wiki-Talk,1,25,Pure,0,OK,95359.6,20.4616,,20.4616,615040.0,615040,95.06,0.28,1:35.35,0,206854,1,143,0
wiki-Talk,1,25,Pure,1,OK,95396.9,20.4569,,20.4569,615424.0,615424,95.12,0.26,1:35.39,0,206859,1,182,0
wiki-Talk,1,25,Pure,2,OK,94896.9,20.496,,20.496,615152.0,615152,94.64,0.24,1:34.89,0,206856,1,209,0
wiki-Talk,1,25,REF_R1,0,OK,44271.4,41301.42,40892.4,409.02,758556.0,758556,43.94,0.32,0:44.26,0,242124,1,64,0
wiki-Talk,1,25,REF_R1,1,OK,44352.7,41327.733,40918.3,409.433,758528.0,758528,43.99,0.35,0:44.35,0,242122,1,117,0
wiki-Talk,1,25,REF_R1,2,OK,43898.6,41326.388,40916.7,409.688,758380.0,758380,43.57,0.31,0:43.89,0,242124,1,123,0
soc-pokec-relationships,1,2,Pure,0,OK,35076.5,2092.34,,2092.34,1520184.0,1520184,33.72,1.34,0:35.07,0,908895,3,122,0
soc-pokec-relationships,1,2,Pure,1,OK,34937.2,2090.89,,2090.89,1519900.0,1519900,33.73,1.19,0:34.93,0,908894,1,103,0
soc-pokec-relationships,1,2,Pure,2,OK,34920.4,2085.79,,2085.79,1520200.0,1520200,33.67,1.23,0:34.91,0,908899,1,104,0
soc-pokec-relationships,1,2,REF_R1,0,OK,50269.5,34602.54,25390.8,9211.74,4903400.0,4903400,48.17,2.08,0:50.26,0,1531097,1,102,0
soc-pokec-relationships,1,2,REF_R1,1,OK,49928.4,34702.66,25505.0,9197.66,4903472.0,4903472,47.87,2.04,0:49.92,0,1531100,1,113,0
soc-pokec-relationships,1,2,REF_R1,2,OK,50585.1,34822.229999999996,25522.0,9300.23,4903424.0,4903424,48.39,2.18,0:50.58,0,1531098,1,145,0
soc-pokec-relationships,1,3,Pure,0,OK,37061.5,3613.55,,3613.55,1482428.0,1482428,35.82,1.23,0:37.05,0,931685,1,74,0
soc-pokec-relationships,1,3,Pure,1,OK,37037.0,3614.8,,3614.8,1482200.0,1482200,35.86,1.16,0:37.03,0,931683,1,90,0
soc-pokec-relationships,1,3,Pure,2,OK,37068.5,3609.39,,3609.39,1482360.0,1482360,35.79,1.26,0:37.06,0,931684,1,108,0
soc-pokec-relationships,1,3,REF_R1,0,OK,53883.2,39023.8,26234.5,12789.3,4783488.0,4783488,51.84,2.02,0:53.88,0,1484805,1,180,0
soc-pokec-relationships,1,3,REF_R1,1,OK,53954.7,38745.8,26089.6,12656.2,4783588.0,4783588,52.00,1.94,0:53.95,0,1484807,1,106,0
soc-pokec-relationships,1,3,REF_R1,2,OK,54383.6,39094.0,26303.2,12790.8,4783704.0,4783704,52.32,2.05,0:54.38,0,1484809,1,183,0
soc-pokec-relationships,1,4,Pure,0,OK,36109.3,3087.63,,3087.63,1490572.0,1490572,34.92,1.17,0:36.10,0,859792,1,117,0
soc-pokec-relationships,1,4,Pure,1,OK,36099.3,3089.48,,3089.48,1490664.0,1490664,34.92,1.16,0:36.09,0,859791,1,106,0
soc-pokec-relationships,1,4,Pure,2,OK,36089.1,3084.97,,3084.97,1490688.0,1490688,34.94,1.13,0:36.08,0,859792,1,122,0
soc-pokec-relationships,1,4,REF_R1,0,OK,49067.3,34784.3,24607.0,10177.3,3878116.0,3878116,47.43,1.62,0:49.06,0,1181832,1,169,0
soc-pokec-relationships,1,4,REF_R1,1,OK,49061.6,34794.399999999994,24617.1,10177.3,3878128.0,3878128,47.36,1.69,0:49.05,0,1181829,1,166,0
soc-pokec-relationships,1,4,REF_R1,2,OK,49060.1,34789.8,24627.3,10162.5,3878028.0,3878028,47.43,1.61,0:49.05,0,1181827,1,139,0
soc-pokec-relationships,1,5,Pure,0,OK,34569.6,2138.62,,2138.62,1270196.0,1270196,33.52,1.03,0:34.56,0,755172,1,66,0
soc-pokec-relationships,1,5,Pure,1,OK,34792.2,2156.32,,2156.32,1269964.0,1269964,33.68,1.10,0:34.78,0,755168,1,111,0
soc-pokec-relationships,1,5,Pure,2,OK,34542.7,2132.25,,2132.25,1270248.0,1270248,33.48,1.05,0:34.53,0,755172,1,60,0
soc-pokec-relationships,1,5,REF_R1,0,OK,43576.7,29254.95,22207.0,7047.95,2880772.0,2880772,42.25,1.31,0:43.57,0,924315,1,126,0
soc-pokec-relationships,1,5,REF_R1,1,OK,43168.2,29265.53,22221.5,7044.03,2880876.0,2880876,41.86,1.29,0:43.16,0,924315,1,154,0
soc-pokec-relationships,1,5,REF_R1,2,OK,43165.5,29252.89,22210.2,7042.69,2880764.0,2880764,41.82,1.33,0:43.16,0,924313,1,137,0
soc-pokec-relationships,1,6,Pure,0,OK,32863.1,1330.65,,1330.65,915996.0,915996,32.06,0.79,0:32.86,0,540784,1,61,0
soc-pokec-relationships,1,6,Pure,1,OK,33257.0,1354.31,,1354.31,916016.0,916016,32.44,0.80,0:33.25,0,540785,1,65,0
soc-pokec-relationships,1,6,Pure,2,OK,33177.7,1345.04,,1345.04,916076.0,916076,32.39,0.77,0:33.17,0,540787,1,108,0
soc-pokec-relationships,1,6,REF_R1,0,OK,38971.5,24876.79,20151.3,4725.49,2118920.0,2118920,38.01,0.95,0:38.96,0,691504,1,72,0
soc-pokec-relationships,1,6,REF_R1,1,OK,38793.6,24742.37,20052.1,4690.27,2118968.0,2118968,37.71,1.07,0:38.79,0,691504,1,113,0
soc-pokec-relationships,1,6,REF_R1,2,OK,38494.2,24580.98,19935.6,4645.38,2118812.0,2118812,37.48,1.00,0:38.49,0,691502,1,73,0
soc-pokec-relationships,1,7,Pure,0,OK,32036.4,776.744,,776.744,801700.0,801700,31.29,0.73,0:32.03,0,482492,1,86,0
soc-pokec-relationships,1,7,Pure,1,OK,31880.8,770.359,,770.359,801652.0,801652,31.19,0.67,0:31.87,0,482489,1,62,0
soc-pokec-relationships,1,7,Pure,2,OK,31413.4,769.973,,769.973,801788.0,801788,30.65,0.75,0:31.41,0,482497,1,59,0
soc-pokec-relationships,1,7,REF_R1,0,OK,35244.9,21387.13,18313.4,3073.73,1565168.0,1565168,34.45,0.78,0:35.24,0,533934,1,94,0
soc-pokec-relationships,1,7,REF_R1,1,OK,34787.2,21379.13,18308.7,3070.43,1565220.0,1565220,34.04,0.73,0:34.78,0,533935,1,98,0
soc-pokec-relationships,1,7,REF_R1,2,OK,34985.2,21252.68,18210.4,3042.28,1565240.0,1565240,34.25,0.72,0:34.98,0,533931,1,66,0
soc-pokec-relationships,1,8,Pure,0,OK,30678.0,424.088,,424.088,708872.0,708872,30.05,0.61,0:30.67,0,389270,1,69,0
soc-pokec-relationships,1,8,Pure,1,OK,31341.4,427.376,,427.376,708780.0,708780,30.71,0.62,0:31.33,0,389268,1,94,0
soc-pokec-relationships,1,8,Pure,2,OK,31085.3,419.907,,419.907,708668.0,708668,30.52,0.55,0:31.08,0,389271,1,64,0
soc-pokec-relationships,1,8,REF_R1,0,OK,32847.1,19121.12,17087.3,2033.82,1197524.0,1197524,32.13,0.70,0:32.84,0,430382,1,106,0
soc-pokec-relationships,1,8,REF_R1,1,OK,32580.7,18981.230000000003,16968.4,2012.83,1197336.0,1197336,31.92,0.64,0:32.57,0,430386,1,64,0
soc-pokec-relationships,1,8,REF_R1,2,OK,32820.0,19113.19,17079.1,2034.09,1197444.0,1197444,32.17,0.63,0:32.81,0,430385,1,108,0
soc-pokec-relationships,1,9,Pure,0,OK,30623.4,228.465,,228.465,650192.0,650192,30.05,0.56,0:30.62,0,360852,1,56,0
soc-pokec-relationships,1,9,Pure,1,OK,30857.3,230.192,,230.192,649852.0,649852,30.32,0.53,0:30.85,0,360849,1,84,0
soc-pokec-relationships,1,9,Pure,2,OK,30446.2,234.197,,234.197,650008.0,650008,29.90,0.53,0:30.44,0,360851,1,99,0
soc-pokec-relationships,1,9,REF_R1,0,OK,31024.9,17498.92,16128.8,1370.12,1000860.0,1000860,30.44,0.57,0:31.02,0,381245,1,58,0
soc-pokec-relationships,1,9,REF_R1,1,OK,31298.8,17628.8,16246.8,1382.0,1001088.0,1001088,30.72,0.56,0:31.29,0,381247,1,96,0
soc-pokec-relationships,1,9,REF_R1,2,OK,31059.9,17478.37,16107.8,1370.57,1000868.0,1000868,30.42,0.63,0:31.05,0,381245,1,55,0
soc-pokec-relationships,1,10,Pure,0,OK,30660.7,130.22,,130.22,614960.0,614960,30.14,0.51,0:30.65,0,336089,1,81,0
soc-pokec-relationships,1,10,Pure,1,OK,30410.2,129.012,,129.012,615052.0,615052,29.87,0.52,0:30.40,0,336090,1,59,0
soc-pokec-relationships,1,10,Pure,2,OK,30543.5,129.964,,129.964,615092.0,615092,30.01,0.52,0:30.54,0,336092,1,87,0
soc-pokec-relationships,1,10,REF_R1,0,OK,29955.6,16421.295,15484.0,937.295,883964.0,883964,29.42,0.53,0:29.95,0,350404,1,51,0
soc-pokec-relationships,1,10,REF_R1,1,OK,30272.9,16535.056,15594.2,940.856,883856.0,883856,29.67,0.59,0:30.27,0,350402,1,109,0
soc-pokec-relationships,1,10,REF_R1,2,OK,29681.2,16525.901,15581.5,944.401,884112.0,884112,29.14,0.53,0:29.67,0,350401,1,102,0
soc-pokec-relationships,1,11,Pure,0,OK,30273.3,76.5951,,76.5951,595532.0,595532,29.85,0.41,0:30.27,0,315844,1,56,0
soc-pokec-relationships,1,11,Pure,1,OK,30472.2,76.7575,,76.7575,595496.0,595496,29.98,0.47,0:30.46,0,315841,1,79,0
soc-pokec-relationships,1,11,Pure,2,OK,30235.0,76.4497,,76.4497,595532.0,595532,29.70,0.52,0:30.23,0,315842,1,50,0
soc-pokec-relationships,1,11,REF_R1,0,OK,29374.0,15786.837000000001,15072.2,714.637,811412.0,811412,28.88,0.48,0:29.37,0,335893,1,98,0
soc-pokec-relationships,1,11,REF_R1,1,OK,29425.4,15679.493999999999,14971.4,708.094,811196.0,811196,28.88,0.53,0:29.42,0,335889,1,52,0
soc-pokec-relationships,1,11,REF_R1,2,OK,28761.2,15696.96,14989.0,707.96,811292.0,811292,28.25,0.50,0:28.75,0,335890,1,55,0
soc-pokec-relationships,1,12,Pure,0,OK,30328.4,50.6733,,50.6733,579408.0,579408,29.85,0.46,0:30.32,0,287689,1,89,0
soc-pokec-relationships,1,12,Pure,1,OK,30204.5,48.5075,,48.5075,579492.0,579492,29.70,0.49,0:30.20,0,287690,1,58,0
soc-pokec-relationships,1,12,Pure,2,OK,30334.9,48.5539,,48.5539,579588.0,579588,29.83,0.49,0:30.33,0,287691,1,78,0
soc-pokec-relationships,1,12,REF_R1,0,OK,28497.2,15023.007,14500.8,522.207,767508.0,767508,27.92,0.56,0:28.49,0,324920,1,47,0
soc-pokec-relationships,1,12,REF_R1,1,OK,28629.0,15079.813,14556.8,523.013,767552.0,767552,28.08,0.53,0:28.62,0,324920,1,75,0
soc-pokec-relationships,1,12,REF_R1,2,OK,28478.5,15014.558,14493.5,521.058,767424.0,767424,28.00,0.46,0:28.47,0,324914,1,50,0
soc-pokec-relationships,1,13,Pure,0,OK,30345.8,32.6827,,32.6827,570632.0,570632,29.84,0.50,0:30.34,0,276497,1,85,0
soc-pokec-relationships,1,13,Pure,1,OK,30096.7,32.5933,,32.5933,570576.0,570576,29.63,0.45,0:30.09,0,276501,1,55,0
soc-pokec-relationships,1,13,Pure,2,OK,30273.2,32.7524,,32.7524,570688.0,570688,29.85,0.41,0:30.27,0,276503,1,85,0
soc-pokec-relationships,1,13,REF_R1,0,OK,27771.1,14648.183,14209.5,438.683,738988.0,738988,27.24,0.51,0:27.76,0,316223,1,82,0
soc-pokec-relationships,1,13,REF_R1,1,OK,27800.1,14686.582,14248.1,438.482,739112.0,739112,27.27,0.51,0:27.79,0,316223,1,73,0
soc-pokec-relationships,1,13,REF_R1,2,OK,28099.8,14591.46,14156.8,434.66,739168.0,739168,27.63,0.45,0:28.09,0,316220,1,48,0
soc-pokec-relationships,1,14,Pure,0,OK,30289.0,26.8872,,26.8872,564664.0,564664,29.87,0.41,0:30.28,0,270675,1,81,0
soc-pokec-relationships,1,14,Pure,1,OK,29855.7,24.722,,24.722,564552.0,564552,29.41,0.43,0:29.85,0,270677,1,80,0
soc-pokec-relationships,1,14,Pure,2,OK,29824.9,24.5966,,24.5966,564804.0,564804,29.37,0.44,0:29.82,0,270683,1,83,0
soc-pokec-relationships,1,14,REF_R1,0,OK,27382.0,14287.221,13931.1,356.121,717844.0,717844,26.94,0.43,0:27.37,0,307791,1,79,0
soc-pokec-relationships,1,14,REF_R1,1,OK,27661.3,14148.405999999999,13798.3,350.106,717936.0,717936,27.14,0.51,0:27.65,0,307790,1,49,0
soc-pokec-relationships,1,14,REF_R1,2,OK,27850.7,14296.135,13943.0,353.135,717924.0,717924,27.39,0.44,0:27.84,0,307791,1,83,0
soc-pokec-relationships,1,15,Pure,0,OK,30020.0,19.7253,,19.7253,561492.0,561492,29.60,0.40,0:30.01,0,269812,1,58,0
soc-pokec-relationships,1,15,Pure,1,OK,30274.5,19.8527,,19.8527,561192.0,561192,29.77,0.49,0:30.27,0,269807,1,82,0
soc-pokec-relationships,1,15,Pure,2,OK,29847.8,19.8589,,19.8589,561316.0,561316,29.44,0.39,0:29.84,0,269806,1,86,0
soc-pokec-relationships,1,15,REF_R1,0,OK,27263.0,13784.012999999999,13458.4,325.613,707756.0,707756,26.75,0.49,0:27.26,0,305252,1,55,0
soc-pokec-relationships,1,15,REF_R1,1,OK,27490.8,13971.409000000001,13645.7,325.709,707752.0,707752,26.98,0.50,0:27.48,0,305253,1,72,0
soc-pokec-relationships,1,15,REF_R1,2,OK,27068.2,13968.168,13643.9,324.268,707692.0,707692,26.61,0.44,0:27.06,0,305255,1,67,0
soc-pokec-relationships,1,16,Pure,0,OK,30336.5,17.1366,,17.1366,559532.0,559532,29.88,0.44,0:30.33,0,269341,1,54,0
soc-pokec-relationships,1,16,Pure,1,OK,30299.8,17.282,,17.282,559500.0,559500,29.86,0.42,0:30.29,0,269343,1,65,0
soc-pokec-relationships,1,16,Pure,2,OK,29776.3,17.0254,,17.0254,559524.0,559524,29.37,0.39,0:29.77,0,269341,1,67,0
soc-pokec-relationships,1,16,REF_R1,0,OK,26788.1,13698.976999999999,13403.3,295.677,703156.0,703156,26.29,0.48,0:26.78,0,304129,1,73,0
soc-pokec-relationships,1,16,REF_R1,1,OK,27372.9,13763.587,13465.1,298.487,703028.0,703028,26.88,0.48,0:27.37,0,304128,1,44,0
soc-pokec-relationships,1,16,REF_R1,2,OK,27235.0,13687.235999999999,13390.3,296.936,703300.0,703300,26.71,0.51,0:27.23,0,304132,1,89,0
soc-pokec-relationships,1,17,Pure,0,OK,30043.4,15.6324,,15.6324,558260.0,558260,29.61,0.41,0:30.04,0,269057,1,68,0
soc-pokec-relationships,1,17,Pure,1,OK,30269.2,15.6907,,15.6907,558276.0,558276,29.73,0.53,0:30.26,0,269058,1,89,0
soc-pokec-relationships,1,17,Pure,2,OK,30374.1,15.7664,,15.7664,558220.0,558220,29.96,0.40,0:30.37,0,269057,1,65,0
soc-pokec-relationships,1,17,REF_R1,0,OK,26946.2,13436.805999999999,13158.3,278.506,700512.0,700512,26.49,0.44,0:26.94,0,303443,1,69,0
soc-pokec-relationships,1,17,REF_R1,1,OK,26769.3,13279.822,13002.5,277.322,700484.0,700484,26.30,0.45,0:26.76,0,303442,1,63,0
soc-pokec-relationships,1,17,REF_R1,2,OK,26997.5,13439.479,13161.4,278.079,700460.0,700460,26.49,0.49,0:26.99,0,303442,1,64,0
soc-pokec-relationships,1,18,Pure,0,OK,30046.1,14.8004,,14.8004,557364.0,557364,29.62,0.41,0:30.04,0,268885,1,66,0
soc-pokec-relationships,1,18,Pure,1,OK,30279.3,16.983,,16.983,557600.0,557600,29.85,0.41,0:30.27,0,268884,1,66,0
soc-pokec-relationships,1,18,Pure,2,OK,29863.7,14.8866,,14.8866,557552.0,557552,29.40,0.45,0:29.86,0,268888,1,74,0
soc-pokec-relationships,1,18,REF_R1,0,OK,26650.2,13152.122,12884.3,267.822,698924.0,698924,26.21,0.43,0:26.64,0,303088,1,57,0
soc-pokec-relationships,1,18,REF_R1,1,OK,26766.7,13247.203000000001,12977.2,270.003,699092.0,699092,26.27,0.48,0:26.76,0,303088,1,67,0
soc-pokec-relationships,1,18,REF_R1,2,OK,26951.9,13313.463000000002,13042.2,271.263,699220.0,699220,26.45,0.49,0:26.94,0,303089,1,56,0
soc-pokec-relationships,1,19,Pure,0,OK,30267.6,14.4026,,14.4026,557288.0,557288,29.81,0.44,0:30.26,0,268769,1,84,0
soc-pokec-relationships,1,19,Pure,1,OK,29794.9,14.3975,,14.3975,557228.0,557228,29.29,0.49,0:29.79,0,268765,1,91,0
soc-pokec-relationships,1,19,Pure,2,OK,29795.2,14.4095,,14.4095,557320.0,557320,29.33,0.45,0:29.79,0,268767,1,79,0
soc-pokec-relationships,1,19,REF_R1,0,OK,26114.1,12998.222,12733.3,264.922,697480.0,697480,25.63,0.47,0:26.11,0,302688,1,72,0
soc-pokec-relationships,1,19,REF_R1,1,OK,26369.0,12933.939,12668.4,265.539,697376.0,697376,25.89,0.46,0:26.36,0,302689,1,56,0
soc-pokec-relationships,1,19,REF_R1,2,OK,26539.4,13042.431,12778.1,264.331,697524.0,697524,26.08,0.45,0:26.53,0,302690,1,60,0
soc-pokec-relationships,1,20,Pure,0,OK,30126.8,13.9752,,13.9752,556784.0,556784,29.72,0.39,0:30.12,0,268676,1,59,0
soc-pokec-relationships,1,20,Pure,1,OK,30260.8,13.9977,,13.9977,556776.0,556776,29.79,0.45,0:30.25,0,268679,1,73,0
soc-pokec-relationships,1,20,Pure,2,OK,30525.3,14.0863,,14.0863,556844.0,556844,30.02,0.49,0:30.52,0,268682,1,61,0
soc-pokec-relationships,1,20,REF_R1,0,OK,26373.1,12850.787,12582.6,268.187,696692.0,696692,25.85,0.51,0:26.37,0,302466,1,59,0
soc-pokec-relationships,1,20,REF_R1,1,OK,26115.6,12684.502999999999,12419.8,264.703,696584.0,696584,25.65,0.45,0:26.11,0,302465,1,48,0
soc-pokec-relationships,1,20,REF_R1,2,OK,26359.3,12856.848,12589.4,267.448,696660.0,696660,25.86,0.48,0:26.35,0,302466,1,66,0
soc-pokec-relationships,1,21,Pure,0,OK,30006.8,13.8054,,13.8054,556652.0,556652,29.52,0.47,0:30.00,0,268641,1,63,0
soc-pokec-relationships,1,21,Pure,1,OK,30380.5,13.8992,,13.8992,556876.0,556876,29.93,0.43,0:30.37,0,268643,1,84,0
soc-pokec-relationships,1,21,Pure,2,OK,30045.1,13.8362,,13.8362,556936.0,556936,29.58,0.45,0:30.04,0,268646,1,50,0
soc-pokec-relationships,1,21,REF_R1,0,OK,26209.6,12671.377,12413.0,258.377,689728.0,689728,25.67,0.52,0:26.20,0,298710,1,55,0
soc-pokec-relationships,1,21,REF_R1,1,OK,25689.2,12603.125,12344.8,258.325,689812.0,689812,25.22,0.45,0:25.68,0,298708,1,65,0
soc-pokec-relationships,1,21,REF_R1,2,OK,25796.3,12702.211000000001,12443.7,258.511,689640.0,689640,25.28,0.50,0:25.79,0,298707,1,67,0
soc-pokec-relationships,1,22,Pure,0,OK,30042.6,12.7323,,12.7323,553632.0,553632,29.63,0.40,0:30.04,0,271171,1,58,0
soc-pokec-relationships,1,22,Pure,1,OK,30193.9,12.8852,,12.8852,553592.0,553592,29.74,0.44,0:30.19,0,271172,1,75,0
soc-pokec-relationships,1,22,Pure,2,OK,30379.7,12.8036,,12.8036,553520.0,553520,29.96,0.40,0:30.37,0,271169,1,55,0
soc-pokec-relationships,1,22,REF_R1,0,OK,26067.8,12511.483,12249.7,261.783,696116.0,696116,25.52,0.53,0:26.06,0,302343,1,61,0
soc-pokec-relationships,1,22,REF_R1,1,OK,25760.8,12515.581,12254.8,260.781,696000.0,696000,25.26,0.48,0:25.75,0,302339,1,59,0
soc-pokec-relationships,1,22,REF_R1,2,OK,25856.2,12390.653,12130.6,260.053,696116.0,696116,25.41,0.43,0:25.85,0,302343,1,56,0
soc-pokec-relationships,1,23,Pure,0,OK,30280.5,14.8215,,14.8215,553528.0,553528,29.81,0.45,0:30.27,0,271170,1,70,0
soc-pokec-relationships,1,23,Pure,1,OK,29821.0,12.7079,,12.7079,553572.0,553572,29.36,0.44,0:29.81,0,271172,1,110,0
soc-pokec-relationships,1,23,Pure,2,OK,29823.4,12.7653,,12.7653,553456.0,553456,29.43,0.37,0:29.82,0,271169,1,94,0
soc-pokec-relationships,1,23,REF_R1,0,OK,25667.0,12235.515,11981.4,254.115,686972.0,686972,25.16,0.49,0:25.66,0,298042,1,55,0
soc-pokec-relationships,1,23,REF_R1,1,OK,25893.6,12331.807,12076.5,255.307,687000.0,687000,25.34,0.54,0:25.89,0,298042,1,76,0
soc-pokec-relationships,1,23,REF_R1,2,OK,25598.7,12137.365,11882.6,254.765,686984.0,686984,25.11,0.47,0:25.59,0,298043,1,49,0
soc-pokec-relationships,1,24,Pure,0,OK,30311.6,12.681,,12.681,553560.0,553560,29.88,0.42,0:30.30,0,271165,1,91,0
soc-pokec-relationships,1,24,Pure,1,OK,30110.1,12.6898,,12.6898,553480.0,553480,29.64,0.45,0:30.10,0,271166,1,82,0
soc-pokec-relationships,1,24,Pure,2,OK,30222.4,12.7386,,12.7386,553444.0,553444,29.77,0.43,0:30.21,0,271168,1,76,0
soc-pokec-relationships,1,24,REF_R1,0,OK,25906.1,12259.301,12000.0,259.301,678368.0,678368,25.40,0.49,0:25.90,0,297976,1,44,0
soc-pokec-relationships,1,24,REF_R1,1,OK,25357.4,12180.108,11918.5,261.608,678572.0,678572,24.90,0.44,0:25.35,0,297980,1,55,0
soc-pokec-relationships,1,24,REF_R1,2,OK,25708.6,12213.092,11954.9,258.192,678636.0,678636,25.19,0.51,0:25.70,0,297977,1,64,0
soc-pokec-relationships,1,25,Pure,0,OK,29802.6,12.6695,,12.6695,553436.0,553436,29.34,0.45,0:29.79,0,273551,1,82,0
soc-pokec-relationships,1,25,Pure,1,OK,30436.4,12.7658,,12.7658,553356.0,553356,29.98,0.44,0:30.43,0,273552,1,44,0
soc-pokec-relationships,1,25,Pure,2,OK,29991.6,12.7461,,12.7461,553344.0,553344,29.53,0.44,0:29.98,0,273551,1,53,0
soc-pokec-relationships,1,25,REF_R1,0,OK,25272.3,12082.049,11824.1,257.949,684744.0,684744,24.77,0.49,0:25.26,0,297502,1,47,0
soc-pokec-relationships,1,25,REF_R1,1,OK,25219.7,12040.913,11782.6,258.313,684876.0,684876,24.71,0.49,0:25.21,0,297500,1,44,0
soc-pokec-relationships,1,25,REF_R1,2,OK,25507.5,11966.84,11710.2,256.64,684980.0,684980,25.00,0.49,0:25.50,0,297504,1,66,0
web-it-2004,1,57,Pure,0,OK,126551.6,4.68225,,4.68225,198184.0,198184,126.42,0.11,2:06.54,0,90462,1,414,0
web-it-2004,1,57,REF_R1,0,OK,124568.7,120932.004,120745.0,187.004,309968.0,309968,124.38,0.17,2:04.56,3,101409,2,327,0
web-it-2004,1,58,Pure,0,OK,126395.1,4.66985,,4.66985,198104.0,198104,126.22,0.15,2:06.39,0,90395,1,370,0
web-it-2004,1,58,REF_R1,0,OK,124050.7,120886.603,120698.0,188.603,309992.0,309992,123.89,0.13,2:04.04,0,101379,1,591,0
web-it-2004,1,59,Pure,0,OK,125737.5,4.65946,,4.65946,198068.0,198068,125.52,0.18,2:05.73,0,90330,1,698,0
web-it-2004,1,59,REF_R1,0,OK,124353.2,120840.796,120659.0,181.796,309732.0,309732,124.15,0.19,2:04.35,0,101355,1,322,0
web-it-2004,1,60,Pure,0,OK,126314.2,4.5884,,4.5884,197920.0,197920,126.17,0.12,2:06.31,0,90263,1,329,0
web-it-2004,1,60,REF_R1,0,OK,124952.7,121150.759,120967.0,183.759,309588.0,309588,124.73,0.19,2:04.95,0,101320,1,566,0
web-it-2004,1,61,Pure,0,OK,126200.2,4.53688,,4.53688,197664.0,197664,126.02,0.17,2:06.19,0,90199,1,337,0
web-it-2004,1,61,REF_R1,0,OK,123825.1,120585.017,120404.0,181.017,309596.0,309596,123.67,0.13,2:03.82,0,101289,1,436,0
web-it-2004,1,62,Pure,0,OK,125895.9,4.48614,,4.48614,197636.0,197636,125.69,0.17,2:05.89,0,90136,1,423,0
web-it-2004,1,62,REF_R1,0,OK,123818.0,120550.518,120371.0,179.518,309512.0,309512,123.59,0.19,2:03.81,0,101253,1,642,0
web-it-2004,1,63,Pure,0,OK,125929.4,4.4247,,4.4247,197392.0,197392,125.76,0.14,2:05.92,0,90072,1,460,0
web-it-2004,1,63,REF_R1,0,OK,124410.7,120944.761,120770.0,174.761,309184.0,309184,124.23,0.16,2:04.40,0,101228,1,311,0
web-it-2004,1,64,Pure,0,OK,126828.6,4.3403,,4.3403,197224.0,197224,126.65,0.16,2:06.82,0,90042,1,320,0
web-it-2004,1,64,REF_R1,0,OK,124344.9,120881.145,120704.0,177.145,309392.0,309392,124.16,0.17,2:04.34,0,101214,1,405,0
web-it-2004,1,65,Pure,0,OK,125650.0,4.28249,,4.28249,197344.0,197344,125.45,0.18,2:05.64,0,90012,1,282,0
web-it-2004,1,65,REF_R1,0,OK,124006.2,120536.331,120358.0,178.331,309136.0,309136,123.85,0.14,2:04.00,0,101211,1,377,0
web-it-2004,1,66,Pure,0,OK,126370.2,4.38935,,4.38935,197412.0,197412,126.18,0.15,2:06.36,0,89996,1,690,0
web-it-2004,1,66,REF_R1,0,OK,124038.6,120556.51,120378.0,178.51,309012.0,309012,123.86,0.16,2:04.03,0,101192,1,547,0
web-it-2004,1,67,Pure,0,OK,125687.6,4.37189,,4.37189,197500.0,197500,125.51,0.16,2:05.68,0,89972,1,563,0
web-it-2004,1,67,REF_R1,0,OK,124275.7,120604.396,120425.0,179.396,309216.0,309216,124.05,0.19,2:04.27,0,101178,1,424,0
web-it-2004,1,68,Pure,0,OK,125741.2,4.292,,4.292,197284.0,197284,125.57,0.15,2:05.73,0,89948,1,493,0
web-it-2004,1,68,REF_R1,0,OK,124337.8,120755.615,120581.0,174.615,308792.0,308792,124.16,0.16,2:04.33,0,101165,1,239,0
web-it-2004,1,69,Pure,0,OK,126316.3,4.33263,,4.33263,197272.0,197272,126.13,0.17,2:06.31,0,89927,1,355,0
web-it-2004,1,69,REF_R1,0,OK,124496.0,121052.914,120879.0,173.914,309020.0,309020,124.27,0.20,2:04.49,0,101135,1,303,0
web-it-2004,1,70,Pure,0,OK,126021.6,4.39118,,4.39118,197288.0,197288,125.84,0.17,2:06.01,0,89907,1,303,0
web-it-2004,1,70,REF_R1,0,OK,124864.8,121195.0,121014.0,181.0,308804.0,308804,124.65,0.19,2:04.86,0,101082,1,428,0
web-it-2004,1,71,Pure,0,OK,126006.8,4.38801,,4.38801,197044.0,197044,125.86,0.11,2:06.00,0,89881,1,491,0
web-it-2004,1,71,REF_R1,0,OK,124043.5,120534.294,120354.0,180.294,308516.0,308516,123.88,0.15,2:04.04,0,101072,1,278,0
web-it-2004,1,72,Pure,0,OK,125831.4,4.40089,,4.40089,197288.0,197288,125.67,0.14,2:05.82,0,89859,1,247,0
web-it-2004,1,72,REF_R1,0,OK,124409.8,120961.926,120787.0,174.926,308744.0,308744,124.25,0.14,2:04.40,0,101057,1,375,0
web-it-2004,1,73,Pure,0,OK,126838.6,4.45659,,4.45659,196972.0,196972,126.68,0.14,2:06.83,0,89838,1,272,0
web-it-2004,1,73,REF_R1,0,OK,124477.6,120848.423,120671.0,177.423,308420.0,308420,124.29,0.17,2:04.47,0,101047,1,353,0
web-it-2004,1,74,Pure,0,OK,126656.8,4.27523,,4.27523,197244.0,197244,126.48,0.16,2:06.65,0,89819,1,275,0
web-it-2004,1,74,REF_R1,0,OK,123823.0,120139.95,119965.0,174.95,308432.0,308432,123.63,0.17,2:03.82,0,101036,1,203,0
web-it-2004,1,75,Pure,0,OK,126710.1,4.6466,,4.6466,196980.0,196980,126.54,0.15,2:06.70,0,89794,1,352,0
web-it-2004,1,75,REF_R1,0,OK,124373.6,120803.954,120630.0,173.954,308472.0,308472,124.19,0.17,2:04.37,0,101037,1,251,0
web-it-2004,1,76,Pure,0,OK,125836.8,4.40667,,4.40667,196952.0,196952,125.66,0.15,2:05.83,0,89770,1,349,0
web-it-2004,1,76,REF_R1,0,OK,123838.5,120741.134,120567.0,174.134,308444.0,308444,123.67,0.15,2:03.83,0,101018,1,280,0
web-it-2004,1,77,Pure,0,OK,126495.9,4.37819,,4.37819,197008.0,197008,126.33,0.15,2:06.49,0,89748,1,267,0
web-it-2004,1,77,REF_R1,0,OK,124461.5,120994.943,120823.0,171.943,308324.0,308324,124.29,0.15,2:04.45,0,100973,1,259,0
web-it-2004,1,78,Pure,0,OK,125699.8,4.33916,,4.33916,197124.0,197124,125.54,0.15,2:05.69,0,89724,1,260,0
web-it-2004,1,78,REF_R1,0,OK,123618.2,120372.269,120199.0,173.269,308152.0,308152,123.43,0.17,2:03.61,0,100965,1,331,0
web-it-2004,1,79,Pure,0,OK,125882.9,4.39621,,4.39621,197032.0,197032,125.72,0.14,2:05.88,0,89702,1,376,0
web-it-2004,1,79,REF_R1,0,OK,123935.5,120419.935,120242.0,177.935,308216.0,308216,123.76,0.16,2:03.93,0,100961,1,387,0
web-it-2004,1,80,Pure,0,OK,125439.2,4.39163,,4.39163,196796.0,196796,125.28,0.14,2:05.43,0,89675,1,431,0
web-it-2004,1,80,REF_R1,0,OK,123866.7,120402.916,120230.0,172.916,308188.0,308188,123.69,0.16,2:03.86,0,100917,1,323,0
web-it-2004,1,81,Pure,0,OK,126356.1,4.38171,,4.38171,196908.0,196908,126.19,0.15,2:06.35,0,89649,1,329,0
web-it-2004,1,81,REF_R1,0,OK,123805.5,120313.553,120142.0,171.553,307552.0,307552,123.65,0.14,2:03.80,0,100823,1,246,0
web-it-2004,1,82,Pure,0,OK,126199.7,4.39747,,4.39747,196776.0,196776,126.02,0.16,2:06.19,0,89627,1,366,0
web-it-2004,1,82,REF_R1,0,OK,123792.8,120292.065,120121.0,171.065,307364.0,307364,123.56,0.21,2:03.79,0,100715,1,428,0
web-it-2004,1,83,Pure,0,OK,126638.8,4.36039,,4.36039,196912.0,196912,126.48,0.14,2:06.63,0,89604,1,257,0
web-it-2004,1,83,REF_R1,0,OK,123645.7,120563.274,120390.0,173.274,306956.0,306956,123.46,0.16,2:03.64,0,100668,1,312,0
web-it-2004,1,84,Pure,0,OK,125718.0,4.30296,,4.30296,196816.0,196816,125.59,0.11,2:05.71,0,89578,1,382,0
web-it-2004,1,84,REF_R1,0,OK,124417.2,120755.335,120583.0,172.335,307008.0,307008,124.23,0.17,2:04.41,0,100651,1,399,0
web-it-2004,1,85,Pure,0,OK,126530.7,4.39963,,4.39963,196664.0,196664,126.35,0.16,2:06.52,0,89552,1,390,0
web-it-2004,1,85,REF_R1,0,OK,124183.6,120528.851,120354.0,174.851,306760.0,306760,124.05,0.12,2:04.18,0,100593,1,323,0
web-it-2004,1,86,Pure,0,OK,125490.4,4.29849,,4.29849,196820.0,196820,125.31,0.16,2:05.48,0,89527,1,374,0
web-it-2004,1,86,REF_R1,0,OK,124447.9,120860.395,120692.0,168.395,306548.0,306548,124.30,0.13,2:04.44,0,100542,1,318,0
web-it-2004,1,87,Pure,0,OK,126131.4,4.18096,,4.18096,196772.0,196772,125.97,0.15,2:06.12,0,89503,1,387,0
web-it-2004,1,87,REF_R1,0,OK,124065.8,120442.988,120270.0,172.988,306628.0,306628,123.87,0.17,2:04.06,0,100531,1,350,0
web-it-2004,1,88,Pure,0,OK,126048.2,4.23895,,4.23895,196352.0,196352,125.93,0.10,2:06.04,0,89472,1,409,0
web-it-2004,1,88,REF_R1,0,OK,124105.2,120293.642,120117.0,176.642,306356.0,306356,123.92,0.16,2:04.10,0,100520,1,321,0
web-it-2004,1,89,Pure,0,OK,125847.7,4.44263,,4.44263,196540.0,196540,125.63,0.20,2:05.84,0,89450,1,381,0
web-it-2004,1,89,REF_R1,0,OK,124320.8,120794.867,120625.0,169.867,306276.0,306276,124.15,0.15,2:04.31,0,100471,1,356,0
web-it-2004,1,90,Pure,0,OK,126098.7,4.2973,,4.2973,196524.0,196524,125.93,0.15,2:06.09,0,89422,1,313,0
web-it-2004,1,90,REF_R1,0,OK,124606.3,120791.987,120623.0,168.987,305900.0,305900,124.43,0.16,2:04.60,0,100392,1,320,0
web-it-2004,1,91,Pure,0,OK,126102.1,4.35613,,4.35613,196464.0,196464,125.93,0.15,2:06.09,0,89397,1,292,0
web-it-2004,1,91,REF_R1,0,OK,123970.6,120838.379,120668.0,170.379,305780.0,305780,123.78,0.17,2:03.96,0,100850,1,242,0
web-it-2004,1,92,Pure,0,OK,126797.6,4.38241,,4.38241,196576.0,196576,126.61,0.17,2:06.79,0,89372,1,229,0
web-it-2004,1,92,REF_R1,0,OK,124299.9,120446.891,120276.0,170.891,305080.0,305080,124.06,0.21,2:04.29,0,100148,1,460,0
web-it-2004,1,93,Pure,0,OK,126059.2,4.29271,,4.29271,196356.0,196356,125.87,0.17,2:06.05,0,89340,1,356,0
web-it-2004,1,93,REF_R1,0,OK,124387.7,120613.893,120439.0,174.893,304800.0,304800,124.15,0.21,2:04.38,0,100094,1,348,0
web-it-2004,1,94,Pure,0,OK,125903.8,4.42379,,4.42379,196416.0,196416,125.72,0.16,2:05.90,0,89314,1,297,0
web-it-2004,1,94,REF_R1,0,OK,123909.3,120256.665,120087.0,169.665,304392.0,304392,123.75,0.15,2:03.90,0,99991,1,220,0
web-it-2004,1,95,Pure,0,OK,126319.5,4.46477,,4.46477,196152.0,196152,126.11,0.16,2:06.31,0,89287,1,711,0
web-it-2004,1,95,REF_R1,0,OK,123711.9,120193.654,120024.0,169.654,303244.0,303244,123.54,0.16,2:03.70,0,99729,1,247,0
web-it-2004,1,96,Pure,0,OK,125866.7,4.41214,,4.41214,196240.0,196240,125.71,0.13,2:05.86,0,89263,1,371,0
web-it-2004,1,96,REF_R1,0,OK,123710.9,120087.277,119914.0,173.277,302884.0,302884,123.54,0.15,2:03.70,0,99683,1,307,0
web-it-2004,1,97,Pure,0,OK,126439.1,4.44828,,4.44828,196240.0,196240,126.31,0.11,2:06.43,0,89226,1,333,0
web-it-2004,1,97,REF_R1,0,OK,123793.1,120242.781,120074.0,168.781,302808.0,302808,123.61,0.17,2:03.79,0,99675,1,215,0
web-it-2004,1,98,Pure,0,OK,125481.9,4.37919,,4.37919,196228.0,196228,125.31,0.15,2:05.47,0,89202,1,266,0
web-it-2004,1,98,REF_R1,0,OK,123960.6,120192.495,120021.0,171.495,302996.0,302996,123.79,0.14,2:03.95,0,99660,1,433,0
web-it-2004,1,99,Pure,0,OK,125697.1,4.25985,,4.25985,196116.0,196116,125.52,0.16,2:05.69,0,89172,1,315,0
web-it-2004,1,99,REF_R1,0,OK,123659.1,120202.606,120033.0,169.606,302916.0,302916,123.47,0.17,2:03.65,0,99644,1,299,0
web-it-2004,1,100,Pure,0,OK,125889.4,4.44273,,4.44273,196152.0,196152,125.68,0.19,2:05.88,0,89141,1,338,0
web-it-2004,1,100,REF_R1,0,OK,123680.9,120145.431,119978.0,167.431,303028.0,303028,123.51,0.15,2:03.67,0,99649,1,222,0
web-it-2004,1,101,Pure,0,OK,126925.4,4.39997,,4.39997,196008.0,196008,126.72,0.17,2:06.92,0,89118,1,392,0
web-it-2004,1,101,REF_R1,0,OK,123556.3,120041.641,119872.0,169.641,303152.0,303152,123.34,0.19,2:03.55,0,101154,1,236,0
web-it-2004,1,102,Pure,0,OK,125247.5,4.23276,,4.23276,195848.0,195848,125.10,0.13,2:05.24,0,89082,1,272,0
web-it-2004,1,102,REF_R1,0,OK,125162.3,121482.784,121313.0,169.784,303016.0,303016,124.95,0.18,2:05.15,0,99627,1,362,0
web-it-2004,1,103,Pure,0,OK,126515.4,4.36966,,4.36966,195832.0,195832,126.30,0.19,2:06.51,0,89055,1,365,0
web-it-2004,1,103,REF_R1,0,OK,123877.1,120266.487,120098.0,168.487,302820.0,302820,123.69,0.17,2:03.87,0,99604,1,246,0
web-it-2004,1,104,Pure,0,OK,125581.2,4.16044,,4.16044,195848.0,195848,125.42,0.13,2:05.57,0,89534,1,476,0
web-it-2004,1,104,REF_R1,0,OK,123977.4,120148.952,119983.0,165.952,302620.0,302620,123.78,0.18,2:03.97,0,99603,1,313,0
web-it-2004,1,105,Pure,0,OK,126435.8,4.31699,,4.31699,195704.0,195704,126.24,0.17,2:06.43,0,88993,1,363,0
web-it-2004,1,105,REF_R1,0,OK,123436.6,119839.885,119671.0,168.885,302696.0,302696,123.27,0.14,2:03.43,0,99585,1,305,0
web-it-2004,1,106,Pure,0,OK,127275.1,7.70147,,7.70147,195936.0,195936,126.97,0.29,2:07.27,0,126888,1,360,0
web-it-2004,1,106,REF_R1,0,OK,124371.2,120842.551,120620.0,222.551,302516.0,302516,124.11,0.24,2:04.36,0,150230,1,282,0
web-it-2004,1,107,Pure,0,OK,126487.6,6.82467,,6.82467,195648.0,195648,126.21,0.26,2:06.48,0,122866,1,235,0
web-it-2004,1,107,REF_R1,0,OK,124191.3,120228.347,120041.0,187.347,302836.0,302836,123.95,0.22,2:04.18,0,139548,1,217,0
web-it-2004,1,108,Pure,0,OK,126633.3,8.02151,,8.02151,195752.0,195752,126.37,0.25,2:06.63,0,122195,1,204,0
web-it-2004,1,108,REF_R1,0,OK,122892.1,119446.221,119278.0,168.221,302528.0,302528,122.69,0.18,2:02.88,0,99537,1,229,0
web-it-2004,1,109,Pure,0,OK,126663.4,4.46828,,4.46828,195648.0,195648,126.48,0.16,2:06.66,0,88868,1,208,0
web-it-2004,1,109,REF_R1,0,OK,123801.1,120189.468,120026.0,163.468,302448.0,302448,123.64,0.14,2:03.79,0,99530,1,177,0
web-it-2004,1,110,Pure,0,OK,125088.4,4.61993,,4.61993,195532.0,195532,124.89,0.17,2:05.08,0,88837,1,296,0
web-it-2004,1,110,REF_R1,0,OK,123410.2,119500.242,119330.0,170.242,302380.0,302380,123.21,0.18,2:03.40,0,99502,1,182,0
web-it-2004,1,111,Pure,0,OK,126471.7,7.34097,,7.34097,195568.0,195568,126.21,0.25,2:06.46,0,124827,1,305,0
web-it-2004,1,111,REF_R1,0,OK,124067.4,120311.627,120092.0,219.627,302184.0,302184,123.80,0.25,2:04.06,0,147501,1,223,0
web-it-2004,1,112,Pure,0,OK,128171.3,7.19777,,7.19777,195536.0,195536,127.89,0.26,2:08.16,0,124513,1,263,0
web-it-2004,1,112,REF_R1,0,OK,123891.3,120535.208,120309.0,226.208,302452.0,302452,123.51,0.37,2:03.88,0,148561,1,188,0
web-it-2004,1,113,Pure,0,OK,127231.6,7.37774,,7.37774,195416.0,195416,126.98,0.23,2:07.22,0,122031,1,347,0
web-it-2004,1,113,REF_R1,0,OK,124204.0,120247.837,120083.0,164.837,302356.0,302356,124.02,0.15,2:04.20,0,99976,1,455,0
web-it-2004,1,114,Pure,0,OK,127840.5,7.58699,,7.58699,195324.0,195324,127.59,0.23,2:07.83,0,123572,1,268,0
web-it-2004,1,114,REF_R1,0,OK,123742.5,120082.75,119867.0,215.75,302436.0,302436,123.39,0.33,2:03.73,0,143828,1,207,0
web-it-2004,1,115,Pure,0,OK,126546.3,4.74179,,4.74179,195420.0,195420,126.40,0.13,2:06.54,0,88672,1,201,0
web-it-2004,1,115,REF_R1,0,OK,122861.7,119711.688,119502.0,209.688,302376.0,302376,122.55,0.30,2:02.85,0,141511,1,252,0
web-it-2004,1,116,Pure,0,OK,128004.2,7.01195,,7.01195,195220.0,195220,127.73,0.26,2:08.00,0,126218,1,261,0
web-it-2004,1,116,REF_R1,0,OK,123279.7,119640.429,119479.0,161.429,302196.0,302196,123.09,0.17,2:03.27,0,99428,1,179,0
web-it-2004,1,117,Pure,0,OK,125692.2,4.42645,,4.42645,195148.0,195148,125.53,0.15,2:05.68,0,88608,1,201,0
web-it-2004,1,117,REF_R1,0,OK,122598.1,119328.558,119165.0,163.558,301692.0,301692,122.42,0.16,2:02.59,0,99341,1,291,0
web-it-2004,1,118,Pure,0,OK,126631.7,4.24749,,4.24749,195312.0,195312,126.45,0.16,2:06.62,0,88573,1,236,0
web-it-2004,1,118,REF_R1,0,OK,122663.0,119221.371,119052.0,169.371,301728.0,301728,122.46,0.19,2:02.66,0,99319,1,215,0
web-it-2004,1,119,Pure,0,OK,125968.1,4.73208,,4.73208,194972.0,194972,125.80,0.15,2:05.96,0,88536,1,207,0
web-it-2004,1,119,REF_R1,0,OK,122218.9,119109.683,118948.0,161.683,301312.0,301312,122.05,0.15,2:02.21,0,99224,1,197,0
web-it-2004,1,120,Pure,0,OK,127521.4,7.27749,,7.27749,194804.0,194804,127.27,0.23,2:07.51,0,129814,1,305,0
web-it-2004,1,120,REF_R1,0,OK,123617.7,120093.687,119894.0,199.687,301376.0,301376,123.32,0.26,2:03.61,0,139199,1,438,0
web-it-2004,1,121,Pure,0,OK,126965.0,7.35857,,7.35857,194732.0,194732,126.66,0.29,2:06.96,0,123702,1,233,0
web-it-2004,1,121,REF_R1,0,OK,124459.0,120732.316,120562.0,170.316,301300.0,301300,124.19,0.25,2:04.45,0,132209,1,307,0
web-it-2004,1,122,Pure,0,OK,127117.0,4.74668,,4.74668,194936.0,194936,126.95,0.15,2:07.11,0,88435,1,239,0
web-it-2004,1,122,REF_R1,0,OK,123595.6,120183.861,119949.0,234.861,301260.0,301260,123.29,0.29,2:03.59,0,151188,1,373,0
web-it-2004,1,123,Pure,0,OK,127009.0,4.6115,,4.6115,194868.0,194868,126.84,0.15,2:07.00,0,88399,1,232,0
web-it-2004,1,123,REF_R1,0,OK,122888.4,119201.337,119029.0,172.337,301164.0,301164,122.71,0.15,2:02.88,0,99159,1,351,0
web-it-2004,1,124,Pure,0,OK,128095.1,7.1739,,7.1739,194780.0,194780,127.83,0.24,2:08.09,0,121651,1,224,0
web-it-2004,1,124,REF_R1,0,OK,124122.9,120241.032,120067.0,174.032,301068.0,301068,123.82,0.28,2:04.12,0,147230,1,290,0
web-it-2004,1,125,Pure,0,OK,127734.2,7.33815,,7.33815,194780.0,194780,127.45,0.27,2:07.73,0,121819,1,183,0
web-it-2004,1,125,REF_R1,0,OK,124395.1,120609.252,120441.0,168.252,300980.0,300980,124.20,0.18,2:04.39,0,139593,1,200,0
web-it-2004,1,126,Pure,0,OK,126972.7,4.31548,,4.31548,194420.0,194420,126.73,0.23,2:06.96,0,93407,1,250,0
web-it-2004,1,126,REF_R1,0,OK,122631.3,118811.124,118648.0,163.124,300512.0,300512,122.42,0.20,2:02.62,0,108012,1,144,0
web-it-2004,1,127,Pure,0,OK,126928.5,7.18421,,7.18421,194512.0,194512,126.67,0.23,2:06.92,0,123056,1,356,0
web-it-2004,1,127,REF_R1,0,OK,122643.5,119101.735,118919.0,182.735,300688.0,300688,122.38,0.25,2:02.64,0,139008,1,152,0
web-it-2004,1,128,Pure,0,OK,127569.9,7.73087,,7.73087,194384.0,194384,127.28,0.27,2:07.56,0,121912,1,176,0
web-it-2004,1,128,REF_R1,0,OK,122822.9,119146.208,118951.0,195.208,300312.0,300312,122.55,0.25,2:02.82,0,138979,1,216,0
web-it-2004,1,129,Pure,0,OK,125779.8,4.56622,,4.56622,194268.0,194268,125.59,0.17,2:05.77,0,88182,1,223,0
web-it-2004,1,129,REF_R1,0,OK,122478.7,118979.129,118810.0,169.129,300160.0,300160,122.34,0.12,2:02.47,0,98963,1,169,0
web-it-2004,1,130,Pure,0,OK,128352.6,7.75063,,7.75063,194324.0,194324,128.09,0.24,2:08.34,0,126985,1,223,0
web-it-2004,1,130,REF_R1,0,OK,121797.4,118267.875,118109.0,158.875,300004.0,300004,121.68,0.10,2:01.79,0,98951,1,168,0
web-it-2004,1,131,Pure,0,OK,128344.5,4.28327,,4.28327,193956.0,193956,128.19,0.14,2:08.34,0,88105,1,190,0
web-it-2004,1,131,REF_R1,0,OK,122038.2,118602.827,118442.0,160.827,300140.0,300140,121.86,0.16,2:02.03,0,98908,1,139,0
web-it-2004,1,132,Pure,0,OK,127108.7,4.28659,,4.28659,194188.0,194188,126.97,0.13,2:07.10,0,88072,1,169,0
web-it-2004,1,132,REF_R1,0,OK,122462.3,118950.756,118759.0,191.756,299680.0,299680,122.20,0.25,2:02.45,0,138786,1,170,0
web-it-2004,1,133,Pure,0,OK,126479.2,7.53141,,7.53141,194164.0,194164,126.22,0.24,2:06.47,0,126856,1,173,0
web-it-2004,1,133,REF_R1,0,OK,122177.1,118591.355,118366.0,225.355,299240.0,299240,121.90,0.26,2:02.17,0,151043,1,144,0
web-it-2004,1,134,Pure,0,OK,125018.3,4.72259,,4.72259,193932.0,193932,124.86,0.15,2:05.01,0,87993,1,179,0
web-it-2004,1,134,REF_R1,0,OK,121665.6,118195.355,118035.0,160.355,299136.0,299136,121.51,0.14,2:01.66,0,98693,1,139,0
web-it-2004,1,135,Pure,0,OK,126779.7,6.87275,,6.87275,194224.0,194224,126.56,0.20,2:06.77,0,124106,1,170,0
web-it-2004,1,135,REF_R1,0,OK,122758.1,118975.561,118805.0,170.561,299036.0,299036,122.48,0.26,2:02.75,0,166062,1,242,0
web-it-2004,1,136,Pure,0,OK,126726.2,4.31391,,4.31391,193640.0,193640,126.59,0.12,2:06.72,0,87914,1,157,0
web-it-2004,1,136,REF_R1,0,OK,121368.3,117849.247,117664.0,185.247,298880.0,298880,121.11,0.24,2:01.36,0,138583,1,179,0
web-it-2004,1,137,Pure,0,OK,127625.2,6.89645,,6.89645,193996.0,193996,127.40,0.21,2:07.62,0,122092,1,160,0
web-it-2004,1,137,REF_R1,0,OK,122096.4,118299.498,118116.0,183.498,298808.0,298808,121.88,0.19,2:02.09,0,144521,1,203,0
web-it-2004,1,138,Pure,0,OK,128735.0,7.2832,,7.2832,193896.0,193896,128.44,0.28,2:08.73,0,126405,1,196,0
web-it-2004,1,138,REF_R1,0,OK,122089.5,118547.139,118335.0,212.139,298880.0,298880,121.81,0.26,2:02.08,0,145191,1,251,0
web-it-2004,1,139,Pure,0,OK,126361.1,6.83117,,6.83117,193812.0,193812,126.13,0.21,2:06.35,0,121892,1,184,0
web-it-2004,1,139,REF_R1,0,OK,121726.4,118138.572,117953.0,185.572,298688.0,298688,121.45,0.25,2:01.72,0,138518,1,178,0
web-it-2004,1,140,Pure,0,OK,127800.6,6.83758,,6.83758,193788.0,193788,127.57,0.21,2:07.79,0,123450,1,248,0
web-it-2004,1,140,REF_R1,0,OK,121667.2,118093.203,117871.0,222.203,298348.0,298348,121.34,0.31,2:01.66,0,147504,1,205,0
web-it-2004,1,141,Pure,0,OK,126475.2,4.29502,,4.29502,193636.0,193636,126.31,0.15,2:06.47,0,87723,1,159,0
web-it-2004,1,141,REF_R1,0,OK,121573.6,117746.016,117557.0,189.016,298136.0,298136,121.30,0.25,2:01.57,0,138408,1,236,0
web-it-2004,1,142,Pure,0,OK,127471.7,4.44007,,4.44007,193580.0,193580,127.23,0.23,2:07.46,0,102469,1,279,0
web-it-2004,1,142,REF_R1,0,OK,120385.4,117191.937,117029.0,162.937,298004.0,298004,120.18,0.19,2:00.38,0,98415,1,135,0
web-it-2004,1,143,Pure,0,OK,127076.9,7.07531,,7.07531,193588.0,193588,126.78,0.28,2:07.07,0,117554,1,190,0
web-it-2004,1,143,REF_R1,0,OK,122578.7,118680.733,118510.0,170.733,297512.0,297512,122.36,0.19,2:02.57,0,142115,1,356,0
web-it-2004,1,144,Pure,0,OK,127853.1,7.02204,,7.02204,193416.0,193416,127.58,0.26,2:07.85,0,115255,1,255,0
web-it-2004,1,144,REF_R1,0,OK,120575.3,117107.737,116954.0,153.737,296828.0,296828,120.40,0.15,2:00.57,0,98111,1,140,0
web-it-2004,1,145,Pure,0,OK,126473.6,4.2732,,4.2732,193316.0,193316,126.28,0.17,2:06.47,0,81417,1,183,0
web-it-2004,1,145,REF_R1,0,OK,120471.5,116968.264,116814.0,154.264,296624.0,296624,120.29,0.16,2:00.46,0,98036,1,145,0
web-it-2004,1,146,Pure,0,OK,127038.2,6.86442,,6.86442,193268.0,193268,126.77,0.23,2:07.03,0,118103,1,483,0
web-it-2004,1,146,REF_R1,0,OK,120190.8,116699.658,116547.0,152.658,295624.0,295624,119.99,0.18,2:00.18,0,97826,1,165,0
web-it-2004,1,147,Pure,0,OK,126194.0,4.25953,,4.25953,193192.0,193192,126.03,0.15,2:06.19,0,81321,1,159,0
web-it-2004,1,147,REF_R1,0,OK,121027.1,117503.604,117316.0,187.604,295576.0,295576,120.74,0.26,2:01.02,0,137746,1,266,0
web-it-2004,1,148,Pure,0,OK,126566.5,4.21932,,4.21932,193192.0,193192,126.45,0.10,2:06.56,0,82306,1,223,0
web-it-2004,1,148,REF_R1,0,OK,120803.5,117652.439,117467.0,185.439,295436.0,295436,120.54,0.24,2:00.80,0,137705,1,271,0
web-it-2004,1,149,Pure,0,OK,126974.3,4.36577,,4.36577,192836.0,192836,126.80,0.15,2:06.97,0,81238,1,161,0
web-it-2004,1,149,REF_R1,0,OK,119807.9,116324.516,116165.0,159.516,295272.0,295272,119.63,0.16,1:59.80,0,97738,1,159,0
web-it-2004,1,150,Pure,0,OK,127274.1,7.83016,,7.83016,193124.0,193192,127.02,0.24,2:07.27,0,115030,1,211,0
web-it-2004,1,150,REF_R1,0,OK,120435.7,116944.578,116785.0,159.578,295268.0,295268,120.26,0.15,2:00.43,0,97717,1,209,0
web-it-2004,1,151,Pure,0,OK,127422.8,7.04205,,7.04205,192884.0,192884,127.13,0.28,2:07.42,0,115653,1,190,0
web-it-2004,1,151,REF_R1,0,OK,120948.7,117244.77,117047.0,197.77,295336.0,295336,120.59,0.33,2:00.94,0,137672,1,378,0
web-it-2004,1,152,Pure,0,OK,126878.8,7.00666,,7.00666,192984.0,192984,126.62,0.24,2:06.87,0,116280,1,279,0
web-it-2004,1,152,REF_R1,0,OK,120432.6,116860.663,116606.0,254.663,295012.0,295012,120.07,0.34,2:00.42,0,144969,1,214,0
web-it-2004,1,153,Pure,0,OK,126989.2,6.85061,,6.85061,192888.0,192888,126.73,0.24,2:06.98,0,116893,1,223,0
web-it-2004,1,153,REF_R1,0,OK,120287.3,116585.033,116354.0,231.033,295064.0,295064,119.93,0.34,2:00.28,0,148132,1,145,0
web-it-2004,1,154,Pure,0,OK,126553.4,4.74357,,4.74357,192692.0,192692,126.39,0.14,2:06.55,0,81031,1,170,0
web-it-2004,1,154,REF_R1,0,OK,119239.4,115600.891,115444.0,156.891,294856.0,294856,119.02,0.20,1:59.23,0,97646,1,190,0
web-it-2004,1,155,Pure,0,OK,127518.8,6.93668,,6.93668,192652.0,192652,127.28,0.23,2:07.51,0,114335,1,172,0
web-it-2004,1,155,REF_R1,0,OK,119672.3,115628.051,115476.0,152.051,294236.0,294236,119.49,0.16,1:59.66,0,99852,1,150,0
web-it-2004,1,156,Pure,0,OK,126880.4,7.47563,,7.47563,192708.0,192708,126.64,0.23,2:06.87,0,116680,1,226,0
web-it-2004,1,156,REF_R1,0,OK,119192.3,115699.762,115517.0,182.762,294268.0,294268,118.87,0.31,1:59.18,0,137375,1,176,0
web-it-2004,1,157,Pure,0,OK,127666.3,7.24346,,7.24346,192588.0,192588,127.43,0.22,2:07.66,0,114158,1,188,0
web-it-2004,1,157,REF_R1,0,OK,118910.8,115146.098,114992.0,154.098,294020.0,294020,118.75,0.15,1:58.90,0,97404,1,126,0
web-it-2004,1,158,Pure,0,OK,127011.2,7.3561,,7.3561,192544.0,192544,126.76,0.23,2:07.00,0,116823,1,370,0
web-it-2004,1,158,REF_R1,0,OK,119312.1,115532.407,115379.0,153.407,293268.0,293268,119.10,0.20,1:59.30,0,104739,1,135,0
web-it-2004,1,159,Pure,0,OK,126519.9,7.06238,,7.06238,192604.0,192604,126.23,0.27,2:06.51,0,116139,1,252,0
web-it-2004,1,159,REF_R1,0,OK,119472.2,115775.186,115597.0,178.186,293276.0,293276,119.18,0.28,1:59.46,0,137130,1,204,0
web-it-2004,1,160,Pure,0,OK,127736.4,7.98942,,7.98942,192380.0,192380,127.49,0.23,2:07.73,0,114899,1,224,0
web-it-2004,1,160,REF_R1,0,OK,118889.6,115294.602,115083.0,211.602,293068.0,293068,118.58,0.30,1:58.88,0,146680,1,128,0
web-it-2004,1,161,Pure,0,OK,126396.3,7.9843,,7.9843,192280.0,192280,126.14,0.24,2:06.39,0,118517,1,160,0
web-it-2004,1,161,REF_R1,0,OK,118422.7,114523.775,114338.0,185.775,293176.0,293176,118.10,0.30,1:58.41,0,137077,1,134,0
web-it-2004,1,162,Pure,0,OK,127272.7,8.27348,,8.27348,192316.0,192316,127.01,0.25,2:07.26,0,117596,1,194,0
web-it-2004,1,162,REF_R1,0,OK,119078.2,115500.359,115225.0,275.359,292148.0,292148,118.68,0.38,1:59.07,0,148047,1,184,0
web-it-2004,1,163,Pure,0,OK,127197.2,8.21121,,8.21121,192184.0,192184,126.89,0.29,2:07.19,0,114518,1,264,0
web-it-2004,1,163,REF_R1,0,OK,118617.9,114642.236,114490.0,152.236,291864.0,291864,118.41,0.19,1:58.61,0,96840,1,191,0
web-it-2004,1,164,Pure,0,OK,126907.4,7.70742,,7.70742,192132.0,192132,126.62,0.27,2:06.90,0,123351,1,214,0
web-it-2004,1,164,REF_R1,0,OK,118059.0,114408.325,114249.0,159.325,290708.0,290708,117.86,0.18,1:58.05,0,96601,1,150,0
web-it-2004,1,165,Pure,0,OK,127223.5,8.18323,,8.18323,192020.0,192020,126.92,0.28,2:07.22,0,119168,1,212,0
web-it-2004,1,165,REF_R1,0,OK,118486.0,114755.104,114566.0,189.104,290476.0,290476,118.17,0.29,1:58.48,0,136411,1,189,0
web-it-2004,1,166,Pure,0,OK,125746.3,4.82666,,4.82666,191976.0,191976,125.58,0.15,2:05.74,0,80500,1,322,0
web-it-2004,1,166,REF_R1,0,OK,117886.6,114346.845,114157.0,189.845,289888.0,289888,117.55,0.32,1:57.88,0,136255,1,207,0
web-it-2004,1,167,Pure,0,OK,125587.6,4.59616,,4.59616,191884.0,191884,125.39,0.17,2:05.58,0,80453,1,240,0
web-it-2004,1,167,REF_R1,0,OK,118091.5,114560.537,114349.0,211.537,289664.0,289664,117.81,0.27,1:58.08,0,144373,1,212,0
web-it-2004,1,168,Pure,0,OK,127080.3,4.86462,,4.86462,191736.0,191736,126.86,0.19,2:07.07,0,80408,1,433,0
web-it-2004,1,168,REF_R1,0,OK,117162.1,113497.571,113343.0,154.571,289232.0,289232,116.93,0.22,1:57.15,0,96219,1,123,0
web-it-2004,1,169,Pure,0,OK,126803.1,7.99184,,7.99184,191928.0,191928,126.49,0.29,2:06.80,0,116865,1,350,0
web-it-2004,1,169,REF_R1,0,OK,117757.5,114063.116,113872.0,191.116,288984.0,288984,117.46,0.28,1:57.75,0,142351,1,205,0
web-it-2004,1,170,Pure,0,OK,127260.2,7.92136,,7.92136,191564.0,191564,126.96,0.28,2:07.25,0,114689,1,261,0
web-it-2004,1,170,REF_R1,0,OK,116956.2,113429.074,113210.0,219.074,288840.0,288840,116.61,0.33,1:56.95,0,146015,1,125,0
web-it-2004,1,171,Pure,0,OK,126485.9,7.55828,,7.55828,191660.0,191660,126.20,0.27,2:06.48,0,116802,1,258,0
web-it-2004,1,171,REF_R1,0,OK,117674.5,113768.321,113496.0,272.321,288132.0,288132,117.34,0.32,1:57.67,0,146129,1,194,0
web-it-2004,1,172,Pure,0,OK,127200.0,8.12499,,8.12499,191336.0,191336,126.89,0.29,2:07.19,0,114209,1,257,0
web-it-2004,1,172,REF_R1,0,OK,117399.4,113800.624,113620.0,180.624,286904.0,286904,117.11,0.27,1:57.39,0,135505,1,166,0
web-it-2004,1,173,Pure,0,OK,127165.0,8.02551,,8.02551,191376.0,191376,126.85,0.30,2:07.16,0,114872,1,239,0
web-it-2004,1,173,REF_R1,0,OK,116335.0,112830.578,112650.0,180.578,286628.0,286628,116.03,0.28,1:56.33,0,135430,1,271,0
web-it-2004,1,174,Pure,0,OK,126528.8,4.71835,,4.71835,191268.0,191268,126.39,0.12,2:06.52,0,80121,1,351,0
web-it-2004,1,174,REF_R1,0,OK,115500.0,111999.151,111850.0,149.151,286352.0,286352,115.26,0.22,1:55.49,0,95486,1,382,0
web-it-2004,1,175,Pure,0,OK,126301.2,4.58854,,4.58854,191296.0,191296,126.10,0.18,2:06.29,0,80073,1,307,0
web-it-2004,1,175,REF_R1,0,OK,115639.6,111979.853,111831.0,148.853,286284.0,286284,115.43,0.19,1:55.63,0,95452,1,259,0
web-it-2004,1,176,Pure,0,OK,126186.5,4.62703,,4.62703,191064.0,191064,126.00,0.17,2:06.18,0,80023,1,362,0
web-it-2004,1,176,REF_R1,0,OK,114703.7,111603.801,111456.0,147.801,285696.0,285696,114.50,0.18,1:54.70,0,95292,1,318,0
web-it-2004,1,177,Pure,0,OK,126510.3,4.6396,,4.6396,191104.0,191104,126.31,0.19,2:06.50,0,79976,1,298,0
web-it-2004,1,177,REF_R1,0,OK,114951.8,111430.844,111281.0,149.844,285284.0,285284,114.80,0.14,1:54.94,0,95228,1,295,0
web-it-2004,1,178,Pure,0,OK,126171.4,4.66211,,4.66211,191056.0,191056,126.03,0.12,2:06.16,0,79927,1,371,0
web-it-2004,1,178,REF_R1,0,OK,114782.1,111270.871,111122.0,148.871,285316.0,285316,114.56,0.21,1:54.78,0,95199,1,236,0
web-it-2004,1,179,Pure,0,OK,126718.0,4.64624,,4.64624,191008.0,191008,126.54,0.15,2:06.71,0,79878,1,382,0
web-it-2004,1,179,REF_R1,0,OK,114535.3,110970.394,110824.0,146.394,284948.0,284948,114.35,0.17,1:54.53,0,95158,1,238,0
web-it-2004,1,180,Pure,0,OK,126522.5,4.63908,,4.63908,190908.0,190908,126.31,0.19,2:06.51,0,79832,1,361,0
web-it-2004,1,180,REF_R1,0,OK,114184.1,110739.417,110595.0,144.417,284888.0,284888,113.96,0.21,1:54.18,0,95114,1,259,0
web-it-2004,1,181,Pure,0,OK,126530.4,4.7949,,4.7949,190620.0,190620,126.32,0.19,2:06.52,0,79776,1,360,0
web-it-2004,1,181,REF_R1,0,OK,113988.6,110518.65,110370.0,148.65,284548.0,284548,113.82,0.15,1:53.98,0,95077,1,215,0
web-it-2004,1,182,Pure,0,OK,126554.1,4.73507,,4.73507,190528.0,190528,126.39,0.15,2:06.55,0,79729,1,257,0
web-it-2004,1,182,REF_R1,0,OK,113347.0,110246.628,110100.0,146.628,284168.0,284168,113.18,0.15,1:53.34,0,94948,1,316,0
web-it-2004,1,183,Pure,0,OK,126431.8,4.70482,,4.70482,190740.0,190740,126.27,0.14,2:06.42,0,79681,1,252,0
web-it-2004,1,183,REF_R1,0,OK,113623.8,110011.167,109865.0,146.167,283448.0,283448,113.43,0.17,1:53.62,0,94789,1,351,0
web-it-2004,1,184,Pure,0,OK,126589.1,4.68727,,4.68727,190608.0,190608,126.39,0.18,2:06.58,0,79633,1,304,0
web-it-2004,1,184,REF_R1,0,OK,113011.2,109901.817,109753.0,148.817,283036.0,283036,112.84,0.15,1:53.00,0,94687,1,256,0
web-it-2004,1,185,Pure,0,OK,126413.0,4.77016,,4.77016,190420.0,190420,126.25,0.15,2:06.41,0,79584,1,469,0
web-it-2004,1,185,REF_R1,0,OK,112598.0,109495.086,109350.0,145.086,282580.0,282580,112.41,0.17,1:52.59,0,94550,1,386,0
web-it-2004,1,186,Pure,0,OK,126159.7,4.74239,,4.74239,190512.0,190512,126.00,0.14,2:06.15,0,79542,1,427,0
web-it-2004,1,186,REF_R1,0,OK,113151.7,109501.584,109355.0,146.584,281488.0,281488,112.97,0.17,1:53.14,0,94253,1,261,0
web-it-2004,1,187,Pure,0,OK,126584.5,4.73964,,4.73964,190220.0,190220,126.42,0.14,2:06.58,0,79495,1,365,0
web-it-2004,1,187,REF_R1,0,OK,112767.1,109113.756,108970.0,143.756,281024.0,281024,112.58,0.17,1:52.76,0,94227,1,196,0
web-it-2004,1,188,Pure,0,OK,126089.8,4.70833,,4.70833,190376.0,190376,125.91,0.16,2:06.08,0,79454,1,369,0
web-it-2004,1,188,REF_R1,0,OK,112367.9,108812.045,108669.0,143.045,281308.0,281308,112.13,0.22,1:52.36,0,94223,1,192,0
web-it-2004,1,189,Pure,0,OK,125630.4,4.72609,,4.72609,190276.0,190276,125.49,0.13,2:05.62,0,79410,1,369,0
web-it-2004,1,189,REF_R1,0,OK,112278.2,108823.669,108681.0,142.669,281160.0,281160,112.06,0.20,1:52.27,0,94199,1,239,0
web-it-2004,1,190,Pure,0,OK,126751.1,4.6904,,4.6904,190112.0,190112,126.61,0.12,2:06.74,0,79365,1,434,0
web-it-2004,1,190,REF_R1,0,OK,112012.6,108504.448,108362.0,142.448,281220.0,281220,111.86,0.14,1:52.00,0,94184,1,232,0
web-it-2004,1,191,Pure,0,OK,126102.8,4.66523,,4.66523,190124.0,190124,125.95,0.13,2:06.10,0,79319,1,387,0
web-it-2004,1,191,REF_R1,0,OK,111786.7,108225.239,108082.0,143.239,280980.0,280980,111.59,0.18,1:51.78,0,94165,1,340,0
web-it-2004,1,192,Pure,0,OK,126202.0,4.65421,,4.65421,189808.0,189808,126.02,0.16,2:06.19,0,79274,1,404,0
web-it-2004,1,192,REF_R1,0,OK,111178.6,108079.943,107939.0,140.943,280884.0,280884,111.00,0.16,1:51.17,0,94138,1,335,0
web-it-2004,1,193,Pure,0,OK,126783.9,4.57342,,4.57342,189984.0,189984,126.64,0.13,2:06.78,0,79229,1,246,0
web-it-2004,1,193,REF_R1,0,OK,111464.9,107821.611,107681.0,140.611,281000.0,281000,111.24,0.20,1:51.46,0,94127,1,335,0
web-it-2004,1,194,Pure,0,OK,125611.9,4.58181,,4.58181,189892.0,189892,125.44,0.15,2:05.60,0,79190,1,497,0
web-it-2004,1,194,REF_R1,0,OK,110613.4,107506.145,107363.0,143.145,280916.0,280916,110.44,0.15,1:50.61,0,94117,1,383,0
web-it-2004,1,195,Pure,0,OK,125108.0,4.56957,,4.56957,189900.0,189900,124.95,0.14,2:05.10,0,79153,1,414,0
web-it-2004,1,195,REF_R1,0,OK,110550.7,107395.555,107256.0,139.555,280688.0,280688,110.34,0.19,1:50.54,0,94055,1,350,0
web-it-2004,1,196,Pure,0,OK,126607.2,4.54695,,4.54695,189584.0,189584,126.44,0.15,2:06.60,0,79114,1,274,0
web-it-2004,1,196,REF_R1,0,OK,110855.9,107162.714,107021.0,141.714,280352.0,280352,110.66,0.17,1:50.85,0,94006,1,314,0
web-it-2004,1,197,Pure,0,OK,126172.4,4.5234,,4.5234,189364.0,189364,126.00,0.15,2:06.16,0,79076,1,400,0
web-it-2004,1,197,REF_R1,0,OK,109991.8,106893.098,106752.0,141.098,280220.0,280220,109.81,0.16,1:49.98,0,93974,1,347,0
web-it-2004,1,198,Pure,0,OK,126322.6,4.53169,,4.53169,189212.0,189212,126.15,0.15,2:06.31,0,79046,1,422,0
web-it-2004,1,198,REF_R1,0,OK,110277.3,106750.279,106612.0,138.279,280172.0,280172,110.10,0.16,1:50.27,0,93978,1,207,0
web-it-2004,1,199,Pure,0,OK,126726.2,4.52978,,4.52978,189312.0,189312,126.55,0.16,2:06.72,0,79018,1,401,0
web-it-2004,1,199,REF_R1,0,OK,110093.8,106472.426,106335.0,137.426,280100.0,280100,109.91,0.16,1:50.09,0,93964,1,218,0
web-it-2004,1,200,Pure,0,OK,126525.4,4.52624,,4.52624,189036.0,189036,126.34,0.17,2:06.52,0,78984,1,495,0
web-it-2004,1,200,REF_R1,0,OK,110120.5,106580.366,106442.0,138.366,279440.0,279440,109.86,0.24,1:50.11,0,93817,1,249,0
