graph,r,s,algorithm,time_ms,memory_kB,status
com-youtube,1,5,Ours_ST,296.089,316212,OK
com-youtube,1,4,Ours_ST,370.138,368776,OK
com-youtube,1,3,Ours_ST,434.31,401748,OK
com-youtube,1,5,REF_R1,838.389,623848,OK
com-youtube,1,2,Ours_ST,735.692,489576,OK
com-youtube,1,4,REF_R1,1083.51,678872,OK
com-youtube,1,3,REF_R1,1197.44,701460,OK
com-youtube,1,2,REF_R1,1347.92,900496,OK
com-youtube,1,7,Ours_ST,149.293,210144,OK
com-youtube,1,6,Ours_ST,202.464,260428,OK
com-youtube,1,8,Ours_ST,93.3212,192064,OK
com-youtube,1,7,REF_R1,548.003,337400,OK
com-youtube,1,9,REF_R1,304.192,261148,OK
com-youtube,1,9,Ours_ST,56.224,154604,OK
com-youtube,1,6,REF_R1,690.777,575040,OK
com-youtube,1,8,REF_R1,392.195,294164,OK
com-youtube,1,10,Ours_ST,30.2562,129236,OK
com-youtube,1,12,Ours_ST,13.2107,110752,OK
com-youtube,1,10,REF_R1,248.798,238648,OK
com-youtube,1,11,Ours_ST,20.4155,116628,OK
com-youtube,1,12,REF_R1,215.478,164096,OK
com-youtube,1,13,Ours_ST,11.2383,107380,OK
com-youtube,1,11,REF_R1,235.324,170220,OK
com-youtube,1,13,REF_R1,211.885,160780,OK
com-youtube,1,14,Ours_ST,9.31479,106436,OK
com-youtube,1,15,Ours_ST,8.62647,105980,OK
com-youtube,1,17,Ours_ST,8.68203,105904,OK
com-youtube,1,16,REF_R1,197.386,211580,OK
com-youtube,1,14,REF_R1,198.438,212292,OK
com-youtube,1,15,REF_R1,195.51,211736,OK
com-youtube,1,17,REF_R1,195.945,158848,OK
com-youtube,1,16,Ours_ST,8.60982,105724,OK
com-youtube,3,4,Ours_V18,11451.7,1133692,OK
com-youtube,3,4,Ours_V20,12097.4,1108764,OK
com-youtube,3,6,Ours_V18,10758.5,1051540,OK
com-youtube,3,5,Ours_V18,12200.4,1103988,OK
com-youtube,3,4,REF_R3,14968.9,1172992,OK
com-youtube,3,5,REF_R3,15111.2,1137884,OK
com-youtube,3,5,Ours_V20,15581.9,1076096,OK
com-youtube,3,6,Ours_V20,18617.4,1022236,OK
com-youtube,3,7,Ours_V18,8346.55,1006080,OK
com-youtube,3,8,Ours_V18,5579.74,971772,OK
com-youtube,3,6,REF_R3,12789.7,1076168,OK
com-youtube,3,7,REF_R3,8873.03,1028872,OK
com-youtube,3,9,Ours_V18,3917.69,947064,OK
com-youtube,3,8,REF_R3,6801.05,991960,OK
com-youtube,3,10,Ours_V18,2365.22,922120,OK
com-youtube,3,7,Ours_V20,17249.7,972664,OK
com-youtube,3,8,Ours_V20,13475,935508,OK
com-youtube,3,9,REF_R3,3985.89,966552,OK
com-youtube,3,11,Ours_V18,1379.77,903944,OK
com-youtube,3,10,REF_R3,2666.29,944912,OK
com-youtube,3,9,Ours_V20,9311.86,909716,OK
com-youtube,3,10,Ours_V20,5628.58,886784,OK
com-youtube,3,12,Ours_V18,770.66,893404,OK
com-youtube,3,11,REF_R3,1621.01,931604,OK
com-youtube,3,12,Ours_V20,1495.61,865444,OK
com-youtube,3,11,Ours_V20,3093.96,872444,OK
com-youtube,3,13,Ours_V18,471.643,887636,OK
com-youtube,3,13,Ours_V20,739.045,861952,OK
com-youtube,3,12,REF_R3,1009.16,924872,OK
com-youtube,3,13,REF_R3,704.82,921564,OK
com-youtube,3,14,Ours_V18,346.392,885028,OK
com-youtube,3,14,REF_R3,583.803,967520,OK
com-youtube,3,14,Ours_V20,422.814,860716,OK
com-youtube,3,15,Ours_V18,303.891,884064,OK
com-youtube,3,15,Ours_V20,294.375,860064,OK
com-youtube,3,16,Ours_V18,293.838,883664,OK
com-youtube,3,15,REF_R3,523.621,966988,OK
com-youtube,3,16,Ours_V20,268.289,860020,OK
com-youtube,3,16,REF_R3,518.816,966896,OK
com-youtube,3,17,Ours_V18,289.852,883736,OK
com-youtube,3,17,Ours_V20,282.727,859856,OK
com-youtube,3,17,REF_R3,512.028,966844,OK
com-youtube,4,5,Ours_V18,24006.9,1197320,OK
com-youtube,4,7,Ours_V18,20083.4,1100780,OK
com-youtube,4,5,Ours_V20,27162.1,1156344,OK
com-youtube,4,6,Ours_V18,25872.1,1146744,OK
com-youtube,4,6,Ours_V20,29823.6,1101200,OK
com-youtube,4,7,Ours_V20,31229.2,1053040,OK
com-youtube,4,5,REF_R3,39439.3,1215368,OK
com-youtube,4,6,REF_R3,35889.3,1159880,OK
com-youtube,4,8,Ours_V18,15019.7,1063704,OK
com-youtube,4,9,Ours_V18,12227.6,1034084,OK
com-youtube,4,10,Ours_V18,7226.12,1010788,OK
com-youtube,4,8,REF_R3,22059,1068028,OK
com-youtube,4,7,REF_R3,29098.2,1111208,OK
com-youtube,4,8,Ours_V20,26794,1013836,OK
com-youtube,4,9,REF_R3,14892.4,1038224,OK
com-youtube,4,9,Ours_V20,20214.2,983712,OK
com-youtube,4,11,Ours_V18,4119.5,978084,OK
com-youtube,4,10,Ours_V20,13359.6,961744,OK
com-youtube,4,10,REF_R3,8934.7,1018348,OK
com-youtube,4,12,Ours_V18,2175.33,967804,OK
com-youtube,4,11,Ours_V20,7457.55,948352,OK
com-youtube,4,11,REF_R3,4995.39,1006036,OK
com-youtube,4,12,Ours_V20,3827.47,942284,OK
com-youtube,4,13,Ours_V18,1340.44,962116,OK
com-youtube,4,12,REF_R3,2875.58,1000236,OK
com-youtube,4,13,Ours_V20,1816.11,939448,OK
com-youtube,4,14,Ours_V18,698.718,958992,OK
com-youtube,4,13,REF_R3,1695.15,997492,OK
com-youtube,4,14,Ours_V20,851.971,938356,OK
com-youtube,4,15,Ours_V18,538.916,957896,OK
com-youtube,4,14,REF_R3,1113.88,996448,OK
com-youtube,4,15,Ours_V20,531.861,937856,OK
com-youtube,4,15,REF_R3,924.924,996100,OK
com-youtube,4,16,Ours_V18,499.103,957336,OK
com-youtube,4,16,Ours_V20,463.652,937740,OK
com-youtube,4,16,REF_R3,882.495,995944,OK
com-youtube,4,17,Ours_V18,471.531,957164,OK
com-youtube,4,17,Ours_V20,450.615,937548,OK
com-youtube,4,17,REF_R3,880.062,996216,OK
com-youtube,5,8,Ours_V18,31208,1214056,OK
com-youtube,5,7,Ours_V18,35136.3,1254708,OK
com-youtube,5,6,Ours_V18,42171.3,1300652,OK
com-youtube,5,6,Ours_V20,42655.9,1268460,OK
com-youtube,5,8,Ours_V20,38849.8,1173468,OK
com-youtube,5,7,Ours_V20,41391.7,1215644,OK
com-youtube,5,6,REF_R3,54792.5,1379108,OK
com-youtube,5,7,REF_R3,53754,1327348,OK
com-youtube,5,9,Ours_V18,21661.8,1182392,OK
com-youtube,5,10,Ours_V18,15229,1144700,OK
com-youtube,5,11,Ours_V18,9377.98,1120732,OK
com-youtube,5,10,Ours_V20,22489.2,1115868,OK
com-youtube,5,9,Ours_V20,32068.1,1140904,OK
com-youtube,5,9,REF_R3,32471.3,1248464,OK
com-youtube,5,10,REF_R3,21984,1226340,OK
com-youtube,5,12,Ours_V18,5145.56,1105556,OK
com-youtube,5,11,REF_R3,12838.4,1212316,OK
com-youtube,5,11,Ours_V20,14130.5,1101008,OK
com-youtube,5,8,REF_R3,44255.2,1283860,OK
com-youtube,5,12,Ours_V20,7500.53,1093300,OK
com-youtube,5,13,Ours_V18,2610.52,1096488,OK
com-youtube,5,14,Ours_V18,1327.9,1091240,OK
com-youtube,5,12,REF_R3,6295.83,1205380,OK
com-youtube,5,14,Ours_V20,1568.9,1088136,OK
com-youtube,5,15,Ours_V18,856.799,1088732,OK
com-youtube,5,13,REF_R3,3656.8,1201716,OK
com-youtube,5,13,Ours_V20,3461.26,1089732,OK
com-youtube,5,14,REF_R3,2101.38,1200188,OK
com-youtube,5,15,Ours_V20,887.284,1087452,OK
com-youtube,5,16,Ours_V18,696.329,1087720,OK
com-youtube,5,16,Ours_V20,698.574,1087520,OK
com-youtube,5,15,REF_R3,1446.54,1199584,OK
com-youtube,5,17,Ours_V18,703.158,1087028,OK
com-youtube,5,17,Ours_V20,694.244,1087092,OK
com-youtube,5,17,REF_R3,1283.94,1195988,OK
com-youtube,5,16,REF_R3,1444.78,1199536,OK
web-Stanford,1,2,Ours_ST,213.366,219104,OK
web-Stanford,1,2,REF_R1,380.861,315900,OK
web-Stanford,1,3,Ours_ST,385.377,348596,OK
web-Stanford,1,3,REF_R1,745.986,481240,OK
web-Stanford,1,4,Ours_ST,351.659,359152,OK
web-Stanford,1,5,Ours_ST,343.348,341468,OK
web-Stanford,1,4,REF_R1,789.223,496584,OK
web-Stanford,1,5,REF_R1,702.477,474892,OK
web-Stanford,1,6,Ours_ST,283.463,311432,OK
web-Stanford,1,6,REF_R1,631.619,445120,OK
web-Stanford,1,7,Ours_ST,234.384,269512,OK
web-Stanford,1,8,Ours_ST,157.435,199052,OK
web-Stanford,1,7,REF_R1,616.473,401788,OK
web-Stanford,1,9,Ours_ST,143.213,195228,OK
web-Stanford,1,8,REF_R1,321.828,292440,OK
web-Stanford,1,9,REF_R1,297.96,279508,OK
web-Stanford,1,10,Ours_ST,132.51,180224,OK
web-Stanford,1,11,Ours_ST,122.744,172944,OK
web-Stanford,1,10,REF_R1,287.05,267184,OK
web-Stanford,1,12,Ours_ST,114.74,165968,OK
web-Stanford,1,11,REF_R1,270.174,255128,OK
web-Stanford,1,12,REF_R1,247.473,244860,OK
web-Stanford,1,13,Ours_ST,102.681,158864,OK
web-Stanford,1,13,REF_R1,319.149,234420,OK
web-Stanford,1,14,Ours_ST,91.2354,149916,OK
web-Stanford,1,15,Ours_ST,83.3039,143024,OK
web-Stanford,1,16,Ours_ST,64.17,125628,OK
web-Stanford,1,14,REF_R1,210.854,222820,OK
web-Stanford,1,15,REF_R1,181.607,212508,OK
web-Stanford,1,16,REF_R1,153.988,190356,OK
web-Stanford,1,17,Ours_ST,38.1073,108440,OK
web-Stanford,1,17,REF_R1,115.281,118516,OK
web-Stanford,1,18,Ours_ST,35.5405,104608,OK
web-Stanford,1,19,Ours_ST,32.0279,102412,OK
web-Stanford,1,18,REF_R1,109.682,115480,OK
web-Stanford,1,19,REF_R1,105.443,113796,OK
web-Stanford,1,20,Ours_ST,29.371,99544,OK
web-Stanford,1,20,REF_R1,100.052,111744,OK
web-Stanford,1,21,Ours_ST,26.3746,95064,OK
web-Stanford,1,21,REF_R1,93.4448,107868,OK
web-Stanford,1,22,Ours_ST,23.9153,92792,OK
web-Stanford,1,23,Ours_ST,25.0578,90484,OK
web-Stanford,1,22,REF_R1,94.983,106144,OK
web-Stanford,1,24,Ours_ST,22.0643,89304,OK
web-Stanford,1,24,REF_R1,87.5377,103660,OK
web-Stanford,1,23,REF_R1,90.3103,104212,OK
web-Stanford,1,25,Ours_ST,19.9521,88232,OK
web-Stanford,1,25,REF_R1,94.6089,102476,OK
web-Stanford,1,26,Ours_ST,19.0142,85352,OK
web-Stanford,1,26,REF_R1,84.1852,101732,OK
web-Stanford,1,27,REF_R1,82.1779,100476,OK
web-Stanford,1,27,Ours_ST,19.6679,86644,OK
web-Stanford,1,28,Ours_ST,18.7613,85644,OK
web-Stanford,1,28,REF_R1,82.5315,99856,OK
web-Stanford,1,29,Ours_ST,17.2296,83508,OK
web-Stanford,1,29,REF_R1,87.2937,97976,OK
web-Stanford,1,30,Ours_ST,15.6385,81540,OK
web-Stanford,1,30,REF_R1,87.3571,96508,OK
web-Stanford,1,31,Ours_ST,15.0025,79184,OK
web-Stanford,1,31,REF_R1,78.6515,94596,OK
web-Stanford,1,32,Ours_ST,14.872,77760,OK
web-Stanford,1,32,REF_R1,76.6163,93588,OK
web-Stanford,1,33,Ours_ST,12.7175,75572,OK
web-Stanford,1,33,REF_R1,80.1347,92036,OK
web-Stanford,1,34,Ours_ST,11.5291,74616,OK
web-Stanford,1,35,Ours_ST,11.34,73844,OK
web-Stanford,1,34,REF_R1,67.5576,91040,OK
web-Stanford,1,36,REF_R1,67.7078,90276,OK
web-Stanford,1,36,Ours_ST,11.922,73532,OK
web-Stanford,1,35,REF_R1,68.6975,90468,OK
web-Stanford,1,37,Ours_ST,11.752,73256,OK
web-Stanford,1,38,Ours_ST,10.4146,72404,OK
web-Stanford,1,37,REF_R1,76.4476,90112,OK
web-Stanford,1,38,REF_R1,65.4914,89544,OK
web-Stanford,1,39,Ours_ST,10.7552,71404,OK
web-Stanford,1,39,REF_R1,63.6687,89000,OK
web-Stanford,1,41,Ours_ST,9.51777,70912,OK
web-Stanford,1,40,Ours_ST,10.1172,71228,OK
web-Stanford,1,40,REF_R1,65.2058,88784,OK
web-Stanford,1,42,Ours_ST,9.27319,70680,OK
web-Stanford,1,41,REF_R1,62.8241,87384,OK
web-Stanford,1,42,REF_R1,62.4001,87716,OK
web-Stanford,1,43,Ours_ST,8.90449,70024,OK
web-Stanford,1,44,Ours_ST,8.18293,67600,OK
web-Stanford,1,43,REF_R1,60.6623,86212,OK
web-Stanford,1,44,REF_R1,58.6126,84428,OK
web-Stanford,1,45,Ours_ST,7.54756,64848,OK
web-Stanford,1,46,Ours_ST,7.17735,64340,OK
web-Stanford,1,45,REF_R1,67.2295,83572,OK
web-Stanford,1,47,REF_R1,54.8601,80084,OK
web-Stanford,1,46,REF_R1,55.9226,80528,OK
web-Stanford,1,47,Ours_ST,6.91613,64148,OK
web-Stanford,1,48,REF_R1,54.5243,79144,OK
web-Stanford,1,49,Ours_ST,6.65496,62876,OK
web-Stanford,1,48,Ours_ST,6.48546,63712,OK
web-Stanford,1,50,Ours_ST,5.34579,62132,OK
web-Stanford,1,49,REF_R1,52.9606,78392,OK
web-Stanford,1,50,REF_R1,51.5399,77504,OK
web-Stanford,1,51,Ours_ST,4.21111,59296,OK
web-Stanford,1,51,REF_R1,48.8561,74952,OK
web-Stanford,1,52,REF_R1,46.4541,72500,OK
web-Stanford,1,52,Ours_ST,3.02822,56052,OK
web-Stanford,1,53,Ours_ST,2.20062,54644,OK
web-Stanford,1,53,REF_R1,44.221,71004,OK
web-Stanford,1,54,Ours_ST,1.78988,53928,OK
web-Stanford,1,54,REF_R1,43.8684,70720,OK
web-Stanford,1,55,Ours_ST,2.11786,54024,OK
web-Stanford,1,55,REF_R1,43.5314,70560,OK
web-Stanford,1,56,REF_R1,43.0146,70580,OK
web-Stanford,1,56,Ours_ST,1.44389,53832,OK
web-Stanford,1,57,Ours_ST,1.44361,53908,OK
web-Stanford,1,57,REF_R1,42.648,70520,OK
web-Stanford,1,58,Ours_ST,1.46821,53580,OK
web-Stanford,1,58,REF_R1,42.5786,70548,OK
web-Stanford,1,60,Ours_ST,1.48632,53600,OK
web-Stanford,1,60,REF_R1,43.1004,70192,OK
web-Stanford,1,59,REF_R1,43.8431,70432,OK
web-Stanford,1,59,Ours_ST,1.5042,53964,OK
web-Stanford,1,61,Ours_ST,1.38521,53184,OK
web-Stanford,1,61,REF_R1,54.5927,70040,OK
web-Stanford,3,4,Ours_V18,21583.7,1774100,OK
web-Stanford,3,4,Ours_V20,22938.5,1666080,OK
web-Stanford,3,5,Ours_V18,39404,2404556,OK
web-Stanford,3,5,Ours_V20,46040.1,1650980,OK
web-Stanford,3,6,Ours_V18,45718.5,3738848,OK
web-Stanford,3,6,Ours_V20,59349.8,1626676,OK
web-Stanford,3,4,REF_R3,66137.4,1843080,OK
web-Stanford,3,5,REF_R3,69883.8,1817296,OK
web-Stanford,3,6,REF_R3,68699,1793952,OK
web-Stanford,3,7,Ours_V18,76439,3023584,OK
web-Stanford,3,7,Ours_V20,59685.5,1593108,OK
web-Stanford,3,7,REF_R3,67870.7,1761372,OK
web-Stanford,3,8,Ours_V20,57583.8,1507728,OK
web-Stanford,3,8,REF_R3,63127.9,1677992,OK
web-Stanford,3,8,Ours_V18,100833,2165220,OK
web-Stanford,3,9,Ours_V20,57034.4,1498972,OK
web-Stanford,3,9,REF_R3,62000.4,1669240,OK
web-Stanford,3,10,Ours_V20,55424.3,1488348,OK
web-Stanford,3,10,REF_R3,62910.7,1659932,OK
web-Stanford,3,9,Ours_V18,126738,1812948,OK
web-Stanford,3,11,Ours_V20,54151.3,1478240,OK
web-Stanford,3,11,REF_R3,63519.7,1650492,OK
web-Stanford,3,10,Ours_V18,125512,1710284,OK
web-Stanford,3,12,Ours_V20,53045.1,1470320,OK
web-Stanford,3,11,Ours_V18,129950,1666296,OK
web-Stanford,3,12,REF_R3,71627.1,1642424,OK
web-Stanford,3,13,Ours_V20,52145.5,1462492,OK
web-Stanford,3,14,Ours_V20,50968.2,1452604,OK
web-Stanford,3,13,REF_R3,68114.8,1635004,OK
web-Stanford,3,12,Ours_V18,128859,1621632,OK
web-Stanford,3,15,Ours_V20,49398.5,1445028,OK
web-Stanford,3,13,Ours_V18,132400,1592768,OK
web-Stanford,3,14,REF_R3,74316.1,1625032,OK
web-Stanford,3,16,Ours_V20,46745.3,1425692,OK
web-Stanford,3,15,REF_R3,60963,1617288,OK
web-Stanford,3,14,Ours_V18,132084,1565044,OK
web-Stanford,3,16,REF_R3,51139.3,1598888,OK
web-Stanford,3,17,Ours_V20,44170.3,1398996,OK
web-Stanford,3,15,Ours_V18,129095,1547064,OK
web-Stanford,3,17,REF_R3,49115.4,1572044,OK
web-Stanford,3,18,Ours_V20,43102.7,1395520,OK
web-Stanford,3,18,REF_R3,53536.6,1568992,OK
web-Stanford,3,19,Ours_V20,42670.6,1393512,OK
web-Stanford,3,19,REF_R3,46164.1,1566988,OK
web-Stanford,3,20,Ours_V20,42038.5,1391456,OK
web-Stanford,3,20,REF_R3,43644.7,1565220,OK
web-Stanford,3,21,Ours_V20,40688.2,1387692,OK
web-Stanford,3,21,REF_R3,43871.5,1561184,OK
web-Stanford,3,22,Ours_V20,44535.9,1385556,OK
web-Stanford,3,22,REF_R3,40522.1,1559180,OK
web-Stanford,3,23,Ours_V18,127266,1414744,OK
web-Stanford,3,23,Ours_V20,44374.2,1383872,OK
web-Stanford,3,23,REF_R3,39446,1557696,OK
web-Stanford,3,16,Ours_V18,TIMEOUT,N/A,TIMEOUT
web-Stanford,3,17,Ours_V18,TIMEOUT,N/A,TIMEOUT
web-Stanford,3,24,Ours_V20,44196.4,1383032,OK
web-Stanford,3,18,Ours_V18,TIMEOUT,N/A,TIMEOUT
web-Stanford,3,24,REF_R3,39223.6,1556832,OK
web-Stanford,3,19,Ours_V18,TIMEOUT,N/A,TIMEOUT
web-Stanford,3,25,Ours_V20,44714.8,1381656,OK
web-Stanford,3,20,Ours_V18,TIMEOUT,N/A,TIMEOUT
web-Stanford,3,25,REF_R3,38043.7,1555524,OK
web-Stanford,3,21,Ours_V18,TIMEOUT,N/A,TIMEOUT
web-Stanford,3,26,Ours_V20,42865.6,1380860,OK
web-Stanford,3,26,REF_R3,39410.5,1554808,OK
web-Stanford,3,27,REF_R3,37120.1,1553560,OK
web-Stanford,3,27,Ours_V20,43764,1379732,OK
web-Stanford,3,22,Ours_V18,TIMEOUT,N/A,TIMEOUT
web-Stanford,3,28,REF_R3,36209.8,1552904,OK
web-Stanford,3,28,Ours_V20,42223.3,1378876,OK
web-Stanford,3,29,REF_R3,34955.9,1550828,OK
web-Stanford,3,29,Ours_V20,42596.6,1376848,OK
web-Stanford,3,30,Ours_V20,41060.2,1375224,OK
web-Stanford,3,30,REF_R3,37121.6,1549336,OK
web-Stanford,3,24,Ours_V18,TIMEOUT,N/A,TIMEOUT
web-Stanford,3,31,Ours_V20,40025.9,1373072,OK
web-Stanford,3,31,REF_R3,33083,1547504,OK
web-Stanford,3,25,Ours_V18,TIMEOUT,N/A,TIMEOUT
web-Stanford,3,32,Ours_V20,37436.9,1372128,OK
web-Stanford,3,26,Ours_V18,TIMEOUT,N/A,TIMEOUT
web-Stanford,3,27,Ours_V18,TIMEOUT,N/A,TIMEOUT
web-Stanford,3,32,REF_R3,32673,1536920,OK
web-Stanford,3,28,Ours_V18,TIMEOUT,N/A,TIMEOUT
web-Stanford,3,33,Ours_V20,37196.5,1370552,OK
web-Stanford,3,33,REF_R3,30715.5,1544540,OK
web-Stanford,3,34,Ours_V20,35334.2,1369560,OK
web-Stanford,3,34,REF_R3,44115.1,1537808,OK
web-Stanford,3,29,Ours_V18,TIMEOUT,N/A,TIMEOUT
web-Stanford,3,35,Ours_V20,33612.8,1368580,OK
web-Stanford,3,35,REF_R3,29232.3,1535284,OK
web-Stanford,3,30,Ours_V18,TIMEOUT,N/A,TIMEOUT
web-Stanford,3,36,Ours_V20,33922,1368384,OK
web-Stanford,3,36,REF_R3,29019.3,1535468,OK
web-Stanford,3,37,Ours_V20,33438.5,1368048,OK
web-Stanford,3,31,Ours_V18,TIMEOUT,N/A,TIMEOUT
web-Stanford,3,37,REF_R3,284120,1534864,OK
web-Stanford,3,32,Ours_V18,TIMEOUT,N/A,TIMEOUT
web-Stanford,3,38,Ours_V20,32727.8,1367536,OK
web-Stanford,3,38,REF_R3,28681,1535536,OK
web-Stanford,3,39,Ours_V20,31891,1366956,OK
web-Stanford,3,39,REF_R3,27617.7,1533952,OK
web-Stanford,3,40,Ours_V18,83317.9,1379540,OK
web-Stanford,3,40,Ours_V20,29160.5,1366504,OK
web-Stanford,3,40,REF_R3,26418.4,1541288,OK
web-Stanford,3,41,Ours_V18,82121.5,1383088,OK
web-Stanford,3,41,Ours_V20,28586.6,1366112,OK
web-Stanford,3,41,REF_R3,25948.5,1531712,OK
web-Stanford,3,42,Ours_V18,75507.9,1399516,OK
web-Stanford,3,42,Ours_V20,27416.9,1365652,OK
web-Stanford,3,42,REF_R3,25013.3,1531796,OK
web-Stanford,3,43,Ours_V18,70208.7,1410252,OK
web-Stanford,3,43,Ours_V20,25354.6,1364988,OK
web-Stanford,3,43,REF_R3,23512.1,1529720,OK
web-Stanford,3,44,Ours_V18,66750,1404768,OK
web-Stanford,3,44,Ours_V20,23550.8,1362932,OK
web-Stanford,3,44,REF_R3,21854.4,1529272,OK
web-Stanford,3,45,Ours_V18,59671.2,1395796,OK
web-Stanford,3,45,Ours_V20,21539.5,1361608,OK
web-Stanford,3,45,REF_R3,19979.8,1528576,OK
web-Stanford,3,46,Ours_V18,55072.7,1388264,OK
web-Stanford,3,46,Ours_V20,20148.5,1358560,OK
web-Stanford,3,46,REF_R3,18814.4,1524828,OK
web-Stanford,3,47,Ours_V18,53128.1,1392968,OK
web-Stanford,3,47,Ours_V20,19469.4,1358248,OK
web-Stanford,3,47,REF_R3,18299.4,1524640,OK
web-Stanford,3,48,Ours_V18,49801.2,1409476,OK
web-Stanford,3,48,Ours_V20,18570.5,1357468,OK
web-Stanford,3,48,REF_R3,17476.3,1524744,OK
web-Stanford,3,49,Ours_V18,41931,1462904,OK
web-Stanford,3,49,Ours_V20,16972.8,1356544,OK
web-Stanford,3,49,REF_R3,16163.7,1521000,OK
web-Stanford,3,50,Ours_V18,34530.3,1466936,OK
web-Stanford,3,50,Ours_V20,14395.1,1355700,OK
web-Stanford,3,50,REF_R3,13863.9,1522772,OK
web-Stanford,3,51,Ours_V18,23391.7,1411744,OK
web-Stanford,3,51,Ours_V20,10160.8,1352812,OK
web-Stanford,3,51,REF_R3,10104.8,1527900,OK
web-Stanford,3,52,Ours_V18,12428.7,1373388,OK
web-Stanford,3,52,Ours_V20,5389.81,1350236,OK
web-Stanford,3,52,REF_R3,6071.89,1517316,OK
web-Stanford,3,53,Ours_V18,4463,1408412,OK
web-Stanford,3,53,Ours_V20,2795.68,1348940,OK
web-Stanford,3,53,REF_R3,3672.66,1513888,OK
web-Stanford,3,54,Ours_V18,2699.19,1392060,OK
web-Stanford,3,54,Ours_V20,1948.36,1348408,OK
web-Stanford,3,54,REF_R3,2897.81,1490012,OK
web-Stanford,3,55,Ours_V18,2184.82,1371724,OK
web-Stanford,3,55,Ours_V20,1614.9,1347964,OK
web-Stanford,3,55,REF_R3,2535.86,1523232,OK
web-Stanford,3,56,Ours_V18,1808.66,1358392,OK
web-Stanford,3,56,Ours_V20,1333.57,1347640,OK
web-Stanford,3,56,REF_R3,2249.7,1522764,OK
web-Stanford,3,57,Ours_V18,1327.82,1361724,OK
web-Stanford,3,57,Ours_V20,1223.11,1347652,OK
web-Stanford,3,57,REF_R3,2144.56,1514664,OK
web-Stanford,3,58,Ours_V18,1244.7,1363616,OK
web-Stanford,3,58,Ours_V20,1151.43,1347660,OK
web-Stanford,3,58,REF_R3,2082.88,1514900,OK
web-Stanford,3,59,Ours_V18,1181.71,1355564,OK
web-Stanford,3,59,Ours_V20,1115.9,1347552,OK
web-Stanford,3,59,REF_R3,2054.43,1515292,OK
web-Stanford,3,60,Ours_V18,1145.93,1352464,OK
web-Stanford,3,60,Ours_V20,1103.1,1347484,OK
web-Stanford,3,60,REF_R3,1998.16,1515280,OK
web-Stanford,3,61,Ours_V18,1074.72,1347052,OK
web-Stanford,3,61,Ours_V20,1046.52,1345940,OK
web-Stanford,3,61,REF_R3,1948.82,1514816,OK
web-Stanford,4,5,Ours_V18,257757,7849780,OK
web-Stanford,4,5,Ours_V20,262087,7187772,OK
web-Stanford,3,33,Ours_V18,TIMEOUT,N/A,TIMEOUT
web-Stanford,3,34,Ours_V18,TIMEOUT,N/A,TIMEOUT
web-Stanford,3,35,Ours_V18,TIMEOUT,N/A,TIMEOUT
web-Stanford,3,36,Ours_V18,TIMEOUT,N/A,TIMEOUT
web-Stanford,3,37,Ours_V18,TIMEOUT,N/A,TIMEOUT
web-Stanford,3,38,Ours_V18,TIMEOUT,N/A,TIMEOUT
web-Stanford,4,6,Ours_V18,538300,13647856,OK
web-Stanford,3,39,Ours_V18,TIMEOUT,N/A,TIMEOUT
web-Stanford,4,6,Ours_V20,582813,7162764,OK
web-Stanford,4,5,REF_R3,1337616,8395720,OK
web-Stanford,4,7,Ours_V18,649661,28100904,OK
web-Stanford,4,7,Ours_V20,786115,7124996,OK
web-Stanford,4,8,Ours_V20,816740,7041724,OK
web-Stanford,4,9,Ours_V20,711419,7033268,OK
web-Stanford,4,8,Ours_V18,1098692,21093980,OK
web-Stanford,4,6,REF_R3,1863552,8368452,OK
web-Stanford,4,10,Ours_V20,759912,7022304,OK
web-Stanford,4,9,Ours_V18,1584026,12476740,OK
web-Stanford,4,7,REF_R3,2518854,8336164,OK
web-Stanford,4,11,Ours_V20,743560,7011804,OK
web-Stanford,4,10,Ours_V18,1862725,8686356,OK
web-Stanford,4,12,Ours_V20,745909,7002928,OK
web-Stanford,4,11,Ours_V18,1899022,7941312,OK
web-Stanford,4,8,REF_R3,TIMEOUT,N/A,TIMEOUT
web-Stanford,4,9,REF_R3,TIMEOUT,N/A,TIMEOUT
web-Stanford,4,13,Ours_V20,743178,6996040,OK
web-Stanford,4,12,Ours_V18,1946847,7690664,OK
web-Stanford,4,10,REF_R3,TIMEOUT,N/A,TIMEOUT
web-Stanford,4,14,Ours_V20,757464,6985456,OK
web-Stanford,4,13,Ours_V18,1917286,7801636,OK
web-Stanford,4,11,REF_R3,TIMEOUT,N/A,TIMEOUT
web-Stanford,4,15,Ours_V20,671689,6977364,OK
web-Stanford,4,14,Ours_V18,1974078,7830564,OK
web-Stanford,4,16,Ours_V20,678575,6959008,OK
web-Stanford,4,12,REF_R3,TIMEOUT,N/A,TIMEOUT
web-Stanford,4,15,Ours_V18,1919468,7799060,OK
web-Stanford,4,17,Ours_V20,701656,6931728,OK
web-Stanford,4,13,REF_R3,TIMEOUT,N/A,TIMEOUT
web-Stanford,4,16,Ours_V18,1882927,7812456,OK
web-Stanford,4,14,REF_R3,TIMEOUT,N/A,TIMEOUT
web-Stanford,4,18,Ours_V20,682575,6928684,OK
web-Stanford,4,19,Ours_V20,631421,6926608,OK
web-Stanford,4,15,REF_R3,TIMEOUT,N/A,TIMEOUT
web-Stanford,4,16,REF_R3,TIMEOUT,N/A,TIMEOUT
web-Stanford,4,17,Ours_V18,TIMEOUT,N/A,TIMEOUT
web-Stanford,4,17,REF_R3,TIMEOUT,N/A,TIMEOUT
web-Stanford,4,20,Ours_V20,636376,6924508,OK
web-Stanford,4,18,Ours_V18,TIMEOUT,N/A,TIMEOUT
web-Stanford,4,21,Ours_V20,598824,6920852,OK
web-Stanford,4,18,REF_R3,TIMEOUT,N/A,TIMEOUT
web-Stanford,4,19,Ours_V18,TIMEOUT,N/A,TIMEOUT
web-Stanford,4,22,Ours_V20,655796,6918760,OK
web-Stanford,4,19,REF_R3,TIMEOUT,N/A,TIMEOUT
web-Stanford,4,20,Ours_V18,TIMEOUT,N/A,TIMEOUT
web-Stanford,4,23,Ours_V20,580035,6916512,OK
web-Stanford,4,20,REF_R3,TIMEOUT,N/A,TIMEOUT
web-Stanford,4,21,Ours_V18,TIMEOUT,N/A,TIMEOUT
web-Stanford,4,24,Ours_V20,616800,6916012,OK
web-Stanford,4,21,REF_R3,TIMEOUT,N/A,TIMEOUT
web-Stanford,4,22,Ours_V18,TIMEOUT,N/A,TIMEOUT
web-Stanford,4,24,Ours_V18,1830528,7226456,OK
web-Stanford,4,25,Ours_V20,674224,6914472,OK
web-Stanford,4,22,REF_R3,TIMEOUT,N/A,TIMEOUT
web-Stanford,4,23,Ours_V18,TIMEOUT,N/A,TIMEOUT
web-Stanford,4,26,Ours_V20,713700,6912740,OK
web-Stanford,4,23,REF_R3,TIMEOUT,N/A,TIMEOUT
web-Stanford,4,25,Ours_V18,1930077,7171768,OK
web-Stanford,4,27,Ours_V20,699430,6911920,OK
web-Stanford,4,26,Ours_V18,1884049,7220000,OK
web-Stanford,4,28,Ours_V20,598860,6910744,OK
web-Stanford,4,24,REF_R3,TIMEOUT,N/A,TIMEOUT
web-Stanford,4,29,Ours_V20,636293,6909708,OK
web-Stanford,4,25,REF_R3,TIMEOUT,N/A,TIMEOUT
web-Stanford,4,26,REF_R3,TIMEOUT,N/A,TIMEOUT
web-Stanford,4,27,Ours_V18,TIMEOUT,N/A,TIMEOUT
web-Stanford,4,30,Ours_V20,662421,6907432,OK
web-Stanford,4,27,REF_R3,TIMEOUT,N/A,TIMEOUT
web-Stanford,4,28,Ours_V18,TIMEOUT,N/A,TIMEOUT
web-Stanford,4,28,REF_R3,TIMEOUT,N/A,TIMEOUT
web-Stanford,4,31,Ours_V20,669152,6905884,OK
web-Stanford,4,29,Ours_V18,TIMEOUT,N/A,TIMEOUT
web-Stanford,4,32,Ours_V20,649016,6911032,OK
web-Stanford,4,32,REF_R3,941217,8033764,OK
web-Stanford,4,29,REF_R3,TIMEOUT,N/A,TIMEOUT
web-Stanford,4,30,Ours_V18,TIMEOUT,N/A,TIMEOUT
web-Stanford,4,33,Ours_V20,593603,6903640,OK
web-Stanford,4,30,REF_R3,TIMEOUT,N/A,TIMEOUT
web-Stanford,4,33,REF_R3,990450,8040124,OK
web-Stanford,4,34,Ours_V20,590419,6902292,OK
web-Stanford,4,31,Ours_V18,TIMEOUT,N/A,TIMEOUT
web-Stanford,4,31,REF_R3,TIMEOUT,N/A,TIMEOUT
web-Stanford,4,35,Ours_V20,624196,6900776,OK
web-Stanford,4,32,Ours_V18,TIMEOUT,N/A,TIMEOUT
web-Stanford,4,35,REF_R3,946077,8084104,OK
web-Stanford,4,36,Ours_V20,584539,6900976,OK
web-Stanford,4,33,Ours_V18,TIMEOUT,N/A,TIMEOUT
web-Stanford,4,36,REF_R3,770561,8117128,OK
web-Stanford,4,37,Ours_V20,557513,6905644,OK
web-Stanford,4,38,Ours_V20,499030,6899412,OK
web-Stanford,4,34,Ours_V18,TIMEOUT,N/A,TIMEOUT
web-Stanford,4,34,REF_R3,TIMEOUT,N/A,TIMEOUT
web-Stanford,4,35,Ours_V18,TIMEOUT,N/A,TIMEOUT
web-Stanford,4,39,Ours_V20,502757,6899400,OK
web-Stanford,4,37,REF_R3,2098010,8116760,OK
web-Stanford,4,36,Ours_V18,TIMEOUT,N/A,TIMEOUT
web-Stanford,4,39,REF_R3,646418,8115600,OK
web-Stanford,4,38,REF_R3,2085531,8037520,OK
web-Stanford,4,40,Ours_V20,563216,6899376,OK
web-Stanford,4,37,Ours_V18,TIMEOUT,N/A,TIMEOUT
web-Stanford,4,40,REF_R3,699820,8078132,OK
web-Stanford,4,41,Ours_V20,571962,6899024,OK
web-Stanford,4,41,REF_R3,699003,8115304,OK
web-Stanford,4,40,Ours_V18,1501568,7048856,OK
web-Stanford,4,42,Ours_V20,565615,6898648,OK
web-Stanford,4,38,Ours_V18,TIMEOUT,N/A,TIMEOUT
web-Stanford,4,41,Ours_V18,1509846,7127260,OK
web-Stanford,4,42,REF_R3,682288,8114504,OK
web-Stanford,4,43,REF_R3,457964,8035044,OK
web-Stanford,4,43,Ours_V20,546658,6897020,OK
web-Stanford,4,39,Ours_V18,TIMEOUT,N/A,TIMEOUT
web-Stanford,4,42,Ours_V18,1480628,7310504,OK
web-Stanford,4,44,Ours_V20,514408,6895996,OK
web-Stanford,4,45,Ours_V20,477366,6894528,OK
web-Stanford,4,44,REF_R3,604893,7971792,OK
web-Stanford,4,43,Ours_V18,1375145,7444900,OK
web-Stanford,4,46,Ours_V20,453131,6890548,OK
web-Stanford,4,45,REF_R3,564461,8024132,OK
web-Stanford,4,46,REF_R3,405040,7959384,OK
web-Stanford,4,44,Ours_V18,1327421,7438360,OK
web-Stanford,4,45,Ours_V18,1152992,7372940,OK
web-Stanford,4,47,Ours_V20,445808,6891140,OK
web-Stanford,4,47,REF_R3,423704,8030132,OK
web-Stanford,4,48,Ours_V20,417835,6889468,OK
web-Stanford,4,48,REF_R3,476678,8026188,OK
web-Stanford,4,46,Ours_V18,1154995,7334848,OK
web-Stanford,4,49,Ours_V20,367136,6889124,OK
web-Stanford,4,47,Ours_V18,1106694,7464336,OK
web-Stanford,4,50,Ours_V20,320491,6887636,OK
web-Stanford,4,49,REF_R3,448874,8056812,OK
web-Stanford,4,51,Ours_V20,219220,6885036,OK
web-Stanford,4,48,Ours_V18,1012144,7774796,OK
web-Stanford,4,50,REF_R3,384480,8014752,OK
web-Stanford,4,52,Ours_V20,110569,6882976,OK
web-Stanford,4,51,REF_R3,255157,8001068,OK
web-Stanford,4,52,Ours_V18,232013,7209596,OK
web-Stanford,4,51,Ours_V18,423008,7693596,OK
web-Stanford,4,53,Ours_V18,80001.5,7664044,OK
web-Stanford,4,53,Ours_V20,49370.1,6880764,OK
web-Stanford,4,50,Ours_V18,700212,8603288,OK
web-Stanford,4,49,Ours_V18,878930,8812696,OK
web-Stanford,4,52,REF_R3,134442,8027248,OK
web-Stanford,4,54,Ours_V18,42952.9,7476764,OK
web-Stanford,4,54,Ours_V20,29332.9,6880132,OK
web-Stanford,4,53,REF_R3,63411.4,8025112,OK
web-Stanford,4,55,Ours_V20,21396.6,6879764,OK
web-Stanford,4,55,Ours_V18,31366.9,7270908,OK
web-Stanford,4,54,REF_R3,41146.4,7983112,OK
web-Stanford,4,55,REF_R3,31236.1,8042344,OK
web-Stanford,4,56,Ours_V20,16240.5,6879532,OK
web-Stanford,4,56,Ours_V18,24067.3,7051008,OK
web-Stanford,4,57,Ours_V18,13680,7089324,OK
web-Stanford,4,56,REF_R3,23798.3,8046760,OK
web-Stanford,4,57,Ours_V20,12419.4,6879460,OK
web-Stanford,4,58,Ours_V18,11714,7041628,OK
web-Stanford,4,57,REF_R3,20266.6,8051440,OK
web-Stanford,4,58,Ours_V20,11738.7,6879112,OK
web-Stanford,4,59,Ours_V18,11814.5,6997812,OK
web-Stanford,4,58,REF_R3,18845.1,8051736,OK
web-Stanford,4,59,Ours_V20,10044.1,6879116,OK
web-Stanford,4,60,Ours_V18,9997.73,6952292,OK
web-Stanford,4,60,Ours_V20,9235.17,6879228,OK
web-Stanford,4,59,REF_R3,17934.8,8057068,OK
web-Stanford,4,61,Ours_V18,8049.68,6883048,OK
web-Stanford,4,61,Ours_V20,8038.12,6866856,OK
web-Stanford,4,60,REF_R3,16770.2,8057572,OK
web-Stanford,4,61,REF_R3,16212.1,7847912,OK
web-Stanford,5,6,REF_R3,ERROR,N/A,ERROR(exit=137)
web-Stanford,5,6,Ours_V18,TIMEOUT,N/A,TIMEOUT
web-Stanford,5,6,Ours_V20,TIMEOUT,N/A,TIMEOUT
web-Stanford,5,7,Ours_V18,TIMEOUT,N/A,TIMEOUT
web-Stanford,5,7,Ours_V20,TIMEOUT,N/A,TIMEOUT
web-Stanford,5,7,REF_R3,TIMEOUT,N/A,TIMEOUT
web-Stanford,5,8,Ours_V18,TIMEOUT,N/A,TIMEOUT
web-Stanford,5,8,Ours_V20,TIMEOUT,N/A,TIMEOUT
web-Stanford,5,8,REF_R3,ERROR,N/A,ERROR(exit=137)
web-Stanford,5,9,Ours_V18,TIMEOUT,N/A,TIMEOUT
web-Stanford,5,9,Ours_V20,TIMEOUT,N/A,TIMEOUT
web-Stanford,5,9,REF_R3,TIMEOUT,N/A,TIMEOUT
web-Stanford,5,10,Ours_V18,TIMEOUT,N/A,TIMEOUT
web-Stanford,5,10,Ours_V20,TIMEOUT,N/A,TIMEOUT
web-Stanford,5,10,REF_R3,TIMEOUT,N/A,TIMEOUT
web-Stanford,5,11,Ours_V18,TIMEOUT,N/A,TIMEOUT
web-Stanford,5,12,Ours_V18,ERROR,N/A,ERROR(exit=137)
web-Stanford,5,11,Ours_V20,TIMEOUT,N/A,TIMEOUT
web-Stanford,5,11,REF_R3,TIMEOUT,N/A,TIMEOUT
web-Stanford,5,12,Ours_V20,TIMEOUT,N/A,TIMEOUT
web-Stanford,5,12,REF_R3,TIMEOUT,N/A,TIMEOUT
web-Stanford,5,13,Ours_V18,TIMEOUT,N/A,TIMEOUT
web-Stanford,5,13,Ours_V20,TIMEOUT,N/A,TIMEOUT
web-Stanford,5,13,REF_R3,TIMEOUT,N/A,TIMEOUT
web-Stanford,5,14,Ours_V18,TIMEOUT,N/A,TIMEOUT
web-Stanford,5,14,Ours_V20,TIMEOUT,N/A,TIMEOUT
web-Stanford,5,14,REF_R3,TIMEOUT,N/A,TIMEOUT
web-Stanford,5,15,Ours_V18,TIMEOUT,N/A,TIMEOUT
web-Stanford,5,15,Ours_V20,TIMEOUT,N/A,TIMEOUT
web-Stanford,5,15,REF_R3,TIMEOUT,N/A,TIMEOUT
web-Stanford,5,16,Ours_V18,TIMEOUT,N/A,TIMEOUT
web-Stanford,5,16,Ours_V20,TIMEOUT,N/A,TIMEOUT
web-Stanford,5,17,Ours_V18,ERROR,N/A,ERROR(exit=137)
web-Stanford,5,16,REF_R3,TIMEOUT,N/A,TIMEOUT
web-Stanford,5,17,Ours_V20,TIMEOUT,N/A,TIMEOUT
web-Stanford,5,17,REF_R3,TIMEOUT,N/A,TIMEOUT
web-Stanford,5,18,Ours_V18,TIMEOUT,N/A,TIMEOUT
web-Stanford,5,18,Ours_V20,TIMEOUT,N/A,TIMEOUT
web-Stanford,5,18,REF_R3,TIMEOUT,N/A,TIMEOUT
web-Stanford,5,19,Ours_V18,TIMEOUT,N/A,TIMEOUT
web-Stanford,5,19,Ours_V20,TIMEOUT,N/A,TIMEOUT
web-Stanford,5,19,REF_R3,TIMEOUT,N/A,TIMEOUT
web-Stanford,5,20,Ours_V18,TIMEOUT,N/A,TIMEOUT
web-Stanford,5,20,Ours_V20,TIMEOUT,N/A,TIMEOUT
web-Stanford,5,20,REF_R3,TIMEOUT,N/A,TIMEOUT
web-Stanford,5,21,Ours_V18,TIMEOUT,N/A,TIMEOUT
web-Stanford,5,21,Ours_V20,TIMEOUT,N/A,TIMEOUT
web-Stanford,5,21,REF_R3,TIMEOUT,N/A,TIMEOUT
web-Stanford,5,22,Ours_V18,TIMEOUT,N/A,TIMEOUT
web-Stanford,5,22,Ours_V20,TIMEOUT,N/A,TIMEOUT
web-Stanford,5,22,REF_R3,TIMEOUT,N/A,TIMEOUT
web-Stanford,5,23,Ours_V20,TIMEOUT,N/A,TIMEOUT
web-Stanford,5,23,Ours_V18,TIMEOUT,N/A,TIMEOUT
web-Stanford,5,23,REF_R3,TIMEOUT,N/A,TIMEOUT
web-Stanford,5,24,Ours_V18,TIMEOUT,N/A,TIMEOUT
web-Stanford,5,24,Ours_V20,TIMEOUT,N/A,TIMEOUT
web-Stanford,5,24,REF_R3,TIMEOUT,N/A,TIMEOUT
web-Stanford,5,25,Ours_V18,TIMEOUT,N/A,TIMEOUT
web-Stanford,5,25,Ours_V20,TIMEOUT,N/A,TIMEOUT
web-Stanford,5,25,REF_R3,TIMEOUT,N/A,TIMEOUT
web-Stanford,5,26,Ours_V18,TIMEOUT,N/A,TIMEOUT
web-Stanford,5,26,Ours_V20,TIMEOUT,N/A,TIMEOUT
web-Stanford,5,26,REF_R3,TIMEOUT,N/A,TIMEOUT
web-Stanford,5,27,Ours_V18,TIMEOUT,N/A,TIMEOUT
web-Stanford,5,27,Ours_V20,TIMEOUT,N/A,TIMEOUT
web-Stanford,5,28,REF_R3,ERROR,N/A,ERROR(exit=137)
web-Stanford,5,27,REF_R3,TIMEOUT,N/A,TIMEOUT
web-Stanford,5,28,Ours_V18,TIMEOUT,N/A,TIMEOUT
web-Stanford,5,28,Ours_V20,TIMEOUT,N/A,TIMEOUT
web-Stanford,5,29,Ours_V18,TIMEOUT,N/A,TIMEOUT
web-Stanford,5,29,Ours_V20,TIMEOUT,N/A,TIMEOUT
web-Stanford,5,29,REF_R3,TIMEOUT,N/A,TIMEOUT
web-Stanford,5,30,Ours_V18,ERROR,N/A,ERROR(exit=137)
web-Stanford,5,30,REF_R3,ERROR,N/A,ERROR(exit=137)
web-Stanford,5,30,Ours_V20,TIMEOUT,N/A,TIMEOUT
web-Stanford,5,31,Ours_V18,TIMEOUT,N/A,TIMEOUT
web-Stanford,5,31,Ours_V20,TIMEOUT,N/A,TIMEOUT
web-Stanford,5,31,REF_R3,TIMEOUT,N/A,TIMEOUT
web-Stanford,5,32,Ours_V18,TIMEOUT,N/A,TIMEOUT
web-Stanford,5,32,Ours_V20,TIMEOUT,N/A,TIMEOUT
web-Stanford,5,32,REF_R3,ERROR,N/A,ERROR(exit=137)
web-Stanford,5,33,REF_R3,ERROR,N/A,ERROR(exit=137)
web-Stanford,5,33,Ours_V18,TIMEOUT,N/A,TIMEOUT
web-Stanford,5,33,Ours_V20,TIMEOUT,N/A,TIMEOUT
web-Stanford,5,34,Ours_V18,TIMEOUT,N/A,TIMEOUT
web-Stanford,5,34,Ours_V20,TIMEOUT,N/A,TIMEOUT
web-Stanford,5,34,REF_R3,TIMEOUT,N/A,TIMEOUT
web-Stanford,5,35,Ours_V18,TIMEOUT,N/A,TIMEOUT
web-Stanford,5,36,Ours_V18,ERROR,N/A,ERROR(exit=137)
web-Stanford,5,35,Ours_V20,TIMEOUT,N/A,TIMEOUT
web-Stanford,5,35,REF_R3,TIMEOUT,N/A,TIMEOUT
web-Stanford,5,36,Ours_V20,TIMEOUT,N/A,TIMEOUT
web-Stanford,5,36,REF_R3,TIMEOUT,N/A,TIMEOUT
web-Stanford,5,37,Ours_V18,TIMEOUT,N/A,TIMEOUT
web-Stanford,5,37,Ours_V20,TIMEOUT,N/A,TIMEOUT
web-Stanford,5,37,REF_R3,TIMEOUT,N/A,TIMEOUT
web-Stanford,5,38,REF_R3,ERROR,N/A,ERROR(exit=137)
web-Stanford,5,38,Ours_V18,TIMEOUT,N/A,TIMEOUT
web-Stanford,5,38,Ours_V20,TIMEOUT,N/A,TIMEOUT
web-Stanford,5,39,Ours_V18,TIMEOUT,N/A,TIMEOUT
web-Stanford,5,39,Ours_V20,TIMEOUT,N/A,TIMEOUT
web-Stanford,5,39,REF_R3,TIMEOUT,N/A,TIMEOUT
web-Stanford,5,40,Ours_V18,TIMEOUT,N/A,TIMEOUT
web-Stanford,5,40,Ours_V20,TIMEOUT,N/A,TIMEOUT
web-Stanford,5,41,REF_R3,ERROR,N/A,ERROR(exit=137)
web-Stanford,5,40,REF_R3,ERROR,N/A,ERROR(exit=137)
web-Stanford,5,41,Ours_V18,TIMEOUT,N/A,TIMEOUT
web-Stanford,5,41,Ours_V20,TIMEOUT,N/A,TIMEOUT
web-Stanford,5,42,Ours_V18,TIMEOUT,N/A,TIMEOUT
web-Stanford,5,42,Ours_V20,TIMEOUT,N/A,TIMEOUT
web-Stanford,5,42,REF_R3,TIMEOUT,N/A,TIMEOUT
web-Stanford,5,43,Ours_V18,TIMEOUT,N/A,TIMEOUT
web-Stanford,5,45,REF_R3,ERROR,N/A,ERROR(exit=137)
web-Stanford,5,43,Ours_V20,TIMEOUT,N/A,TIMEOUT
web-Stanford,5,43,REF_R3,TIMEOUT,N/A,TIMEOUT
web-Stanford,5,44,Ours_V18,TIMEOUT,N/A,TIMEOUT
web-Stanford,5,44,Ours_V20,TIMEOUT,N/A,TIMEOUT
web-Stanford,5,44,REF_R3,TIMEOUT,N/A,TIMEOUT
web-Stanford,5,45,Ours_V18,TIMEOUT,N/A,TIMEOUT
web-Stanford,5,45,Ours_V20,TIMEOUT,N/A,TIMEOUT
web-Stanford,5,47,REF_R3,ERROR,N/A,ERROR(exit=137)
web-Stanford,5,47,Ours_V20,TIMEOUT,N/A,TIMEOUT
web-Stanford,5,46,Ours_V20,TIMEOUT,N/A,TIMEOUT
web-Stanford,5,48,Ours_V18,TIMEOUT,N/A,TIMEOUT
web-Stanford,5,47,Ours_V18,TIMEOUT,N/A,TIMEOUT
web-Stanford,5,48,Ours_V20,TIMEOUT,N/A,TIMEOUT
web-Stanford,5,46,Ours_V18,TIMEOUT,N/A,TIMEOUT
web-Stanford,5,46,REF_R3,TIMEOUT,N/A,TIMEOUT
web-Stanford,5,50,REF_R3,ERROR,N/A,ERROR(exit=137)
web-Stanford,5,48,REF_R3,TIMEOUT,N/A,TIMEOUT
web-Stanford,5,49,REF_R3,ERROR,N/A,ERROR(exit=137)
web-Stanford,5,49,Ours_V20,TIMEOUT,N/A,TIMEOUT
web-Stanford,5,49,Ours_V18,TIMEOUT,N/A,TIMEOUT
web-Stanford,5,50,Ours_V20,TIMEOUT,N/A,TIMEOUT
web-Stanford,5,50,Ours_V18,TIMEOUT,N/A,TIMEOUT
web-Stanford,5,51,Ours_V18,TIMEOUT,N/A,TIMEOUT
web-Stanford,5,53,REF_R3,ERROR,N/A,ERROR(exit=137)
web-Stanford,5,53,Ours_V20,669712,N/A,OK
web-Stanford,5,52,REF_R3,ERROR,N/A,ERROR(exit=137)
web-Stanford,5,53,Ours_V18,1072748,61071204,OK
web-Stanford,5,54,Ours_V20,450974,53471496,OK
web-Stanford,5,54,Ours_V18,654374,59359004,OK
web-Stanford,5,51,Ours_V20,3092331,52601824,OK
web-Stanford,5,54,REF_R3,ERROR,N/A,ERROR(exit=137)
web-Stanford,5,55,Ours_V20,289083,53471280,OK
web-Stanford,5,55,REF_R3,ERROR,N/A,ERROR(exit=137)
web-Stanford,5,55,Ours_V18,522835,56973748,OK
web-Stanford,5,52,Ours_V20,1671933,53473420,OK
web-Stanford,5,56,Ours_V20,229271,53473776,OK
web-Stanford,5,56,Ours_V18,381192,55217444,OK
web-Stanford,5,56,REF_R3,ERROR,N/A,ERROR(exit=137)
web-Stanford,5,57,Ours_V18,123516,N/A,OK
web-Stanford,5,57,Ours_V20,194899,53471968,OK
web-Stanford,5,58,Ours_V18,189357,54323660,OK
web-Stanford,5,58,Ours_V20,165565,53466544,OK
web-Stanford,5,51,REF_R3,TIMEOUT,N/A,TIMEOUT
web-Stanford,5,57,REF_R3,314253,63099240,OK
web-Stanford,5,59,Ours_V18,121924,53955456,OK
web-Stanford,5,59,Ours_V20,116225,53467924,OK
web-Stanford,5,60,Ours_V18,122834,53719044,OK
web-Stanford,5,60,Ours_V20,116373,53469296,OK
web-Stanford,5,58,REF_R3,254019,56871400,OK
web-Stanford,5,61,Ours_V18,95549.4,53485776,OK
web-Stanford,5,59,REF_R3,206587,62878788,OK
web-Stanford,5,61,Ours_V20,78904.1,53452984,OK
web-it-2004,1,2,Ours_ST,381.273,461976,OK
web-it-2004,1,2,REF_R1,679.587,616632,OK
web-Stanford,5,60,REF_R3,177813,62882620,OK
web-it-2004,1,3,Ours_ST,371.537,434876,OK
web-it-2004,1,3,REF_R1,682.19,571480,OK
web-it-2004,1,4,Ours_ST,313.604,419288,OK
web-Stanford,5,61,REF_R3,168102,62883272,OK
web-it-2004,1,4,REF_R1,691.754,545824,OK
web-it-2004,1,5,Ours_ST,322.027,414040,OK
web-it-2004,1,5,REF_R1,688.742,538156,OK
web-it-2004,1,6,Ours_ST,319.658,404608,OK
web-it-2004,1,6,REF_R1,571.143,527248,OK
web-it-2004,1,7,Ours_ST,295.511,394612,OK
web-it-2004,1,7,REF_R1,639.005,515540,OK
web-it-2004,1,8,Ours_ST,296.334,389984,OK
web-it-2004,1,8,REF_R1,604.259,505720,OK
web-it-2004,1,9,Ours_ST,282.048,379828,OK
web-it-2004,1,9,REF_R1,503.105,496464,OK
web-it-2004,1,10,Ours_ST,280.609,367944,OK
web-it-2004,1,10,REF_R1,603.405,486924,OK
web-it-2004,1,11,Ours_ST,255.767,348504,OK
web-it-2004,1,11,REF_R1,467.353,461892,OK
web-it-2004,1,12,Ours_ST,238.836,333124,OK
web-it-2004,1,12,REF_R1,449.686,449444,OK
web-it-2004,1,13,Ours_ST,235.035,322420,OK
web-it-2004,1,13,REF_R1,422.111,437432,OK
web-it-2004,1,14,Ours_ST,228.175,315956,OK
web-it-2004,1,14,REF_R1,492.598,429768,OK
web-it-2004,1,15,Ours_ST,209.44,307644,OK
web-it-2004,1,15,REF_R1,461.199,421380,OK
web-it-2004,1,16,Ours_ST,182.692,298904,OK
web-it-2004,1,17,Ours_ST,144.069,266536,OK
web-it-2004,1,16,REF_R1,422.131,331448,OK
web-it-2004,1,17,REF_R1,306.402,297824,OK
web-it-2004,1,18,Ours_ST,115.187,247312,OK
web-it-2004,1,18,REF_R1,274.714,281480,OK
web-it-2004,1,19,Ours_ST,97.0773,260780,OK
web-it-2004,1,19,REF_R1,261.282,268284,OK
web-Stanford,5,52,Ours_V18,3245594,55822824,OK
web-it-2004,1,20,Ours_ST,91.6276,254284,OK
web-it-2004,1,20,REF_R1,240.22,262524,OK
web-it-2004,1,21,Ours_ST,83.219,248788,OK
web-it-2004,1,21,REF_R1,235.1,258632,OK
web-it-2004,1,22,Ours_ST,71.2975,243752,OK
web-it-2004,1,22,REF_R1,228.098,253192,OK
web-it-2004,1,23,Ours_ST,68.0672,243224,OK
web-it-2004,1,23,REF_R1,265.581,252148,OK
web-it-2004,1,24,Ours_ST,72.8051,241044,OK
web-it-2004,1,24,REF_R1,224.603,250748,OK
web-it-2004,1,25,Ours_ST,65.7365,239016,OK
web-it-2004,1,25,REF_R1,271.375,248860,OK
web-it-2004,1,26,Ours_ST,68.2613,238044,OK
web-it-2004,1,26,REF_R1,294.959,248056,OK
web-it-2004,1,27,Ours_ST,66.9,238180,OK
web-it-2004,1,27,REF_R1,281.043,247800,OK
web-it-2004,1,28,Ours_ST,68.2865,236908,OK
web-it-2004,1,28,REF_R1,218.554,247336,OK
web-it-2004,1,29,Ours_ST,67.8523,237268,OK
web-it-2004,1,29,REF_R1,279.528,247036,OK
web-it-2004,1,30,Ours_ST,66.8082,236504,OK
web-it-2004,1,30,REF_R1,217.036,246768,OK
web-it-2004,1,31,Ours_ST,63.5621,235120,OK
web-it-2004,1,31,REF_R1,210.674,245300,OK
web-it-2004,1,32,Ours_ST,66.1201,233792,OK
web-it-2004,1,32,REF_R1,289.92,244720,OK
web-it-2004,1,33,Ours_ST,62.9396,233052,OK
web-it-2004,1,33,REF_R1,213.361,244392,OK
web-it-2004,1,34,Ours_ST,63.9574,232516,OK
web-it-2004,1,34,REF_R1,210.878,243944,OK
web-it-2004,1,35,Ours_ST,58.9047,232064,OK
web-it-2004,1,35,REF_R1,264.238,243556,OK
web-it-2004,1,36,Ours_ST,59.4141,231752,OK
web-it-2004,1,36,REF_R1,206.816,243340,OK
web-it-2004,1,37,Ours_ST,56.3465,231240,OK
web-it-2004,1,37,REF_R1,231.935,242600,OK
web-it-2004,1,38,REF_R1,199.811,241752,OK
web-it-2004,1,38,Ours_ST,57.0432,229608,OK
web-it-2004,1,39,Ours_ST,59.9692,229780,OK
web-it-2004,1,39,REF_R1,201.164,241044,OK
web-it-2004,1,40,Ours_ST,54.6751,229116,OK
web-it-2004,1,40,REF_R1,196.651,240464,OK
web-it-2004,1,41,Ours_ST,55.6686,228416,OK
web-it-2004,1,41,REF_R1,189.805,240444,OK
web-it-2004,1,42,Ours_ST,54.301,228744,OK
web-it-2004,1,42,REF_R1,191.137,240236,OK
web-it-2004,1,43,Ours_ST,53.2432,227720,OK
web-it-2004,1,43,REF_R1,248.163,240224,OK
web-it-2004,1,44,Ours_ST,52.741,227704,OK
web-it-2004,1,44,REF_R1,251.169,239864,OK
web-it-2004,1,45,Ours_ST,52.6191,228044,OK
web-it-2004,1,45,REF_R1,188.544,239928,OK
web-it-2004,1,46,Ours_ST,54.4765,227512,OK
web-it-2004,1,46,REF_R1,196.387,239648,OK
web-it-2004,1,47,Ours_ST,53.6066,227444,OK
web-it-2004,1,47,REF_R1,231.4,239404,OK
web-it-2004,1,48,Ours_ST,56.273,226500,OK
web-it-2004,1,48,REF_R1,236.549,239208,OK
web-it-2004,1,49,Ours_ST,56.7271,225748,OK
web-it-2004,1,49,REF_R1,191.434,238804,OK
web-it-2004,1,51,Ours_ST,50.9704,223560,OK
web-it-2004,1,50,Ours_ST,55.679,225324,OK
web-it-2004,1,50,REF_R1,190.992,238312,OK
web-it-2004,1,51,REF_R1,233.845,236596,OK
web-it-2004,1,52,Ours_ST,53.3312,222728,OK
web-it-2004,1,52,REF_R1,196.629,235828,OK
web-it-2004,1,53,Ours_ST,53.9112,221972,OK
web-it-2004,1,53,REF_R1,193.551,235024,OK
web-it-2004,1,54,REF_R1,188.341,235012,OK
web-it-2004,1,54,Ours_ST,50.9563,221588,OK
web-it-2004,1,55,Ours_ST,53.7322,221116,OK
web-it-2004,1,55,REF_R1,185.53,234652,OK
web-it-2004,1,56,Ours_ST,51.1363,220828,OK
web-it-2004,1,56,REF_R1,219.802,234632,OK
web-it-2004,1,57,Ours_ST,49.7455,220704,OK
web-it-2004,1,57,REF_R1,214.023,234256,OK
web-it-2004,1,58,Ours_ST,48.9356,221172,OK
web-it-2004,1,58,REF_R1,236.373,234032,OK
web-it-2004,1,59,Ours_ST,50.1572,219924,OK
web-it-2004,1,59,REF_R1,183.022,233988,OK
web-it-2004,1,60,Ours_ST,48.1419,220072,OK
web-it-2004,1,60,REF_R1,186.454,233908,OK
web-it-2004,1,61,Ours_ST,49.2949,219816,OK
web-it-2004,1,61,REF_R1,179.802,233912,OK
web-it-2004,1,62,Ours_ST,52.1229,220256,OK
web-it-2004,1,62,REF_R1,241.309,233588,OK
web-it-2004,1,63,Ours_ST,46.4128,219144,OK
web-it-2004,1,63,REF_R1,173.713,233712,OK
web-it-2004,1,64,Ours_ST,49.4814,219876,OK
web-it-2004,1,64,REF_R1,177.637,233668,OK
web-it-2004,1,65,Ours_ST,45.5593,219096,OK
web-it-2004,1,65,REF_R1,244.502,233480,OK
web-it-2004,1,66,Ours_ST,45.2708,218788,OK
web-it-2004,1,66,REF_R1,178.648,233504,OK
web-it-2004,1,67,Ours_ST,45.7433,219500,OK
web-it-2004,1,67,REF_R1,198.121,233496,OK
web-it-2004,1,68,Ours_ST,49.3218,218836,OK
web-it-2004,1,68,REF_R1,175.987,233484,OK
web-it-2004,1,69,Ours_ST,44.2214,218572,OK
web-it-2004,1,69,REF_R1,172.874,233356,OK
web-it-2004,1,70,Ours_ST,45.7876,219100,OK
web-it-2004,1,70,REF_R1,200.077,233116,OK
web-it-2004,1,71,Ours_ST,46.7685,218312,OK
web-it-2004,1,71,REF_R1,174.631,233036,OK
web-it-2004,1,72,Ours_ST,45.2604,218172,OK
web-it-2004,1,72,REF_R1,202.623,233012,OK
web-it-2004,1,73,Ours_ST,44.6283,218808,OK
web-it-2004,1,73,REF_R1,221.965,232984,OK
web-it-2004,1,74,REF_R1,176.134,232924,OK
web-it-2004,1,74,Ours_ST,46.6586,218624,OK
web-it-2004,1,75,Ours_ST,44.6681,217916,OK
web-it-2004,1,75,REF_R1,171.571,232696,OK
web-it-2004,1,76,Ours_ST,44.9486,218668,OK
web-it-2004,1,76,REF_R1,171.672,232716,OK
web-it-2004,1,77,Ours_ST,45.8378,218388,OK
web-it-2004,1,77,REF_R1,188.389,232656,OK
web-it-2004,1,78,Ours_ST,44.0451,218128,OK
web-it-2004,1,78,REF_R1,175.603,232540,OK
web-it-2004,1,79,Ours_ST,44.694,218132,OK
web-it-2004,1,79,REF_R1,175.553,232644,OK
web-it-2004,1,80,Ours_ST,43.5731,217992,OK
web-it-2004,1,80,REF_R1,171.494,232104,OK
web-it-2004,1,81,Ours_ST,46.8497,217792,OK
web-it-2004,1,81,REF_R1,167.555,232036,OK
web-it-2004,1,82,Ours_ST,42.144,216460,OK
web-it-2004,1,82,REF_R1,203.969,231660,OK
web-it-2004,1,83,Ours_ST,46.4834,216184,OK
web-it-2004,1,83,REF_R1,223.416,231416,OK
web-it-2004,1,84,Ours_ST,45.8531,216192,OK
web-it-2004,1,84,REF_R1,170.983,231344,OK
web-it-2004,1,85,Ours_ST,46.9657,216508,OK
web-it-2004,1,85,REF_R1,170.046,231236,OK
web-it-2004,1,86,Ours_ST,42.7106,216168,OK
web-it-2004,1,86,REF_R1,202.244,230908,OK
web-it-2004,1,87,Ours_ST,43.5772,216124,OK
web-it-2004,1,87,REF_R1,171.325,230864,OK
web-it-2004,1,88,Ours_ST,45.3479,215452,OK
web-it-2004,1,88,REF_R1,192.693,230728,OK
web-it-2004,1,89,Ours_ST,42.3625,215060,OK
web-it-2004,1,89,REF_R1,167.657,230644,OK
web-it-2004,1,90,Ours_ST,41.8161,214752,OK
web-it-2004,1,90,REF_R1,167.677,230316,OK
web-it-2004,1,91,Ours_ST,41.3101,214576,OK
web-it-2004,1,91,REF_R1,165.944,230164,OK
web-it-2004,1,92,Ours_ST,44.8474,214040,OK
web-it-2004,1,92,REF_R1,168.184,229124,OK
web-it-2004,1,93,Ours_ST,43.4989,213520,OK
web-it-2004,1,93,REF_R1,170.853,228952,OK
web-it-2004,1,94,Ours_ST,45.6726,213296,OK
web-it-2004,1,94,REF_R1,175.258,228712,OK
web-it-2004,1,95,Ours_ST,44.1824,212012,OK
web-it-2004,1,95,REF_R1,165.815,227692,OK
web-it-2004,1,96,Ours_ST,42.4454,211552,OK
web-it-2004,1,96,REF_R1,165.995,227456,OK
web-it-2004,1,97,Ours_ST,42.3214,212536,OK
web-it-2004,1,97,REF_R1,207.388,227536,OK
web-it-2004,1,98,Ours_ST,42.7279,211624,OK
web-it-2004,1,98,REF_R1,170.941,227340,OK
web-it-2004,1,99,Ours_ST,45.955,211672,OK
web-it-2004,1,99,REF_R1,167.615,227360,OK
web-it-2004,1,100,Ours_ST,40.9065,211908,OK
web-it-2004,1,100,REF_R1,205.265,227336,OK
web-it-2004,1,101,Ours_ST,40.7814,211228,OK
web-it-2004,1,101,REF_R1,165.563,227240,OK
web-it-2004,1,102,Ours_ST,43.9411,211460,OK
web-it-2004,1,102,REF_R1,170.821,227332,OK
web-it-2004,1,103,Ours_ST,42.0062,211064,OK
web-it-2004,1,103,REF_R1,191.243,227000,OK
web-it-2004,1,104,Ours_ST,39.9359,211048,OK
web-it-2004,1,104,REF_R1,218.399,227168,OK
web-it-2004,1,105,Ours_ST,43.0838,210996,OK
web-it-2004,1,105,REF_R1,166.302,227116,OK
web-it-2004,1,106,REF_R1,161.376,227100,OK
web-it-2004,1,106,Ours_ST,39.9911,210760,OK
web-it-2004,1,107,Ours_ST,42.2351,210840,OK
web-it-2004,1,107,REF_R1,163.259,226984,OK
web-it-2004,1,108,Ours_ST,39.037,210680,OK
web-it-2004,1,108,REF_R1,213.779,226844,OK
web-it-2004,1,109,Ours_ST,39.4565,210708,OK
web-it-2004,1,109,REF_R1,158.781,226884,OK
web-it-2004,1,110,Ours_ST,40.5763,210512,OK
web-it-2004,1,110,REF_R1,163.547,226760,OK
web-it-2004,1,111,Ours_ST,43.0122,210332,OK
web-it-2004,1,111,REF_R1,199.072,226676,OK
web-it-2004,1,112,Ours_ST,42.1751,210144,OK
web-it-2004,1,112,REF_R1,161.785,226608,OK
web-it-2004,1,113,Ours_ST,39.6033,210044,OK
web-it-2004,1,113,REF_R1,210.791,226540,OK
web-it-2004,1,114,Ours_ST,38.4262,210088,OK
web-it-2004,1,114,REF_R1,208.129,226656,OK
web-it-2004,1,115,Ours_ST,41.9462,209952,OK
web-it-2004,1,115,REF_R1,164.181,226616,OK
web-it-2004,1,116,Ours_ST,38.5593,209880,OK
web-it-2004,1,116,REF_R1,212.045,226324,OK
web-it-2004,1,117,Ours_ST,38.1296,209160,OK
web-it-2004,1,117,REF_R1,163.253,225988,OK
web-it-2004,1,118,Ours_ST,38.4804,209160,OK
web-it-2004,1,118,REF_R1,163.103,226092,OK
web-it-2004,1,119,Ours_ST,39.2543,208656,OK
web-it-2004,1,119,REF_R1,158.245,225572,OK
web-it-2004,1,120,Ours_ST,37.6553,208604,OK
web-it-2004,1,120,REF_R1,196.428,225544,OK
web-it-2004,1,121,Ours_ST,38.6259,208704,OK
web-it-2004,1,121,REF_R1,160.916,225668,OK
web-it-2004,1,122,Ours_ST,41.2272,208416,OK
web-it-2004,1,122,REF_R1,160.679,225520,OK
web-it-2004,1,123,Ours_ST,40.0177,208928,OK
web-it-2004,1,123,REF_R1,160.725,225456,OK
web-it-2004,1,124,Ours_ST,37.6881,208172,OK
web-it-2004,1,124,REF_R1,158.175,225292,OK
web-it-2004,1,125,Ours_ST,38.3388,208124,OK
web-it-2004,1,125,REF_R1,159.163,225016,OK
web-it-2004,1,126,Ours_ST,37.8371,208376,OK
web-it-2004,1,126,REF_R1,158.932,224864,OK
web-it-2004,1,127,Ours_ST,37.5224,208444,OK
web-it-2004,1,127,REF_R1,156.655,225004,OK
web-it-2004,1,128,Ours_ST,37.2695,207948,OK
web-it-2004,1,128,REF_R1,185.276,224772,OK
web-it-2004,1,129,Ours_ST,41.5108,207312,OK
web-it-2004,1,129,REF_R1,197.269,224548,OK
web-it-2004,1,130,Ours_ST,39.5208,207760,OK
web-it-2004,1,130,REF_R1,160.001,224408,OK
web-it-2004,1,131,Ours_ST,36.9441,206568,OK
web-it-2004,1,131,REF_R1,156.729,224148,OK
web-it-2004,1,132,Ours_ST,36.3243,207084,OK
web-it-2004,1,132,REF_R1,184.008,224028,OK
web-it-2004,1,133,Ours_ST,38.8375,206844,OK
web-it-2004,1,133,REF_R1,204.417,223676,OK
web-it-2004,1,134,Ours_ST,38.3242,206476,OK
web-it-2004,1,134,REF_R1,157.39,223228,OK
web-it-2004,1,135,Ours_ST,36.812,206400,OK
web-it-2004,1,135,REF_R1,151.969,223536,OK
web-it-2004,1,136,Ours_ST,40.1951,206092,OK
web-it-2004,1,136,REF_R1,182.102,223296,OK
web-it-2004,1,137,Ours_ST,38.3828,205768,OK
web-it-2004,1,137,REF_R1,208.808,223076,OK
web-it-2004,1,138,Ours_ST,36.3909,205156,OK
web-it-2004,1,138,REF_R1,153.156,223100,OK
web-it-2004,1,139,Ours_ST,39.184,205444,OK
web-it-2004,1,139,REF_R1,181.973,222792,OK
web-it-2004,1,140,Ours_ST,39.4361,205432,OK
web-it-2004,1,140,REF_R1,151.578,222836,OK
web-it-2004,1,141,Ours_ST,35.279,204908,OK
web-it-2004,1,141,REF_R1,191.531,222592,OK
web-it-2004,1,142,Ours_ST,34.8743,204640,OK
web-it-2004,1,142,REF_R1,196.865,222184,OK
web-it-2004,1,143,Ours_ST,36.2788,203912,OK
web-it-2004,1,143,REF_R1,199.233,221624,OK
web-it-2004,1,144,Ours_ST,35.3443,203672,OK
web-it-2004,1,144,REF_R1,183.581,221288,OK
web-it-2004,1,145,Ours_ST,34.632,203120,OK
web-it-2004,1,145,REF_R1,155.177,220936,OK
web-it-2004,1,146,Ours_ST,34.6104,202112,OK
web-it-2004,1,146,REF_R1,193.917,220048,OK
web-it-2004,1,147,Ours_ST,34.8192,202020,OK
web-it-2004,1,147,REF_R1,200.192,219612,OK
web-it-2004,1,148,Ours_ST,34.8849,201864,OK
web-it-2004,1,148,REF_R1,189.772,219808,OK
web-it-2004,1,149,Ours_ST,33.768,201904,OK
web-it-2004,1,149,REF_R1,151.752,219676,OK
web-it-2004,1,150,Ours_ST,33.9963,201480,OK
web-it-2004,1,150,REF_R1,154.976,219456,OK
web-it-2004,1,151,Ours_ST,34.5222,201388,OK
web-it-2004,1,151,REF_R1,148.942,219516,OK
web-it-2004,1,152,Ours_ST,35.6126,201376,OK
web-it-2004,1,152,REF_R1,152.718,219544,OK
web-it-2004,1,153,Ours_ST,33.7069,201360,OK
web-it-2004,1,153,REF_R1,152.176,219496,OK
web-it-2004,1,154,Ours_ST,35.4981,200860,OK
web-it-2004,1,155,Ours_ST,37.4315,200032,OK
web-it-2004,1,154,REF_R1,191.441,219252,OK
web-it-2004,1,155,REF_R1,150.05,218608,OK
web-it-2004,1,156,Ours_ST,33.377,200140,OK
web-it-2004,1,156,REF_R1,150.94,218448,OK
web-it-2004,1,157,Ours_ST,33.8235,199996,OK
web-it-2004,1,157,REF_R1,149.594,218328,OK
web-it-2004,1,158,Ours_ST,34.9442,199252,OK
web-it-2004,1,159,Ours_ST,33.0991,198756,OK
web-it-2004,1,158,REF_R1,150.62,217844,OK
web-it-2004,1,159,REF_R1,210.522,217248,OK
web-it-2004,1,160,Ours_ST,32.5821,198560,OK
web-it-2004,1,160,REF_R1,190.381,217420,OK
web-it-2004,1,161,Ours_ST,33.1056,198448,OK
web-it-2004,1,161,REF_R1,147.691,217340,OK
web-it-2004,1,162,Ours_ST,32.3143,197196,OK
web-it-2004,1,163,Ours_ST,34.5127,197072,OK
web-it-2004,1,162,REF_R1,151.691,216180,OK
web-it-2004,1,163,REF_R1,164.322,216116,OK
web-it-2004,1,164,Ours_ST,33.1808,196112,OK
web-it-2004,1,164,REF_R1,167.438,215132,OK
web-it-2004,1,165,Ours_ST,35.2608,195500,OK
web-it-2004,1,165,REF_R1,147.787,214536,OK
web-it-2004,1,166,Ours_ST,31.4402,194884,OK
web-it-2004,1,166,REF_R1,147.218,213856,OK
web-it-2004,1,167,Ours_ST,35.3617,194576,OK
web-it-2004,1,167,REF_R1,192.426,213580,OK
web-it-2004,1,168,Ours_ST,33.7436,194320,OK
web-it-2004,1,168,REF_R1,203.627,213732,OK
web-it-2004,1,169,Ours_ST,32.6068,193988,OK
web-it-2004,1,169,REF_R1,144.103,213276,OK
web-it-2004,1,170,Ours_ST,32.8493,193536,OK
web-it-2004,1,170,REF_R1,145.037,212776,OK
web-it-2004,1,171,Ours_ST,30.8567,192864,OK
web-it-2004,1,171,REF_R1,145.244,212464,OK
web-it-2004,1,172,Ours_ST,32.0022,191508,OK
web-it-2004,1,172,REF_R1,144.845,211132,OK
web-it-2004,1,173,Ours_ST,31.0035,190880,OK
web-it-2004,1,173,REF_R1,166.252,210712,OK
web-it-2004,1,174,Ours_ST,30.5941,190844,OK
web-it-2004,1,174,REF_R1,149.87,210756,OK
web-it-2004,1,175,Ours_ST,30.6731,190860,OK
web-it-2004,1,175,REF_R1,164.433,210544,OK
web-it-2004,1,176,Ours_ST,32.1026,189844,OK
web-it-2004,1,176,REF_R1,187.3,209900,OK
web-it-2004,1,177,Ours_ST,30.6301,189740,OK
web-it-2004,1,177,REF_R1,179.56,209604,OK
web-it-2004,1,178,Ours_ST,30.0039,189528,OK
web-it-2004,1,179,Ours_ST,32.4792,188944,OK
web-it-2004,1,178,REF_R1,151.366,209588,OK
web-it-2004,1,179,REF_R1,165.852,209264,OK
web-it-2004,1,180,Ours_ST,30.3286,188764,OK
web-it-2004,1,180,REF_R1,140.482,209148,OK
web-it-2004,1,181,Ours_ST,33.0193,188808,OK
web-it-2004,1,181,REF_R1,144.061,209032,OK
web-it-2004,1,182,Ours_ST,29.7316,188384,OK
web-it-2004,1,183,Ours_ST,32.0171,187372,OK
web-it-2004,1,182,REF_R1,145.432,208556,OK
web-it-2004,1,183,REF_R1,146.13,207984,OK
web-it-2004,1,184,Ours_ST,29.7423,187032,OK
web-it-2004,1,184,REF_R1,143.172,207392,OK
web-it-2004,1,185,Ours_ST,30.2346,186460,OK
web-it-2004,1,185,REF_R1,141.85,206916,OK
web-it-2004,1,186,Ours_ST,30.2964,184984,OK
web-it-2004,1,186,REF_R1,164.774,205848,OK
web-it-2004,1,187,Ours_ST,28.7841,184984,OK
web-it-2004,1,187,REF_R1,140.512,205688,OK
web-it-2004,1,188,Ours_ST,27.6734,184896,OK
web-it-2004,1,188,REF_R1,175.992,205716,OK
web-it-2004,1,189,Ours_ST,31.491,184748,OK
web-it-2004,1,189,REF_R1,186.822,205616,OK
web-it-2004,1,190,Ours_ST,29.1579,184548,OK
web-it-2004,1,190,REF_R1,141.736,205296,OK
web-it-2004,1,191,Ours_ST,27.9739,184284,OK
web-it-2004,1,191,REF_R1,139.633,205292,OK
web-it-2004,1,192,Ours_ST,29.6403,184284,OK
web-it-2004,1,192,REF_R1,136.36,205160,OK
web-it-2004,1,193,Ours_ST,29.4357,184168,OK
web-it-2004,1,193,REF_R1,136.592,205232,OK
web-it-2004,1,194,Ours_ST,28.9468,184008,OK
web-it-2004,1,195,Ours_ST,28.4164,183656,OK
web-it-2004,1,194,REF_R1,143.252,204996,OK
web-it-2004,1,195,REF_R1,135.096,205060,OK
web-it-2004,1,196,Ours_ST,26.5433,183284,OK
web-it-2004,1,196,REF_R1,136.619,204732,OK
web-it-2004,1,197,Ours_ST,28.7755,183344,OK
web-it-2004,1,197,REF_R1,133.227,204708,OK
web-it-2004,1,198,Ours_ST,29.3152,182888,OK
web-it-2004,1,198,REF_R1,135.443,204720,OK
web-it-2004,1,199,Ours_ST,26.8441,182992,OK
web-it-2004,1,199,REF_R1,133.343,204664,OK
web-it-2004,1,200,Ours_ST,25.9436,182452,OK
web-it-2004,1,200,REF_R1,133.771,203956,OK
web-it-2004,1,201,Ours_ST,30.7167,182224,OK
web-it-2004,1,201,REF_R1,134.179,204004,OK
web-it-2004,1,203,Ours_ST,26.2936,181420,OK
web-it-2004,1,202,Ours_ST,25.8817,182224,OK
web-it-2004,1,202,REF_R1,135.468,203672,OK
web-it-2004,1,203,REF_R1,153.84,203248,OK
web-it-2004,1,204,Ours_ST,28.4351,180872,OK
web-it-2004,1,204,REF_R1,174.818,203220,OK
web-it-2004,1,205,Ours_ST,25.5481,181372,OK
web-it-2004,1,205,REF_R1,175.526,203212,OK
web-it-2004,1,206,Ours_ST,27.5811,180832,OK
web-it-2004,1,206,REF_R1,136.675,202952,OK
web-it-2004,1,207,Ours_ST,28.5692,180288,OK
web-it-2004,1,207,REF_R1,168.75,202528,OK
web-it-2004,1,208,Ours_ST,27.1936,180656,OK
web-it-2004,1,208,REF_R1,133.132,202748,OK
web-it-2004,1,209,Ours_ST,24.7038,180520,OK
web-it-2004,1,209,REF_R1,130.916,202500,OK
web-it-2004,1,210,Ours_ST,29.7001,179840,OK
web-it-2004,1,210,REF_R1,170.336,202704,OK
web-it-2004,1,211,Ours_ST,25.3506,180532,OK
web-it-2004,1,211,REF_R1,131.524,202720,OK
web-it-2004,1,212,Ours_ST,26.5446,179544,OK
web-it-2004,1,212,REF_R1,131.9,202564,OK
web-it-2004,1,213,Ours_ST,24.1206,179692,OK
web-it-2004,1,213,REF_R1,173.484,202520,OK
web-it-2004,1,214,REF_R1,131.708,202512,OK
web-it-2004,1,214,Ours_ST,27.0928,179480,OK
web-it-2004,1,215,Ours_ST,25.5591,180020,OK
web-it-2004,1,215,REF_R1,130.855,202160,OK
web-it-2004,1,216,Ours_ST,26.0501,178680,OK
web-it-2004,1,216,REF_R1,181.662,201824,OK
web-it-2004,1,217,Ours_ST,28.036,178636,OK
web-it-2004,1,217,REF_R1,129.544,201724,OK
web-it-2004,1,218,Ours_ST,23.9198,177900,OK
web-it-2004,1,219,Ours_ST,26.2824,177440,OK
web-it-2004,1,218,REF_R1,132.978,201012,OK
web-it-2004,1,219,REF_R1,173.004,200484,OK
web-it-2004,1,220,Ours_ST,25.3117,177028,OK
web-it-2004,1,220,REF_R1,129.842,200436,OK
web-it-2004,1,221,Ours_ST,25.4686,176660,OK
web-it-2004,1,221,REF_R1,125.763,199684,OK
web-it-2004,1,222,Ours_ST,23.336,175244,OK
web-it-2004,1,223,Ours_ST,24.4287,174960,OK
web-it-2004,1,222,REF_R1,164.721,198680,OK
web-it-2004,1,223,REF_R1,173.908,198080,OK
web-it-2004,1,224,Ours_ST,25.3086,175108,OK
web-it-2004,1,224,REF_R1,166.757,198364,OK
web-it-2004,1,225,Ours_ST,25.3875,174708,OK
web-it-2004,1,225,REF_R1,128.883,198276,OK
web-it-2004,1,226,Ours_ST,25.7771,174664,OK
web-it-2004,1,226,REF_R1,130.085,198192,OK
web-it-2004,1,227,Ours_ST,23.2801,173708,OK
web-it-2004,1,227,REF_R1,126.393,197564,OK
web-it-2004,1,228,Ours_ST,25.7176,173856,OK
web-it-2004,1,228,REF_R1,126.422,197492,OK
web-it-2004,1,229,Ours_ST,25.9427,172128,OK
web-it-2004,1,229,REF_R1,126.071,195244,OK
web-it-2004,1,230,Ours_ST,23.0333,171344,OK
web-it-2004,1,231,Ours_ST,23.757,171348,OK
web-it-2004,1,230,REF_R1,165.292,194488,OK
web-it-2004,1,231,REF_R1,125.682,194108,OK
web-it-2004,1,232,Ours_ST,24.4119,171088,OK
web-it-2004,1,232,REF_R1,158.242,194396,OK
web-it-2004,1,233,Ours_ST,22.4032,170812,OK
web-it-2004,1,233,REF_R1,144.181,194252,OK
web-it-2004,1,234,Ours_ST,23.0643,170392,OK
web-it-2004,1,235,Ours_ST,21.9072,169992,OK
web-it-2004,1,234,REF_R1,167.842,194016,OK
web-it-2004,1,235,REF_R1,152.802,194092,OK
web-it-2004,1,236,Ours_ST,24.2062,170472,OK
web-it-2004,1,236,REF_R1,125.774,193936,OK
web-it-2004,1,237,Ours_ST,25.0529,170520,OK
web-it-2004,1,237,REF_R1,122.751,193892,OK
web-it-2004,1,238,Ours_ST,24.2063,170060,OK
web-it-2004,1,238,REF_R1,127.278,193796,OK
web-it-2004,1,239,Ours_ST,22.2645,170112,OK
web-it-2004,1,239,REF_R1,146.545,193840,OK
web-it-2004,1,240,Ours_ST,22.3278,170032,OK
web-it-2004,1,240,REF_R1,122.66,193728,OK
web-it-2004,1,241,Ours_ST,24.1484,169932,OK
web-it-2004,1,241,REF_R1,122.387,193652,OK
web-it-2004,1,242,Ours_ST,24.2228,169764,OK
web-it-2004,1,242,REF_R1,158.107,193404,OK
web-it-2004,1,243,Ours_ST,21.8488,169600,OK
web-it-2004,1,243,REF_R1,125.456,193236,OK
web-it-2004,1,244,Ours_ST,21.2411,169084,OK
web-it-2004,1,244,REF_R1,123.021,193408,OK
web-it-2004,1,245,Ours_ST,23.7959,169228,OK
web-it-2004,1,245,REF_R1,123.372,193376,OK
web-it-2004,1,246,Ours_ST,21.1404,169304,OK
web-it-2004,1,246,REF_R1,147.863,193216,OK
web-it-2004,1,247,Ours_ST,21.5998,168948,OK
web-it-2004,1,247,REF_R1,166.653,193220,OK
web-it-2004,1,248,Ours_ST,24.1063,169008,OK
web-it-2004,1,248,REF_R1,123.609,192944,OK
web-it-2004,1,249,Ours_ST,20.4508,168536,OK
web-it-2004,1,249,REF_R1,121.412,192852,OK
web-it-2004,1,250,Ours_ST,20.7908,168656,OK
web-it-2004,1,250,REF_R1,123.317,192960,OK
web-it-2004,1,251,Ours_ST,20.8067,168416,OK
web-it-2004,1,251,REF_R1,143.362,192864,OK
web-it-2004,1,252,Ours_ST,22.6144,168412,OK
web-it-2004,1,252,REF_R1,121.9,192744,OK
web-it-2004,1,253,Ours_ST,20.8273,168116,OK
web-it-2004,1,253,REF_R1,162.818,192800,OK
web-it-2004,1,254,Ours_ST,22.5546,168028,OK
web-it-2004,1,254,REF_R1,124.307,192536,OK
web-it-2004,1,255,Ours_ST,20.3142,168132,OK
web-it-2004,1,255,REF_R1,159.64,192412,OK
web-it-2004,1,256,Ours_ST,20.0594,168012,OK
web-it-2004,1,256,REF_R1,118.797,192480,OK
web-it-2004,1,257,Ours_ST,20.2835,167160,OK
web-it-2004,1,257,REF_R1,121.983,191900,OK
web-it-2004,1,258,Ours_ST,21.962,167196,OK
web-it-2004,1,258,REF_R1,123.155,191980,OK
web-it-2004,1,259,Ours_ST,22.2026,166608,OK
web-it-2004,1,259,REF_R1,161.079,191752,OK
web-it-2004,1,260,Ours_ST,20.4102,166500,OK
web-it-2004,1,260,REF_R1,120.221,191236,OK
web-it-2004,1,261,Ours_ST,21.9473,165668,OK
web-it-2004,1,261,REF_R1,117.85,191248,OK
web-it-2004,1,262,Ours_ST,19.5034,165896,OK
web-it-2004,1,263,Ours_ST,21.9246,165860,OK
web-it-2004,1,262,REF_R1,156.937,190716,OK
web-it-2004,1,263,REF_R1,122.035,190944,OK
web-it-2004,1,264,Ours_ST,21.7781,164936,OK
web-it-2004,1,264,REF_R1,155.687,189892,OK
web-it-2004,1,265,Ours_ST,19.8396,164564,OK
web-it-2004,1,265,REF_R1,118.061,189828,OK
web-it-2004,1,266,Ours_ST,19.1814,163388,OK
web-it-2004,1,266,REF_R1,118.522,188524,OK
web-it-2004,1,267,Ours_ST,19.5888,162720,OK
web-it-2004,1,267,REF_R1,150.498,187876,OK
web-it-2004,1,268,Ours_ST,19.4221,162220,OK
web-it-2004,1,268,REF_R1,117.858,187268,OK
web-it-2004,1,269,Ours_ST,18.6293,162156,OK
web-it-2004,1,269,REF_R1,137.163,187380,OK
web-it-2004,1,270,Ours_ST,19.6386,161760,OK
web-it-2004,1,270,REF_R1,121.214,187120,OK
web-it-2004,1,271,Ours_ST,18.8478,161412,OK
web-it-2004,1,271,REF_R1,135.531,186968,OK
web-it-2004,1,272,Ours_ST,21.7744,161016,OK
web-it-2004,1,272,REF_R1,119.511,186764,OK
web-it-2004,1,273,Ours_ST,21.2551,161024,OK
web-it-2004,1,273,REF_R1,138.688,186668,OK
web-it-2004,1,274,Ours_ST,18.3454,160324,OK
web-it-2004,1,274,REF_R1,117.92,185940,OK
web-it-2004,1,275,Ours_ST,18.445,159964,OK
web-it-2004,1,275,REF_R1,133.403,186036,OK
web-it-2004,1,276,Ours_ST,19.6596,160172,OK
web-it-2004,1,276,REF_R1,114.735,185964,OK
web-it-2004,1,277,Ours_ST,18.2767,160008,OK
web-it-2004,1,277,REF_R1,132.733,185868,OK
web-it-2004,1,278,Ours_ST,18.2746,159348,OK
web-it-2004,1,279,Ours_ST,18.2395,159216,OK
web-it-2004,1,278,REF_R1,114.662,185248,OK
web-it-2004,1,279,REF_R1,143.18,185196,OK
web-it-2004,1,280,Ours_ST,19.265,158420,OK
web-it-2004,1,280,REF_R1,115.196,185072,OK
web-it-2004,1,281,Ours_ST,18.0256,158376,OK
web-it-2004,1,281,REF_R1,114.419,184968,OK
web-it-2004,1,282,Ours_ST,19.1361,158788,OK
web-it-2004,1,283,Ours_ST,17.6523,158632,OK
web-it-2004,1,282,REF_R1,117.059,184988,OK
web-it-2004,1,283,REF_R1,136.499,184924,OK
web-it-2004,1,284,Ours_ST,19.7493,158648,OK
web-it-2004,1,284,REF_R1,133.37,184928,OK
web-it-2004,1,285,Ours_ST,19.3586,157864,OK
web-it-2004,1,285,REF_R1,113.097,184296,OK
web-it-2004,1,286,Ours_ST,17.5814,156908,OK
web-it-2004,1,286,REF_R1,116.261,184036,OK
web-it-2004,1,287,Ours_ST,18.6514,157384,OK
web-it-2004,1,287,REF_R1,113.348,183924,OK
web-it-2004,1,288,Ours_ST,18.1449,156104,OK
web-it-2004,1,288,REF_R1,133.4,182656,OK
web-it-2004,1,289,Ours_ST,16.6805,155944,OK
web-it-2004,1,289,REF_R1,132.27,182540,OK
web-it-2004,1,290,Ours_ST,16.7475,155980,OK
web-it-2004,1,290,REF_R1,112.974,182676,OK
web-it-2004,1,291,Ours_ST,16.9622,155792,OK
web-it-2004,1,291,REF_R1,110.256,182512,OK
web-it-2004,1,292,Ours_ST,18.029,155624,OK
web-it-2004,1,292,REF_R1,111.02,182568,OK
web-it-2004,1,293,Ours_ST,16.3855,155608,OK
web-it-2004,1,293,REF_R1,112.263,182420,OK
web-it-2004,1,294,Ours_ST,16.6554,155544,OK
web-it-2004,1,295,Ours_ST,16.2993,154668,OK
web-it-2004,1,294,REF_R1,113.64,182232,OK
web-it-2004,1,295,REF_R1,132.101,182364,OK
web-it-2004,1,296,Ours_ST,18.2547,155100,OK
web-it-2004,1,296,REF_R1,111.336,182108,OK
web-it-2004,1,297,Ours_ST,17.4184,155072,OK
web-it-2004,1,297,REF_R1,139.081,181912,OK
web-it-2004,1,298,Ours_ST,16.119,154440,OK
web-it-2004,1,299,Ours_ST,17.327,154464,OK
web-it-2004,1,298,REF_R1,113.59,181736,OK
web-it-2004,1,299,REF_R1,139.013,181536,OK
web-it-2004,1,300,Ours_ST,17.2188,154364,OK
web-it-2004,1,300,REF_R1,131.212,181472,OK
web-it-2004,1,301,Ours_ST,15.6105,154040,OK
web-it-2004,1,301,REF_R1,109.706,181524,OK
web-it-2004,1,302,Ours_ST,15.5452,153264,OK
web-it-2004,1,303,Ours_ST,16.1087,152576,OK
web-it-2004,1,302,REF_R1,110.244,180840,OK
web-it-2004,1,303,REF_R1,111.026,180744,OK
web-it-2004,1,304,Ours_ST,15.2225,152456,OK
web-it-2004,1,304,REF_R1,109.919,180548,OK
web-it-2004,1,305,Ours_ST,16.9304,151672,OK
web-it-2004,1,305,REF_R1,109.078,180016,OK
web-it-2004,1,306,Ours_ST,15.2827,152180,OK
web-it-2004,1,306,REF_R1,110.092,179800,OK
web-it-2004,1,307,Ours_ST,15.0308,151388,OK
web-it-2004,1,307,REF_R1,107.677,179844,OK
web-it-2004,1,308,Ours_ST,15.38,151660,OK
web-it-2004,1,308,REF_R1,128.183,179488,OK
web-it-2004,1,309,Ours_ST,14.9197,150752,OK
web-it-2004,1,309,REF_R1,129.614,179316,OK
web-it-2004,1,310,Ours_ST,16.2099,151312,OK
web-it-2004,1,310,REF_R1,108.808,179044,OK
web-it-2004,1,311,Ours_ST,20.0944,150504,OK
web-it-2004,1,311,REF_R1,107.39,178524,OK
web-it-2004,1,312,Ours_ST,14.5833,150184,OK
web-it-2004,1,312,REF_R1,108.526,177992,OK
web-it-2004,1,313,Ours_ST,14.2872,149604,OK
web-it-2004,1,313,REF_R1,106.541,177824,OK
web-it-2004,1,314,Ours_ST,14.5781,149636,OK
web-it-2004,1,314,REF_R1,108.068,177708,OK
web-it-2004,1,315,Ours_ST,14.2731,148300,OK
web-it-2004,1,315,REF_R1,105.281,177096,OK
web-it-2004,1,316,Ours_ST,15.879,148164,OK
web-it-2004,1,316,REF_R1,106.948,177000,OK
web-it-2004,1,317,Ours_ST,15.5631,147752,OK
web-it-2004,1,317,REF_R1,134.11,176468,OK
web-it-2004,1,318,Ours_ST,13.6622,145924,OK
web-it-2004,1,318,REF_R1,106.681,175216,OK
web-it-2004,1,319,Ours_ST,13.7873,145708,OK
web-it-2004,1,319,REF_R1,103.479,175140,OK
web-it-2004,1,320,Ours_ST,14.8365,145160,OK
web-it-2004,1,320,REF_R1,128.925,174216,OK
web-it-2004,1,321,Ours_ST,13.2298,145000,OK
web-it-2004,1,321,REF_R1,105.131,174316,OK
web-it-2004,1,322,Ours_ST,14.5728,144640,OK
web-it-2004,1,322,REF_R1,125.98,174200,OK
web-it-2004,1,323,Ours_ST,14.2884,144652,OK
web-it-2004,1,323,REF_R1,134.23,174008,OK
web-it-2004,1,324,Ours_ST,12.7563,143256,OK
web-it-2004,1,324,REF_R1,105.598,172760,OK
web-it-2004,1,325,Ours_ST,13.1166,142640,OK
web-it-2004,1,325,REF_R1,101.167,172376,OK
web-it-2004,1,326,Ours_ST,14.3847,142672,OK
web-it-2004,1,326,REF_R1,124.911,172140,OK
web-it-2004,1,327,Ours_ST,14.7294,142472,OK
web-it-2004,1,327,REF_R1,103.147,172140,OK
web-it-2004,1,328,Ours_ST,12.9317,142336,OK
web-it-2004,1,328,REF_R1,102.101,172020,OK
web-it-2004,1,329,Ours_ST,12.573,141440,OK
web-it-2004,1,329,REF_R1,100.007,171036,OK
web-it-2004,1,330,Ours_ST,13.4068,141444,OK
web-it-2004,1,330,REF_R1,101.565,170776,OK
web-it-2004,1,331,Ours_ST,12.6356,141384,OK
web-it-2004,1,331,REF_R1,132.572,168704,OK
web-it-2004,1,332,Ours_ST,12.4405,141156,OK
web-it-2004,1,332,REF_R1,125.493,168688,OK
web-it-2004,1,333,Ours_ST,12.191,141148,OK
web-it-2004,1,333,REF_R1,119.614,168624,OK
web-it-2004,1,334,Ours_ST,12.2399,141124,OK
web-it-2004,1,334,REF_R1,100.132,168736,OK
web-it-2004,1,335,Ours_ST,12.3426,140524,OK
web-it-2004,1,335,REF_R1,122.207,168676,OK
web-it-2004,1,336,Ours_ST,12.9055,140616,OK
web-it-2004,1,336,REF_R1,100.362,168456,OK
web-it-2004,1,337,Ours_ST,13.4299,140752,OK
web-it-2004,1,337,REF_R1,100.493,168688,OK
web-it-2004,1,338,Ours_ST,11.9693,140496,OK
web-it-2004,1,338,REF_R1,120.488,168576,OK
web-it-2004,1,339,Ours_ST,11.1037,136660,OK
web-it-2004,1,339,REF_R1,125.385,166604,OK
web-it-2004,1,340,Ours_ST,14.6215,136644,OK
web-it-2004,1,340,REF_R1,94.214,166684,OK
web-it-2004,1,341,Ours_ST,11.0978,136624,OK
web-it-2004,1,341,REF_R1,99.4708,164624,OK
web-it-2004,1,342,Ours_ST,11.6091,136780,OK
web-it-2004,1,342,REF_R1,119.02,164648,OK
web-it-2004,1,343,Ours_ST,11.3158,136748,OK
web-it-2004,1,343,REF_R1,120.327,164692,OK
web-it-2004,1,344,Ours_ST,14.314,136684,OK
web-it-2004,1,344,REF_R1,94.9967,164584,OK
web-it-2004,1,345,Ours_ST,14.4191,136792,OK
web-it-2004,1,345,REF_R1,95.2709,164696,OK
web-it-2004,1,346,Ours_ST,14.1516,136736,OK
web-it-2004,1,346,REF_R1,96.6211,164684,OK
web-it-2004,1,347,Ours_ST,10.3933,136788,OK
web-it-2004,1,347,REF_R1,96.1243,164728,OK
web-it-2004,1,348,Ours_ST,13.7532,136576,OK
web-it-2004,1,348,REF_R1,94.6498,164688,OK
web-it-2004,1,349,Ours_ST,10.1984,136680,OK
web-it-2004,1,349,REF_R1,120.381,164580,OK
web-it-2004,1,350,Ours_ST,13.6355,136688,OK
web-it-2004,1,351,Ours_ST,9.70832,136708,OK
web-it-2004,1,350,REF_R1,125.358,164692,OK
web-it-2004,1,351,REF_R1,93.5376,164688,OK
web-it-2004,1,352,Ours_ST,9.78033,136712,OK
web-it-2004,1,352,REF_R1,92.7613,164468,OK
web-it-2004,1,353,Ours_ST,13.0821,136604,OK
web-it-2004,1,353,REF_R1,94.6399,164704,OK
web-it-2004,1,354,Ours_ST,15.666,132600,OK
web-it-2004,1,354,REF_R1,95.7795,162628,OK
web-it-2004,1,355,Ours_ST,8.85312,132844,OK
web-it-2004,1,355,REF_R1,117.072,162704,OK
web-it-2004,1,356,Ours_ST,8.77413,132612,OK
web-it-2004,1,356,REF_R1,124.274,160592,OK
web-it-2004,1,357,Ours_ST,14.8567,132644,OK
web-it-2004,1,357,REF_R1,122.559,160500,OK
web-it-2004,1,358,Ours_ST,8.21837,132764,OK
web-it-2004,1,358,REF_R1,93.0504,160772,OK
web-it-2004,1,359,Ours_ST,8.03704,132548,OK
web-it-2004,1,359,REF_R1,91.0725,160584,OK
web-it-2004,1,360,Ours_ST,7.89752,132676,OK
web-it-2004,1,360,REF_R1,91.8419,160584,OK
web-it-2004,1,361,Ours_ST,11.2499,132760,OK
web-it-2004,1,361,REF_R1,116.097,160500,OK
web-it-2004,1,362,Ours_ST,11.2403,132656,OK
web-it-2004,1,362,REF_R1,93.3459,160676,OK
web-it-2004,1,363,Ours_ST,7.59812,132808,OK
web-it-2004,1,363,REF_R1,116.653,160588,OK
web-it-2004,1,364,Ours_ST,7.41273,132660,OK
web-it-2004,1,364,REF_R1,89.4434,160720,OK
web-it-2004,1,365,Ours_ST,7.41193,132624,OK
web-it-2004,1,365,REF_R1,116.733,160652,OK
web-it-2004,1,366,Ours_ST,7.31923,132700,OK
web-it-2004,1,366,REF_R1,89.1519,160584,OK
web-it-2004,1,367,Ours_ST,11.8021,132756,OK
web-it-2004,1,367,REF_R1,113.793,160768,OK
web-it-2004,1,368,Ours_ST,6.98525,132636,OK
web-it-2004,1,368,REF_R1,85.8719,160692,OK
web-it-2004,1,369,Ours_ST,6.85027,132676,OK
web-it-2004,1,369,REF_R1,86.4149,160720,OK
web-it-2004,1,370,Ours_ST,6.85318,132764,OK
web-it-2004,1,370,REF_R1,113.689,160616,OK
web-it-2004,1,371,Ours_ST,6.7307,132844,OK
web-it-2004,1,371,REF_R1,86.4262,160772,OK
web-it-2004,1,372,Ours_ST,11.0708,132564,OK
web-it-2004,1,372,REF_R1,85.032,160680,OK
web-it-2004,1,373,Ours_ST,10.7595,132648,OK
web-it-2004,1,373,REF_R1,87.4314,160760,OK
web-it-2004,1,374,Ours_ST,6.32031,132768,OK
web-it-2004,1,374,REF_R1,112.844,160720,OK
web-it-2004,1,375,Ours_ST,6.12634,132620,OK
web-it-2004,1,375,REF_R1,83.0977,160636,OK
web-it-2004,1,376,Ours_ST,10.5947,132692,OK
web-it-2004,1,376,REF_R1,86.1506,160688,OK
web-it-2004,1,377,Ours_ST,6.03094,132768,OK
web-it-2004,1,377,REF_R1,83.2167,160736,OK
web-it-2004,1,378,Ours_ST,10.5667,132756,OK
web-it-2004,1,379,Ours_ST,5.84387,132760,OK
web-it-2004,1,378,REF_R1,113.265,160580,OK
web-it-2004,1,379,REF_R1,83.6617,160600,OK
web-it-2004,1,380,Ours_ST,5.8695,132672,OK
web-it-2004,1,380,REF_R1,84.588,160712,OK
web-it-2004,1,381,Ours_ST,10.2624,132720,OK
web-it-2004,1,381,REF_R1,83.1872,160648,OK
web-it-2004,1,382,Ours_ST,8.78487,132576,OK
web-it-2004,1,382,REF_R1,86.2161,160364,OK
web-it-2004,1,383,Ours_ST,5.63328,132732,OK
web-it-2004,1,383,REF_R1,113.425,160732,OK
web-it-2004,1,384,Ours_ST,5.58556,132820,OK
web-it-2004,1,384,REF_R1,113.335,160712,OK
web-it-2004,1,385,Ours_ST,5.3163,132700,OK
web-it-2004,1,385,REF_R1,82.0872,160580,OK
web-it-2004,1,386,Ours_ST,8.80365,132764,OK
web-it-2004,1,387,Ours_ST,5.13423,132724,OK
web-it-2004,1,386,REF_R1,112.663,160664,OK
web-it-2004,1,387,REF_R1,111.239,160604,OK
web-it-2004,1,388,Ours_ST,5.03718,132784,OK
web-it-2004,1,388,REF_R1,111.378,160488,OK
web-it-2004,1,389,Ours_ST,8.33928,132572,OK
web-it-2004,1,389,REF_R1,81.7757,160544,OK
web-it-2004,1,390,Ours_ST,8.38551,132444,OK
web-it-2004,1,390,REF_R1,83.0378,160716,OK
web-it-2004,1,391,Ours_ST,5.06557,132764,OK
web-it-2004,1,391,REF_R1,110.874,160628,OK
web-it-2004,1,392,Ours_ST,4.78203,132816,OK
web-it-2004,1,392,REF_R1,111.028,160660,OK
web-it-2004,1,393,Ours_ST,8.04471,132600,OK
web-it-2004,1,393,REF_R1,112.004,160672,OK
web-it-2004,1,394,Ours_ST,4.86544,132800,OK
web-it-2004,1,395,Ours_ST,7.69302,132448,OK
web-it-2004,1,394,REF_R1,110.558,160588,OK
web-it-2004,1,395,REF_R1,80.2771,160696,OK
web-it-2004,1,396,Ours_ST,4.75472,132500,OK
web-it-2004,1,396,REF_R1,110.291,160724,OK
web-it-2004,1,397,Ours_ST,4.66389,132808,OK
web-it-2004,1,397,REF_R1,110.314,160728,OK
web-it-2004,1,398,Ours_ST,4.85459,132688,OK
web-it-2004,1,399,Ours_ST,4.74625,132796,OK
web-it-2004,1,398,REF_R1,81.0932,160708,OK
web-it-2004,1,399,REF_R1,106.592,160732,OK
web-it-2004,1,400,Ours_ST,7.6928,132596,OK
web-it-2004,1,400,REF_R1,109.032,160648,OK
web-it-2004,1,401,Ours_ST,4.57516,132816,OK
web-it-2004,1,401,REF_R1,109.444,160640,OK
web-it-2004,1,402,Ours_ST,4.53902,132656,OK
web-it-2004,1,403,Ours_ST,4.51867,132668,OK
web-it-2004,1,402,REF_R1,109.495,160624,OK
web-it-2004,1,403,REF_R1,110.565,160740,OK
web-it-2004,1,404,Ours_ST,7.61103,132476,OK
web-it-2004,1,404,REF_R1,107.397,160644,OK
web-it-2004,1,405,Ours_ST,7.728,132676,OK
web-it-2004,1,405,REF_R1,80.1039,160692,OK
web-it-2004,1,406,Ours_ST,4.22079,132840,OK
web-it-2004,1,406,REF_R1,79.1323,160584,OK
web-it-2004,1,407,Ours_ST,4.48247,132688,OK
web-it-2004,1,407,REF_R1,107.524,160620,OK
web-it-2004,1,408,Ours_ST,4.27426,132548,OK
web-it-2004,1,408,REF_R1,78.7712,160608,OK
web-it-2004,1,409,Ours_ST,4.45676,132676,OK
web-it-2004,1,409,REF_R1,79.4901,160572,OK
web-it-2004,1,410,Ours_ST,4.39616,132748,OK
web-it-2004,1,410,REF_R1,80.0299,160624,OK
web-it-2004,1,411,Ours_ST,4.39374,132796,OK
web-it-2004,1,411,REF_R1,107.794,160696,OK
web-it-2004,1,412,Ours_ST,4.09845,132700,OK
web-it-2004,1,412,REF_R1,79.8284,160652,OK
web-it-2004,1,413,Ours_ST,4.19504,132820,OK
web-it-2004,1,413,REF_R1,106.309,160572,OK
web-it-2004,1,414,Ours_ST,4.19391,132804,OK
web-it-2004,1,415,Ours_ST,4.11006,132704,OK
web-it-2004,1,414,REF_R1,79.5183,160644,OK
web-it-2004,1,415,REF_R1,78.4971,160684,OK
web-it-2004,1,416,Ours_ST,4.36432,132808,OK
web-it-2004,1,416,REF_R1,77.8307,160728,OK
web-it-2004,1,417,Ours_ST,7.14284,132652,OK
web-it-2004,1,417,REF_R1,79.068,160492,OK
web-it-2004,1,418,Ours_ST,5.03813,132708,OK
web-it-2004,1,419,Ours_ST,4.12175,132676,OK
web-it-2004,1,418,REF_R1,108.43,160724,OK
web-it-2004,1,419,REF_R1,107.284,160600,OK
web-it-2004,1,420,Ours_ST,4.25936,132560,OK
web-it-2004,1,420,REF_R1,108.19,160572,OK
web-it-2004,1,421,Ours_ST,4.06261,132760,OK
web-it-2004,1,421,REF_R1,78.7626,160676,OK
web-it-2004,1,422,Ours_ST,7.25203,132672,OK
web-it-2004,1,422,REF_R1,80.4509,160668,OK
web-it-2004,1,423,Ours_ST,4.08785,132780,OK
web-it-2004,1,423,REF_R1,107.853,160732,OK
web-it-2004,1,424,Ours_ST,3.89503,132860,OK
web-it-2004,1,424,REF_R1,109.246,160624,OK
web-it-2004,1,425,Ours_ST,3.8658,132760,OK
web-it-2004,1,425,REF_R1,76.9026,160500,OK
web-it-2004,1,426,Ours_ST,6.90904,132644,OK
web-it-2004,1,427,Ours_ST,3.76772,132592,OK
web-it-2004,1,426,REF_R1,106.717,160664,OK
web-it-2004,1,427,REF_R1,77.349,160588,OK
web-it-2004,1,428,Ours_ST,3.7765,132764,OK
web-it-2004,1,428,REF_R1,77.0386,160592,OK
web-it-2004,1,429,Ours_ST,6.97974,132740,OK
web-it-2004,1,429,REF_R1,106.137,160660,OK
web-it-2004,1,430,Ours_ST,4.07958,132640,OK
web-it-2004,1,430,REF_R1,78.5932,160508,OK
web-it-2004,3,4,Ours_V18,ERROR,N/A,ERROR(exit=139)
web-it-2004,3,5,Ours_V18,ERROR,N/A,ERROR(exit=139)
web-it-2004,3,4,Ours_V20,TIMEOUT,N/A,TIMEOUT
web-it-2004,3,4,REF_R3,TIMEOUT,N/A,TIMEOUT
web-it-2004,3,5,Ours_V20,TIMEOUT,N/A,TIMEOUT
web-it-2004,3,5,REF_R3,TIMEOUT,N/A,TIMEOUT
web-it-2004,3,6,Ours_V18,TIMEOUT,N/A,TIMEOUT
web-it-2004,3,6,Ours_V20,TIMEOUT,N/A,TIMEOUT
web-it-2004,3,6,REF_R3,TIMEOUT,N/A,TIMEOUT
web-it-2004,3,7,Ours_V18,TIMEOUT,N/A,TIMEOUT
web-it-2004,3,7,Ours_V20,TIMEOUT,N/A,TIMEOUT
web-it-2004,3,7,REF_R3,TIMEOUT,N/A,TIMEOUT
web-it-2004,3,8,Ours_V18,TIMEOUT,N/A,TIMEOUT
web-it-2004,3,8,Ours_V20,TIMEOUT,N/A,TIMEOUT
web-it-2004,3,8,REF_R3,TIMEOUT,N/A,TIMEOUT
web-it-2004,3,9,Ours_V18,TIMEOUT,N/A,TIMEOUT
web-it-2004,3,9,Ours_V20,TIMEOUT,N/A,TIMEOUT
web-it-2004,3,9,REF_R3,TIMEOUT,N/A,TIMEOUT
web-it-2004,3,10,Ours_V18,TIMEOUT,N/A,TIMEOUT
web-it-2004,3,10,Ours_V20,TIMEOUT,N/A,TIMEOUT
web-it-2004,3,10,REF_R3,TIMEOUT,N/A,TIMEOUT
web-it-2004,3,11,Ours_V18,TIMEOUT,N/A,TIMEOUT
web-it-2004,3,11,Ours_V20,TIMEOUT,N/A,TIMEOUT
web-it-2004,3,11,REF_R3,TIMEOUT,N/A,TIMEOUT
web-it-2004,3,12,Ours_V18,TIMEOUT,N/A,TIMEOUT
web-it-2004,3,12,Ours_V20,TIMEOUT,N/A,TIMEOUT
web-it-2004,3,14,Ours_V20,ERROR,N/A,ERROR(exit=139)
web-it-2004,3,12,REF_R3,TIMEOUT,N/A,TIMEOUT
web-it-2004,3,13,Ours_V18,TIMEOUT,N/A,TIMEOUT
web-it-2004,3,13,Ours_V20,TIMEOUT,N/A,TIMEOUT
web-it-2004,3,13,REF_R3,TIMEOUT,N/A,TIMEOUT
web-it-2004,3,14,Ours_V18,TIMEOUT,N/A,TIMEOUT
web-it-2004,3,14,REF_R3,TIMEOUT,N/A,TIMEOUT
web-it-2004,3,15,Ours_V18,TIMEOUT,N/A,TIMEOUT
web-it-2004,3,15,Ours_V20,TIMEOUT,N/A,TIMEOUT
web-it-2004,3,15,REF_R3,TIMEOUT,N/A,TIMEOUT
web-it-2004,3,16,Ours_V18,TIMEOUT,N/A,TIMEOUT
web-it-2004,3,16,Ours_V20,TIMEOUT,N/A,TIMEOUT
web-it-2004,3,16,REF_R3,TIMEOUT,N/A,TIMEOUT
web-it-2004,3,17,Ours_V18,TIMEOUT,N/A,TIMEOUT
web-it-2004,3,17,Ours_V20,TIMEOUT,N/A,TIMEOUT
web-it-2004,3,17,REF_R3,TIMEOUT,N/A,TIMEOUT
web-it-2004,3,18,Ours_V18,TIMEOUT,N/A,TIMEOUT
web-it-2004,3,18,Ours_V20,TIMEOUT,N/A,TIMEOUT
web-it-2004,3,18,REF_R3,TIMEOUT,N/A,TIMEOUT
web-it-2004,3,19,Ours_V18,TIMEOUT,N/A,TIMEOUT
web-it-2004,3,19,Ours_V20,TIMEOUT,N/A,TIMEOUT
web-it-2004,3,19,REF_R3,TIMEOUT,N/A,TIMEOUT
web-it-2004,3,20,Ours_V18,TIMEOUT,N/A,TIMEOUT
web-it-2004,3,20,Ours_V20,TIMEOUT,N/A,TIMEOUT
web-it-2004,3,20,REF_R3,TIMEOUT,N/A,TIMEOUT
web-it-2004,3,21,Ours_V18,TIMEOUT,N/A,TIMEOUT
web-it-2004,3,21,Ours_V20,TIMEOUT,N/A,TIMEOUT
web-it-2004,3,21,REF_R3,TIMEOUT,N/A,TIMEOUT
web-it-2004,3,22,Ours_V18,TIMEOUT,N/A,TIMEOUT
web-it-2004,3,22,Ours_V20,TIMEOUT,N/A,TIMEOUT
web-it-2004,3,22,REF_R3,TIMEOUT,N/A,TIMEOUT
web-it-2004,3,23,Ours_V18,TIMEOUT,N/A,TIMEOUT
web-it-2004,3,23,Ours_V20,TIMEOUT,N/A,TIMEOUT
web-it-2004,3,23,REF_R3,TIMEOUT,N/A,TIMEOUT
web-it-2004,3,24,Ours_V18,TIMEOUT,N/A,TIMEOUT
web-it-2004,3,24,Ours_V20,TIMEOUT,N/A,TIMEOUT
web-it-2004,3,24,REF_R3,TIMEOUT,N/A,TIMEOUT
web-it-2004,3,25,Ours_V18,TIMEOUT,N/A,TIMEOUT
web-it-2004,3,25,Ours_V20,TIMEOUT,N/A,TIMEOUT
web-it-2004,3,25,REF_R3,TIMEOUT,N/A,TIMEOUT
web-it-2004,3,27,REF_R3,ERROR,N/A,ERROR(exit=134)
web-it-2004,3,26,Ours_V18,TIMEOUT,N/A,TIMEOUT
web-it-2004,3,26,Ours_V20,TIMEOUT,N/A,TIMEOUT
web-it-2004,3,26,REF_R3,TIMEOUT,N/A,TIMEOUT
web-it-2004,3,27,Ours_V18,TIMEOUT,N/A,TIMEOUT
web-it-2004,3,27,Ours_V20,TIMEOUT,N/A,TIMEOUT
web-it-2004,3,28,Ours_V18,TIMEOUT,N/A,TIMEOUT
web-it-2004,3,28,Ours_V20,TIMEOUT,N/A,TIMEOUT
web-it-2004,3,28,REF_R3,TIMEOUT,N/A,TIMEOUT
web-it-2004,3,29,Ours_V18,TIMEOUT,N/A,TIMEOUT
web-it-2004,3,29,Ours_V20,TIMEOUT,N/A,TIMEOUT
web-it-2004,3,29,REF_R3,TIMEOUT,N/A,TIMEOUT
web-it-2004,3,30,Ours_V18,TIMEOUT,N/A,TIMEOUT
web-it-2004,3,30,Ours_V20,TIMEOUT,N/A,TIMEOUT
web-it-2004,3,30,REF_R3,TIMEOUT,N/A,TIMEOUT
web-it-2004,3,31,Ours_V18,TIMEOUT,N/A,TIMEOUT
web-it-2004,3,31,Ours_V20,TIMEOUT,N/A,TIMEOUT
web-it-2004,3,31,REF_R3,TIMEOUT,N/A,TIMEOUT
web-it-2004,3,32,Ours_V18,TIMEOUT,N/A,TIMEOUT
web-it-2004,3,32,Ours_V20,TIMEOUT,N/A,TIMEOUT
web-it-2004,3,32,REF_R3,TIMEOUT,N/A,TIMEOUT
web-it-2004,3,33,Ours_V18,TIMEOUT,N/A,TIMEOUT
web-it-2004,3,33,Ours_V20,TIMEOUT,N/A,TIMEOUT
web-it-2004,3,33,REF_R3,TIMEOUT,N/A,TIMEOUT
web-it-2004,3,34,Ours_V18,TIMEOUT,N/A,TIMEOUT
web-it-2004,3,34,Ours_V20,TIMEOUT,N/A,TIMEOUT
web-it-2004,3,34,REF_R3,TIMEOUT,N/A,TIMEOUT
web-it-2004,3,35,Ours_V18,TIMEOUT,N/A,TIMEOUT
web-it-2004,3,35,Ours_V20,TIMEOUT,N/A,TIMEOUT
web-it-2004,3,35,REF_R3,TIMEOUT,N/A,TIMEOUT
web-it-2004,3,36,Ours_V18,TIMEOUT,N/A,TIMEOUT
web-it-2004,3,36,Ours_V20,TIMEOUT,N/A,TIMEOUT
web-it-2004,3,36,REF_R3,TIMEOUT,N/A,TIMEOUT
web-it-2004,3,37,Ours_V18,TIMEOUT,N/A,TIMEOUT
web-it-2004,3,38,Ours_V20,ERROR,N/A,ERROR(exit=139)
web-it-2004,3,37,Ours_V20,TIMEOUT,N/A,TIMEOUT
web-it-2004,3,37,REF_R3,TIMEOUT,N/A,TIMEOUT
web-it-2004,3,38,Ours_V18,TIMEOUT,N/A,TIMEOUT
web-it-2004,3,38,REF_R3,TIMEOUT,N/A,TIMEOUT
web-it-2004,3,39,Ours_V18,TIMEOUT,N/A,TIMEOUT
web-it-2004,3,39,Ours_V20,TIMEOUT,N/A,TIMEOUT
web-it-2004,3,39,REF_R3,TIMEOUT,N/A,TIMEOUT
web-it-2004,3,40,Ours_V18,TIMEOUT,N/A,TIMEOUT
web-it-2004,3,40,Ours_V20,TIMEOUT,N/A,TIMEOUT
web-it-2004,3,40,REF_R3,TIMEOUT,N/A,TIMEOUT
web-it-2004,3,41,Ours_V18,TIMEOUT,N/A,TIMEOUT
web-it-2004,3,42,REF_R3,ERROR,N/A,ERROR(exit=134)
web-it-2004,3,41,Ours_V20,TIMEOUT,N/A,TIMEOUT
web-it-2004,3,41,REF_R3,TIMEOUT,N/A,TIMEOUT
web-it-2004,3,42,Ours_V18,TIMEOUT,N/A,TIMEOUT
web-it-2004,3,42,Ours_V20,TIMEOUT,N/A,TIMEOUT
web-it-2004,3,43,Ours_V18,TIMEOUT,N/A,TIMEOUT
web-it-2004,3,43,Ours_V20,TIMEOUT,N/A,TIMEOUT
web-it-2004,3,43,REF_R3,TIMEOUT,N/A,TIMEOUT
web-it-2004,3,44,REF_R3,ERROR,N/A,ERROR(exit=134)
web-it-2004,3,44,Ours_V18,TIMEOUT,N/A,TIMEOUT
web-it-2004,3,44,Ours_V20,TIMEOUT,N/A,TIMEOUT
web-it-2004,3,45,Ours_V18,TIMEOUT,N/A,TIMEOUT
web-it-2004,3,45,Ours_V20,TIMEOUT,N/A,TIMEOUT
web-it-2004,3,45,REF_R3,TIMEOUT,N/A,TIMEOUT
web-it-2004,3,46,Ours_V18,TIMEOUT,N/A,TIMEOUT
web-it-2004,3,46,Ours_V20,TIMEOUT,N/A,TIMEOUT
web-it-2004,3,46,REF_R3,TIMEOUT,N/A,TIMEOUT
web-it-2004,3,47,REF_R3,ERROR,N/A,ERROR(exit=134)
web-it-2004,3,47,Ours_V18,TIMEOUT,N/A,TIMEOUT
web-it-2004,3,47,Ours_V20,TIMEOUT,N/A,TIMEOUT
web-it-2004,3,48,REF_R3,ERROR,N/A,ERROR(exit=134)
web-it-2004,3,48,Ours_V18,TIMEOUT,N/A,TIMEOUT
web-it-2004,3,48,Ours_V20,TIMEOUT,N/A,TIMEOUT
web-it-2004,3,49,Ours_V18,TIMEOUT,N/A,TIMEOUT
web-it-2004,3,49,REF_R3,ERROR,N/A,ERROR(exit=134)
web-it-2004,3,49,Ours_V20,TIMEOUT,N/A,TIMEOUT
web-it-2004,3,50,REF_R3,ERROR,N/A,ERROR(exit=134)
web-it-2004,3,50,Ours_V18,TIMEOUT,N/A,TIMEOUT
web-it-2004,3,50,Ours_V20,TIMEOUT,N/A,TIMEOUT
web-it-2004,3,51,REF_R3,ERROR,N/A,ERROR(exit=134)
web-it-2004,3,51,Ours_V18,TIMEOUT,N/A,TIMEOUT
web-it-2004,3,51,Ours_V20,TIMEOUT,N/A,TIMEOUT
web-it-2004,3,52,Ours_V18,TIMEOUT,N/A,TIMEOUT
web-it-2004,3,52,Ours_V20,TIMEOUT,N/A,TIMEOUT
web-it-2004,3,52,REF_R3,TIMEOUT,N/A,TIMEOUT
web-it-2004,3,53,Ours_V18,TIMEOUT,N/A,TIMEOUT
web-it-2004,3,53,Ours_V20,TIMEOUT,N/A,TIMEOUT
web-it-2004,3,53,REF_R3,TIMEOUT,N/A,TIMEOUT
web-it-2004,3,54,Ours_V18,TIMEOUT,N/A,TIMEOUT
web-it-2004,3,54,Ours_V20,TIMEOUT,N/A,TIMEOUT
web-it-2004,3,54,REF_R3,TIMEOUT,N/A,TIMEOUT
web-it-2004,3,55,REF_R3,ERROR,N/A,ERROR(exit=134)
web-it-2004,3,55,Ours_V18,TIMEOUT,N/A,TIMEOUT
web-it-2004,3,55,Ours_V20,TIMEOUT,N/A,TIMEOUT
web-it-2004,3,56,Ours_V18,TIMEOUT,N/A,TIMEOUT
web-it-2004,3,56,Ours_V20,TIMEOUT,N/A,TIMEOUT
web-it-2004,3,56,REF_R3,TIMEOUT,N/A,TIMEOUT
web-it-2004,3,57,Ours_V18,TIMEOUT,N/A,TIMEOUT
web-it-2004,3,57,REF_R3,ERROR,N/A,ERROR(exit=134)
web-it-2004,3,57,Ours_V20,TIMEOUT,N/A,TIMEOUT
web-it-2004,3,58,Ours_V18,TIMEOUT,N/A,TIMEOUT
web-it-2004,3,58,REF_R3,ERROR,N/A,ERROR(exit=134)
web-it-2004,3,58,Ours_V20,TIMEOUT,N/A,TIMEOUT
web-it-2004,3,59,Ours_V18,TIMEOUT,N/A,TIMEOUT
web-it-2004,3,59,Ours_V20,TIMEOUT,N/A,TIMEOUT
web-it-2004,3,59,REF_R3,TIMEOUT,N/A,TIMEOUT
web-it-2004,3,60,Ours_V18,TIMEOUT,N/A,TIMEOUT
web-it-2004,3,60,Ours_V20,TIMEOUT,N/A,TIMEOUT
web-it-2004,3,60,REF_R3,TIMEOUT,N/A,TIMEOUT
web-it-2004,3,61,Ours_V18,TIMEOUT,N/A,TIMEOUT
web-it-2004,3,61,Ours_V20,TIMEOUT,N/A,TIMEOUT
web-it-2004,3,61,REF_R3,TIMEOUT,N/A,TIMEOUT
web-it-2004,3,62,Ours_V18,TIMEOUT,N/A,TIMEOUT
web-it-2004,3,62,Ours_V20,TIMEOUT,N/A,TIMEOUT
web-it-2004,3,62,REF_R3,TIMEOUT,N/A,TIMEOUT
web-it-2004,3,63,Ours_V18,TIMEOUT,N/A,TIMEOUT
web-it-2004,3,63,Ours_V20,TIMEOUT,N/A,TIMEOUT
web-it-2004,3,63,REF_R3,TIMEOUT,N/A,TIMEOUT
web-it-2004,3,64,Ours_V18,TIMEOUT,N/A,TIMEOUT
web-it-2004,3,64,Ours_V20,TIMEOUT,N/A,TIMEOUT
web-it-2004,3,64,REF_R3,TIMEOUT,N/A,TIMEOUT
web-it-2004,3,65,Ours_V18,TIMEOUT,N/A,TIMEOUT
web-it-2004,3,65,Ours_V20,TIMEOUT,N/A,TIMEOUT
web-it-2004,3,65,REF_R3,TIMEOUT,N/A,TIMEOUT
web-it-2004,3,66,Ours_V18,TIMEOUT,N/A,TIMEOUT
web-it-2004,3,66,Ours_V20,TIMEOUT,N/A,TIMEOUT
web-it-2004,3,66,REF_R3,TIMEOUT,N/A,TIMEOUT
web-it-2004,3,67,Ours_V18,TIMEOUT,N/A,TIMEOUT
web-it-2004,3,67,Ours_V20,TIMEOUT,N/A,TIMEOUT
web-it-2004,3,67,REF_R3,TIMEOUT,N/A,TIMEOUT
web-it-2004,3,68,Ours_V18,TIMEOUT,N/A,TIMEOUT
web-it-2004,3,68,Ours_V20,TIMEOUT,N/A,TIMEOUT
web-it-2004,3,68,REF_R3,TIMEOUT,N/A,TIMEOUT
web-it-2004,3,69,Ours_V18,TIMEOUT,N/A,TIMEOUT
web-it-2004,3,69,Ours_V20,TIMEOUT,N/A,TIMEOUT
web-it-2004,3,69,REF_R3,TIMEOUT,N/A,TIMEOUT
web-it-2004,3,70,Ours_V18,TIMEOUT,N/A,TIMEOUT
web-it-2004,3,70,Ours_V20,TIMEOUT,N/A,TIMEOUT
web-it-2004,3,70,REF_R3,TIMEOUT,N/A,TIMEOUT
web-it-2004,3,71,Ours_V18,TIMEOUT,N/A,TIMEOUT
web-it-2004,3,71,Ours_V20,TIMEOUT,N/A,TIMEOUT
web-it-2004,3,71,REF_R3,TIMEOUT,N/A,TIMEOUT
web-it-2004,3,72,Ours_V18,TIMEOUT,N/A,TIMEOUT
web-it-2004,3,72,Ours_V20,TIMEOUT,N/A,TIMEOUT
web-it-2004,3,72,REF_R3,TIMEOUT,N/A,TIMEOUT
web-it-2004,3,73,Ours_V18,TIMEOUT,N/A,TIMEOUT
web-it-2004,3,73,Ours_V20,TIMEOUT,N/A,TIMEOUT
web-it-2004,3,73,REF_R3,TIMEOUT,N/A,TIMEOUT
web-it-2004,3,74,Ours_V18,TIMEOUT,N/A,TIMEOUT
web-it-2004,3,74,Ours_V20,TIMEOUT,N/A,TIMEOUT
web-it-2004,3,74,REF_R3,TIMEOUT,N/A,TIMEOUT
web-it-2004,3,75,Ours_V18,TIMEOUT,N/A,TIMEOUT
web-it-2004,3,75,Ours_V20,TIMEOUT,N/A,TIMEOUT
web-it-2004,3,75,REF_R3,TIMEOUT,N/A,TIMEOUT
web-it-2004,3,76,Ours_V18,TIMEOUT,N/A,TIMEOUT
web-it-2004,3,76,Ours_V20,TIMEOUT,N/A,TIMEOUT
web-it-2004,3,76,REF_R3,TIMEOUT,N/A,TIMEOUT
web-it-2004,3,77,Ours_V18,TIMEOUT,N/A,TIMEOUT
web-it-2004,3,77,Ours_V20,TIMEOUT,N/A,TIMEOUT
web-it-2004,3,77,REF_R3,TIMEOUT,N/A,TIMEOUT
web-it-2004,3,78,Ours_V18,TIMEOUT,N/A,TIMEOUT
web-it-2004,3,78,Ours_V20,TIMEOUT,N/A,TIMEOUT
web-it-2004,3,78,REF_R3,TIMEOUT,N/A,TIMEOUT
web-it-2004,3,79,Ours_V18,TIMEOUT,N/A,TIMEOUT
web-it-2004,3,79,Ours_V20,TIMEOUT,N/A,TIMEOUT
web-it-2004,3,79,REF_R3,TIMEOUT,N/A,TIMEOUT
web-it-2004,3,80,Ours_V18,TIMEOUT,N/A,TIMEOUT
web-it-2004,3,80,Ours_V20,TIMEOUT,N/A,TIMEOUT
web-it-2004,3,80,REF_R3,TIMEOUT,N/A,TIMEOUT
web-it-2004,3,81,Ours_V18,TIMEOUT,N/A,TIMEOUT
web-it-2004,3,81,Ours_V20,TIMEOUT,N/A,TIMEOUT
web-it-2004,3,81,REF_R3,TIMEOUT,N/A,TIMEOUT
web-it-2004,3,82,Ours_V18,TIMEOUT,N/A,TIMEOUT
web-it-2004,3,82,Ours_V20,TIMEOUT,N/A,TIMEOUT
web-it-2004,3,82,REF_R3,TIMEOUT,N/A,TIMEOUT
web-it-2004,3,83,Ours_V18,TIMEOUT,N/A,TIMEOUT
web-it-2004,3,83,Ours_V20,TIMEOUT,N/A,TIMEOUT
web-it-2004,3,83,REF_R3,TIMEOUT,N/A,TIMEOUT
web-it-2004,3,84,Ours_V18,TIMEOUT,N/A,TIMEOUT
web-it-2004,3,84,Ours_V20,TIMEOUT,N/A,TIMEOUT
web-it-2004,3,84,REF_R3,TIMEOUT,N/A,TIMEOUT
web-it-2004,3,85,Ours_V18,TIMEOUT,N/A,TIMEOUT
web-it-2004,3,85,Ours_V20,TIMEOUT,N/A,TIMEOUT
web-it-2004,3,85,REF_R3,TIMEOUT,N/A,TIMEOUT
web-it-2004,3,86,Ours_V18,TIMEOUT,N/A,TIMEOUT
web-it-2004,3,86,Ours_V20,TIMEOUT,N/A,TIMEOUT
web-it-2004,3,86,REF_R3,TIMEOUT,N/A,TIMEOUT
web-it-2004,3,87,Ours_V18,TIMEOUT,N/A,TIMEOUT
web-it-2004,3,87,Ours_V20,TIMEOUT,N/A,TIMEOUT
web-it-2004,3,87,REF_R3,TIMEOUT,N/A,TIMEOUT
web-it-2004,3,88,Ours_V18,TIMEOUT,N/A,TIMEOUT
web-it-2004,3,88,Ours_V20,TIMEOUT,N/A,TIMEOUT
web-it-2004,3,88,REF_R3,TIMEOUT,N/A,TIMEOUT
web-it-2004,3,89,Ours_V18,TIMEOUT,N/A,TIMEOUT
web-it-2004,3,89,Ours_V20,TIMEOUT,N/A,TIMEOUT
web-it-2004,3,89,REF_R3,TIMEOUT,N/A,TIMEOUT
web-it-2004,3,90,Ours_V18,TIMEOUT,N/A,TIMEOUT
web-it-2004,3,90,Ours_V20,TIMEOUT,N/A,TIMEOUT
web-it-2004,3,90,REF_R3,TIMEOUT,N/A,TIMEOUT
web-it-2004,3,91,Ours_V18,TIMEOUT,N/A,TIMEOUT
web-it-2004,3,91,Ours_V20,TIMEOUT,N/A,TIMEOUT
web-it-2004,3,91,REF_R3,TIMEOUT,N/A,TIMEOUT
web-it-2004,3,92,Ours_V18,TIMEOUT,N/A,TIMEOUT
web-it-2004,3,92,Ours_V20,TIMEOUT,N/A,TIMEOUT
web-it-2004,3,92,REF_R3,TIMEOUT,N/A,TIMEOUT
web-it-2004,3,93,Ours_V18,TIMEOUT,N/A,TIMEOUT
web-it-2004,3,93,Ours_V20,TIMEOUT,N/A,TIMEOUT
web-it-2004,3,93,REF_R3,TIMEOUT,N/A,TIMEOUT
web-it-2004,3,94,Ours_V18,TIMEOUT,N/A,TIMEOUT
web-it-2004,3,94,Ours_V20,TIMEOUT,N/A,TIMEOUT
web-it-2004,3,94,REF_R3,TIMEOUT,N/A,TIMEOUT
web-it-2004,3,95,Ours_V18,TIMEOUT,N/A,TIMEOUT
web-it-2004,3,95,Ours_V20,TIMEOUT,N/A,TIMEOUT
web-it-2004,3,95,REF_R3,TIMEOUT,N/A,TIMEOUT
web-it-2004,3,96,Ours_V18,TIMEOUT,N/A,TIMEOUT
web-it-2004,3,96,Ours_V20,TIMEOUT,N/A,TIMEOUT
web-it-2004,3,96,REF_R3,TIMEOUT,N/A,TIMEOUT
web-it-2004,3,97,Ours_V18,TIMEOUT,N/A,TIMEOUT
web-it-2004,3,97,Ours_V20,TIMEOUT,N/A,TIMEOUT
web-it-2004,3,97,REF_R3,TIMEOUT,N/A,TIMEOUT
web-it-2004,3,98,Ours_V18,TIMEOUT,N/A,TIMEOUT
web-it-2004,3,98,Ours_V20,TIMEOUT,N/A,TIMEOUT
web-it-2004,3,98,REF_R3,TIMEOUT,N/A,TIMEOUT
web-it-2004,3,99,Ours_V18,TIMEOUT,N/A,TIMEOUT
web-it-2004,3,99,Ours_V20,TIMEOUT,N/A,TIMEOUT
web-it-2004,3,99,REF_R3,TIMEOUT,N/A,TIMEOUT
web-it-2004,3,100,Ours_V18,TIMEOUT,N/A,TIMEOUT
web-it-2004,3,100,Ours_V20,TIMEOUT,N/A,TIMEOUT
web-it-2004,3,100,REF_R3,TIMEOUT,N/A,TIMEOUT
web-it-2004,3,101,Ours_V18,TIMEOUT,N/A,TIMEOUT
web-it-2004,3,101,Ours_V20,TIMEOUT,N/A,TIMEOUT
web-it-2004,3,101,REF_R3,TIMEOUT,N/A,TIMEOUT
web-it-2004,3,102,Ours_V18,TIMEOUT,N/A,TIMEOUT
web-it-2004,3,102,Ours_V20,TIMEOUT,N/A,TIMEOUT
web-it-2004,3,102,REF_R3,TIMEOUT,N/A,TIMEOUT
web-it-2004,3,103,Ours_V18,TIMEOUT,N/A,TIMEOUT
web-it-2004,3,103,Ours_V20,TIMEOUT,N/A,TIMEOUT
web-it-2004,3,103,REF_R3,TIMEOUT,N/A,TIMEOUT
web-it-2004,3,104,Ours_V18,TIMEOUT,N/A,TIMEOUT
web-it-2004,3,104,Ours_V20,TIMEOUT,N/A,TIMEOUT
web-it-2004,3,104,REF_R3,TIMEOUT,N/A,TIMEOUT
web-it-2004,3,105,Ours_V18,TIMEOUT,N/A,TIMEOUT
web-it-2004,3,105,Ours_V20,TIMEOUT,N/A,TIMEOUT
web-it-2004,3,105,REF_R3,TIMEOUT,N/A,TIMEOUT
web-it-2004,3,106,Ours_V18,TIMEOUT,N/A,TIMEOUT
web-it-2004,3,106,Ours_V20,TIMEOUT,N/A,TIMEOUT
web-it-2004,3,106,REF_R3,TIMEOUT,N/A,TIMEOUT
web-it-2004,3,107,Ours_V18,TIMEOUT,N/A,TIMEOUT
web-it-2004,3,107,Ours_V20,TIMEOUT,N/A,TIMEOUT
web-it-2004,3,107,REF_R3,TIMEOUT,N/A,TIMEOUT
web-it-2004,3,108,Ours_V18,TIMEOUT,N/A,TIMEOUT
web-it-2004,3,108,Ours_V20,TIMEOUT,N/A,TIMEOUT
web-it-2004,3,108,REF_R3,TIMEOUT,N/A,TIMEOUT
web-it-2004,3,109,Ours_V18,TIMEOUT,N/A,TIMEOUT
web-it-2004,3,109,Ours_V20,TIMEOUT,N/A,TIMEOUT
web-it-2004,3,109,REF_R3,TIMEOUT,N/A,TIMEOUT
web-it-2004,3,110,Ours_V18,TIMEOUT,N/A,TIMEOUT
web-it-2004,3,110,Ours_V20,TIMEOUT,N/A,TIMEOUT
web-it-2004,3,110,REF_R3,TIMEOUT,N/A,TIMEOUT
web-it-2004,3,111,Ours_V18,TIMEOUT,N/A,TIMEOUT
web-it-2004,3,111,Ours_V20,TIMEOUT,N/A,TIMEOUT
web-it-2004,3,111,REF_R3,TIMEOUT,N/A,TIMEOUT
web-it-2004,3,112,Ours_V18,TIMEOUT,N/A,TIMEOUT
web-it-2004,3,112,Ours_V20,TIMEOUT,N/A,TIMEOUT
web-it-2004,3,112,REF_R3,TIMEOUT,N/A,TIMEOUT
web-it-2004,3,113,Ours_V18,TIMEOUT,N/A,TIMEOUT
web-it-2004,3,113,Ours_V20,TIMEOUT,N/A,TIMEOUT
web-it-2004,3,113,REF_R3,TIMEOUT,N/A,TIMEOUT
web-it-2004,3,114,Ours_V18,TIMEOUT,N/A,TIMEOUT
web-it-2004,3,114,Ours_V20,TIMEOUT,N/A,TIMEOUT
web-it-2004,3,114,REF_R3,TIMEOUT,N/A,TIMEOUT
web-it-2004,3,115,Ours_V18,TIMEOUT,N/A,TIMEOUT
web-it-2004,3,115,Ours_V20,TIMEOUT,N/A,TIMEOUT
web-it-2004,3,115,REF_R3,TIMEOUT,N/A,TIMEOUT
web-it-2004,3,116,Ours_V18,TIMEOUT,N/A,TIMEOUT
web-it-2004,3,116,Ours_V20,TIMEOUT,N/A,TIMEOUT
web-it-2004,3,116,REF_R3,TIMEOUT,N/A,TIMEOUT
web-it-2004,3,117,Ours_V18,TIMEOUT,N/A,TIMEOUT
web-it-2004,3,117,Ours_V20,TIMEOUT,N/A,TIMEOUT
web-it-2004,3,117,REF_R3,TIMEOUT,N/A,TIMEOUT
web-it-2004,3,118,Ours_V18,TIMEOUT,N/A,TIMEOUT
web-it-2004,3,118,Ours_V20,TIMEOUT,N/A,TIMEOUT
web-it-2004,3,118,REF_R3,TIMEOUT,N/A,TIMEOUT
web-it-2004,3,119,Ours_V18,TIMEOUT,N/A,TIMEOUT
web-it-2004,3,119,Ours_V20,TIMEOUT,N/A,TIMEOUT
web-it-2004,3,119,REF_R3,TIMEOUT,N/A,TIMEOUT
web-it-2004,3,120,Ours_V18,TIMEOUT,N/A,TIMEOUT
web-it-2004,3,120,Ours_V20,TIMEOUT,N/A,TIMEOUT
web-it-2004,3,120,REF_R3,TIMEOUT,N/A,TIMEOUT
web-it-2004,3,121,Ours_V18,TIMEOUT,N/A,TIMEOUT
web-it-2004,3,121,Ours_V20,TIMEOUT,N/A,TIMEOUT
web-it-2004,3,121,REF_R3,TIMEOUT,N/A,TIMEOUT
web-it-2004,3,122,Ours_V18,TIMEOUT,N/A,TIMEOUT
web-it-2004,3,122,Ours_V20,TIMEOUT,N/A,TIMEOUT
web-it-2004,3,122,REF_R3,TIMEOUT,N/A,TIMEOUT
web-it-2004,3,123,Ours_V18,TIMEOUT,N/A,TIMEOUT
web-it-2004,3,123,Ours_V20,TIMEOUT,N/A,TIMEOUT
web-it-2004,3,123,REF_R3,TIMEOUT,N/A,TIMEOUT
web-it-2004,3,124,Ours_V18,TIMEOUT,N/A,TIMEOUT
web-it-2004,3,124,Ours_V20,TIMEOUT,N/A,TIMEOUT
web-it-2004,3,124,REF_R3,TIMEOUT,N/A,TIMEOUT
web-it-2004,3,125,Ours_V18,TIMEOUT,N/A,TIMEOUT
web-it-2004,3,125,Ours_V20,TIMEOUT,N/A,TIMEOUT
web-it-2004,3,125,REF_R3,TIMEOUT,N/A,TIMEOUT
web-it-2004,3,126,Ours_V18,TIMEOUT,N/A,TIMEOUT
web-it-2004,3,126,Ours_V20,TIMEOUT,N/A,TIMEOUT
web-it-2004,3,126,REF_R3,TIMEOUT,N/A,TIMEOUT
web-it-2004,3,127,Ours_V18,TIMEOUT,N/A,TIMEOUT
web-it-2004,3,127,Ours_V20,TIMEOUT,N/A,TIMEOUT
web-it-2004,3,127,REF_R3,TIMEOUT,N/A,TIMEOUT
web-it-2004,3,128,Ours_V18,TIMEOUT,N/A,TIMEOUT
web-it-2004,3,128,Ours_V20,TIMEOUT,N/A,TIMEOUT
web-it-2004,3,128,REF_R3,TIMEOUT,N/A,TIMEOUT
web-it-2004,3,129,Ours_V18,TIMEOUT,N/A,TIMEOUT
web-it-2004,3,129,Ours_V20,TIMEOUT,N/A,TIMEOUT
web-it-2004,3,129,REF_R3,TIMEOUT,N/A,TIMEOUT
web-it-2004,3,130,Ours_V18,TIMEOUT,N/A,TIMEOUT
web-it-2004,3,130,Ours_V20,TIMEOUT,N/A,TIMEOUT
web-it-2004,3,130,REF_R3,TIMEOUT,N/A,TIMEOUT
web-it-2004,3,131,Ours_V18,TIMEOUT,N/A,TIMEOUT
web-it-2004,3,131,Ours_V20,TIMEOUT,N/A,TIMEOUT
web-it-2004,3,131,REF_R3,TIMEOUT,N/A,TIMEOUT
web-it-2004,3,132,Ours_V18,TIMEOUT,N/A,TIMEOUT
web-it-2004,3,132,Ours_V20,TIMEOUT,N/A,TIMEOUT
web-it-2004,3,132,REF_R3,TIMEOUT,N/A,TIMEOUT
web-it-2004,3,133,Ours_V18,TIMEOUT,N/A,TIMEOUT
web-it-2004,3,133,Ours_V20,TIMEOUT,N/A,TIMEOUT
web-it-2004,3,133,REF_R3,TIMEOUT,N/A,TIMEOUT
web-it-2004,3,134,Ours_V18,TIMEOUT,N/A,TIMEOUT
web-it-2004,3,134,Ours_V20,TIMEOUT,N/A,TIMEOUT
web-it-2004,3,134,REF_R3,TIMEOUT,N/A,TIMEOUT
web-it-2004,3,135,Ours_V18,TIMEOUT,N/A,TIMEOUT
web-it-2004,3,135,Ours_V20,TIMEOUT,N/A,TIMEOUT
web-it-2004,3,135,REF_R3,TIMEOUT,N/A,TIMEOUT
web-it-2004,3,136,Ours_V18,TIMEOUT,N/A,TIMEOUT
web-it-2004,3,136,Ours_V20,TIMEOUT,N/A,TIMEOUT
web-it-2004,3,136,REF_R3,TIMEOUT,N/A,TIMEOUT
web-it-2004,3,137,Ours_V18,TIMEOUT,N/A,TIMEOUT
web-it-2004,3,137,Ours_V20,TIMEOUT,N/A,TIMEOUT
web-it-2004,3,137,REF_R3,TIMEOUT,N/A,TIMEOUT
web-it-2004,3,138,Ours_V18,TIMEOUT,N/A,TIMEOUT
web-it-2004,3,138,Ours_V20,TIMEOUT,N/A,TIMEOUT
web-it-2004,3,138,REF_R3,TIMEOUT,N/A,TIMEOUT
web-it-2004,3,139,Ours_V18,TIMEOUT,N/A,TIMEOUT
web-it-2004,3,139,Ours_V20,TIMEOUT,N/A,TIMEOUT
web-it-2004,3,139,REF_R3,TIMEOUT,N/A,TIMEOUT
web-it-2004,3,140,Ours_V18,TIMEOUT,N/A,TIMEOUT
web-it-2004,3,140,Ours_V20,TIMEOUT,N/A,TIMEOUT
web-it-2004,3,140,REF_R3,TIMEOUT,N/A,TIMEOUT
web-it-2004,3,141,Ours_V18,TIMEOUT,N/A,TIMEOUT
web-it-2004,3,141,Ours_V20,TIMEOUT,N/A,TIMEOUT
web-it-2004,3,141,REF_R3,TIMEOUT,N/A,TIMEOUT
web-it-2004,3,142,Ours_V18,TIMEOUT,N/A,TIMEOUT
web-it-2004,3,142,Ours_V20,TIMEOUT,N/A,TIMEOUT
web-it-2004,3,142,REF_R3,TIMEOUT,N/A,TIMEOUT
web-it-2004,3,143,Ours_V18,TIMEOUT,N/A,TIMEOUT
web-it-2004,3,143,Ours_V20,TIMEOUT,N/A,TIMEOUT
web-it-2004,3,143,REF_R3,TIMEOUT,N/A,TIMEOUT
web-it-2004,3,144,Ours_V18,TIMEOUT,N/A,TIMEOUT
web-it-2004,3,144,Ours_V20,TIMEOUT,N/A,TIMEOUT
web-it-2004,3,144,REF_R3,TIMEOUT,N/A,TIMEOUT
web-it-2004,3,145,Ours_V18,TIMEOUT,N/A,TIMEOUT
web-it-2004,3,145,Ours_V20,TIMEOUT,N/A,TIMEOUT
web-it-2004,3,145,REF_R3,TIMEOUT,N/A,TIMEOUT
web-it-2004,3,146,Ours_V18,TIMEOUT,N/A,TIMEOUT
web-it-2004,3,146,Ours_V20,TIMEOUT,N/A,TIMEOUT
web-it-2004,3,146,REF_R3,TIMEOUT,N/A,TIMEOUT
web-it-2004,3,147,Ours_V18,TIMEOUT,N/A,TIMEOUT
web-it-2004,3,147,Ours_V20,TIMEOUT,N/A,TIMEOUT
web-it-2004,3,147,REF_R3,TIMEOUT,N/A,TIMEOUT
web-it-2004,3,148,Ours_V18,TIMEOUT,N/A,TIMEOUT
web-it-2004,3,148,Ours_V20,TIMEOUT,N/A,TIMEOUT
web-it-2004,3,148,REF_R3,TIMEOUT,N/A,TIMEOUT
web-it-2004,3,149,Ours_V18,TIMEOUT,N/A,TIMEOUT
web-it-2004,3,149,Ours_V20,TIMEOUT,N/A,TIMEOUT
web-it-2004,3,149,REF_R3,TIMEOUT,N/A,TIMEOUT
web-it-2004,3,150,Ours_V18,TIMEOUT,N/A,TIMEOUT
web-it-2004,3,150,Ours_V20,TIMEOUT,N/A,TIMEOUT
web-it-2004,3,150,REF_R3,TIMEOUT,N/A,TIMEOUT
web-it-2004,3,151,Ours_V18,TIMEOUT,N/A,TIMEOUT
web-it-2004,3,151,Ours_V20,TIMEOUT,N/A,TIMEOUT
web-it-2004,3,151,REF_R3,TIMEOUT,N/A,TIMEOUT
web-it-2004,3,152,Ours_V18,TIMEOUT,N/A,TIMEOUT
web-it-2004,3,152,Ours_V20,TIMEOUT,N/A,TIMEOUT
web-it-2004,3,152,REF_R3,TIMEOUT,N/A,TIMEOUT
web-it-2004,3,153,Ours_V18,TIMEOUT,N/A,TIMEOUT
web-it-2004,3,153,Ours_V20,TIMEOUT,N/A,TIMEOUT
web-it-2004,3,153,REF_R3,TIMEOUT,N/A,TIMEOUT
web-it-2004,3,154,Ours_V18,TIMEOUT,N/A,TIMEOUT
web-it-2004,3,154,Ours_V20,TIMEOUT,N/A,TIMEOUT
web-it-2004,3,154,REF_R3,TIMEOUT,N/A,TIMEOUT
web-it-2004,3,155,Ours_V18,TIMEOUT,N/A,TIMEOUT
web-it-2004,3,155,Ours_V20,TIMEOUT,N/A,TIMEOUT
web-it-2004,3,155,REF_R3,TIMEOUT,N/A,TIMEOUT
web-it-2004,3,156,Ours_V18,TIMEOUT,N/A,TIMEOUT
web-it-2004,3,156,Ours_V20,TIMEOUT,N/A,TIMEOUT
web-it-2004,3,156,REF_R3,TIMEOUT,N/A,TIMEOUT
web-it-2004,3,157,Ours_V18,TIMEOUT,N/A,TIMEOUT
web-it-2004,3,157,Ours_V20,TIMEOUT,N/A,TIMEOUT
web-it-2004,3,157,REF_R3,TIMEOUT,N/A,TIMEOUT
web-it-2004,3,158,Ours_V18,TIMEOUT,N/A,TIMEOUT
web-it-2004,3,158,Ours_V20,TIMEOUT,N/A,TIMEOUT
web-it-2004,3,158,REF_R3,TIMEOUT,N/A,TIMEOUT
web-it-2004,3,159,Ours_V18,TIMEOUT,N/A,TIMEOUT
web-it-2004,3,159,Ours_V20,TIMEOUT,N/A,TIMEOUT
web-it-2004,3,159,REF_R3,TIMEOUT,N/A,TIMEOUT
web-it-2004,3,160,Ours_V18,TIMEOUT,N/A,TIMEOUT
web-it-2004,3,160,Ours_V20,TIMEOUT,N/A,TIMEOUT
web-it-2004,3,160,REF_R3,TIMEOUT,N/A,TIMEOUT
web-it-2004,3,161,Ours_V18,TIMEOUT,N/A,TIMEOUT
web-it-2004,3,161,Ours_V20,TIMEOUT,N/A,TIMEOUT
web-it-2004,3,161,REF_R3,TIMEOUT,N/A,TIMEOUT
web-it-2004,3,162,Ours_V18,TIMEOUT,N/A,TIMEOUT
web-it-2004,3,162,Ours_V20,TIMEOUT,N/A,TIMEOUT
web-it-2004,3,162,REF_R3,TIMEOUT,N/A,TIMEOUT
web-it-2004,3,163,Ours_V18,TIMEOUT,N/A,TIMEOUT
web-it-2004,3,163,Ours_V20,TIMEOUT,N/A,TIMEOUT
web-it-2004,3,163,REF_R3,TIMEOUT,N/A,TIMEOUT
web-it-2004,3,164,Ours_V18,TIMEOUT,N/A,TIMEOUT
web-it-2004,3,164,Ours_V20,TIMEOUT,N/A,TIMEOUT
web-it-2004,3,164,REF_R3,TIMEOUT,N/A,TIMEOUT
web-it-2004,3,165,Ours_V18,TIMEOUT,N/A,TIMEOUT
web-it-2004,3,165,Ours_V20,TIMEOUT,N/A,TIMEOUT
web-it-2004,3,165,REF_R3,TIMEOUT,N/A,TIMEOUT
web-it-2004,3,166,Ours_V18,TIMEOUT,N/A,TIMEOUT
web-it-2004,3,166,Ours_V20,TIMEOUT,N/A,TIMEOUT
web-it-2004,3,166,REF_R3,TIMEOUT,N/A,TIMEOUT
web-it-2004,3,167,Ours_V18,TIMEOUT,N/A,TIMEOUT
web-it-2004,3,167,Ours_V20,TIMEOUT,N/A,TIMEOUT
web-it-2004,3,167,REF_R3,TIMEOUT,N/A,TIMEOUT
web-it-2004,3,168,Ours_V18,TIMEOUT,N/A,TIMEOUT
web-it-2004,3,168,Ours_V20,TIMEOUT,N/A,TIMEOUT
web-it-2004,3,168,REF_R3,TIMEOUT,N/A,TIMEOUT
web-it-2004,3,169,Ours_V18,TIMEOUT,N/A,TIMEOUT
web-it-2004,3,169,Ours_V20,TIMEOUT,N/A,TIMEOUT
web-it-2004,3,169,REF_R3,TIMEOUT,N/A,TIMEOUT
web-it-2004,3,170,Ours_V18,TIMEOUT,N/A,TIMEOUT
web-it-2004,3,170,Ours_V20,TIMEOUT,N/A,TIMEOUT
web-it-2004,3,170,REF_R3,TIMEOUT,N/A,TIMEOUT
web-it-2004,3,171,Ours_V18,TIMEOUT,N/A,TIMEOUT
web-it-2004,3,171,Ours_V20,TIMEOUT,N/A,TIMEOUT
web-it-2004,3,171,REF_R3,TIMEOUT,N/A,TIMEOUT
web-it-2004,3,172,Ours_V18,TIMEOUT,N/A,TIMEOUT
web-it-2004,3,172,Ours_V20,TIMEOUT,N/A,TIMEOUT
web-it-2004,3,172,REF_R3,TIMEOUT,N/A,TIMEOUT
web-it-2004,3,173,Ours_V18,TIMEOUT,N/A,TIMEOUT
web-it-2004,3,173,Ours_V20,TIMEOUT,N/A,TIMEOUT
web-it-2004,3,173,REF_R3,TIMEOUT,N/A,TIMEOUT
web-it-2004,3,174,Ours_V18,TIMEOUT,N/A,TIMEOUT
web-it-2004,3,174,Ours_V20,TIMEOUT,N/A,TIMEOUT
web-it-2004,3,174,REF_R3,TIMEOUT,N/A,TIMEOUT
web-it-2004,3,175,Ours_V18,TIMEOUT,N/A,TIMEOUT
web-it-2004,3,175,Ours_V20,TIMEOUT,N/A,TIMEOUT
web-it-2004,3,175,REF_R3,TIMEOUT,N/A,TIMEOUT
web-it-2004,3,176,Ours_V18,TIMEOUT,N/A,TIMEOUT
web-it-2004,3,176,Ours_V20,TIMEOUT,N/A,TIMEOUT
web-it-2004,3,176,REF_R3,TIMEOUT,N/A,TIMEOUT
web-it-2004,3,177,Ours_V18,TIMEOUT,N/A,TIMEOUT
web-it-2004,3,177,Ours_V20,TIMEOUT,N/A,TIMEOUT
web-it-2004,3,177,REF_R3,TIMEOUT,N/A,TIMEOUT
web-it-2004,3,178,Ours_V18,TIMEOUT,N/A,TIMEOUT
web-it-2004,3,178,Ours_V20,TIMEOUT,N/A,TIMEOUT
web-it-2004,3,178,REF_R3,TIMEOUT,N/A,TIMEOUT
web-it-2004,3,179,Ours_V18,TIMEOUT,N/A,TIMEOUT
web-it-2004,3,179,Ours_V20,TIMEOUT,N/A,TIMEOUT
web-it-2004,3,179,REF_R3,TIMEOUT,N/A,TIMEOUT
web-it-2004,3,180,Ours_V18,TIMEOUT,N/A,TIMEOUT
web-it-2004,3,180,Ours_V20,TIMEOUT,N/A,TIMEOUT
web-it-2004,3,180,REF_R3,TIMEOUT,N/A,TIMEOUT
web-it-2004,3,181,Ours_V18,TIMEOUT,N/A,TIMEOUT
web-it-2004,3,181,Ours_V20,TIMEOUT,N/A,TIMEOUT
web-it-2004,3,181,REF_R3,TIMEOUT,N/A,TIMEOUT
web-it-2004,3,182,Ours_V18,TIMEOUT,N/A,TIMEOUT
web-it-2004,3,182,Ours_V20,TIMEOUT,N/A,TIMEOUT
web-it-2004,3,182,REF_R3,TIMEOUT,N/A,TIMEOUT
web-it-2004,3,183,Ours_V18,TIMEOUT,N/A,TIMEOUT
web-it-2004,3,183,Ours_V20,TIMEOUT,N/A,TIMEOUT
web-it-2004,3,183,REF_R3,TIMEOUT,N/A,TIMEOUT
web-it-2004,3,184,Ours_V18,TIMEOUT,N/A,TIMEOUT
web-it-2004,3,184,Ours_V20,TIMEOUT,N/A,TIMEOUT
web-it-2004,3,184,REF_R3,TIMEOUT,N/A,TIMEOUT
web-it-2004,3,185,Ours_V18,TIMEOUT,N/A,TIMEOUT
web-it-2004,3,185,Ours_V20,TIMEOUT,N/A,TIMEOUT
web-it-2004,3,185,REF_R3,TIMEOUT,N/A,TIMEOUT
web-it-2004,3,186,Ours_V18,TIMEOUT,N/A,TIMEOUT
web-it-2004,3,186,Ours_V20,TIMEOUT,N/A,TIMEOUT
web-it-2004,3,186,REF_R3,TIMEOUT,N/A,TIMEOUT
web-it-2004,3,187,Ours_V18,TIMEOUT,N/A,TIMEOUT
web-it-2004,3,187,Ours_V20,TIMEOUT,N/A,TIMEOUT
web-it-2004,3,187,REF_R3,TIMEOUT,N/A,TIMEOUT
web-it-2004,3,188,Ours_V18,TIMEOUT,N/A,TIMEOUT
web-it-2004,3,188,Ours_V20,TIMEOUT,N/A,TIMEOUT
web-it-2004,3,188,REF_R3,TIMEOUT,N/A,TIMEOUT
web-it-2004,3,189,Ours_V18,TIMEOUT,N/A,TIMEOUT
web-it-2004,3,189,Ours_V20,TIMEOUT,N/A,TIMEOUT
web-it-2004,3,189,REF_R3,TIMEOUT,N/A,TIMEOUT
web-it-2004,3,190,Ours_V18,TIMEOUT,N/A,TIMEOUT
web-it-2004,3,190,Ours_V20,TIMEOUT,N/A,TIMEOUT
web-it-2004,3,191,Ours_V18,ERROR,N/A,ERROR(exit=137)
web-it-2004,3,192,Ours_V18,ERROR,N/A,ERROR(exit=137)
web-it-2004,3,191,REF_R3,ERROR,N/A,ERROR(exit=137)
web-it-2004,3,190,REF_R3,TIMEOUT,N/A,TIMEOUT
web-it-2004,3,191,Ours_V20,TIMEOUT,N/A,TIMEOUT
web-it-2004,3,192,REF_R3,ERROR,N/A,ERROR(exit=137)
web-it-2004,3,193,Ours_V18,ERROR,N/A,ERROR(exit=137)
web-it-2004,3,192,Ours_V20,TIMEOUT,N/A,TIMEOUT
web-it-2004,3,194,Ours_V18,ERROR,N/A,ERROR(exit=137)
web-it-2004,3,195,Ours_V18,ERROR,N/A,ERROR(exit=137)
web-it-2004,3,193,Ours_V20,TIMEOUT,N/A,TIMEOUT
web-it-2004,3,193,REF_R3,TIMEOUT,N/A,TIMEOUT
web-it-2004,3,194,Ours_V20,TIMEOUT,N/A,TIMEOUT
web-it-2004,3,194,REF_R3,TIMEOUT,N/A,TIMEOUT
web-it-2004,3,195,Ours_V20,TIMEOUT,N/A,TIMEOUT
web-it-2004,3,195,REF_R3,TIMEOUT,N/A,TIMEOUT
web-it-2004,3,196,Ours_V18,TIMEOUT,N/A,TIMEOUT
web-it-2004,3,196,Ours_V20,TIMEOUT,N/A,TIMEOUT
web-it-2004,3,196,REF_R3,TIMEOUT,N/A,TIMEOUT
web-it-2004,3,197,Ours_V18,TIMEOUT,N/A,TIMEOUT
web-it-2004,3,197,Ours_V20,TIMEOUT,N/A,TIMEOUT
web-it-2004,3,197,REF_R3,TIMEOUT,N/A,TIMEOUT
web-it-2004,3,198,Ours_V18,TIMEOUT,N/A,TIMEOUT
web-it-2004,3,198,Ours_V20,TIMEOUT,N/A,TIMEOUT
web-it-2004,3,198,REF_R3,TIMEOUT,N/A,TIMEOUT
web-it-2004,3,199,Ours_V18,TIMEOUT,N/A,TIMEOUT
web-it-2004,3,199,Ours_V20,TIMEOUT,N/A,TIMEOUT
web-it-2004,3,199,REF_R3,TIMEOUT,N/A,TIMEOUT
web-it-2004,3,200,Ours_V18,TIMEOUT,N/A,TIMEOUT
web-it-2004,3,200,Ours_V20,TIMEOUT,N/A,TIMEOUT
web-it-2004,3,200,REF_R3,TIMEOUT,N/A,TIMEOUT
web-it-2004,3,201,Ours_V18,TIMEOUT,N/A,TIMEOUT
web-it-2004,3,201,Ours_V20,TIMEOUT,N/A,TIMEOUT
web-it-2004,3,201,REF_R3,TIMEOUT,N/A,TIMEOUT
web-it-2004,3,202,Ours_V18,TIMEOUT,N/A,TIMEOUT
web-it-2004,3,202,Ours_V20,TIMEOUT,N/A,TIMEOUT
web-it-2004,3,202,REF_R3,TIMEOUT,N/A,TIMEOUT
web-it-2004,3,203,Ours_V18,TIMEOUT,N/A,TIMEOUT
web-it-2004,3,203,Ours_V20,TIMEOUT,N/A,TIMEOUT
web-it-2004,3,203,REF_R3,TIMEOUT,N/A,TIMEOUT
web-it-2004,3,204,Ours_V18,TIMEOUT,N/A,TIMEOUT
web-it-2004,3,204,Ours_V20,TIMEOUT,N/A,TIMEOUT
web-it-2004,3,204,REF_R3,TIMEOUT,N/A,TIMEOUT
web-it-2004,3,205,Ours_V18,TIMEOUT,N/A,TIMEOUT
web-it-2004,3,205,Ours_V20,TIMEOUT,N/A,TIMEOUT
web-it-2004,3,205,REF_R3,TIMEOUT,N/A,TIMEOUT
web-it-2004,3,206,Ours_V18,TIMEOUT,N/A,TIMEOUT
web-it-2004,3,206,Ours_V20,TIMEOUT,N/A,TIMEOUT
web-it-2004,3,206,REF_R3,TIMEOUT,N/A,TIMEOUT
web-it-2004,3,207,Ours_V18,TIMEOUT,N/A,TIMEOUT
web-it-2004,3,207,Ours_V20,TIMEOUT,N/A,TIMEOUT
web-it-2004,3,207,REF_R3,TIMEOUT,N/A,TIMEOUT
web-it-2004,3,208,Ours_V18,TIMEOUT,N/A,TIMEOUT
web-it-2004,3,208,Ours_V20,TIMEOUT,N/A,TIMEOUT
web-it-2004,3,208,REF_R3,TIMEOUT,N/A,TIMEOUT
web-it-2004,3,209,Ours_V18,TIMEOUT,N/A,TIMEOUT
web-it-2004,3,209,Ours_V20,TIMEOUT,N/A,TIMEOUT
web-it-2004,3,209,REF_R3,TIMEOUT,N/A,TIMEOUT
web-it-2004,3,210,Ours_V18,TIMEOUT,N/A,TIMEOUT
web-it-2004,3,210,Ours_V20,TIMEOUT,N/A,TIMEOUT
web-it-2004,3,210,REF_R3,TIMEOUT,N/A,TIMEOUT
web-it-2004,3,211,Ours_V18,TIMEOUT,N/A,TIMEOUT
web-it-2004,3,211,Ours_V20,TIMEOUT,N/A,TIMEOUT
web-it-2004,3,211,REF_R3,TIMEOUT,N/A,TIMEOUT
web-it-2004,3,212,Ours_V18,TIMEOUT,N/A,TIMEOUT
web-it-2004,3,212,Ours_V20,TIMEOUT,N/A,TIMEOUT
web-it-2004,3,212,REF_R3,TIMEOUT,N/A,TIMEOUT
web-it-2004,3,213,Ours_V18,TIMEOUT,N/A,TIMEOUT
web-it-2004,3,213,Ours_V20,TIMEOUT,N/A,TIMEOUT
web-it-2004,3,213,REF_R3,TIMEOUT,N/A,TIMEOUT
web-it-2004,3,214,Ours_V18,TIMEOUT,N/A,TIMEOUT
web-it-2004,3,214,Ours_V20,TIMEOUT,N/A,TIMEOUT
web-it-2004,3,214,REF_R3,TIMEOUT,N/A,TIMEOUT
web-it-2004,3,215,Ours_V18,TIMEOUT,N/A,TIMEOUT
web-it-2004,3,215,Ours_V20,TIMEOUT,N/A,TIMEOUT
web-it-2004,3,215,REF_R3,TIMEOUT,N/A,TIMEOUT
web-it-2004,3,216,Ours_V18,TIMEOUT,N/A,TIMEOUT
web-it-2004,3,216,Ours_V20,TIMEOUT,N/A,TIMEOUT
web-it-2004,3,216,REF_R3,TIMEOUT,N/A,TIMEOUT
web-it-2004,3,217,Ours_V18,TIMEOUT,N/A,TIMEOUT
web-it-2004,3,217,Ours_V20,TIMEOUT,N/A,TIMEOUT
web-it-2004,3,217,REF_R3,TIMEOUT,N/A,TIMEOUT
web-it-2004,3,218,Ours_V18,TIMEOUT,N/A,TIMEOUT
web-it-2004,3,218,Ours_V20,TIMEOUT,N/A,TIMEOUT
web-it-2004,3,218,REF_R3,TIMEOUT,N/A,TIMEOUT
web-it-2004,3,219,Ours_V18,TIMEOUT,N/A,TIMEOUT
web-it-2004,3,219,Ours_V20,TIMEOUT,N/A,TIMEOUT
web-it-2004,3,219,REF_R3,TIMEOUT,N/A,TIMEOUT
web-it-2004,3,220,Ours_V18,TIMEOUT,N/A,TIMEOUT
web-it-2004,3,220,Ours_V20,TIMEOUT,N/A,TIMEOUT
web-it-2004,3,220,REF_R3,TIMEOUT,N/A,TIMEOUT
web-it-2004,3,221,Ours_V18,TIMEOUT,N/A,TIMEOUT
web-it-2004,3,221,Ours_V20,TIMEOUT,N/A,TIMEOUT
web-it-2004,3,221,REF_R3,TIMEOUT,N/A,TIMEOUT
web-it-2004,3,222,Ours_V18,TIMEOUT,N/A,TIMEOUT
web-it-2004,3,222,Ours_V20,TIMEOUT,N/A,TIMEOUT
web-it-2004,3,222,REF_R3,TIMEOUT,N/A,TIMEOUT
web-it-2004,3,223,Ours_V18,TIMEOUT,N/A,TIMEOUT
web-it-2004,3,223,Ours_V20,TIMEOUT,N/A,TIMEOUT
web-it-2004,3,223,REF_R3,TIMEOUT,N/A,TIMEOUT
web-it-2004,3,224,Ours_V18,TIMEOUT,N/A,TIMEOUT
web-it-2004,3,224,Ours_V20,TIMEOUT,N/A,TIMEOUT
web-it-2004,3,224,REF_R3,TIMEOUT,N/A,TIMEOUT
web-it-2004,3,225,Ours_V18,TIMEOUT,N/A,TIMEOUT
web-it-2004,3,225,Ours_V20,TIMEOUT,N/A,TIMEOUT
web-it-2004,3,225,REF_R3,TIMEOUT,N/A,TIMEOUT
web-it-2004,3,226,Ours_V18,TIMEOUT,N/A,TIMEOUT
web-it-2004,3,226,Ours_V20,TIMEOUT,N/A,TIMEOUT
web-it-2004,3,226,REF_R3,TIMEOUT,N/A,TIMEOUT
web-it-2004,3,227,Ours_V18,TIMEOUT,N/A,TIMEOUT
web-it-2004,3,227,Ours_V20,TIMEOUT,N/A,TIMEOUT
web-it-2004,3,227,REF_R3,TIMEOUT,N/A,TIMEOUT
web-it-2004,3,228,Ours_V18,TIMEOUT,N/A,TIMEOUT
web-it-2004,3,228,Ours_V20,TIMEOUT,N/A,TIMEOUT
web-it-2004,3,228,REF_R3,TIMEOUT,N/A,TIMEOUT
web-it-2004,3,229,Ours_V18,TIMEOUT,N/A,TIMEOUT
web-it-2004,3,229,Ours_V20,TIMEOUT,N/A,TIMEOUT
web-it-2004,3,229,REF_R3,TIMEOUT,N/A,TIMEOUT
web-it-2004,3,230,Ours_V18,TIMEOUT,N/A,TIMEOUT
web-it-2004,3,232,Ours_V18,ERROR,N/A,ERROR(exit=137)
web-it-2004,3,230,Ours_V20,TIMEOUT,N/A,TIMEOUT
web-it-2004,3,231,Ours_V18,ERROR,N/A,ERROR(exit=137)
web-it-2004,3,230,REF_R3,TIMEOUT,N/A,TIMEOUT
web-it-2004,3,231,Ours_V20,TIMEOUT,N/A,TIMEOUT
web-it-2004,3,231,REF_R3,TIMEOUT,N/A,TIMEOUT
web-it-2004,3,233,Ours_V18,ERROR,N/A,ERROR(exit=137)
web-it-2004,3,232,REF_R3,ERROR,N/A,ERROR(exit=137)
web-it-2004,3,233,REF_R3,ERROR,N/A,ERROR(exit=137)
web-it-2004,3,234,Ours_V18,ERROR,N/A,ERROR(exit=137)
web-it-2004,3,232,Ours_V20,TIMEOUT,N/A,TIMEOUT
web-it-2004,3,233,Ours_V20,ERROR,N/A,ERROR(exit=137)
web-it-2004,3,234,Ours_V20,ERROR,N/A,ERROR(exit=137)
web-it-2004,3,234,REF_R3,ERROR,N/A,ERROR(exit=137)
web-it-2004,3,235,Ours_V18,ERROR,N/A,ERROR(exit=137)
web-it-2004,3,235,REF_R3,ERROR,N/A,ERROR(exit=137)
web-it-2004,3,235,Ours_V20,ERROR,N/A,ERROR(exit=137)
web-it-2004,3,236,Ours_V18,ERROR,N/A,ERROR(exit=137)
web-it-2004,3,236,REF_R3,ERROR,N/A,ERROR(exit=137)
web-it-2004,3,236,Ours_V20,ERROR,N/A,ERROR(exit=137)
web-it-2004,3,237,REF_R3,ERROR,N/A,ERROR(exit=137)
web-it-2004,3,237,Ours_V20,ERROR,N/A,ERROR(exit=137)
web-it-2004,3,237,Ours_V18,ERROR,N/A,ERROR(exit=137)
web-it-2004,3,238,REF_R3,ERROR,N/A,ERROR(exit=137)
web-it-2004,3,238,Ours_V20,ERROR,N/A,ERROR(exit=137)
web-it-2004,3,238,Ours_V18,ERROR,N/A,ERROR(exit=137)
web-it-2004,3,239,REF_R3,ERROR,N/A,ERROR(exit=137)
web-it-2004,3,239,Ours_V18,ERROR,N/A,ERROR(exit=137)
web-it-2004,3,239,Ours_V20,ERROR,N/A,ERROR(exit=137)
web-it-2004,3,240,Ours_V20,ERROR,N/A,ERROR(exit=137)
web-it-2004,3,241,REF_R3,ERROR,N/A,ERROR(exit=137)
web-it-2004,3,240,REF_R3,ERROR,N/A,ERROR(exit=137)
web-it-2004,3,240,Ours_V18,ERROR,N/A,ERROR(exit=137)
web-it-2004,3,241,Ours_V20,ERROR,N/A,ERROR(exit=137)
web-it-2004,3,241,Ours_V18,ERROR,N/A,ERROR(exit=137)
web-it-2004,3,242,Ours_V18,ERROR,N/A,ERROR(exit=137)
web-it-2004,3,242,Ours_V20,ERROR,N/A,ERROR(exit=137)
web-it-2004,3,243,Ours_V20,ERROR,N/A,ERROR(exit=137)
web-it-2004,3,243,Ours_V18,ERROR,N/A,ERROR(exit=137)
web-it-2004,3,242,REF_R3,ERROR,N/A,ERROR(exit=137)
web-it-2004,3,243,REF_R3,ERROR,N/A,ERROR(exit=137)
web-it-2004,3,244,Ours_V20,ERROR,N/A,ERROR(exit=137)
web-it-2004,3,244,REF_R3,ERROR,N/A,ERROR(exit=137)
web-it-2004,3,244,Ours_V18,ERROR,N/A,ERROR(exit=137)
web-it-2004,3,245,REF_R3,ERROR,N/A,ERROR(exit=137)
web-it-2004,3,245,Ours_V18,ERROR,N/A,ERROR(exit=137)
web-it-2004,3,246,Ours_V18,ERROR,N/A,ERROR(exit=137)
web-it-2004,3,247,Ours_V18,ERROR,N/A,ERROR(exit=137)
web-it-2004,3,247,Ours_V20,ERROR,N/A,ERROR(exit=137)
web-it-2004,3,247,REF_R3,ERROR,N/A,ERROR(exit=137)
web-it-2004,3,245,Ours_V20,ERROR,N/A,ERROR(exit=137)
web-it-2004,3,246,REF_R3,ERROR,N/A,ERROR(exit=137)
web-it-2004,3,246,Ours_V20,ERROR,N/A,ERROR(exit=137)
web-it-2004,3,248,REF_R3,ERROR,N/A,ERROR(exit=137)
web-it-2004,3,248,Ours_V20,ERROR,N/A,ERROR(exit=137)
web-it-2004,3,248,Ours_V18,ERROR,N/A,ERROR(exit=137)
web-it-2004,3,249,Ours_V18,ERROR,N/A,ERROR(exit=137)
web-it-2004,3,249,REF_R3,ERROR,N/A,ERROR(exit=137)
web-it-2004,3,249,Ours_V20,ERROR,N/A,ERROR(exit=137)
web-it-2004,3,250,Ours_V18,ERROR,N/A,ERROR(exit=137)
web-it-2004,3,250,Ours_V20,ERROR,N/A,ERROR(exit=137)
web-it-2004,3,250,REF_R3,ERROR,N/A,ERROR(exit=137)
web-it-2004,3,251,Ours_V20,ERROR,N/A,ERROR(exit=137)
web-it-2004,3,252,Ours_V18,ERROR,N/A,ERROR(exit=137)
web-it-2004,3,251,Ours_V18,ERROR,N/A,ERROR(exit=137)
web-it-2004,3,251,REF_R3,TIMEOUT,N/A,TIMEOUT
web-it-2004,3,252,REF_R3,ERROR,N/A,ERROR(exit=137)
web-it-2004,3,252,Ours_V20,ERROR,N/A,ERROR(exit=137)
web-it-2004,3,253,Ours_V18,ERROR,N/A,ERROR(exit=137)
web-it-2004,3,253,Ours_V20,ERROR,N/A,ERROR(exit=137)
web-it-2004,3,253,REF_R3,ERROR,N/A,ERROR(exit=137)
web-it-2004,3,254,Ours_V20,ERROR,N/A,ERROR(exit=137)
web-it-2004,3,254,REF_R3,ERROR,N/A,ERROR(exit=137)
web-it-2004,3,254,Ours_V18,ERROR,N/A,ERROR(exit=137)
web-it-2004,3,255,REF_R3,ERROR,N/A,ERROR(exit=137)
web-it-2004,3,255,Ours_V20,ERROR,N/A,ERROR(exit=137)
web-it-2004,3,255,Ours_V18,ERROR,N/A,ERROR(exit=137)
web-it-2004,3,256,Ours_V20,ERROR,N/A,ERROR(exit=137)
web-it-2004,3,256,REF_R3,ERROR,N/A,ERROR(exit=137)
web-it-2004,3,256,Ours_V18,ERROR,N/A,ERROR(exit=137)
web-it-2004,3,257,REF_R3,ERROR,N/A,ERROR(exit=137)
web-it-2004,3,257,Ours_V20,ERROR,N/A,ERROR(exit=137)
web-it-2004,3,257,Ours_V18,ERROR,N/A,ERROR(exit=137)
web-it-2004,3,258,REF_R3,ERROR,N/A,ERROR(exit=137)
web-it-2004,3,259,Ours_V18,ERROR,N/A,ERROR(exit=137)
web-it-2004,3,259,Ours_V20,ERROR,N/A,ERROR(exit=137)
web-it-2004,3,259,REF_R3,ERROR,N/A,ERROR(exit=137)
web-it-2004,3,258,Ours_V20,ERROR,N/A,ERROR(exit=137)
web-it-2004,3,258,Ours_V18,ERROR,N/A,ERROR(exit=137)
web-it-2004,3,260,REF_R3,ERROR,N/A,ERROR(exit=137)
web-it-2004,3,260,Ours_V18,ERROR,N/A,ERROR(exit=137)
web-it-2004,3,260,Ours_V20,ERROR,N/A,ERROR(exit=137)
web-it-2004,3,261,Ours_V18,ERROR,N/A,ERROR(exit=137)
web-it-2004,3,261,Ours_V20,ERROR,N/A,ERROR(exit=137)
web-it-2004,3,261,REF_R3,ERROR,N/A,ERROR(exit=137)
web-it-2004,3,262,Ours_V18,ERROR,N/A,ERROR(exit=137)
web-it-2004,3,263,Ours_V18,ERROR,N/A,ERROR(exit=137)
web-it-2004,3,263,Ours_V20,ERROR,N/A,ERROR(exit=137)
web-it-2004,3,263,REF_R3,ERROR,N/A,ERROR(exit=137)
web-it-2004,3,262,REF_R3,ERROR,N/A,ERROR(exit=137)
web-it-2004,3,262,Ours_V20,ERROR,N/A,ERROR(exit=137)
web-it-2004,3,264,Ours_V20,ERROR,N/A,ERROR(exit=137)
web-it-2004,3,265,Ours_V18,ERROR,N/A,ERROR(exit=137)
web-it-2004,3,265,Ours_V20,ERROR,N/A,ERROR(exit=137)
web-it-2004,3,265,REF_R3,ERROR,N/A,ERROR(exit=137)
web-it-2004,3,264,REF_R3,ERROR,N/A,ERROR(exit=137)
web-it-2004,3,264,Ours_V18,ERROR,N/A,ERROR(exit=137)
web-it-2004,3,266,Ours_V18,ERROR,N/A,ERROR(exit=137)
web-it-2004,3,266,Ours_V20,ERROR,N/A,ERROR(exit=137)
web-it-2004,3,266,REF_R3,ERROR,N/A,ERROR(exit=137)
web-it-2004,3,267,Ours_V20,ERROR,N/A,ERROR(exit=137)
web-it-2004,3,267,REF_R3,ERROR,N/A,ERROR(exit=137)
web-it-2004,3,267,Ours_V18,ERROR,N/A,ERROR(exit=137)
web-it-2004,3,268,Ours_V18,ERROR,N/A,ERROR(exit=137)
web-it-2004,3,268,REF_R3,ERROR,N/A,ERROR(exit=137)
web-it-2004,3,269,Ours_V20,ERROR,N/A,ERROR(exit=137)
web-it-2004,3,269,REF_R3,ERROR,N/A,ERROR(exit=137)
web-it-2004,3,269,Ours_V18,ERROR,N/A,ERROR(exit=137)
web-it-2004,3,268,Ours_V20,ERROR,N/A,ERROR(exit=137)
web-it-2004,3,270,Ours_V20,ERROR,N/A,ERROR(exit=137)
web-it-2004,3,271,Ours_V18,ERROR,N/A,ERROR(exit=137)
web-it-2004,3,270,Ours_V18,ERROR,N/A,ERROR(exit=137)
web-it-2004,3,271,REF_R3,ERROR,N/A,ERROR(exit=137)
web-it-2004,3,270,REF_R3,ERROR,N/A,ERROR(exit=137)
web-it-2004,3,271,Ours_V20,ERROR,N/A,ERROR(exit=137)
web-it-2004,3,272,Ours_V18,ERROR,N/A,ERROR(exit=137)
web-it-2004,3,272,Ours_V20,ERROR,N/A,ERROR(exit=137)
web-it-2004,3,272,REF_R3,TIMEOUT,N/A,TIMEOUT
web-it-2004,3,273,Ours_V18,TIMEOUT,N/A,TIMEOUT
web-it-2004,3,273,Ours_V20,TIMEOUT,N/A,TIMEOUT
web-it-2004,3,273,REF_R3,TIMEOUT,N/A,TIMEOUT
web-it-2004,3,274,Ours_V18,TIMEOUT,N/A,TIMEOUT
web-it-2004,3,274,Ours_V20,TIMEOUT,N/A,TIMEOUT
web-it-2004,3,274,REF_R3,TIMEOUT,N/A,TIMEOUT
web-it-2004,3,275,Ours_V18,TIMEOUT,N/A,TIMEOUT
web-it-2004,3,276,Ours_V20,ERROR,N/A,ERROR(exit=134)
web-it-2004,3,277,Ours_V20,ERROR,N/A,ERROR(exit=134)
web-it-2004,3,275,Ours_V20,ERROR,N/A,ERROR(exit=134)
web-it-2004,3,275,REF_R3,TIMEOUT,N/A,TIMEOUT
web-it-2004,3,276,Ours_V18,TIMEOUT,N/A,TIMEOUT
web-it-2004,3,276,REF_R3,TIMEOUT,N/A,TIMEOUT
web-it-2004,3,277,Ours_V18,TIMEOUT,N/A,TIMEOUT
web-it-2004,3,277,REF_R3,TIMEOUT,N/A,TIMEOUT
web-it-2004,3,278,Ours_V18,TIMEOUT,N/A,TIMEOUT
web-it-2004,3,278,Ours_V20,TIMEOUT,N/A,TIMEOUT
web-it-2004,3,278,REF_R3,TIMEOUT,N/A,TIMEOUT
web-it-2004,3,279,Ours_V18,TIMEOUT,N/A,TIMEOUT
web-it-2004,3,279,Ours_V20,TIMEOUT,N/A,TIMEOUT
web-it-2004,3,279,REF_R3,TIMEOUT,N/A,TIMEOUT
web-it-2004,3,280,Ours_V18,TIMEOUT,N/A,TIMEOUT
web-it-2004,3,280,Ours_V20,TIMEOUT,N/A,TIMEOUT
web-it-2004,3,280,REF_R3,TIMEOUT,N/A,TIMEOUT
web-it-2004,3,281,Ours_V18,TIMEOUT,N/A,TIMEOUT
web-it-2004,3,281,Ours_V20,ERROR,N/A,ERROR(exit=134)
web-it-2004,3,281,REF_R3,TIMEOUT,N/A,TIMEOUT
web-it-2004,3,282,Ours_V18,TIMEOUT,N/A,TIMEOUT
web-it-2004,3,282,Ours_V20,TIMEOUT,N/A,TIMEOUT
web-it-2004,3,282,REF_R3,TIMEOUT,N/A,TIMEOUT
web-it-2004,3,283,Ours_V18,TIMEOUT,N/A,TIMEOUT
web-it-2004,3,285,Ours_V20,ERROR,N/A,ERROR(exit=134)
web-it-2004,3,283,Ours_V20,TIMEOUT,N/A,TIMEOUT
web-it-2004,3,283,REF_R3,TIMEOUT,N/A,TIMEOUT
web-it-2004,3,284,Ours_V18,TIMEOUT,N/A,TIMEOUT
web-it-2004,3,284,Ours_V20,ERROR,N/A,ERROR(exit=134)
web-it-2004,3,284,REF_R3,TIMEOUT,N/A,TIMEOUT
web-it-2004,3,285,Ours_V18,TIMEOUT,N/A,TIMEOUT
web-it-2004,3,285,REF_R3,TIMEOUT,N/A,TIMEOUT
web-it-2004,3,287,Ours_V20,ERROR,N/A,ERROR(exit=134)
web-it-2004,3,286,Ours_V18,TIMEOUT,N/A,TIMEOUT
web-it-2004,3,286,Ours_V20,TIMEOUT,N/A,TIMEOUT
web-it-2004,3,286,REF_R3,TIMEOUT,N/A,TIMEOUT
web-it-2004,3,287,Ours_V18,TIMEOUT,N/A,TIMEOUT
web-it-2004,3,287,REF_R3,TIMEOUT,N/A,TIMEOUT
web-it-2004,3,288,Ours_V18,TIMEOUT,N/A,TIMEOUT
web-it-2004,3,288,Ours_V20,TIMEOUT,N/A,TIMEOUT
web-it-2004,3,289,Ours_V20,ERROR,N/A,ERROR(exit=134)
web-it-2004,3,288,REF_R3,TIMEOUT,N/A,TIMEOUT
web-it-2004,3,289,Ours_V18,TIMEOUT,N/A,TIMEOUT
web-it-2004,3,289,REF_R3,TIMEOUT,N/A,TIMEOUT
web-it-2004,3,290,Ours_V18,TIMEOUT,N/A,TIMEOUT
web-it-2004,3,290,Ours_V20,TIMEOUT,N/A,TIMEOUT
web-it-2004,3,291,Ours_V20,ERROR,N/A,ERROR(exit=134)
web-it-2004,3,290,REF_R3,TIMEOUT,N/A,TIMEOUT
web-it-2004,3,291,Ours_V18,TIMEOUT,N/A,TIMEOUT
web-it-2004,3,292,Ours_V20,ERROR,N/A,ERROR(exit=134)
web-it-2004,3,291,REF_R3,TIMEOUT,N/A,TIMEOUT
web-it-2004,3,293,Ours_V20,ERROR,N/A,ERROR(exit=134)
web-it-2004,3,292,Ours_V18,TIMEOUT,N/A,TIMEOUT
web-it-2004,3,292,REF_R3,TIMEOUT,N/A,TIMEOUT
web-it-2004,3,293,Ours_V18,TIMEOUT,N/A,TIMEOUT
web-it-2004,3,293,REF_R3,TIMEOUT,N/A,TIMEOUT
web-it-2004,3,294,Ours_V18,TIMEOUT,N/A,TIMEOUT
web-it-2004,3,294,Ours_V20,ERROR,N/A,ERROR(exit=134)
web-it-2004,3,296,Ours_V18,ERROR,N/A,ERROR(exit=137)
web-it-2004,3,295,Ours_V18,ERROR,N/A,ERROR(exit=137)
web-it-2004,3,294,REF_R3,TIMEOUT,N/A,TIMEOUT
web-it-2004,3,295,Ours_V20,ERROR,N/A,ERROR(exit=134)
web-it-2004,3,296,Ours_V20,ERROR,N/A,ERROR(exit=134)
web-it-2004,3,295,REF_R3,TIMEOUT,N/A,TIMEOUT
web-it-2004,3,297,Ours_V18,ERROR,N/A,ERROR(exit=137)
web-it-2004,3,298,Ours_V18,ERROR,N/A,ERROR(exit=137)
web-it-2004,3,296,REF_R3,TIMEOUT,N/A,TIMEOUT
web-it-2004,3,297,Ours_V20,ERROR,N/A,ERROR(exit=134)
web-it-2004,3,299,Ours_V18,ERROR,N/A,ERROR(exit=137)
web-it-2004,3,297,REF_R3,ERROR,N/A,ERROR(exit=137)
web-it-2004,3,298,REF_R3,ERROR,N/A,ERROR(exit=137)
web-it-2004,3,298,Ours_V20,ERROR,N/A,ERROR(exit=134)
web-it-2004,3,300,Ours_V18,ERROR,N/A,ERROR(exit=137)
web-it-2004,3,299,REF_R3,ERROR,N/A,ERROR(exit=137)
web-it-2004,3,300,REF_R3,ERROR,N/A,ERROR(exit=137)
web-it-2004,3,301,Ours_V18,ERROR,N/A,ERROR(exit=137)
web-it-2004,3,301,REF_R3,ERROR,N/A,ERROR(exit=137)
web-it-2004,3,302,Ours_V18,ERROR,N/A,ERROR(exit=137)
web-it-2004,3,299,Ours_V20,TIMEOUT,N/A,TIMEOUT
web-it-2004,3,301,Ours_V20,ERROR,N/A,ERROR(exit=134)
web-it-2004,3,302,REF_R3,ERROR,N/A,ERROR(exit=137)
web-it-2004,3,303,Ours_V18,ERROR,N/A,ERROR(exit=137)
web-it-2004,3,300,Ours_V20,TIMEOUT,N/A,TIMEOUT
web-it-2004,3,303,Ours_V20,ERROR,N/A,ERROR(exit=134)
web-it-2004,3,302,Ours_V20,TIMEOUT,N/A,TIMEOUT
web-it-2004,3,304,Ours_V20,ERROR,N/A,ERROR(exit=134)
web-it-2004,3,303,REF_R3,TIMEOUT,N/A,TIMEOUT
web-it-2004,3,305,Ours_V20,2201129,27583892,OK
web-it-2004,3,304,Ours_V18,TIMEOUT,N/A,TIMEOUT
web-it-2004,3,304,REF_R3,TIMEOUT,N/A,TIMEOUT
web-it-2004,3,305,Ours_V18,TIMEOUT,N/A,TIMEOUT
web-it-2004,3,306,Ours_V20,ERROR,N/A,ERROR(exit=134)
web-it-2004,3,305,REF_R3,TIMEOUT,N/A,TIMEOUT
web-it-2004,3,306,Ours_V18,TIMEOUT,N/A,TIMEOUT
web-it-2004,3,307,Ours_V20,ERROR,N/A,ERROR(exit=134)
web-it-2004,3,306,REF_R3,TIMEOUT,N/A,TIMEOUT
web-it-2004,3,307,Ours_V18,TIMEOUT,N/A,TIMEOUT
web-it-2004,3,308,Ours_V20,ERROR,N/A,ERROR(exit=134)
web-it-2004,3,307,REF_R3,TIMEOUT,N/A,TIMEOUT
web-it-2004,3,308,Ours_V18,TIMEOUT,N/A,TIMEOUT
com-youtube,2,6,Ours_DCLP,2229.7,316140,OK
com-youtube,2,5,Ours_DCLP,2955.32,470176,OK
com-youtube,2,6,REF_R2,3501.31,519712,OK
com-youtube,2,4,Ours_DCLP,3447.96,536008,OK
com-youtube,2,3,Ours_DCLP,3460.83,586836,OK
com-youtube,2,5,REF_R2,4419.1,611648,OK
com-youtube,2,4,REF_R2,5210.74,687488,OK
com-youtube,2,3,REF_R2,5594.54,706580,OK
com-youtube,2,7,Ours_DCLP,1538.05,266864,OK
com-youtube,2,9,Ours_DCLP,606.011,202576,OK
com-youtube,2,8,Ours_DCLP,949.889,280804,OK
com-youtube,2,8,REF_R2,1641.6,444292,OK
com-youtube,2,7,REF_R2,2402.39,467576,OK
com-youtube,2,9,REF_R2,1124.4,406664,OK
com-youtube,2,10,Ours_DCLP,344.683,182624,OK
com-youtube,2,10,REF_R2,977.572,380980,OK
com-youtube,2,11,Ours_DCLP,198.289,170156,OK
com-youtube,2,12,Ours_DCLP,110.565,164244,OK
com-youtube,2,11,REF_R2,627.532,364848,OK
com-youtube,2,13,Ours_DCLP,75.0083,160992,OK
com-youtube,2,13,REF_R2,429.919,352480,OK
com-youtube,2,12,REF_R2,475.712,356532,OK
com-youtube,2,14,Ours_DCLP,66.2214,159888,OK
com-youtube,2,14,REF_R2,425.81,350464,OK
com-youtube,2,15,Ours_DCLP,60.3044,159492,OK
com-youtube,2,15,REF_R2,394.446,349884,OK
com-youtube,2,16,Ours_DCLP,59.3471,159360,OK
com-youtube,2,17,Ours_DCLP,53.4696,158792,OK
com-youtube,2,17,REF_R2,398.337,158792,OK
com-youtube,2,16,REF_R2,386.634,349712,OK
web-Stanford,2,3,Ours_DCLP,3099.06,556724,OK
web-Stanford,2,3,REF_R2,3666.18,650196,OK
web-Stanford,2,4,Ours_DCLP,3669.44,534576,OK
web-Stanford,2,4,REF_R2,4277.13,638532,OK
web-Stanford,2,6,Ours_DCLP,3343.24,472000,OK
web-Stanford,2,5,Ours_DCLP,3651.58,509680,OK
web-Stanford,2,6,REF_R2,3963.7,573840,OK
web-Stanford,2,5,REF_R2,4350.56,610828,OK
web-Stanford,2,7,Ours_DCLP,3008.31,426504,OK
web-Stanford,2,8,Ours_DCLP,2388.57,312956,OK
web-Stanford,2,8,REF_R2,2660.55,361504,OK
web-Stanford,2,9,Ours_DCLP,2164.34,299940,OK
web-Stanford,2,7,REF_R2,3591.59,514964,OK
web-Stanford,2,10,Ours_DCLP,2042.68,301844,OK
web-Stanford,2,9,REF_R2,2576.7,346424,OK
web-Stanford,2,10,REF_R2,2413.43,351048,OK
web-Stanford,2,11,Ours_DCLP,1968.41,288404,OK
web-Stanford,2,12,Ours_DCLP,1768.73,277204,OK
web-Stanford,2,13,Ours_DCLP,1737.93,281820,OK
web-Stanford,2,13,REF_R2,2037.74,324116,OK
web-Stanford,2,12,REF_R2,2148.43,332244,OK
web-Stanford,2,14,Ours_DCLP,1644.25,267588,OK
web-Stanford,2,14,REF_R2,1916.61,313468,OK
web-Stanford,2,11,REF_R2,2343.53,340540,OK
web-Stanford,2,15,Ours_DCLP,1496.08,255464,OK
web-Stanford,2,17,Ours_DCLP,1052.66,186476,OK
web-Stanford,2,16,Ours_DCLP,1319.08,229160,OK
web-Stanford,2,18,Ours_DCLP,984.683,180112,OK
web-Stanford,2,15,REF_R2,1790.03,304900,OK
web-Stanford,2,17,REF_R2,1360.71,256984,OK
web-Stanford,2,16,REF_R2,1594.91,285512,OK
web-Stanford,2,18,REF_R2,1300.83,253324,OK
web-Stanford,2,19,Ours_DCLP,962.143,176552,OK
web-Stanford,2,20,Ours_DCLP,901.964,173044,OK
web-Stanford,2,21,Ours_DCLP,827.673,163936,OK
web-Stanford,2,19,REF_R2,1234.27,251324,OK
web-Stanford,2,20,REF_R2,1189.96,249336,OK
web-Stanford,2,22,Ours_DCLP,800.269,160936,OK
web-Stanford,2,21,REF_R2,1162.41,244784,OK
web-Stanford,2,22,REF_R2,1143.97,242432,OK
web-Stanford,2,23,Ours_DCLP,781.325,102420,OK
web-Stanford,2,25,Ours_DCLP,717.006,100920,OK
web-Stanford,2,23,REF_R2,1085.25,240912,OK
web-Stanford,2,24,Ours_DCLP,746.671,101564,OK
web-Stanford,2,24,REF_R2,1051.36,239944,OK
web-Stanford,2,25,REF_R2,1019.15,238224,OK
web-Stanford,2,26,Ours_DCLP,717.091,99708,OK
web-Stanford,2,26,REF_R2,1015.49,237168,OK
web-Stanford,2,27,Ours_DCLP,722.71,98552,OK
web-Stanford,2,28,Ours_DCLP,685.497,97924,OK
web-Stanford,2,28,REF_R2,972.05,234584,OK
web-Stanford,2,29,Ours_DCLP,645.03,96112,OK
web-Stanford,2,27,REF_R2,986.376,235736,OK
web-Stanford,2,30,Ours_DCLP,628.343,94596,OK
web-Stanford,2,29,REF_R2,944.641,232704,OK
web-Stanford,2,30,REF_R2,921.817,231004,OK
web-Stanford,2,31,Ours_DCLP,599.655,92660,OK
web-Stanford,2,32,Ours_DCLP,550.219,91576,OK
web-Stanford,2,32,REF_R2,849.387,227512,OK
web-Stanford,2,33,Ours_DCLP,526.828,90088,OK
web-Stanford,2,31,REF_R2,900.078,228676,OK
web-Stanford,2,34,Ours_DCLP,506.464,89124,OK
web-Stanford,2,33,REF_R2,837.112,225952,OK
web-Stanford,2,34,REF_R2,801.672,224756,OK
web-Stanford,2,35,Ours_DCLP,504.311,88612,OK
web-Stanford,2,36,Ours_DCLP,481.691,88412,OK
web-Stanford,2,37,Ours_DCLP,481.128,88092,OK
web-Stanford,2,35,REF_R2,770.92,223984,OK
web-Stanford,2,36,REF_R2,770.794,223448,OK
web-Stanford,2,37,REF_R2,743.973,223092,OK
web-Stanford,2,38,Ours_DCLP,468.932,87748,OK
web-Stanford,2,38,REF_R2,757.243,222524,OK
web-Stanford,2,39,Ours_DCLP,450.778,87020,OK
web-Stanford,2,40,Ours_DCLP,440.39,86788,OK
web-Stanford,2,39,REF_R2,725.4,222104,OK
web-Stanford,2,41,Ours_DCLP,422.667,86604,OK
web-Stanford,2,40,REF_R2,710.621,221764,OK
web-Stanford,2,42,Ours_DCLP,416.666,85916,OK
web-Stanford,2,41,REF_R2,696.574,221456,OK
web-Stanford,2,42,REF_R2,688.128,221108,OK
web-Stanford,2,43,Ours_DCLP,391.381,85388,OK
web-Stanford,2,43,REF_R2,650.574,219884,OK
web-Stanford,2,44,Ours_DCLP,343.374,83720,OK
web-Stanford,2,45,Ours_DCLP,310.24,82776,OK
web-Stanford,2,44,REF_R2,605.67,218184,OK
web-Stanford,2,46,Ours_DCLP,292.808,79608,OK
web-Stanford,2,45,REF_R2,587.469,216844,OK
web-Stanford,2,46,REF_R2,546.497,213832,OK
web-Stanford,2,47,Ours_DCLP,286.346,79484,OK
web-Stanford,2,48,Ours_DCLP,276.835,78396,OK
web-Stanford,2,47,REF_R2,542.863,213344,OK
web-Stanford,2,49,Ours_DCLP,247.224,77532,OK
web-Stanford,2,48,REF_R2,518.65,212668,OK
web-Stanford,2,49,REF_R2,493.464,211632,OK
web-Stanford,2,50,Ours_DCLP,222.551,76908,OK
web-Stanford,2,50,REF_R2,455.97,211104,OK
web-Stanford,2,51,Ours_DCLP,166.441,74192,OK
web-Stanford,2,51,REF_R2,392.616,208044,OK
web-Stanford,2,53,Ours_DCLP,65.9506,70164,OK
web-Stanford,2,52,REF_R2,341.986,205512,OK
web-Stanford,2,52,Ours_DCLP,106.724,71756,OK
web-Stanford,2,54,Ours_DCLP,56.7209,69756,OK
web-Stanford,2,53,REF_R2,290.282,203976,OK
web-Stanford,2,54,REF_R2,277.245,69852,OK
web-Stanford,2,55,Ours_DCLP,49.1636,69728,OK
web-Stanford,2,56,Ours_DCLP,41.8843,69416,OK
web-Stanford,2,55,REF_R2,262.095,202848,OK
web-Stanford,2,56,REF_R2,264.23,202620,OK
web-Stanford,2,57,Ours_DCLP,45.0937,69444,OK
web-Stanford,2,57,REF_R2,268.972,202512,OK
web-Stanford,2,58,Ours_DCLP,39.2886,69584,OK
web-Stanford,2,58,REF_R2,252.033,202420,OK
web-Stanford,2,59,Ours_DCLP,42.8883,69516,OK
web-Stanford,2,60,Ours_DCLP,37.187,69128,OK
web-Stanford,2,59,REF_R2,256.622,202484,OK
web-Stanford,2,60,REF_R2,259.668,202512,OK
web-Stanford,2,61,Ours_DCLP,40.447,69152,OK
web-Stanford,2,61,REF_R2,262.879,202384,OK
web-it-2004,2,4,Ours_DCLP,15949.3,3249432,OK
web-it-2004,2,4,REF_R2,17269.2,3445264,OK
web-it-2004,2,5,REF_R2,17877.3,3437996,OK
web-it-2004,2,6,REF_R2,17848.1,3423972,OK
web-it-2004,2,3,REF_R2,17393.2,3487620,OK
web-it-2004,2,3,Ours_DCLP,15349.8,3375600,OK
web-it-2004,2,6,Ours_DCLP,15502,3340092,OK
web-it-2004,2,5,Ours_DCLP,15128.1,3302664,OK
web-it-2004,2,8,Ours_DCLP,15647.2,3326568,OK
web-it-2004,2,7,REF_R2,17126.6,3410436,OK
web-it-2004,2,9,Ours_DCLP,15213,3302188,OK
web-it-2004,2,7,Ours_DCLP,15934.4,3224912,OK
web-it-2004,2,9,REF_R2,16988.2,3380420,OK
web-it-2004,2,10,REF_R2,19151.7,3241388,OK
web-it-2004,2,8,REF_R2,17585.1,3397872,OK
web-it-2004,2,10,Ours_DCLP,22947.9,3168692,OK
web-it-2004,2,12,Ours_DCLP,77225.6,3417664,OK
web-it-2004,2,12,REF_R2,54490.1,2854556,OK
web-it-2004,2,11,REF_R2,79658.1,2882960,OK
web-it-2004,2,13,REF_R2,69947.6,2856152,OK
web-it-2004,2,14,REF_R2,60065.5,2986740,OK
web-it-2004,2,13,Ours_DCLP,131826,3438988,OK
web-it-2004,2,14,Ours_DCLP,113676,3287868,OK
web-it-2004,2,11,Ours_DCLP,208475,3492104,OK
web-it-2004,2,16,REF_R2,80712.4,2874460,OK
web-it-2004,2,17,REF_R2,33506.2,2656332,OK
web-it-2004,2,17,Ours_DCLP,41113.7,3060632,OK
web-it-2004,2,15,REF_R2,148779,3286360,OK
web-it-2004,2,16,Ours_DCLP,163732,3442896,OK
web-it-2004,2,18,REF_R2,96064.2,2942320,OK
web-it-2004,2,18,Ours_DCLP,168841,3382368,OK
web-it-2004,2,15,Ours_DCLP,322949,3737852,OK
web-it-2004,2,19,REF_R2,98742.5,2946816,OK
web-it-2004,2,20,REF_R2,82357.7,2802556,OK
web-it-2004,2,19,Ours_DCLP,160878,3468600,OK
web-it-2004,2,20,Ours_DCLP,139379,3330640,OK
web-it-2004,2,21,REF_R2,118465,2825388,OK
web-it-2004,2,21,Ours_DCLP,195331,3369724,OK
web-it-2004,2,22,REF_R2,134267,3054432,OK
web-it-2004,2,23,REF_R2,102137,2890548,OK
web-it-2004,2,22,Ours_DCLP,239933,3527096,OK
web-it-2004,2,24,REF_R2,115961,3094336,OK
web-it-2004,2,23,Ours_DCLP,152344,3393628,OK
web-it-2004,2,24,Ours_DCLP,164101,3483532,OK
web-it-2004,2,26,Ours_DCLP,36792.3,2999868,OK
web-it-2004,2,26,REF_R2,31647.3,2736100,OK
web-it-2004,2,25,REF_R2,162155,3015444,OK
web-it-2004,2,27,REF_R2,93842.2,3030172,OK
web-it-2004,2,27,Ours_DCLP,157779,3264808,OK
web-it-2004,2,25,Ours_DCLP,283050,3647876,OK
web-it-2004,2,28,REF_R2,154320,3243704,OK
web-it-2004,2,29,REF_R2,90509.6,3003288,OK
web-it-2004,2,28,Ours_DCLP,242170,3669188,OK
web-it-2004,2,29,Ours_DCLP,144633,3269944,OK
web-it-2004,2,31,REF_R2,83543.9,2973164,OK
web-it-2004,2,31,Ours_DCLP,113788,3325464,OK
web-it-2004,2,30,REF_R2,183278,3189836,OK
web-it-2004,2,33,REF_R2,58310.3,2797824,OK
web-it-2004,2,33,Ours_DCLP,83406.2,3138164,OK
web-it-2004,2,30,Ours_DCLP,323982,3807048,OK
web-it-2004,2,32,REF_R2,118507,3060972,OK
web-it-2004,2,32,Ours_DCLP,207251,3449452,OK
web-it-2004,2,34,REF_R2,178573,4113876,OK
web-it-2004,2,36,REF_R2,108749,3170472,OK
web-it-2004,2,34,Ours_DCLP,267217,4112496,OK
web-it-2004,2,36,Ours_DCLP,165511,3569352,OK
web-it-2004,2,35,REF_R2,172038,3331312,OK
web-it-2004,2,37,REF_R2,162192,3771684,OK
web-it-2004,2,35,Ours_DCLP,286478,3923868,OK
web-it-2004,2,37,Ours_DCLP,279958,4304996,OK
web-it-2004,2,38,REF_R2,84838.9,3172804,OK
web-it-2004,2,38,Ours_DCLP,119591,3559216,OK
web-it-2004,2,39,REF_R2,119781,3006936,OK
web-it-2004,2,40,REF_R2,83327.1,3045272,OK
web-it-2004,2,40,Ours_DCLP,124583,3407564,OK
web-it-2004,2,39,Ours_DCLP,213220,3508536,OK
web-it-2004,2,41,REF_R2,103171,3032292,OK
web-it-2004,2,41,Ours_DCLP,182167,3468772,OK
web-it-2004,2,42,REF_R2,84245,3155104,OK
web-it-2004,2,42,Ours_DCLP,123810,3551616,OK
web-it-2004,2,43,REF_R2,74413.2,2864624,OK
web-it-2004,2,43,Ours_DCLP,115842,3244988,OK
web-it-2004,2,44,REF_R2,122265,2961748,OK
web-it-2004,2,44,Ours_DCLP,190996,3701272,OK
web-it-2004,2,45,REF_R2,106358,3145720,OK
web-it-2004,2,46,REF_R2,101442,3292712,OK
web-it-2004,2,47,REF_R2,78340.3,3074816,OK
web-it-2004,2,45,Ours_DCLP,195981,4518756,OK
web-it-2004,2,46,Ours_DCLP,166047,3722636,OK
web-it-2004,2,47,Ours_DCLP,134696,3476232,OK
web-it-2004,2,48,REF_R2,80351.5,3485384,OK
web-it-2004,2,48,Ours_DCLP,119445,4074608,OK
web-it-2004,2,49,REF_R2,50632.8,3250564,OK
web-it-2004,2,49,Ours_DCLP,82845.3,3335852,OK
web-it-2004,2,50,REF_R2,92275.8,5747040,OK
web-it-2004,2,51,REF_R2,112823,6455564,OK
web-it-2004,2,50,Ours_DCLP,129254,6133264,OK
web-it-2004,2,51,Ours_DCLP,163232,6665932,OK
web-it-2004,2,52,REF_R2,75858.4,4552928,OK
web-it-2004,2,52,Ours_DCLP,114333,5743140,OK
web-it-2004,2,53,REF_R2,127995,6450640,OK
web-it-2004,2,54,Ours_DCLP,89364.7,4369848,OK
web-it-2004,2,54,REF_R2,71082.4,4339416,OK
web-it-2004,2,53,Ours_DCLP,193956,10986076,OK
web-it-2004,2,55,REF_R2,107690,5821900,OK
web-it-2004,2,56,REF_R2,70524.9,3918076,OK
web-it-2004,2,56,Ours_DCLP,124013,6046092,OK
web-it-2004,2,55,Ours_DCLP,172009,10479532,OK
web-it-2004,2,57,Ours_DCLP,63346.8,4465864,OK
web-it-2004,2,57,REF_R2,43650.2,2857824,OK
web-it-2004,2,58,REF_R2,36603.9,3302216,OK
web-it-2004,2,58,Ours_DCLP,54061.3,4170312,OK
web-it-2004,2,59,REF_R2,81018.9,5480296,OK
web-it-2004,2,60,REF_R2,73147.5,5628664,OK
web-it-2004,2,59,Ours_DCLP,134084,6468624,OK
web-it-2004,2,60,Ours_DCLP,120492,7779968,OK
web-it-2004,2,61,REF_R2,80979.6,5164236,OK
web-it-2004,2,62,REF_R2,50804.1,3750368,OK
web-it-2004,2,62,Ours_DCLP,80802.4,5821392,OK
web-it-2004,2,61,Ours_DCLP,132272,7058424,OK
web-it-2004,2,65,REF_R2,32764.5,3331836,OK
web-it-2004,2,63,REF_R2,98803.8,5285688,OK
web-it-2004,2,65,Ours_DCLP,53945.8,4083168,OK
web-it-2004,2,63,Ours_DCLP,145697,8012104,OK
web-it-2004,2,64,REF_R2,84091.1,4373120,OK
web-it-2004,2,64,Ours_DCLP,119462,7832996,OK
web-it-2004,2,66,REF_R2,69984.9,4440260,OK
web-it-2004,2,66,Ours_DCLP,110980,7925256,OK
web-it-2004,2,67,REF_R2,50495.1,3706460,OK
web-it-2004,2,67,Ours_DCLP,72298.9,4683972,OK
web-it-2004,2,68,REF_R2,66936.9,4098916,OK
web-it-2004,2,69,REF_R2,42915.1,3389568,OK
web-it-2004,2,70,Ours_DCLP,63753,4547744,OK
web-it-2004,2,68,Ours_DCLP,110120,7014848,OK
web-it-2004,2,69,Ours_DCLP,69596,4381660,OK
web-it-2004,2,70,REF_R2,52388.3,3675340,OK
web-it-2004,2,71,REF_R2,49251.8,3176016,OK
web-it-2004,2,71,Ours_DCLP,75330.9,4578568,OK
web-it-2004,2,72,Ours_DCLP,51906.6,4229456,OK
web-it-2004,2,72,REF_R2,41421.3,3394052,OK
web-it-2004,2,73,REF_R2,77009.5,3879908,OK
web-it-2004,2,74,REF_R2,57595.2,4399092,OK
web-it-2004,2,73,Ours_DCLP,109234,6850792,OK
web-it-2004,2,74,Ours_DCLP,88943.4,6116820,OK
web-it-2004,2,75,REF_R2,46931.7,3205316,OK
web-it-2004,2,76,REF_R2,49909.3,3508988,OK
web-it-2004,2,75,Ours_DCLP,74690.1,4619468,OK
web-it-2004,2,76,Ours_DCLP,73163.9,4562804,OK
web-it-2004,2,77,REF_R2,40902.8,3173740,OK
web-it-2004,2,77,Ours_DCLP,60067.8,4186476,OK
web-it-2004,2,78,REF_R2,36747.4,3004968,OK
web-it-2004,2,78,Ours_DCLP,57159,3814476,OK
web-it-2004,2,79,Ours_DCLP,45200.6,3666836,OK
web-it-2004,2,80,REF_R2,46177.3,3381416,OK
web-it-2004,2,79,REF_R2,31912.4,2795588,OK
web-it-2004,2,80,Ours_DCLP,74027.2,4910376,OK
web-it-2004,2,81,REF_R2,31620.4,2825188,OK
web-it-2004,2,81,Ours_DCLP,43780.3,3766744,OK
web-it-2004,2,82,REF_R2,32166.8,2867172,OK
web-it-2004,2,82,Ours_DCLP,48250.7,3711852,OK
web-it-2004,2,83,REF_R2,39642.6,3341812,OK
web-it-2004,2,83,Ours_DCLP,56017.9,4174016,OK
web-it-2004,2,85,REF_R2,27462,3092156,OK
web-it-2004,2,85,Ours_DCLP,31402.5,3024952,OK
web-it-2004,2,84,REF_R2,43749.6,2944620,OK
web-it-2004,2,84,Ours_DCLP,74684.3,4537472,OK
web-it-2004,2,86,Ours_DCLP,63694.5,4239768,OK
web-it-2004,2,86,REF_R2,43675.2,3327228,OK
web-it-2004,2,87,Ours_DCLP,37359.2,3388552,OK
web-it-2004,2,87,REF_R2,30142.5,2932208,OK
web-it-2004,2,88,Ours_DCLP,33557.8,3460420,OK
web-it-2004,2,88,REF_R2,29308.1,2980920,OK
web-it-2004,2,89,REF_R2,37673.4,2818872,OK
web-it-2004,2,89,Ours_DCLP,57199.1,4096968,OK
web-it-2004,2,90,REF_R2,32652.5,2628280,OK
web-it-2004,2,90,Ours_DCLP,44259.5,3398464,OK
web-it-2004,2,91,Ours_DCLP,30438.2,3085132,OK
web-it-2004,2,91,REF_R2,24172.2,2689060,OK
web-it-2004,2,92,Ours_DCLP,35625.1,3114644,OK
web-it-2004,2,93,REF_R2,25786.3,2688932,OK
web-it-2004,2,93,Ours_DCLP,35269.4,3247144,OK
web-it-2004,2,92,REF_R2,28692.7,2866900,OK
web-it-2004,2,94,Ours_DCLP,40846.1,3328628,OK
web-it-2004,2,94,REF_R2,30741,2846512,OK
web-it-2004,2,95,REF_R2,24300,2606036,OK
web-it-2004,2,95,Ours_DCLP,31387.1,2766636,OK
web-it-2004,2,96,Ours_DCLP,47666.1,3423224,OK
web-it-2004,2,96,REF_R2,31766.4,2673296,OK
web-it-2004,2,97,REF_R2,33381.4,2883396,OK
web-it-2004,2,97,Ours_DCLP,44196.2,3333480,OK
web-it-2004,2,98,REF_R2,22734.5,2510132,OK
web-it-2004,2,98,Ours_DCLP,27749.3,2873004,OK
web-it-2004,2,99,REF_R2,28779,2819420,OK
web-it-2004,2,99,Ours_DCLP,39899.7,3278896,OK
web-it-2004,2,100,Ours_DCLP,37075.5,2938952,OK
web-it-2004,2,100,REF_R2,25908.8,2603780,OK
web-it-2004,2,101,Ours_DCLP,20914.4,2679756,OK
web-it-2004,2,101,REF_R2,19293.6,2669980,OK
web-it-2004,2,102,REF_R2,30608.9,2768144,OK
web-it-2004,2,102,Ours_DCLP,43515.9,3131248,OK
web-it-2004,2,103,REF_R2,23845.1,2658620,OK
web-it-2004,2,103,Ours_DCLP,30969.2,2794372,OK
web-it-2004,2,104,Ours_DCLP,30008.9,2845820,OK
web-it-2004,2,104,REF_R2,24126.3,2787576,OK
web-it-2004,2,105,Ours_DCLP,27546.4,2638812,OK
web-it-2004,2,105,REF_R2,21887.1,2579428,OK
web-it-2004,2,106,Ours_DCLP,28995.1,2500008,OK
web-it-2004,2,106,REF_R2,22794.8,2567924,OK
web-it-2004,2,107,Ours_DCLP,20582.9,2671860,OK
web-it-2004,2,107,REF_R2,18734.1,2678276,OK
web-it-2004,2,108,REF_R2,21462.5,2607016,OK
web-it-2004,2,109,REF_R2,22493.9,2585920,OK
web-it-2004,2,108,Ours_DCLP,26904.4,2615248,OK
web-it-2004,2,109,Ours_DCLP,29847.2,2629352,OK
web-it-2004,2,110,REF_R2,24480.3,2588252,OK
web-it-2004,2,110,Ours_DCLP,31707.2,2585124,OK
web-it-2004,2,111,Ours_DCLP,33078.8,2787768,OK
web-it-2004,2,111,REF_R2,24250.1,2575084,OK
web-it-2004,2,112,Ours_DCLP,24431.6,2654544,OK
web-it-2004,2,112,REF_R2,20565.9,2620820,OK
web-it-2004,2,113,REF_R2,21936.3,2611164,OK
web-it-2004,2,113,Ours_DCLP,26904.8,2533328,OK
web-it-2004,2,114,REF_R2,19762.9,2644696,OK
web-it-2004,2,114,Ours_DCLP,22393.9,2626220,OK
web-it-2004,2,115,REF_R2,20995.4,2547476,OK
web-it-2004,2,115,Ours_DCLP,26215.4,2616920,OK
web-it-2004,2,116,Ours_DCLP,26198,2530656,OK
web-it-2004,2,116,REF_R2,21297.5,2606560,OK
web-it-2004,2,117,REF_R2,21672.1,2655236,OK
web-it-2004,2,117,Ours_DCLP,27068,2629784,OK
web-it-2004,2,118,REF_R2,19777.9,2598824,OK
web-it-2004,2,118,Ours_DCLP,22628.6,2501184,OK
web-it-2004,2,119,Ours_DCLP,26103.1,2592348,OK
web-it-2004,2,119,REF_R2,21418.7,2579736,OK
web-it-2004,2,120,REF_R2,21535.5,2635812,OK
web-it-2004,2,120,Ours_DCLP,27065.6,2575124,OK
web-it-2004,2,121,Ours_DCLP,28255.7,2568328,OK
web-it-2004,2,121,REF_R2,22570.6,2562692,OK
web-it-2004,2,122,Ours_DCLP,25010.2,2625004,OK
web-it-2004,2,123,Ours_DCLP,27017.1,2579476,OK
web-it-2004,2,122,REF_R2,20858.9,2683892,OK
web-it-2004,2,123,REF_R2,21440.5,2634748,OK
web-it-2004,2,124,Ours_DCLP,28455.4,2890508,OK
web-it-2004,2,124,REF_R2,22696.5,2593816,OK
web-it-2004,2,125,Ours_DCLP,22553.7,2528436,OK
web-it-2004,2,125,REF_R2,19636.8,2590648,OK
web-it-2004,2,126,Ours_DCLP,24006.1,2481840,OK
web-it-2004,2,126,REF_R2,20554.9,2553936,OK
web-it-2004,2,127,REF_R2,20701.4,2568000,OK
web-it-2004,2,127,Ours_DCLP,25958.5,2559956,OK
web-it-2004,2,128,Ours_DCLP,28882.1,2485160,OK
web-it-2004,2,128,REF_R2,22380.3,2532244,OK
web-it-2004,2,129,Ours_DCLP,25164.5,2570536,OK
web-it-2004,2,129,REF_R2,20153.1,2599996,OK
web-it-2004,2,130,Ours_DCLP,24512.5,2549780,OK
web-it-2004,2,130,REF_R2,20967.2,2547932,OK
web-it-2004,2,131,Ours_DCLP,20690.9,2585416,OK
web-it-2004,2,131,REF_R2,18942.5,2579308,OK
web-it-2004,2,132,Ours_DCLP,20355,2572808,OK
web-it-2004,2,132,REF_R2,18644.4,2555688,OK
web-it-2004,2,133,Ours_DCLP,25206.6,2635732,OK
web-it-2004,2,133,REF_R2,20180.1,2478004,OK
web-it-2004,2,134,Ours_DCLP,22421.4,2577904,OK
web-it-2004,2,134,REF_R2,19735.5,2566940,OK
web-it-2004,2,135,Ours_DCLP,27135.5,2472332,OK
web-it-2004,2,135,REF_R2,22180,2546732,OK
web-it-2004,2,136,REF_R2,21845.5,2529192,OK
web-it-2004,2,136,Ours_DCLP,28349,2458812,OK
web-it-2004,2,137,Ours_DCLP,25639.3,2603648,OK
web-it-2004,2,137,REF_R2,20355.8,2574028,OK
web-it-2004,2,138,Ours_DCLP,24035.6,2575280,OK
web-it-2004,2,139,Ours_DCLP,21240.8,2508968,OK
web-it-2004,2,138,REF_R2,19775.6,2583448,OK
web-it-2004,2,139,REF_R2,19504.6,2557856,OK
web-it-2004,2,140,Ours_DCLP,20000.8,2546912,OK
web-it-2004,2,140,REF_R2,18132,2532480,OK
web-it-2004,2,141,Ours_DCLP,23749.3,2497612,OK
web-it-2004,2,141,REF_R2,19762.3,2524272,OK
web-it-2004,2,142,Ours_DCLP,20455.2,2458540,OK
web-it-2004,2,142,REF_R2,18023.9,2544340,OK
web-it-2004,2,143,Ours_DCLP,23526.8,2605876,OK
web-it-2004,2,143,REF_R2,19689.2,2489288,OK
web-it-2004,2,144,Ours_DCLP,25247.8,2388812,OK
web-it-2004,2,144,REF_R2,20630.1,2494580,OK
web-it-2004,2,145,Ours_DCLP,21731.4,2395868,OK
web-it-2004,2,145,REF_R2,18243.8,2451012,OK
web-it-2004,2,146,REF_R2,21487.1,2465824,OK
web-it-2004,2,147,Ours_DCLP,21760.5,2383344,OK
web-it-2004,2,146,Ours_DCLP,28820.6,2536268,OK
web-it-2004,2,147,REF_R2,18970.3,2508500,OK
web-it-2004,2,148,REF_R2,18856.1,2470664,OK
web-it-2004,2,148,Ours_DCLP,21526.2,2521456,OK
web-it-2004,2,149,Ours_DCLP,18889.6,2373292,OK
web-it-2004,2,149,REF_R2,17177.6,2483620,OK
web-it-2004,2,150,Ours_DCLP,20664.7,2367708,OK
web-it-2004,2,150,REF_R2,18523.8,2431852,OK
web-it-2004,2,151,REF_R2,20446.8,2402868,OK
web-it-2004,2,151,Ours_DCLP,24499.3,2279544,OK
web-it-2004,2,152,Ours_DCLP,17973.6,2370196,OK
web-it-2004,2,152,REF_R2,16913.7,2427548,OK
web-it-2004,2,153,Ours_DCLP,21521.1,2595688,OK
web-it-2004,2,153,REF_R2,17992,2463060,OK
web-it-2004,2,154,Ours_DCLP,19280.4,2370800,OK
web-it-2004,2,154,REF_R2,18025.5,2446512,OK
web-it-2004,2,155,REF_R2,18959,2441252,OK
web-it-2004,2,156,Ours_DCLP,21709,2347116,OK
web-it-2004,2,156,REF_R2,18768.7,2430152,OK
web-it-2004,2,155,Ours_DCLP,22626.1,2534628,OK
web-it-2004,2,157,Ours_DCLP,23228,2033736,OK
web-it-2004,2,157,REF_R2,18727.1,2437732,OK
web-it-2004,2,158,Ours_DCLP,24482,2395868,OK
web-it-2004,2,158,REF_R2,20050,2386160,OK
web-it-2004,2,159,Ours_DCLP,21439.3,2459028,OK
web-it-2004,2,160,REF_R2,19566.2,2413416,OK
web-it-2004,2,159,REF_R2,18791.7,2414252,OK
web-it-2004,2,160,Ours_DCLP,23102.7,2427364,OK
web-it-2004,2,161,Ours_DCLP,23899.8,2450160,OK
web-it-2004,2,161,REF_R2,19214.1,2432328,OK
web-it-2004,2,162,Ours_DCLP,16311,2422140,OK
web-it-2004,2,164,Ours_DCLP,19954.3,1807916,OK
web-it-2004,2,162,REF_R2,16252.6,2417628,OK
web-it-2004,2,164,REF_R2,17159.3,2354728,OK
web-it-2004,2,163,Ours_DCLP,20041.2,2113448,OK
web-it-2004,2,163,REF_R2,17482,2420000,OK
web-it-2004,2,165,Ours_DCLP,23129.3,2408752,OK
web-it-2004,2,165,REF_R2,18967,2388576,OK
web-it-2004,2,166,Ours_DCLP,22204.5,2388792,OK
web-it-2004,2,167,REF_R2,18837.6,2288344,OK
web-it-2004,2,167,Ours_DCLP,22718,2070524,OK
web-it-2004,2,168,Ours_DCLP,20110.7,2333376,OK
web-it-2004,2,168,REF_R2,17767.8,2466772,OK
web-it-2004,2,166,REF_R2,19398.6,2239680,OK
web-it-2004,2,169,Ours_DCLP,21361.2,2405060,OK
web-it-2004,2,169,REF_R2,17751.4,2388584,OK
web-it-2004,2,170,Ours_DCLP,19431.6,2376612,OK
web-it-2004,2,170,REF_R2,17304.6,2383856,OK
web-it-2004,2,171,Ours_DCLP,18414.2,1853592,OK
web-it-2004,2,172,REF_R2,21099,2098456,OK
web-it-2004,2,171,REF_R2,17262.7,2338916,OK
web-it-2004,2,172,Ours_DCLP,27294.6,2088660,OK
web-it-2004,2,173,Ours_DCLP,21311.2,2323448,OK
web-it-2004,2,173,REF_R2,17884.9,2224688,OK
web-it-2004,2,174,Ours_DCLP,22019.3,2349384,OK
web-it-2004,2,174,REF_R2,18214.4,2232412,OK
web-it-2004,2,175,REF_R2,17795.1,2317876,OK
web-it-2004,2,175,Ours_DCLP,19254.9,2294576,OK
web-it-2004,2,176,Ours_DCLP,17883.2,2150600,OK
web-it-2004,2,176,REF_R2,16659.2,2282712,OK
web-it-2004,2,177,Ours_DCLP,17408,2080324,OK
web-it-2004,2,177,REF_R2,16008,2312288,OK
web-it-2004,2,178,Ours_DCLP,19665.3,2285420,OK
web-it-2004,2,178,REF_R2,17440.8,2294324,OK
web-it-2004,2,179,Ours_DCLP,21689.6,1887992,OK
web-it-2004,2,179,REF_R2,17606.3,2354336,OK
web-it-2004,2,180,Ours_DCLP,15891.6,2258940,OK
web-it-2004,2,180,REF_R2,15973.7,2354612,OK
web-it-2004,2,181,Ours_DCLP,20325.4,1791692,OK
web-it-2004,2,181,REF_R2,17533.8,2258352,OK
web-it-2004,2,182,Ours_DCLP,16073.2,2256704,OK
web-it-2004,2,182,REF_R2,15495.5,2196608,OK
web-it-2004,2,183,Ours_DCLP,19326.9,2171168,OK
web-it-2004,2,183,REF_R2,16581.9,2276664,OK
web-it-2004,2,184,Ours_DCLP,17042,1783488,OK
web-it-2004,2,184,REF_R2,16049,2136068,OK
web-it-2004,2,185,REF_R2,16937.9,2263472,OK
web-it-2004,2,185,Ours_DCLP,20258.8,2037816,OK
web-it-2004,2,186,Ours_DCLP,17599.5,2257064,OK
web-it-2004,2,186,REF_R2,15889,2279860,OK
web-it-2004,2,187,Ours_DCLP,18736.8,2130816,OK
web-it-2004,2,187,REF_R2,16986.8,2217692,OK
web-it-2004,2,188,Ours_DCLP,19253.9,1971356,OK
web-it-2004,2,188,REF_R2,17112.7,2158768,OK
web-it-2004,2,189,Ours_DCLP,17083,1736588,OK
web-it-2004,2,189,REF_R2,16666.6,2068592,OK
web-it-2004,2,190,Ours_DCLP,22742.2,2109320,OK
web-it-2004,2,190,REF_R2,18305.5,2186804,OK
web-it-2004,2,191,REF_R2,16742.4,2207224,OK
web-it-2004,2,192,Ours_DCLP,19688.9,1726396,OK
web-it-2004,2,191,Ours_DCLP,19183.9,2153576,OK
web-it-2004,2,193,Ours_DCLP,19073,2235448,OK
web-it-2004,2,192,REF_R2,17088.6,2104636,OK
web-it-2004,2,194,Ours_DCLP,17383.1,1965304,OK
web-it-2004,2,193,REF_R2,16847.5,2186324,OK
web-it-2004,2,194,REF_R2,15676.8,2167268,OK
web-it-2004,2,195,Ours_DCLP,13809.6,2130348,OK
web-it-2004,2,195,REF_R2,14720.8,2162628,OK
web-it-2004,2,196,Ours_DCLP,15966.6,1864168,OK
web-it-2004,2,196,REF_R2,14998.4,2159060,OK
web-it-2004,2,197,Ours_DCLP,18836.4,1733288,OK
web-it-2004,2,197,REF_R2,16121.8,1834476,OK
web-it-2004,2,198,Ours_DCLP,18256,1905432,OK
web-it-2004,2,198,REF_R2,16096.9,2113596,OK
web-it-2004,2,199,Ours_DCLP,21273.8,1951880,OK
web-it-2004,2,199,REF_R2,17659.7,2116192,OK
web-it-2004,2,200,Ours_DCLP,17493.6,1971108,OK
web-it-2004,2,200,REF_R2,15524.7,2024332,OK
web-it-2004,2,201,Ours_DCLP,18687.4,1748792,OK
web-it-2004,2,201,REF_R2,15756.8,2113076,OK
web-it-2004,2,202,Ours_DCLP,17831.4,2031280,OK
web-it-2004,2,202,REF_R2,15598.9,2102056,OK
web-it-2004,2,203,REF_R2,16939,2114896,OK
web-it-2004,2,203,Ours_DCLP,18947.8,1956072,OK
web-it-2004,2,204,REF_R2,13758.2,2090880,OK
web-it-2004,2,204,Ours_DCLP,13679.8,2060540,OK
web-it-2004,2,205,Ours_DCLP,17868.4,1847212,OK
web-it-2004,2,205,REF_R2,15422.5,2133476,OK
web-it-2004,2,206,Ours_DCLP,18570.5,1763340,OK
web-it-2004,2,206,REF_R2,15938.5,1774744,OK
web-it-2004,2,207,REF_R2,15553.9,1835744,OK
web-it-2004,2,207,Ours_DCLP,17448.9,1795324,OK
web-it-2004,2,208,REF_R2,15203.9,2050620,OK
web-it-2004,2,209,Ours_DCLP,15719.4,1949628,OK
web-it-2004,2,208,Ours_DCLP,15643.2,1861028,OK
web-it-2004,2,209,REF_R2,14742.1,2028960,OK
web-it-2004,2,210,Ours_DCLP,15669.3,1573976,OK
web-it-2004,2,210,REF_R2,14382.3,2079108,OK
web-it-2004,2,211,Ours_DCLP,19830.4,1916524,OK
web-it-2004,2,211,REF_R2,17258.3,1934188,OK
web-it-2004,2,212,Ours_DCLP,16531.6,1817248,OK
web-it-2004,2,212,REF_R2,15056.5,2137364,OK
web-it-2004,2,213,REF_R2,17730.4,1723004,OK
web-it-2004,2,213,Ours_DCLP,22613.3,2046244,OK
web-it-2004,2,214,Ours_DCLP,15339.7,1792900,OK
web-it-2004,2,214,REF_R2,14203,1839304,OK
web-it-2004,2,215,Ours_DCLP,20747.9,2034016,OK
web-it-2004,2,215,REF_R2,17781.2,2009348,OK
web-it-2004,2,216,Ours_DCLP,13108,1660152,OK
web-it-2004,2,217,Ours_DCLP,12069,1960732,OK
web-it-2004,2,217,REF_R2,12959.5,1904200,OK
web-it-2004,2,216,REF_R2,13550.2,1825396,OK
web-it-2004,2,218,Ours_DCLP,14573.2,1666368,OK
web-it-2004,2,219,Ours_DCLP,17854.6,1695452,OK
web-it-2004,2,218,REF_R2,13845,1931204,OK
web-it-2004,2,219,REF_R2,16342.3,1837784,OK
web-it-2004,2,220,Ours_DCLP,19717.6,1740716,OK
web-it-2004,2,221,REF_R2,14273.3,2017476,OK
web-it-2004,2,221,Ours_DCLP,14579.1,1826148,OK
web-it-2004,2,220,REF_R2,16579.7,1999216,OK
web-it-2004,2,222,Ours_DCLP,18234.8,1845676,OK
web-it-2004,2,222,REF_R2,15512.3,1773508,OK
web-it-2004,2,223,Ours_DCLP,13670.6,1788856,OK
web-it-2004,2,223,REF_R2,14077.1,1507636,OK
web-it-2004,2,224,Ours_DCLP,14365.4,1931356,OK
web-it-2004,2,225,Ours_DCLP,13744.2,1888012,OK
web-it-2004,2,225,REF_R2,13611,1947792,OK
web-it-2004,2,224,REF_R2,14100.5,2016116,OK
web-it-2004,2,226,REF_R2,13785.4,1843972,OK
web-it-2004,2,226,Ours_DCLP,15067.2,1679804,OK
web-it-2004,2,227,Ours_DCLP,17050,1725536,OK
web-it-2004,2,227,REF_R2,15393.2,1948840,OK
web-it-2004,2,228,Ours_DCLP,12804,1969004,OK
web-it-2004,2,229,Ours_DCLP,16285.5,1868520,OK
web-it-2004,2,229,REF_R2,15379.7,1903820,OK
web-it-2004,2,228,REF_R2,12924.9,1715420,OK
web-it-2004,2,230,Ours_DCLP,11459.7,1962652,OK
web-it-2004,2,230,REF_R2,12764.2,1812516,OK
web-it-2004,2,231,Ours_DCLP,14017.9,1949832,OK
web-it-2004,2,231,REF_R2,13768.7,1781076,OK
web-it-2004,2,232,Ours_DCLP,15739.4,1907600,OK
web-it-2004,2,232,REF_R2,14841.2,1779316,OK
web-it-2004,2,233,REF_R2,13521.8,1890384,OK
web-it-2004,2,233,Ours_DCLP,14535.4,1691224,OK
web-it-2004,2,234,Ours_DCLP,11472.7,1781052,OK
web-it-2004,2,234,REF_R2,12761.5,1879452,OK
web-it-2004,2,235,Ours_DCLP,16086.7,1421456,OK
web-it-2004,2,235,REF_R2,14435.7,1901220,OK
web-it-2004,2,236,Ours_DCLP,13402.3,1486832,OK
web-it-2004,2,236,REF_R2,13331.4,1788956,OK
web-it-2004,2,237,Ours_DCLP,16255.4,1689172,OK
web-it-2004,2,237,REF_R2,15430.8,1552856,OK
web-it-2004,2,238,Ours_DCLP,13678.3,1813780,OK
web-it-2004,2,238,REF_R2,13699.8,1758092,OK
web-it-2004,2,239,Ours_DCLP,14270.5,1564796,OK
web-it-2004,2,239,REF_R2,13388.1,1674960,OK
web-it-2004,2,240,Ours_DCLP,16511.6,1600104,OK
web-it-2004,2,240,REF_R2,14596.5,1642812,OK
web-it-2004,2,241,Ours_DCLP,14118.7,1685544,OK
web-it-2004,2,241,REF_R2,13439.3,1874400,OK
web-it-2004,2,242,Ours_DCLP,12221.5,1123124,OK
web-it-2004,2,242,REF_R2,12614.3,1631956,OK
web-it-2004,2,243,Ours_DCLP,15063.4,1829332,OK
web-it-2004,2,243,REF_R2,13810.8,1596732,OK
web-it-2004,2,244,Ours_DCLP,15405.7,1603748,OK
web-it-2004,2,244,REF_R2,13960.7,1400728,OK
web-it-2004,2,245,Ours_DCLP,14991.6,1422368,OK
web-it-2004,2,245,REF_R2,13686.4,1638040,OK
web-it-2004,2,246,Ours_DCLP,13076.3,1368868,OK
web-it-2004,2,246,REF_R2,13148.4,1293504,OK
web-it-2004,2,247,Ours_DCLP,12650.2,1366480,OK
web-it-2004,2,247,REF_R2,12693.4,1802720,OK
web-it-2004,2,248,Ours_DCLP,12551.6,1407464,OK
web-it-2004,2,248,REF_R2,12727.4,1534416,OK
web-it-2004,2,249,REF_R2,12899.1,1659416,OK
web-it-2004,2,249,Ours_DCLP,13563,1494452,OK
web-it-2004,2,250,REF_R2,12733,1528820,OK
web-it-2004,2,250,Ours_DCLP,12951.4,1629332,OK
web-it-2004,2,251,REF_R2,11825.5,1568664,OK
web-it-2004,2,251,Ours_DCLP,11234.5,485564,OK
web-it-2004,2,252,Ours_DCLP,11867.2,1371432,OK
web-it-2004,2,252,REF_R2,12069.7,1754504,OK
web-it-2004,2,253,Ours_DCLP,15024.6,1271452,OK
web-it-2004,2,253,REF_R2,13475.6,1575136,OK
web-it-2004,2,254,Ours_DCLP,16101.8,1348452,OK
web-it-2004,2,254,REF_R2,14455.1,1331204,OK
web-it-2004,2,255,REF_R2,13237.5,1179524,OK
web-it-2004,2,255,Ours_DCLP,13555.1,1484436,OK
web-it-2004,2,256,Ours_DCLP,13203.4,1445940,OK
web-it-2004,2,256,REF_R2,12689,1685816,OK
web-it-2004,2,257,Ours_DCLP,17429.7,1819672,OK
web-it-2004,2,257,REF_R2,15463.4,1366672,OK
web-it-2004,2,258,Ours_DCLP,15892.7,1508008,OK
web-it-2004,2,259,Ours_DCLP,12419.9,1495228,OK
web-it-2004,2,259,REF_R2,12564.4,1145220,OK
web-it-2004,2,260,Ours_DCLP,14436,1426472,OK
web-it-2004,2,258,REF_R2,14261.4,1307692,OK
web-it-2004,2,260,REF_R2,13102.6,940764,OK
web-it-2004,2,261,Ours_DCLP,14785.4,1511532,OK
web-it-2004,2,261,REF_R2,13287.6,1313800,OK
web-it-2004,2,262,REF_R2,11645.5,1148808,OK
web-it-2004,2,262,Ours_DCLP,12081.7,1457556,OK
web-it-2004,2,263,Ours_DCLP,13015,1479680,OK
web-it-2004,2,264,Ours_DCLP,15327.1,1661508,OK
web-it-2004,2,263,REF_R2,13082.3,1204952,OK
web-it-2004,2,264,REF_R2,13753.7,1336368,OK
web-it-2004,2,265,Ours_DCLP,11434.8,1548868,OK
web-it-2004,2,265,REF_R2,11559.7,1321996,OK
web-it-2004,2,266,Ours_DCLP,9819.09,949328,OK
web-it-2004,2,266,REF_R2,11212.7,1155468,OK
web-it-2004,2,267,Ours_DCLP,12794.1,1243288,OK
web-it-2004,2,267,REF_R2,12503.1,732000,OK
web-it-2004,2,268,Ours_DCLP,12804.8,1319124,OK
web-it-2004,2,268,REF_R2,12149,841776,OK
web-it-2004,2,269,REF_R2,12490.3,460412,OK
web-it-2004,2,269,Ours_DCLP,13748.7,1319636,OK
web-it-2004,2,270,Ours_DCLP,13602.7,1098424,OK
web-it-2004,2,271,Ours_DCLP,12422.7,887488,OK
web-it-2004,2,270,REF_R2,12764.5,1142060,OK
web-it-2004,2,272,Ours_DCLP,13743,1299628,OK
web-it-2004,2,271,REF_R2,12024.2,449156,OK
web-it-2004,2,273,REF_R2,12019.5,1149336,OK
web-it-2004,2,273,Ours_DCLP,13152.3,1274488,OK
web-it-2004,2,272,REF_R2,12951.5,1346792,OK
web-it-2004,2,274,Ours_DCLP,11827.8,1405744,OK
web-it-2004,2,274,REF_R2,11959.3,1478120,OK
web-it-2004,2,275,Ours_DCLP,15411.8,937904,OK
web-it-2004,2,276,Ours_DCLP,13665,1045116,OK
web-it-2004,2,275,REF_R2,12965.2,1464880,OK
web-it-2004,2,276,REF_R2,11964.9,1553808,OK
web-it-2004,2,277,Ours_DCLP,11908.4,1303824,OK
web-it-2004,2,277,REF_R2,11927.3,1256440,OK
web-it-2004,2,278,Ours_DCLP,10787.7,1070520,OK
web-it-2004,2,278,REF_R2,10882.9,1151440,OK
web-it-2004,2,279,REF_R2,11671,1180780,OK
web-it-2004,2,279,Ours_DCLP,11948.7,1219760,OK
web-it-2004,2,280,Ours_DCLP,10811.9,1106296,OK
web-it-2004,2,280,REF_R2,10734.7,869972,OK
web-it-2004,2,281,Ours_DCLP,11603.6,1369340,OK
web-it-2004,2,281,REF_R2,11550.1,512664,OK
web-it-2004,2,282,Ours_DCLP,12960.1,341988,OK
web-it-2004,2,282,REF_R2,11748.7,1392160,OK
web-it-2004,2,284,REF_R2,12023.7,855484,OK
web-it-2004,2,284,Ours_DCLP,13490.9,1463272,OK
web-it-2004,2,283,Ours_DCLP,10726.1,1417936,OK
web-it-2004,2,285,Ours_DCLP,9873.27,1496036,OK
web-it-2004,2,283,REF_R2,11017.9,1452784,OK
web-it-2004,2,285,REF_R2,10600.2,239500,OK
web-it-2004,2,286,REF_R2,10916.8,465440,OK
web-it-2004,2,286,Ours_DCLP,11165.2,1496284,OK
web-it-2004,2,288,REF_R2,10568.2,294220,OK
web-it-2004,2,287,REF_R2,12596.7,1085364,OK
web-it-2004,2,287,Ours_DCLP,14155.8,1086880,OK
web-it-2004,2,288,Ours_DCLP,10704.3,854548,OK
web-it-2004,2,289,Ours_DCLP,10692.9,427008,OK
web-it-2004,2,289,REF_R2,10664,1213344,OK
web-it-2004,2,290,Ours_DCLP,11849.9,1013404,OK
web-it-2004,2,290,REF_R2,10957.9,793800,OK
web-it-2004,2,291,Ours_DCLP,13216.3,373248,OK
web-it-2004,2,291,REF_R2,12081.8,1361232,OK
web-it-2004,2,292,Ours_DCLP,12117.6,1038420,OK
web-it-2004,2,292,REF_R2,11143.7,958624,OK
web-it-2004,2,293,Ours_DCLP,11160.4,539640,OK
web-it-2004,2,293,REF_R2,10504.2,656688,OK
web-it-2004,2,294,Ours_DCLP,10852.3,805712,OK
web-it-2004,2,294,REF_R2,10602.6,1325528,OK
web-it-2004,2,296,Ours_DCLP,9082.33,1094792,OK
web-it-2004,2,295,Ours_DCLP,10011.4,829388,OK
web-it-2004,2,296,REF_R2,9949.32,886140,OK
web-it-2004,2,295,REF_R2,10237.1,902024,OK
web-it-2004,2,297,Ours_DCLP,12102.2,813760,OK
web-it-2004,2,297,REF_R2,10817.6,206928,OK
web-it-2004,2,298,Ours_DCLP,10459.4,1025700,OK
web-it-2004,2,298,REF_R2,10027,824772,OK
web-it-2004,2,299,Ours_DCLP,10583.1,1023316,OK
web-it-2004,2,299,REF_R2,9925.12,738296,OK
web-it-2004,2,300,REF_R2,9607.09,202552,OK
web-it-2004,2,300,Ours_DCLP,8858.72,770712,OK
web-it-2004,2,301,REF_R2,10350.3,1097580,OK
web-it-2004,2,301,Ours_DCLP,11023.8,315556,OK
web-it-2004,2,302,Ours_DCLP,12354,536168,OK
web-it-2004,2,302,REF_R2,10623.4,201928,OK
web-it-2004,2,303,Ours_DCLP,8521.17,672712,OK
web-it-2004,2,303,REF_R2,8990.35,1212860,OK
web-it-2004,2,304,REF_R2,9343.92,194764,OK
web-it-2004,2,304,Ours_DCLP,8623.89,527736,OK
web-it-2004,2,305,Ours_DCLP,10822.5,743596,OK
web-it-2004,2,305,REF_R2,10051.2,436240,OK
web-it-2004,2,306,Ours_DCLP,10320.3,365740,OK
web-it-2004,2,307,Ours_DCLP,11125.4,1076388,OK
web-it-2004,2,306,REF_R2,9834.43,701120,OK
web-it-2004,2,307,REF_R2,10163.3,872444,OK
web-it-2004,2,308,Ours_DCLP,10585.6,929128,OK
web-it-2004,2,308,REF_R2,9849.93,493092,OK
web-it-2004,2,309,REF_R2,10086,201344,OK
web-it-2004,2,309,Ours_DCLP,11251.4,716496,OK
web-it-2004,2,310,Ours_DCLP,7204.02,883288,OK
web-it-2004,2,310,REF_R2,8280.22,243248,OK
web-it-2004,2,311,Ours_DCLP,7794.32,738992,OK
web-it-2004,2,312,REF_R2,9650.67,236688,OK
web-it-2004,2,311,REF_R2,8622.11,834724,OK
web-it-2004,2,312,Ours_DCLP,10220.5,280012,OK
web-it-2004,2,313,REF_R2,10260,425732,OK
web-it-2004,2,313,Ours_DCLP,11822.7,219960,OK
web-it-2004,2,314,Ours_DCLP,9331.55,693680,OK
web-it-2004,2,315,Ours_DCLP,9674.47,260876,OK
web-it-2004,2,314,REF_R2,9187.93,425672,OK
web-it-2004,2,316,Ours_DCLP,9200.37,660388,OK
web-it-2004,2,315,REF_R2,9120.57,894548,OK
web-it-2004,2,317,Ours_DCLP,7795.14,365560,OK
web-it-2004,2,317,REF_R2,8255.85,424200,OK
web-it-2004,2,316,REF_R2,8819.16,941432,OK
web-it-2004,2,318,Ours_DCLP,8242.22,410664,OK
web-it-2004,2,318,REF_R2,8558.21,622916,OK
web-it-2004,2,319,Ours_DCLP,10505.2,914692,OK
web-it-2004,2,320,Ours_DCLP,8435.45,777724,OK
web-it-2004,2,321,Ours_DCLP,9542.85,413096,OK
web-it-2004,2,319,REF_R2,9331.71,437132,OK
web-it-2004,2,321,REF_R2,8788.66,534564,OK
web-it-2004,2,320,REF_R2,8551.33,584104,OK
web-it-2004,2,322,Ours_DCLP,8803.77,811640,OK
web-it-2004,2,322,REF_R2,8455.42,307176,OK
web-it-2004,2,323,Ours_DCLP,11580.7,268712,OK
web-it-2004,2,323,REF_R2,9897.8,443584,OK
web-it-2004,2,324,Ours_DCLP,7808.85,195116,OK
web-it-2004,2,325,Ours_DCLP,6963.38,264888,OK
web-it-2004,2,325,REF_R2,7653.67,211684,OK
web-it-2004,2,324,REF_R2,7978.06,213104,OK
web-it-2004,2,326,Ours_DCLP,9320.56,266248,OK
web-it-2004,2,326,REF_R2,8684.6,432840,OK
web-it-2004,2,327,Ours_DCLP,8188.45,663288,OK
web-it-2004,2,327,REF_R2,7886.43,940400,OK
web-it-2004,2,328,Ours_DCLP,6728.31,252496,OK
web-it-2004,2,328,REF_R2,7379.33,583896,OK
web-it-2004,2,329,REF_R2,7484.17,425460,OK
web-it-2004,2,329,Ours_DCLP,6968.91,192240,OK
web-it-2004,2,330,Ours_DCLP,7586.9,480944,OK
web-it-2004,2,331,Ours_DCLP,7677.46,258364,OK
web-it-2004,2,330,REF_R2,7777.2,432752,OK
web-it-2004,2,331,REF_R2,7670.82,426772,OK
web-it-2004,2,332,Ours_DCLP,8134.1,551136,OK
web-it-2004,2,332,REF_R2,7796.74,497460,OK
web-it-2004,2,333,Ours_DCLP,9000.4,256724,OK
web-it-2004,2,333,REF_R2,8171.34,868208,OK
web-it-2004,2,334,Ours_DCLP,8365.57,255064,OK
web-it-2004,2,335,Ours_DCLP,8371.12,259292,OK
web-it-2004,2,334,REF_R2,7768.87,430048,OK
web-it-2004,2,335,REF_R2,7682.63,422552,OK
web-it-2004,2,336,Ours_DCLP,6982.1,580332,OK
web-it-2004,2,336,REF_R2,7184.25,451944,OK
web-it-2004,2,337,Ours_DCLP,7332.92,655848,OK
web-it-2004,2,337,REF_R2,7238.82,429812,OK
web-it-2004,2,338,Ours_DCLP,6106.83,727352,OK
web-it-2004,2,338,REF_R2,6512.62,809224,OK
web-it-2004,2,339,Ours_DCLP,9313.87,355492,OK
web-it-2004,2,339,REF_R2,7947.32,428300,OK
web-it-2004,2,340,REF_R2,7234.68,558628,OK
web-it-2004,2,340,Ours_DCLP,7438.18,260504,OK
web-it-2004,2,341,Ours_DCLP,6592.85,216660,OK
web-it-2004,2,341,REF_R2,6747.96,760016,OK
web-it-2004,2,342,Ours_DCLP,6586.84,290932,OK
web-it-2004,2,342,REF_R2,6691.04,429464,OK
web-it-2004,2,343,REF_R2,7273.06,325552,OK
web-it-2004,2,343,Ours_DCLP,7755.22,298016,OK
web-it-2004,2,344,Ours_DCLP,5925.93,294436,OK
web-it-2004,2,344,REF_R2,6409.75,191724,OK
web-it-2004,2,345,REF_R2,6426.5,704456,OK
web-it-2004,2,345,Ours_DCLP,6465.13,212100,OK
web-it-2004,2,346,Ours_DCLP,6794.05,265700,OK
web-it-2004,2,346,REF_R2,6723.81,441864,OK
web-it-2004,2,347,REF_R2,6218.06,305000,OK
web-it-2004,2,347,Ours_DCLP,6087.31,237872,OK
web-it-2004,2,348,REF_R2,5956.48,665080,OK
web-it-2004,2,348,Ours_DCLP,5496.91,236376,OK
web-it-2004,2,349,Ours_DCLP,4323.78,184796,OK
web-it-2004,2,349,REF_R2,5395.96,185932,OK
web-it-2004,2,350,Ours_DCLP,6342.09,286700,OK
web-it-2004,2,350,REF_R2,6349.51,451900,OK
web-it-2004,2,351,Ours_DCLP,7312.61,184964,OK
web-it-2004,2,352,Ours_DCLP,4546.22,265900,OK
web-it-2004,2,351,REF_R2,6656.66,506604,OK
web-it-2004,2,352,REF_R2,5340.53,384632,OK
web-it-2004,2,353,Ours_DCLP,6457.15,243080,OK
web-it-2004,2,353,REF_R2,6074.59,430740,OK
web-it-2004,2,354,Ours_DCLP,5572.7,261124,OK
web-it-2004,2,354,REF_R2,5794.26,684956,OK
web-it-2004,2,355,Ours_DCLP,6402.45,206064,OK
web-it-2004,2,355,REF_R2,6054.94,383980,OK
web-it-2004,2,356,REF_R2,5523.63,383784,OK
web-it-2004,2,356,Ours_DCLP,5513.1,244884,OK
web-it-2004,2,357,REF_R2,5802.33,184828,OK
web-it-2004,2,357,Ours_DCLP,6135.1,184988,OK
web-it-2004,2,358,Ours_DCLP,4007.45,238168,OK
web-it-2004,2,358,REF_R2,4786.18,184604,OK
web-it-2004,2,359,Ours_DCLP,5357.3,236320,OK
web-it-2004,2,359,REF_R2,5307.46,383304,OK
web-it-2004,2,360,REF_R2,4663.49,184884,OK
web-it-2004,2,360,Ours_DCLP,3954.12,230140,OK
web-it-2004,2,361,Ours_DCLP,4751.45,215948,OK
web-it-2004,2,361,REF_R2,4876.41,498512,OK
web-it-2004,2,362,Ours_DCLP,4167.81,227688,OK
web-it-2004,2,363,Ours_DCLP,3356.71,193908,OK
web-it-2004,2,363,REF_R2,4249.65,391020,OK
web-it-2004,2,362,REF_R2,4572.59,385012,OK
web-it-2004,2,364,Ours_DCLP,4305.75,200736,OK
web-it-2004,2,364,REF_R2,4548.54,425656,OK
web-it-2004,2,365,Ours_DCLP,3779.04,184856,OK
web-it-2004,2,365,REF_R2,4279.24,459468,OK
web-it-2004,2,366,Ours_DCLP,3549.85,206244,OK
web-it-2004,2,366,REF_R2,4114.53,446512,OK
web-it-2004,2,368,Ours_DCLP,3619.33,225524,OK
web-it-2004,2,367,Ours_DCLP,2795.37,202592,OK
web-it-2004,2,367,REF_R2,3766.13,450668,OK
web-it-2004,2,368,REF_R2,4068.49,450240,OK
web-it-2004,2,369,Ours_DCLP,2790.73,211472,OK
web-it-2004,2,369,REF_R2,3517.54,459048,OK
web-it-2004,2,370,Ours_DCLP,2614.7,205848,OK
web-it-2004,2,370,REF_R2,3456.77,449432,OK
web-it-2004,2,371,Ours_DCLP,3785.81,184936,OK
web-it-2004,2,372,REF_R2,3981.94,328004,OK
web-it-2004,2,372,Ours_DCLP,4017.01,184784,OK
web-it-2004,2,371,REF_R2,3897.88,427300,OK
web-it-2004,2,373,Ours_DCLP,3518.86,199776,OK
web-it-2004,2,373,REF_R2,3749.22,184792,OK
web-it-2004,2,374,Ours_DCLP,3401.51,184940,OK
web-it-2004,2,375,Ours_DCLP,2668.28,201840,OK
web-it-2004,2,374,REF_R2,3619.45,184896,OK
web-it-2004,2,376,REF_R2,2903.36,406400,OK
web-it-2004,2,375,REF_R2,3210.1,184928,OK
web-it-2004,2,376,Ours_DCLP,1983.67,184972,OK
web-it-2004,2,377,Ours_DCLP,3032.99,184672,OK
web-it-2004,2,377,REF_R2,3297.86,406140,OK
web-it-2004,2,378,Ours_DCLP,2623.36,184792,OK
web-it-2004,2,379,Ours_DCLP,2955.09,202392,OK
web-it-2004,2,380,Ours_DCLP,2172.06,195964,OK
web-it-2004,2,379,REF_R2,3178.99,184932,OK
web-it-2004,2,378,REF_R2,3086.46,184864,OK
web-it-2004,2,380,REF_R2,2787.41,184776,OK
web-it-2004,2,381,Ours_DCLP,3003.18,198700,OK
web-it-2004,2,381,REF_R2,3093.72,184824,OK
web-it-2004,2,382,Ours_DCLP,2467.79,196032,OK
web-it-2004,2,382,REF_R2,2899.71,184972,OK
web-it-2004,2,383,Ours_DCLP,2002.8,194864,OK
web-it-2004,2,383,REF_R2,2668.04,184784,OK
web-it-2004,2,384,Ours_DCLP,2024.51,192900,OK
web-it-2004,2,384,REF_R2,2605.63,462224,OK
web-it-2004,2,385,Ours_DCLP,1685.3,196196,OK
web-it-2004,2,385,REF_R2,2406.14,462108,OK
web-it-2004,2,386,Ours_DCLP,2054.84,184872,OK
web-it-2004,2,386,REF_R2,2535.39,462120,OK
web-it-2004,2,387,Ours_DCLP,1684.96,207604,OK
web-it-2004,2,387,REF_R2,2291.06,461912,OK
web-it-2004,2,388,Ours_DCLP,1159.38,196592,OK
web-it-2004,2,388,REF_R2,2111.56,204060,OK
web-it-2004,2,389,Ours_DCLP,1170.88,184692,OK
web-it-2004,2,389,REF_R2,2094.1,184844,OK
web-it-2004,2,390,REF_R2,1970.93,184764,OK
web-it-2004,2,391,Ours_DCLP,1845.11,184956,OK
web-it-2004,2,390,Ours_DCLP,1076.18,195836,OK
web-it-2004,2,391,REF_R2,2256.08,460892,OK
web-it-2004,2,392,Ours_DCLP,1105.1,207996,OK
web-it-2004,2,392,REF_R2,1955,460996,OK
web-it-2004,2,393,Ours_DCLP,1329.86,204492,OK
web-it-2004,2,393,REF_R2,2002.28,184880,OK
web-it-2004,2,394,REF_R2,1798.4,460652,OK
web-it-2004,2,395,Ours_DCLP,790.56,184844,OK
web-it-2004,2,394,Ours_DCLP,917.486,184688,OK
web-it-2004,2,395,REF_R2,1710.59,460664,OK
web-it-2004,2,396,Ours_DCLP,1424.37,184984,OK
web-it-2004,2,396,REF_R2,1974.93,184832,OK
web-it-2004,2,397,Ours_DCLP,647.056,197848,OK
web-it-2004,2,397,REF_R2,1624.82,460672,OK
web-it-2004,2,398,Ours_DCLP,1076.03,199688,OK
web-it-2004,2,398,REF_R2,1800.22,460596,OK
web-it-2004,2,399,Ours_DCLP,1212.89,184772,OK
web-it-2004,2,399,REF_R2,1825.66,184716,OK
web-it-2004,2,400,REF_R2,1570.43,185000,OK
web-it-2004,2,401,Ours_DCLP,825.608,201752,OK
web-it-2004,2,401,REF_R2,1683.35,212996,OK
web-it-2004,2,400,Ours_DCLP,655.601,206216,OK
web-it-2004,2,402,Ours_DCLP,1485.65,200524,OK
web-it-2004,2,402,REF_R2,1890.11,184900,OK
web-it-2004,2,403,Ours_DCLP,429.388,191760,OK
web-it-2004,2,403,REF_R2,1454.8,459816,OK
web-it-2004,2,404,Ours_DCLP,4652.11,184844,OK
web-it-2004,2,405,Ours_DCLP,4473.84,184716,OK
web-it-2004,2,405,REF_R2,3155.34,459788,OK
web-it-2004,2,404,REF_R2,3259.34,459692,OK
web-it-2004,2,406,Ours_DCLP,4295.97,206764,OK
web-it-2004,2,406,REF_R2,3076.41,459572,OK
web-it-2004,2,407,Ours_DCLP,4117.72,201212,OK
web-it-2004,2,407,REF_R2,2987.73,459728,OK
web-it-2004,2,408,Ours_DCLP,3926.66,202484,OK
web-it-2004,2,408,REF_R2,2908.06,184872,OK
web-it-2004,2,409,Ours_DCLP,3733.66,184780,OK
web-it-2004,2,409,REF_R2,2809.41,184704,OK
web-it-2004,2,410,Ours_DCLP,3551.51,194008,OK
web-it-2004,2,410,REF_R2,2710.73,184600,OK
web-it-2004,2,411,Ours_DCLP,3364.44,184872,OK
web-it-2004,2,411,REF_R2,2638.11,235108,OK
web-it-2004,2,412,REF_R2,2481.66,235036,OK
web-it-2004,2,412,Ours_DCLP,3154.84,184944,OK
web-it-2004,2,413,REF_R2,2439.82,184744,OK
web-it-2004,2,413,Ours_DCLP,3006.24,184880,OK
web-it-2004,2,414,Ours_DCLP,2837.88,206400,OK
web-it-2004,2,414,REF_R2,2356.32,184912,OK
web-it-2004,2,415,Ours_DCLP,2685.15,204876,OK
web-it-2004,2,415,REF_R2,2270.68,184984,OK
web-it-2004,2,416,Ours_DCLP,2533.73,202368,OK
web-it-2004,2,416,REF_R2,2207.11,184968,OK
web-it-2004,2,417,Ours_DCLP,2356.35,198244,OK
web-it-2004,2,417,REF_R2,2113.41,184860,OK
web-it-2004,2,418,Ours_DCLP,2192.18,195380,OK
web-it-2004,2,418,REF_R2,2009.24,458524,OK
web-it-2004,2,419,REF_R2,1934.91,458796,OK
web-it-2004,2,419,Ours_DCLP,2028.73,191860,OK
web-it-2004,2,420,REF_R2,1838.93,458348,OK
web-it-2004,2,420,Ours_DCLP,1860.28,191724,OK
web-it-2004,2,421,Ours_DCLP,1700.02,191696,OK
web-it-2004,2,421,REF_R2,1775.34,458160,OK
web-it-2004,2,422,REF_R2,1697.55,458352,OK
web-it-2004,2,422,Ours_DCLP,1521.32,202344,OK
web-it-2004,2,423,Ours_DCLP,1344.31,198640,OK
web-it-2004,2,423,REF_R2,1604.44,458216,OK
web-it-2004,2,424,Ours_DCLP,1170.75,198604,OK
web-it-2004,2,424,REF_R2,1531.95,184860,OK
web-it-2004,2,425,Ours_DCLP,939.786,198708,OK
web-it-2004,2,425,REF_R2,1405.95,184836,OK
web-it-2004,2,426,Ours_DCLP,797.51,198784,OK
web-it-2004,2,426,REF_R2,1307.58,458228,OK
web-it-2004,2,427,Ours_DCLP,698.994,191656,OK
web-it-2004,2,427,REF_R2,1278.55,458032,OK
web-it-2004,2,428,Ours_DCLP,621.388,191576,OK
web-it-2004,2,429,Ours_DCLP,526.464,191596,OK
web-it-2004,2,428,REF_R2,1220.59,458164,OK
web-it-2004,2,429,REF_R2,1182.07,458140,OK
web-it-2004,2,430,Ours_DCLP,436.261,191688,OK
web-it-2004,2,430,REF_R2,1135.56,457884,OK
web-it-2004,3,310,Ours_V18,ERROR,N/A,ERROR(exit=134)
web-it-2004,3,310,Ours_V20,ERROR,N/A,ERROR(exit=134)
web-it-2004,3,309,Ours_V18,ERROR,N/A,ERROR(exit=134)
web-it-2004,3,309,Ours_V20,ERROR,N/A,ERROR(exit=134)
web-it-2004,3,311,Ours_V18,ERROR,N/A,ERROR(exit=134)
web-it-2004,3,312,Ours_V18,ERROR,N/A,ERROR(exit=143)
web-it-2004,3,312,REF_R3,ERROR,N/A,ERROR(exit=143)
web-it-2004,3,312,Ours_V20,ERROR,N/A,ERROR(exit=143)
web-it-2004,3,311,REF_R3,ERROR,N/A,ERROR(exit=143)
web-it-2004,3,311,Ours_V20,ERROR,N/A,ERROR(exit=143)
web-it-2004,3,308,REF_R3,ERROR,N/A,ERROR(exit=143)
web-it-2004,3,310,REF_R3,ERROR,N/A,ERROR(exit=143)
web-it-2004,3,309,REF_R3,ERROR,N/A,ERROR(exit=143)
web-it-2004,3,315,Ours_V20,ERROR,N/A,ERROR(exit=134)
web-it-2004,3,314,Ours_V20,ERROR,N/A,ERROR(exit=134)
web-it-2004,3,315,Ours_V18,ERROR,N/A,ERROR(exit=134)
web-it-2004,3,314,Ours_V18,ERROR,N/A,ERROR(exit=134)
web-it-2004,3,313,Ours_V20,ERROR,N/A,ERROR(exit=134)
web-it-2004,3,313,Ours_V18,ERROR,N/A,ERROR(exit=134)
web-it-2004,3,316,Ours_V18,ERROR,N/A,ERROR(exit=134)
web-it-2004,3,316,Ours_V20,ERROR,N/A,ERROR(exit=134)
web-it-2004,3,317,Ours_V18,ERROR,N/A,ERROR(exit=134)
web-it-2004,3,317,Ours_V20,ERROR,N/A,ERROR(exit=134)
web-it-2004,3,318,Ours_V20,ERROR,N/A,ERROR(exit=134)
web-it-2004,3,318,Ours_V18,ERROR,N/A,ERROR(exit=134)
web-it-2004,3,319,Ours_V20,ERROR,N/A,ERROR(exit=134)
web-it-2004,3,319,Ours_V18,ERROR,N/A,ERROR(exit=134)
web-it-2004,3,320,Ours_V18,ERROR,N/A,ERROR(exit=134)
web-it-2004,3,320,Ours_V20,ERROR,N/A,ERROR(exit=134)
web-it-2004,3,316,REF_R3,2409054,23440796,OK
web-it-2004,3,321,Ours_V18,ERROR,N/A,ERROR(exit=134)
web-it-2004,3,321,Ours_V20,ERROR,N/A,ERROR(exit=134)
web-it-2004,3,317,REF_R3,2972238,25204028,OK
web-it-2004,3,322,Ours_V18,ERROR,N/A,ERROR(exit=134)
web-it-2004,3,322,Ours_V20,ERROR,N/A,ERROR(exit=143)
web-it-2004,3,321,REF_R3,ERROR,N/A,ERROR(exit=143)
web-it-2004,3,318,REF_R3,ERROR,N/A,ERROR(exit=143)
web-it-2004,3,319,REF_R3,ERROR,N/A,ERROR(exit=143)
web-it-2004,3,320,REF_R3,ERROR,N/A,ERROR(exit=143)
web-it-2004,3,315,REF_R3,ERROR,N/A,ERROR(exit=143)
web-it-2004,3,313,REF_R3,ERROR,N/A,ERROR(exit=143)
web-it-2004,3,314,REF_R3,ERROR,N/A,ERROR(exit=143)
web-it-2004,3,324,Ours_V18,ERROR,N/A,ERROR(exit=143)
web-it-2004,3,323,Ours_V18,ERROR,N/A,ERROR(exit=143)
web-it-2004,3,323,Ours_V20,ERROR,N/A,ERROR(exit=143)
web-it-2004,3,323,REF_R3,ERROR,N/A,ERROR(exit=143)
web-it-2004,3,324,REF_R3,ERROR,N/A,ERROR(exit=143)
web-it-2004,3,325,Ours_V18,ERROR,N/A,ERROR(exit=143)
web-it-2004,3,324,Ours_V20,ERROR,N/A,ERROR(exit=143)
web-it-2004,3,322,REF_R3,ERROR,N/A,ERROR(exit=143)
web-it-2004,3,327,Ours_V20,ERROR,N/A,ERROR(exit=143)
web-it-2004,3,325,REF_R3,ERROR,N/A,ERROR(exit=143)
web-it-2004,3,326,REF_R3,ERROR,N/A,ERROR(exit=143)
web-it-2004,3,325,Ours_V20,ERROR,N/A,ERROR(exit=143)
web-it-2004,3,327,REF_R3,ERROR,N/A,ERROR(exit=143)
web-it-2004,3,326,Ours_V20,ERROR,N/A,ERROR(exit=143)
web-it-2004,3,327,Ours_V18,ERROR,N/A,ERROR(exit=143)
web-it-2004,3,326,Ours_V18,ERROR,N/A,ERROR(exit=143)
web-it-2004,3,330,Ours_V20,ERROR,N/A,ERROR(exit=143)
web-it-2004,3,328,Ours_V18,ERROR,N/A,ERROR(exit=143)
web-it-2004,3,329,Ours_V18,ERROR,N/A,ERROR(exit=143)
web-it-2004,3,328,Ours_V20,ERROR,N/A,ERROR(exit=143)
web-it-2004,3,330,Ours_V18,ERROR,N/A,ERROR(exit=143)
web-it-2004,3,329,REF_R3,ERROR,N/A,ERROR(exit=143)
web-it-2004,3,329,Ours_V20,ERROR,N/A,ERROR(exit=143)
web-it-2004,3,328,REF_R3,ERROR,N/A,ERROR(exit=143)
web-it-2004,3,332,Ours_V20,ERROR,N/A,ERROR(exit=143)
web-it-2004,3,333,Ours_V18,ERROR,N/A,ERROR(exit=143)
web-it-2004,3,332,REF_R3,ERROR,N/A,ERROR(exit=143)
web-it-2004,3,332,Ours_V18,ERROR,N/A,ERROR(exit=143)
web-it-2004,3,331,Ours_V18,ERROR,N/A,ERROR(exit=143)
web-it-2004,3,331,Ours_V20,ERROR,N/A,ERROR(exit=143)
web-it-2004,3,331,REF_R3,ERROR,N/A,ERROR(exit=143)
web-it-2004,3,330,REF_R3,ERROR,N/A,ERROR(exit=143)
web-it-2004,3,334,REF_R3,ERROR,N/A,ERROR(exit=143)
web-it-2004,3,335,Ours_V20,ERROR,N/A,ERROR(exit=143)
web-it-2004,3,334,Ours_V20,ERROR,N/A,ERROR(exit=143)
web-it-2004,3,333,REF_R3,ERROR,N/A,ERROR(exit=143)
web-it-2004,3,335,Ours_V18,ERROR,N/A,ERROR(exit=143)
web-it-2004,3,333,Ours_V20,ERROR,N/A,ERROR(exit=143)
web-it-2004,3,334,Ours_V18,ERROR,N/A,ERROR(exit=143)
web-it-2004,3,335,REF_R3,ERROR,N/A,ERROR(exit=143)
web-it-2004,3,337,REF_R3,ERROR,N/A,ERROR(exit=143)
web-it-2004,3,337,Ours_V20,ERROR,N/A,ERROR(exit=143)
web-it-2004,3,336,REF_R3,ERROR,N/A,ERROR(exit=143)
web-it-2004,3,336,Ours_V18,ERROR,N/A,ERROR(exit=143)
web-it-2004,3,338,Ours_V18,ERROR,N/A,ERROR(exit=143)
web-it-2004,3,336,Ours_V20,ERROR,N/A,ERROR(exit=143)
web-it-2004,3,337,Ours_V18,ERROR,N/A,ERROR(exit=143)
web-it-2004,3,338,Ours_V20,ERROR,N/A,ERROR(exit=143)
web-it-2004,3,339,REF_R3,ERROR,N/A,ERROR(exit=143)
web-it-2004,3,338,REF_R3,ERROR,N/A,ERROR(exit=143)
web-it-2004,3,340,REF_R3,ERROR,N/A,ERROR(exit=143)
web-it-2004,3,340,Ours_V20,ERROR,N/A,ERROR(exit=143)
web-it-2004,3,339,Ours_V20,ERROR,N/A,ERROR(exit=143)
web-it-2004,3,339,Ours_V18,ERROR,N/A,ERROR(exit=143)
web-it-2004,3,340,Ours_V18,ERROR,N/A,ERROR(exit=143)
web-it-2004,3,341,Ours_V18,ERROR,N/A,ERROR(exit=143)
web-it-2004,3,342,Ours_V18,ERROR,N/A,ERROR(exit=143)
web-it-2004,3,341,REF_R3,ERROR,N/A,ERROR(exit=143)
web-it-2004,3,343,Ours_V20,ERROR,N/A,ERROR(exit=143)
web-it-2004,3,341,Ours_V20,ERROR,N/A,ERROR(exit=143)
web-it-2004,3,342,Ours_V20,ERROR,N/A,ERROR(exit=143)
web-it-2004,3,342,REF_R3,ERROR,N/A,ERROR(exit=143)
web-it-2004,3,343,REF_R3,ERROR,N/A,ERROR(exit=143)
web-it-2004,3,343,Ours_V18,ERROR,N/A,ERROR(exit=143)
web-it-2004,3,346,Ours_V20,ERROR,N/A,ERROR(exit=143)
web-it-2004,3,346,Ours_V18,ERROR,N/A,ERROR(exit=143)
web-it-2004,3,345,Ours_V18,ERROR,N/A,ERROR(exit=143)
web-it-2004,3,344,REF_R3,ERROR,N/A,ERROR(exit=143)
web-it-2004,3,344,Ours_V18,ERROR,N/A,ERROR(exit=143)
web-it-2004,3,344,Ours_V20,ERROR,N/A,ERROR(exit=143)
web-it-2004,3,345,REF_R3,ERROR,N/A,ERROR(exit=143)
web-it-2004,3,345,Ours_V20,ERROR,N/A,ERROR(exit=143)
web-it-2004,3,346,REF_R3,ERROR,N/A,ERROR(exit=143)
web-it-2004,3,348,REF_R3,ERROR,N/A,ERROR(exit=143)
web-it-2004,3,347,Ours_V20,ERROR,N/A,ERROR(exit=143)
web-it-2004,3,348,Ours_V20,ERROR,N/A,ERROR(exit=143)
web-it-2004,3,349,Ours_V18,ERROR,N/A,ERROR(exit=143)
web-it-2004,3,347,Ours_V18,ERROR,N/A,ERROR(exit=143)
web-it-2004,3,347,REF_R3,ERROR,N/A,ERROR(exit=143)
web-it-2004,3,348,Ours_V18,ERROR,N/A,ERROR(exit=143)
web-it-2004,3,350,Ours_V20,ERROR,N/A,ERROR(exit=137)
web-it-2004,3,350,Ours_V18,ERROR,N/A,ERROR(exit=137)
web-it-2004,3,349,Ours_V20,ERROR,N/A,ERROR(exit=137)
web-it-2004,3,349,REF_R3,ERROR,N/A,ERROR(exit=137)
web-it-2004,3,350,REF_R3,ERROR,N/A,ERROR(exit=137)
web-it-2004,3,351,REF_R3,ERROR,N/A,ERROR(exit=137)
web-it-2004,3,351,Ours_V20,ERROR,N/A,ERROR(exit=137)
web-it-2004,3,351,Ours_V18,ERROR,N/A,ERROR(exit=137)
web-it-2004,3,353,REF_R3,ERROR,N/A,ERROR(exit=137)
web-it-2004,3,354,Ours_V20,ERROR,N/A,ERROR(exit=137)
web-it-2004,3,354,Ours_V18,ERROR,N/A,ERROR(exit=137)
web-it-2004,3,353,Ours_V20,ERROR,N/A,ERROR(exit=137)
web-it-2004,3,352,Ours_V18,ERROR,N/A,ERROR(exit=137)
web-it-2004,3,353,Ours_V18,ERROR,N/A,ERROR(exit=137)
web-it-2004,3,352,Ours_V20,ERROR,N/A,ERROR(exit=137)
web-it-2004,3,352,REF_R3,ERROR,N/A,ERROR(exit=137)
web-it-2004,3,354,REF_R3,ERROR,N/A,ERROR(exit=137)
web-it-2004,3,357,Ours_V18,ERROR,N/A,ERROR(exit=137)
web-it-2004,3,356,Ours_V18,ERROR,N/A,ERROR(exit=137)
web-it-2004,3,356,Ours_V20,ERROR,N/A,ERROR(exit=137)
web-it-2004,3,356,REF_R3,ERROR,N/A,ERROR(exit=137)
web-it-2004,3,355,REF_R3,ERROR,N/A,ERROR(exit=137)
web-it-2004,3,355,Ours_V18,ERROR,N/A,ERROR(exit=137)
web-it-2004,3,355,Ours_V20,ERROR,N/A,ERROR(exit=137)
web-it-2004,3,358,Ours_V20,ERROR,N/A,ERROR(exit=137)
web-it-2004,3,357,REF_R3,ERROR,N/A,ERROR(exit=137)
web-it-2004,3,358,REF_R3,ERROR,N/A,ERROR(exit=137)
web-it-2004,3,359,REF_R3,ERROR,N/A,ERROR(exit=137)
web-it-2004,3,358,Ours_V18,ERROR,N/A,ERROR(exit=137)
web-it-2004,3,357,Ours_V20,ERROR,N/A,ERROR(exit=137)
web-it-2004,3,359,Ours_V20,ERROR,N/A,ERROR(exit=137)
web-it-2004,3,359,Ours_V18,ERROR,N/A,ERROR(exit=137)
web-it-2004,3,362,Ours_V20,ERROR,N/A,ERROR(exit=137)
web-it-2004,3,360,Ours_V20,ERROR,N/A,ERROR(exit=137)
web-it-2004,3,360,REF_R3,ERROR,N/A,ERROR(exit=137)
web-it-2004,3,361,REF_R3,ERROR,N/A,ERROR(exit=137)
web-it-2004,3,361,Ours_V18,ERROR,N/A,ERROR(exit=137)
web-it-2004,3,361,Ours_V20,ERROR,N/A,ERROR(exit=137)
web-it-2004,3,360,Ours_V18,ERROR,N/A,ERROR(exit=137)
web-it-2004,3,362,Ours_V18,ERROR,N/A,ERROR(exit=137)
web-it-2004,3,364,REF_R3,ERROR,N/A,ERROR(exit=137)
web-it-2004,3,363,REF_R3,ERROR,N/A,ERROR(exit=137)
web-it-2004,3,362,REF_R3,ERROR,N/A,ERROR(exit=137)
web-it-2004,3,363,Ours_V18,ERROR,N/A,ERROR(exit=137)
web-it-2004,3,365,Ours_V18,ERROR,N/A,ERROR(exit=137)
web-it-2004,3,363,Ours_V20,ERROR,N/A,ERROR(exit=137)
web-it-2004,3,364,Ours_V20,ERROR,N/A,ERROR(exit=137)
web-it-2004,3,364,Ours_V18,ERROR,N/A,ERROR(exit=137)
web-it-2004,3,366,REF_R3,ERROR,N/A,ERROR(exit=137)
web-it-2004,3,365,Ours_V20,ERROR,N/A,ERROR(exit=137)
web-it-2004,3,365,REF_R3,ERROR,N/A,ERROR(exit=137)
web-it-2004,3,366,Ours_V18,ERROR,N/A,ERROR(exit=137)
web-it-2004,3,367,Ours_V18,ERROR,N/A,ERROR(exit=137)
web-it-2004,3,367,REF_R3,ERROR,N/A,ERROR(exit=137)
web-it-2004,3,367,Ours_V20,ERROR,N/A,ERROR(exit=137)
web-it-2004,3,366,Ours_V20,ERROR,N/A,ERROR(exit=137)
web-it-2004,3,368,Ours_V20,ERROR,N/A,ERROR(exit=137)
web-it-2004,3,369,Ours_V20,ERROR,N/A,ERROR(exit=137)
web-it-2004,3,368,REF_R3,ERROR,N/A,ERROR(exit=137)
web-it-2004,3,369,Ours_V18,ERROR,N/A,ERROR(exit=137)
web-it-2004,3,370,Ours_V20,ERROR,N/A,ERROR(exit=137)
web-it-2004,3,368,Ours_V18,ERROR,N/A,ERROR(exit=137)
web-it-2004,3,369,REF_R3,ERROR,N/A,ERROR(exit=137)
web-it-2004,3,370,Ours_V18,ERROR,N/A,ERROR(exit=137)
web-it-2004,3,371,REF_R3,ERROR,N/A,ERROR(exit=137)
web-it-2004,3,372,Ours_V20,ERROR,N/A,ERROR(exit=137)
web-it-2004,3,371,Ours_V18,ERROR,N/A,ERROR(exit=137)
web-it-2004,3,370,REF_R3,ERROR,N/A,ERROR(exit=137)
web-it-2004,3,371,Ours_V20,ERROR,N/A,ERROR(exit=137)
web-it-2004,3,372,Ours_V18,ERROR,N/A,ERROR(exit=137)
web-it-2004,3,373,Ours_V18,ERROR,N/A,ERROR(exit=137)
web-it-2004,3,372,REF_R3,ERROR,N/A,ERROR(exit=137)
web-it-2004,3,374,Ours_V20,ERROR,N/A,ERROR(exit=137)
web-it-2004,3,373,REF_R3,ERROR,N/A,ERROR(exit=137)
web-it-2004,3,373,Ours_V20,ERROR,N/A,ERROR(exit=137)
web-it-2004,3,374,REF_R3,ERROR,N/A,ERROR(exit=137)
web-it-2004,3,375,Ours_V18,ERROR,N/A,ERROR(exit=137)
web-it-2004,3,375,REF_R3,ERROR,N/A,ERROR(exit=137)
web-it-2004,3,374,Ours_V18,ERROR,N/A,ERROR(exit=137)
web-it-2004,3,375,Ours_V20,ERROR,N/A,ERROR(exit=137)
web-it-2004,3,378,Ours_V20,ERROR,N/A,ERROR(exit=134)
web-it-2004,3,378,Ours_V18,ERROR,N/A,ERROR(exit=134)
web-it-2004,3,377,Ours_V18,ERROR,N/A,ERROR(exit=134)
web-it-2004,3,377,Ours_V20,ERROR,N/A,ERROR(exit=134)
web-it-2004,3,376,Ours_V18,ERROR,N/A,ERROR(exit=134)
web-it-2004,3,376,Ours_V20,ERROR,N/A,ERROR(exit=134)
web-it-2004,3,379,Ours_V18,ERROR,N/A,ERROR(exit=134)
web-it-2004,3,380,Ours_V18,ERROR,N/A,ERROR(exit=134)
web-it-2004,3,380,Ours_V20,ERROR,N/A,ERROR(exit=134)
web-it-2004,3,379,Ours_V20,ERROR,N/A,ERROR(exit=134)
web-it-2004,3,381,Ours_V18,ERROR,N/A,ERROR(exit=134)
web-it-2004,3,381,Ours_V20,ERROR,N/A,ERROR(exit=134)
web-it-2004,3,382,Ours_V18,ERROR,N/A,ERROR(exit=134)
web-it-2004,3,382,Ours_V20,ERROR,N/A,ERROR(exit=134)
web-it-2004,3,383,Ours_V18,ERROR,N/A,ERROR(exit=134)
web-it-2004,3,383,Ours_V20,ERROR,N/A,ERROR(exit=134)
web-it-2004,3,383,REF_R3,ERROR,N/A,ERROR(exit=137)
web-it-2004,3,376,REF_R3,ERROR,N/A,ERROR(exit=137)
web-it-2004,3,382,REF_R3,ERROR,N/A,ERROR(exit=137)
web-it-2004,3,380,REF_R3,ERROR,N/A,ERROR(exit=137)
web-it-2004,3,381,REF_R3,ERROR,N/A,ERROR(exit=137)
web-it-2004,3,379,REF_R3,ERROR,N/A,ERROR(exit=137)
web-it-2004,3,378,REF_R3,ERROR,N/A,ERROR(exit=137)
web-it-2004,3,377,REF_R3,ERROR,N/A,ERROR(exit=137)
web-it-2004,3,386,Ours_V18,ERROR,N/A,ERROR(exit=134)
web-it-2004,3,386,Ours_V20,ERROR,N/A,ERROR(exit=134)
web-it-2004,3,385,Ours_V20,ERROR,N/A,ERROR(exit=134)
web-it-2004,3,385,Ours_V18,ERROR,N/A,ERROR(exit=134)
web-it-2004,3,384,Ours_V18,ERROR,N/A,ERROR(exit=134)
web-it-2004,3,384,Ours_V20,ERROR,N/A,ERROR(exit=134)
web-it-2004,3,387,Ours_V18,ERROR,N/A,ERROR(exit=134)
web-it-2004,3,388,Ours_V18,ERROR,N/A,ERROR(exit=134)
web-it-2004,3,387,Ours_V20,ERROR,N/A,ERROR(exit=134)
web-it-2004,3,388,Ours_V20,ERROR,N/A,ERROR(exit=134)
web-it-2004,3,389,Ours_V20,ERROR,N/A,ERROR(exit=134)
web-it-2004,3,389,Ours_V18,ERROR,N/A,ERROR(exit=134)
web-it-2004,3,390,Ours_V18,ERROR,N/A,ERROR(exit=143)
web-it-2004,3,390,Ours_V20,ERROR,N/A,ERROR(exit=143)
web-it-2004,3,389,REF_R3,ERROR,N/A,ERROR(exit=143)
web-it-2004,3,388,REF_R3,ERROR,N/A,ERROR(exit=143)
web-it-2004,3,386,REF_R3,ERROR,N/A,ERROR(exit=143)
web-it-2004,3,387,REF_R3,ERROR,N/A,ERROR(exit=143)
web-it-2004,3,385,REF_R3,ERROR,N/A,ERROR(exit=143)
web-it-2004,3,384,REF_R3,ERROR,N/A,ERROR(exit=143)
web-it-2004,3,393,Ours_V18,ERROR,N/A,ERROR(exit=134)
web-it-2004,3,392,Ours_V20,ERROR,N/A,ERROR(exit=134)
web-it-2004,3,392,Ours_V18,ERROR,N/A,ERROR(exit=134)
web-it-2004,3,391,Ours_V18,ERROR,N/A,ERROR(exit=134)
web-it-2004,3,391,Ours_V20,ERROR,N/A,ERROR(exit=134)
web-it-2004,3,394,Ours_V18,ERROR,N/A,ERROR(exit=134)
web-it-2004,3,394,Ours_V20,ERROR,N/A,ERROR(exit=134)
web-it-2004,3,393,Ours_V20,ERROR,N/A,ERROR(exit=134)
web-it-2004,3,395,Ours_V18,ERROR,N/A,ERROR(exit=134)
web-it-2004,3,395,Ours_V20,ERROR,N/A,ERROR(exit=134)
web-it-2004,3,396,Ours_V18,ERROR,N/A,ERROR(exit=134)
web-it-2004,3,396,Ours_V20,ERROR,N/A,ERROR(exit=134)
web-it-2004,3,397,Ours_V18,ERROR,N/A,ERROR(exit=134)
web-it-2004,3,397,Ours_V20,ERROR,N/A,ERROR(exit=134)
web-it-2004,3,394,REF_R3,275256,6924256,OK
web-it-2004,3,395,REF_R3,269861,6867516,OK
web-it-2004,3,398,Ours_V18,ERROR,N/A,ERROR(exit=134)
web-it-2004,3,398,REF_R3,ERROR,N/A,ERROR(exit=137)
web-it-2004,3,398,Ours_V20,ERROR,N/A,ERROR(exit=137)
web-it-2004,3,397,REF_R3,ERROR,N/A,ERROR(exit=137)
web-it-2004,3,393,REF_R3,ERROR,N/A,ERROR(exit=137)
web-it-2004,3,390,REF_R3,ERROR,N/A,ERROR(exit=137)
web-it-2004,3,396,REF_R3,ERROR,N/A,ERROR(exit=137)
web-it-2004,3,392,REF_R3,ERROR,N/A,ERROR(exit=137)
web-it-2004,3,391,REF_R3,ERROR,N/A,ERROR(exit=137)
web-it-2004,3,399,Ours_V20,ERROR,N/A,ERROR(exit=134)
web-it-2004,3,400,Ours_V20,ERROR,N/A,ERROR(exit=134)
web-it-2004,3,399,Ours_V18,ERROR,N/A,ERROR(exit=134)
web-it-2004,3,401,Ours_V20,ERROR,N/A,ERROR(exit=134)
web-it-2004,3,400,Ours_V18,ERROR,N/A,ERROR(exit=134)
web-it-2004,3,401,Ours_V18,ERROR,N/A,ERROR(exit=134)
web-it-2004,3,402,Ours_V18,ERROR,N/A,ERROR(exit=134)
web-it-2004,3,402,Ours_V20,ERROR,N/A,ERROR(exit=134)
web-it-2004,3,403,Ours_V18,ERROR,N/A,ERROR(exit=134)
web-it-2004,3,403,Ours_V20,ERROR,N/A,ERROR(exit=134)
web-it-2004,3,404,Ours_V18,ERROR,N/A,ERROR(exit=134)
web-it-2004,3,404,Ours_V20,ERROR,N/A,ERROR(exit=134)
web-it-2004,3,405,Ours_V18,6437.81,1499856,OK
web-it-2004,3,405,Ours_V20,6475.02,1499924,OK
web-it-2004,3,406,Ours_V18,6155.37,1470936,OK
web-it-2004,3,406,Ours_V20,6148.55,1471096,OK
web-it-2004,3,406,REF_R3,ERROR,N/A,ERROR(exit=137)
web-it-2004,3,400,REF_R3,ERROR,N/A,ERROR(exit=137)
web-it-2004,3,399,REF_R3,ERROR,N/A,ERROR(exit=137)
web-it-2004,3,404,REF_R3,ERROR,N/A,ERROR(exit=137)
web-it-2004,3,402,REF_R3,ERROR,N/A,ERROR(exit=137)
web-it-2004,3,403,REF_R3,ERROR,N/A,ERROR(exit=137)
web-it-2004,3,401,REF_R3,ERROR,N/A,ERROR(exit=137)
web-it-2004,3,405,REF_R3,ERROR,N/A,ERROR(exit=137)
web-it-2004,3,407,Ours_V20,ERROR,N/A,ERROR(exit=137)
web-it-2004,3,407,REF_R3,ERROR,N/A,ERROR(exit=137)
web-it-2004,3,407,Ours_V18,ERROR,N/A,ERROR(exit=137)
web-it-2004,3,408,Ours_V18,ERROR,N/A,ERROR(exit=137)
web-it-2004,3,409,Ours_V20,ERROR,N/A,ERROR(exit=137)
web-it-2004,3,409,Ours_V18,ERROR,N/A,ERROR(exit=137)
web-it-2004,3,408,Ours_V20,ERROR,N/A,ERROR(exit=137)
web-it-2004,3,408,REF_R3,ERROR,N/A,ERROR(exit=137)
web-it-2004,3,411,Ours_V20,ERROR,N/A,ERROR(exit=137)
web-it-2004,3,410,REF_R3,ERROR,N/A,ERROR(exit=137)
web-it-2004,3,409,REF_R3,ERROR,N/A,ERROR(exit=137)
web-it-2004,3,412,Ours_V18,ERROR,N/A,ERROR(exit=137)
web-it-2004,3,411,REF_R3,ERROR,N/A,ERROR(exit=137)
web-it-2004,3,411,Ours_V18,ERROR,N/A,ERROR(exit=137)
web-it-2004,3,410,Ours_V20,ERROR,N/A,ERROR(exit=137)
web-it-2004,3,410,Ours_V18,ERROR,N/A,ERROR(exit=137)
web-it-2004,3,413,Ours_V20,ERROR,N/A,ERROR(exit=137)
web-it-2004,3,412,Ours_V20,ERROR,N/A,ERROR(exit=137)
web-it-2004,3,412,REF_R3,ERROR,N/A,ERROR(exit=137)
web-it-2004,3,414,REF_R3,ERROR,N/A,ERROR(exit=137)
web-it-2004,3,413,Ours_V18,ERROR,N/A,ERROR(exit=137)
web-it-2004,3,414,Ours_V20,ERROR,N/A,ERROR(exit=137)
web-it-2004,3,414,Ours_V18,ERROR,N/A,ERROR(exit=137)
web-it-2004,3,413,REF_R3,ERROR,N/A,ERROR(exit=137)
web-it-2004,3,417,Ours_V18,ERROR,N/A,ERROR(exit=137)
web-it-2004,3,415,REF_R3,ERROR,N/A,ERROR(exit=137)
web-it-2004,3,417,Ours_V20,ERROR,N/A,ERROR(exit=137)
web-it-2004,3,415,Ours_V20,ERROR,N/A,ERROR(exit=137)
web-it-2004,3,416,REF_R3,ERROR,N/A,ERROR(exit=137)
web-it-2004,3,416,Ours_V20,ERROR,N/A,ERROR(exit=137)
web-it-2004,3,415,Ours_V18,ERROR,N/A,ERROR(exit=137)
web-it-2004,3,416,Ours_V18,ERROR,N/A,ERROR(exit=137)
web-it-2004,3,418,Ours_V20,ERROR,N/A,ERROR(exit=137)
web-it-2004,3,419,Ours_V18,ERROR,N/A,ERROR(exit=137)
web-it-2004,3,418,REF_R3,ERROR,N/A,ERROR(exit=137)
web-it-2004,3,420,Ours_V18,ERROR,N/A,ERROR(exit=137)
web-it-2004,3,419,REF_R3,ERROR,N/A,ERROR(exit=137)
web-it-2004,3,417,REF_R3,ERROR,N/A,ERROR(exit=137)
web-it-2004,3,419,Ours_V20,ERROR,N/A,ERROR(exit=137)
web-it-2004,3,418,Ours_V18,ERROR,N/A,ERROR(exit=137)
web-it-2004,3,420,REF_R3,ERROR,N/A,ERROR(exit=137)
web-it-2004,3,422,Ours_V20,ERROR,N/A,ERROR(exit=137)
web-it-2004,3,422,REF_R3,ERROR,N/A,ERROR(exit=137)
web-it-2004,3,420,Ours_V20,ERROR,N/A,ERROR(exit=137)
web-it-2004,3,422,Ours_V18,ERROR,N/A,ERROR(exit=137)
web-it-2004,3,421,Ours_V18,ERROR,N/A,ERROR(exit=137)
web-it-2004,3,421,REF_R3,ERROR,N/A,ERROR(exit=137)
web-it-2004,3,421,Ours_V20,ERROR,N/A,ERROR(exit=137)
web-it-2004,3,423,Ours_V18,ERROR,N/A,ERROR(exit=137)
web-it-2004,3,423,REF_R3,ERROR,N/A,ERROR(exit=137)
web-it-2004,3,425,Ours_V18,ERROR,N/A,ERROR(exit=137)
web-it-2004,3,424,Ours_V18,ERROR,N/A,ERROR(exit=137)
web-it-2004,3,424,Ours_V20,ERROR,N/A,ERROR(exit=137)
web-it-2004,3,425,Ours_V20,ERROR,N/A,ERROR(exit=137)
web-it-2004,3,424,REF_R3,ERROR,N/A,ERROR(exit=137)
web-it-2004,3,423,Ours_V20,ERROR,N/A,ERROR(exit=137)
web-it-2004,3,428,Ours_V18,665.991,992916,OK
web-it-2004,3,427,Ours_V20,796.639,1006388,OK
web-it-2004,3,427,Ours_V18,801.593,1010772,OK
web-it-2004,3,426,Ours_V18,936.715,968208,OK
web-it-2004,3,426,Ours_V20,941.238,1019220,OK
web-it-2004,3,429,Ours_V18,535.561,1001428,OK
web-it-2004,3,428,Ours_V20,670.835,989400,OK
web-it-2004,3,429,Ours_V20,532.976,993616,OK
web-it-2004,3,430,Ours_V20,398.752,976512,OK
web-it-2004,3,430,Ours_V18,400.452,982808,OK
web-it-2004,3,429,REF_R3,23105.2,3112480,OK
web-it-2004,3,427,REF_R3,30737.1,3108532,OK
web-it-2004,3,430,REF_R3,19207.9,3114580,OK
web-it-2004,3,428,REF_R3,27043.9,3110480,OK
web-it-2004,3,426,REF_R3,34931.2,3106972,OK
web-it-2004,3,425,REF_R3,43738.6,4348416,OK
web-it-2004,4,7,Ours_V20,ERROR,N/A,ERROR(exit=137)
web-it-2004,4,7,Ours_V18,ERROR,N/A,ERROR(exit=137)
web-it-2004,4,6,REF_R3,ERROR,N/A,ERROR(exit=137)
web-it-2004,4,6,Ours_V20,ERROR,N/A,ERROR(exit=137)
web-it-2004,4,6,Ours_V18,ERROR,N/A,ERROR(exit=137)
web-it-2004,4,5,REF_R3,ERROR,N/A,ERROR(exit=137)
web-it-2004,4,5,Ours_V18,ERROR,N/A,ERROR(exit=137)
web-it-2004,4,5,Ours_V20,ERROR,N/A,ERROR(exit=137)
web-it-2004,4,9,Ours_V20,ERROR,N/A,ERROR(exit=137)
web-it-2004,4,9,REF_R3,ERROR,N/A,ERROR(exit=137)
web-it-2004,4,10,Ours_V18,ERROR,N/A,ERROR(exit=137)
web-it-2004,4,8,REF_R3,ERROR,N/A,ERROR(exit=137)
web-it-2004,4,9,Ours_V18,ERROR,N/A,ERROR(exit=137)
web-it-2004,4,8,Ours_V20,ERROR,N/A,ERROR(exit=137)
web-it-2004,4,7,REF_R3,ERROR,N/A,ERROR(exit=137)
web-it-2004,4,8,Ours_V18,ERROR,N/A,ERROR(exit=137)
web-it-2004,4,12,Ours_V20,ERROR,N/A,ERROR(exit=137)
web-it-2004,4,10,REF_R3,ERROR,N/A,ERROR(exit=137)
web-it-2004,4,10,Ours_V20,ERROR,N/A,ERROR(exit=137)
web-it-2004,4,12,REF_R3,ERROR,N/A,ERROR(exit=137)
web-it-2004,4,12,Ours_V18,ERROR,N/A,ERROR(exit=137)
web-it-2004,4,11,REF_R3,ERROR,N/A,ERROR(exit=137)
web-it-2004,4,11,Ours_V20,ERROR,N/A,ERROR(exit=137)
web-it-2004,4,11,Ours_V18,ERROR,N/A,ERROR(exit=137)
