START 2026-09-20T05:39:39+00:00 host=radonduo load=5.84 6.39 6.11
s=   2 rc=0 build 6.82062 ms peel 3.0018 ms wall 0.11 s
s=   3 rc=0 build 6.16702 ms peel 2.48383 ms wall 0.1 s
s=   4 rc=0 build 5.33654 ms peel 1.87477 ms wall 0.1 s
s=   5 rc=0 build 4.85255 ms peel 1.45309 ms wall 0.1 s
s=   6 rc=0 build 4.57088 ms peel 1.31772 ms wall 0.1 s
s=   7 rc=0 build 4.41164 ms peel 1.21455 ms wall 0.1 s
s=   8 rc=0 build 4.30345 ms peel 1.1831 ms wall 0.1 s
s=   9 rc=0 build 4.23991 ms peel 1.22091 ms wall 0.1 s
s=  10 rc=0 build 4.179 ms peel 1.17043 ms wall 0.1 s
s=  11 rc=0 build 4.09258 ms peel 1.11156 ms wall 0.1 s
s=  12 rc=0 build 4.03593 ms peel 1.09327 ms wall 0.1 s
s=  13 rc=0 build 3.96121 ms peel 1.0877 ms wall 0.1 s
s=  14 rc=0 build 3.91738 ms peel 1.07341 ms wall 0.1 s
s=  15 rc=0 build 3.88039 ms peel 1.08392 ms wall 0.08 s
s=  16 rc=0 build 3.84376 ms peel 1.05819 ms wall 0.1 s
s=  17 rc=0 build 3.76877 ms peel 1.05697 ms wall 0.1 s
s=  18 rc=0 build 3.74648 ms peel 1.10985 ms wall 0.1 s
s=  19 rc=0 build 3.65833 ms peel 1.05584 ms wall 0.1 s
s=  20 rc=0 build 3.59735 ms peel 1.09373 ms wall 0.1 s
s=  21 rc=0 build 3.51112 ms peel 1.05429 ms wall 0.1 s
s=  22 rc=0 build 3.43698 ms peel 1.05397 ms wall 0.1 s
s=  23 rc=0 build 3.3815 ms peel 1.06124 ms wall 0.1 s
s=  24 rc=0 build 3.32124 ms peel 1.02985 ms wall 0.1 s
s=  25 rc=0 build 3.25279 ms peel 1.01948 ms wall 0.08 s
s=  26 rc=0 build 3.16154 ms peel 1.02213 ms wall 0.1 s
s=  27 rc=0 build 3.0804 ms peel 1.01448 ms wall 0.1 s
s=  28 rc=0 build 2.95338 ms peel 1.0313 ms wall 0.11 s
s=  29 rc=0 build 2.89751 ms peel 1.01807 ms wall 0.1 s
s=  30 rc=0 build 2.77348 ms peel 1.01401 ms wall 0.08 s
s=  31 rc=0 build 2.68292 ms peel 0.998823 ms wall 0.1 s
s=  32 rc=0 build 2.56707 ms peel 0.995297 ms wall 0.1 s
s=  33 rc=0 build 2.42843 ms peel 0.970019 ms wall 0.1 s
s=  34 rc=0 build 2.31145 ms peel 0.976229 ms wall 0.1 s
s=  35 rc=0 build 2.17592 ms peel 0.952524 ms wall 0.08 s
s=  36 rc=0 build 2.12018 ms peel 0.953218 ms wall 0.1 s
s=  37 rc=0 build 2.06192 ms peel 0.972646 ms wall 0.1 s
s=  38 rc=0 build 1.99896 ms peel 0.971642 ms wall 0.1 s
s=  39 rc=0 build 2.05429 ms peel 0.949802 ms wall 0.1 s
s=  40 rc=0 build 1.88501 ms peel 0.962191 ms wall 0.1 s
s=  41 rc=0 build 1.86423 ms peel 0.939895 ms wall 0.1 s
s=  42 rc=0 build 1.77652 ms peel 0.93261 ms wall 0.1 s
s=  43 rc=0 build 1.7483 ms peel 0.952162 ms wall 0.1 s
s=  44 rc=0 build 1.46315 ms peel 0.922658 ms wall 0.09 s
total wall 4.2 s; in-process 0.2 s
DONE ca-GrQc
s=   2 rc=0 build 41.2409 ms peel 19.1432 ms wall 0.2 s
s=   3 rc=0 build 40.5296 ms peel 20.525 ms wall 0.2 s
s=   4 rc=0 build 35.3086 ms peel 15.3738 ms wall 0.19 s
s=   5 rc=0 build 30.8251 ms peel 11.6264 ms wall 0.16 s
s=   6 rc=0 build 27.1269 ms peel 9.30928 ms wall 0.18 s
s=   7 rc=0 build 24.0809 ms peel 7.58708 ms wall 0.17 s
s=   8 rc=0 build 21.2135 ms peel 6.44971 ms wall 0.14 s
s=   9 rc=0 build 18.8158 ms peel 5.76919 ms wall 0.16 s
s=  10 rc=0 build 16.7697 ms peel 5.18945 ms wall 0.16 s
s=  11 rc=0 build 15.2159 ms peel 4.79099 ms wall 0.16 s
s=  12 rc=0 build 13.9471 ms peel 4.44454 ms wall 0.16 s
s=  13 rc=0 build 12.9415 ms peel 4.26782 ms wall 0.16 s
s=  14 rc=0 build 12.4676 ms peel 4.13145 ms wall 0.16 s
s=  15 rc=0 build 11.6848 ms peel 4.29359 ms wall 0.16 s
s=  16 rc=0 build 11.4383 ms peel 4.27562 ms wall 0.13 s
s=  17 rc=0 build 11.1365 ms peel 4.24603 ms wall 0.15 s
s=  18 rc=0 build 11.1901 ms peel 4.16217 ms wall 0.15 s
s=  19 rc=0 build 10.9683 ms peel 4.17984 ms wall 0.15 s
s=  20 rc=0 build 10.9702 ms peel 4.25611 ms wall 0.15 s
s=  21 rc=0 build 10.8804 ms peel 4.15466 ms wall 0.15 s
s=  22 rc=0 build 10.9161 ms peel 4.11709 ms wall 0.16 s
s=  23 rc=0 build 10.8454 ms peel 4.0948 ms wall 0.15 s
s=  24 rc=0 build 10.7755 ms peel 4.07412 ms wall 0.15 s
s=  25 rc=0 build 10.7117 ms peel 4.03385 ms wall 0.15 s
s=  26 rc=0 build 10.7714 ms peel 3.99724 ms wall 0.16 s
total wall 4.0 s; in-process 0.6 s
DONE ca-CondMat
s=   2 rc=0 build 906.265 ms peel 14.0128 ms wall 1.07 s
s=   3 rc=0 build 915.988 ms peel 17.9747 ms wall 1.08 s
s=   4 rc=0 build 918.077 ms peel 17.8996 ms wall 1.07 s
s=   5 rc=0 build 917.802 ms peel 16.446 ms wall 1.09 s
s=   6 rc=0 build 913.675 ms peel 13.0608 ms wall 1.05 s
s=   7 rc=0 build 732.067 ms peel 12.4 ms wall 0.85 s
s=   8 rc=0 build 912.586 ms peel 13.9147 ms wall 1.08 s
s=   9 rc=0 build 915.441 ms peel 14.1374 ms wall 1.08 s
s=  10 rc=0 build 732.513 ms peel 11.0263 ms wall 0.87 s
s=  11 rc=0 build 905.456 ms peel 12.9781 ms wall 1.07 s
s=  12 rc=0 build 906.987 ms peel 12.3773 ms wall 1.07 s
s=  13 rc=0 build 726.557 ms peel 10.2463 ms wall 0.87 s
s=  14 rc=0 build 724.241 ms peel 9.37961 ms wall 0.84 s
s=  15 rc=0 build 901.052 ms peel 10.4443 ms wall 1.06 s
s=  16 rc=0 build 726.112 ms peel 8.85002 ms wall 0.87 s
s=  17 rc=0 build 896.854 ms peel 9.95158 ms wall 1.06 s
s=  18 rc=0 build 738.343 ms peel 7.8193 ms wall 0.87 s
s=  19 rc=0 build 725.211 ms peel 8.17551 ms wall 0.84 s
s=  20 rc=0 build 893.052 ms peel 8.5436 ms wall 1.05 s
s=  21 rc=0 build 888.213 ms peel 8.40512 ms wall 1.05 s
s=  22 rc=0 build 888.522 ms peel 8.51032 ms wall 1.05 s
s=  23 rc=0 build 825.695 ms peel 6.6733 ms wall 0.96 s
s=  24 rc=0 build 885.27 ms peel 7.90147 ms wall 1.04 s
s=  25 rc=0 build 883.099 ms peel 7.18504 ms wall 1.04 s
s=  26 rc=0 build 873.178 ms peel 5.97912 ms wall 1.01 s
s=  27 rc=0 build 703.543 ms peel 5.53943 ms wall 0.81 s
s=  28 rc=0 build 708.424 ms peel 5.35344 ms wall 0.82 s
s=  29 rc=0 build 702.747 ms peel 5.19509 ms wall 0.81 s
s=  30 rc=0 build 707.143 ms peel 5.14781 ms wall 0.81 s
s=  31 rc=0 build 870.278 ms peel 5.78393 ms wall 1.03 s
s=  32 rc=0 build 698.071 ms peel 4.7944 ms wall 0.83 s
s=  33 rc=0 build 694.33 ms peel 4.54336 ms wall 0.8 s
s=  34 rc=0 build 863.746 ms peel 5.24618 ms wall 1.02 s
s=  35 rc=0 build 691.14 ms peel 4.2519 ms wall 0.82 s
s=  36 rc=0 build 860.03 ms peel 4.88303 ms wall 1.02 s
s=  37 rc=0 build 858.119 ms peel 5.11994 ms wall 1.02 s
s=  38 rc=0 build 685.65 ms peel 4.07057 ms wall 0.82 s
s=  39 rc=0 build 853.368 ms peel 4.80055 ms wall 1.01 s
s=  40 rc=0 build 851.091 ms peel 4.7412 ms wall 0.98 s
s=  41 rc=0 build 685.875 ms peel 3.80673 ms wall 0.8 s
s=  42 rc=0 build 689.592 ms peel 3.84241 ms wall 0.82 s
s=  43 rc=0 build 848.387 ms peel 4.57055 ms wall 1.0 s
s=  44 rc=0 build 842.571 ms peel 4.37444 ms wall 1.0 s
s=  45 rc=0 build 796.941 ms peel 3.4915 ms wall 0.93 s
s=  46 rc=0 build 842.428 ms peel 4.37514 ms wall 1.0 s
s=  47 rc=0 build 837.906 ms peel 4.1739 ms wall 0.99 s
s=  48 rc=0 build 672.349 ms peel 3.51335 ms wall 0.81 s
s=  49 rc=0 build 668.776 ms peel 3.49381 ms wall 0.77 s
s=  50 rc=0 build 665.641 ms peel 3.39498 ms wall 0.77 s
s=  51 rc=0 build 827.754 ms peel 3.89115 ms wall 0.98 s
s=  52 rc=0 build 806.489 ms peel 3.53665 ms wall 0.94 s
s=  53 rc=0 build 663.739 ms peel 3.42908 ms wall 0.77 s
s=  54 rc=0 build 816.733 ms peel 3.85398 ms wall 0.97 s
s=  55 rc=0 build 652.194 ms peel 3.22576 ms wall 0.79 s
s=  56 rc=0 build 650.801 ms peel 3.24717 ms wall 0.76 s
s=  57 rc=0 build 649.715 ms peel 3.33704 ms wall 0.76 s
s=  58 rc=0 build 654.08 ms peel 3.42902 ms wall 0.79 s
s=  59 rc=0 build 645.262 ms peel 3.40934 ms wall 0.78 s
s=  60 rc=0 build 643.98 ms peel 3.12531 ms wall 0.75 s
s=  61 rc=0 build 642.581 ms peel 3.11391 ms wall 0.77 s
s=  62 rc=0 build 641.208 ms peel 2.99731 ms wall 0.77 s
s=  63 rc=0 build 643.201 ms peel 3.41348 ms wall 0.79 s
s=  64 rc=0 build 642.075 ms peel 3.24844 ms wall 0.78 s
s=  65 rc=0 build 795.367 ms peel 3.59381 ms wall 0.95 s
s=  66 rc=0 build 641.834 ms peel 2.98994 ms wall 0.77 s
s=  67 rc=0 build 636.934 ms peel 2.97902 ms wall 0.77 s
s=  68 rc=0 build 787.48 ms peel 3.76257 ms wall 0.94 s
s=  69 rc=0 build 628.082 ms peel 2.92499 ms wall 0.76 s
s=  70 rc=0 build 628.072 ms peel 3.00721 ms wall 0.76 s
s=  71 rc=0 build 625.626 ms peel 2.96242 ms wall 0.73 s
s=  72 rc=0 build 626.996 ms peel 2.74861 ms wall 0.73 s
s=  73 rc=0 build 777.384 ms peel 3.39856 ms wall 0.93 s
s=  74 rc=0 build 780.098 ms peel 3.44096 ms wall 0.91 s
s=  75 rc=0 build 622.886 ms peel 2.85614 ms wall 0.75 s
s=  76 rc=0 build 770.573 ms peel 3.67397 ms wall 0.92 s
s=  77 rc=0 build 618.357 ms peel 2.6739 ms wall 0.75 s
s=  78 rc=0 build 619.403 ms peel 2.65564 ms wall 0.72 s
s=  79 rc=0 build 764.681 ms peel 3.24831 ms wall 0.92 s
s=  80 rc=0 build 767.792 ms peel 3.22349 ms wall 0.92 s
s=  81 rc=0 build 762.269 ms peel 3.30455 ms wall 0.89 s
s=  82 rc=0 build 758.985 ms peel 3.18981 ms wall 0.91 s
s=  83 rc=0 build 758.791 ms peel 3.12482 ms wall 0.89 s
s=  84 rc=0 build 691.962 ms peel 2.83399 ms wall 0.82 s
s=  85 rc=0 build 605.434 ms peel 2.61784 ms wall 0.71 s
s=  86 rc=0 build 604.492 ms peel 2.53804 ms wall 0.71 s
s=  87 rc=0 build 753.618 ms peel 3.1681 ms wall 0.91 s
s=  88 rc=0 build 750.519 ms peel 3.02707 ms wall 0.9 s
s=  89 rc=0 build 746.978 ms peel 3.02787 ms wall 0.88 s
s=  90 rc=0 build 599.852 ms peel 2.53359 ms wall 0.73 s
s=  91 rc=0 build 597.786 ms peel 2.62026 ms wall 0.72 s
s=  92 rc=0 build 742.913 ms peel 2.99518 ms wall 0.89 s
s=  93 rc=0 build 592.968 ms peel 2.4791 ms wall 0.72 s
s=  94 rc=0 build 590.116 ms peel 2.59794 ms wall 0.7 s
s=  95 rc=0 build 737.613 ms peel 2.97661 ms wall 0.89 s
s=  96 rc=0 build 730.242 ms peel 2.98578 ms wall 0.86 s
s=  97 rc=0 build 587.104 ms peel 2.42102 ms wall 0.72 s
s=  98 rc=0 build 736.431 ms peel 3.09561 ms wall 0.89 s
s=  99 rc=0 build 587.03 ms peel 2.68017 ms wall 0.72 s
s= 100 rc=0 build 728.988 ms peel 2.98564 ms wall 0.88 s
s= 101 rc=0 build 582.493 ms peel 2.37338 ms wall 0.71 s
s= 102 rc=0 build 727.989 ms peel 2.99751 ms wall 0.88 s
s= 103 rc=0 build 724.975 ms peel 3.03272 ms wall 0.88 s
s= 104 rc=0 build 722.38 ms peel 2.87037 ms wall 0.87 s
s= 105 rc=0 build 725.494 ms peel 3.0791 ms wall 0.88 s
s= 106 rc=0 build 721.16 ms peel 3.18226 ms wall 0.85 s
s= 107 rc=0 build 719.973 ms peel 3.01179 ms wall 0.87 s
s= 108 rc=0 build 718.577 ms peel 2.90721 ms wall 0.87 s
s= 109 rc=0 build 720.685 ms peel 2.79351 ms wall 0.85 s
s= 110 rc=0 build 714.569 ms peel 2.918 ms wall 0.87 s
s= 111 rc=0 build 713.493 ms peel 3.09776 ms wall 0.87 s
s= 112 rc=0 build 716.426 ms peel 2.98494 ms wall 0.85 s
s= 113 rc=0 build 712.587 ms peel 2.81273 ms wall 0.86 s
s= 114 rc=0 build 711.985 ms peel 2.86555 ms wall 0.87 s
s= 115 rc=0 build 711.851 ms peel 3.04681 ms wall 0.86 s
s= 116 rc=0 build 705.905 ms peel 3.00901 ms wall 0.86 s
s= 117 rc=0 build 711.034 ms peel 2.96525 ms wall 0.86 s
s= 118 rc=0 build 704.667 ms peel 3.00861 ms wall 0.86 s
s= 119 rc=0 build 705.609 ms peel 2.8943 ms wall 0.84 s
s= 120 rc=0 build 707.147 ms peel 2.96358 ms wall 0.86 s
s= 121 rc=0 build 701.317 ms peel 2.81469 ms wall 0.87 s
s= 122 rc=0 build 701.054 ms peel 2.90189 ms wall 0.83 s
s= 123 rc=0 build 701.238 ms peel 2.75107 ms wall 0.85 s
s= 124 rc=0 build 697.564 ms peel 2.92122 ms wall 0.85 s
s= 125 rc=0 build 698.767 ms peel 2.84555 ms wall 0.85 s
s= 126 rc=0 build 691.98 ms peel 2.8669 ms wall 0.84 s
s= 127 rc=0 build 694.299 ms peel 2.92576 ms wall 0.85 s
s= 128 rc=0 build 688.249 ms peel 2.87947 ms wall 0.84 s
s= 129 rc=0 build 688.532 ms peel 3.00757 ms wall 0.82 s
s= 130 rc=0 build 687.074 ms peel 2.89277 ms wall 0.84 s
s= 131 rc=0 build 685.264 ms peel 2.79961 ms wall 0.84 s
s= 132 rc=0 build 681.962 ms peel 2.77137 ms wall 0.81 s
s= 133 rc=0 build 680.569 ms peel 2.78462 ms wall 0.83 s
s= 134 rc=0 build 678.697 ms peel 2.85198 ms wall 0.81 s
s= 135 rc=0 build 678.603 ms peel 2.81331 ms wall 0.83 s
s= 136 rc=0 build 675.032 ms peel 2.8629 ms wall 0.8 s
s= 137 rc=0 build 676.515 ms peel 2.77438 ms wall 0.83 s
s= 138 rc=0 build 671.589 ms peel 2.79623 ms wall 0.82 s
s= 139 rc=0 build 669.447 ms peel 2.69843 ms wall 0.8 s
s= 140 rc=0 build 663.281 ms peel 2.23751 ms wall 0.79 s
s= 141 rc=0 build 533.736 ms peel 2.4545 ms wall 0.64 s
s= 142 rc=0 build 538.254 ms peel 2.36462 ms wall 0.65 s
s= 143 rc=0 build 529.761 ms peel 2.29848 ms wall 0.64 s
s= 144 rc=0 build 655.783 ms peel 2.82323 ms wall 0.81 s
s= 145 rc=0 build 529.743 ms peel 2.29023 ms wall 0.66 s
s= 146 rc=0 build 653.837 ms peel 2.78982 ms wall 0.81 s
s= 147 rc=0 build 649.177 ms peel 2.93236 ms wall 0.78 s
s= 148 rc=0 build 622.455 ms peel 2.45654 ms wall 0.75 s
s= 149 rc=0 build 518.606 ms peel 2.35521 ms wall 0.65 s
s= 150 rc=0 build 514.44 ms peel 2.36477 ms wall 0.62 s
s= 151 rc=0 build 509.636 ms peel 2.23588 ms wall 0.61 s
s= 152 rc=0 build 509.116 ms peel 2.41095 ms wall 0.62 s
s= 153 rc=0 build 632.45 ms peel 2.68239 ms wall 0.78 s
s= 154 rc=0 build 505.934 ms peel 2.31326 ms wall 0.64 s
s= 155 rc=0 build 504.527 ms peel 2.33882 ms wall 0.61 s
s= 156 rc=0 build 497.474 ms peel 2.23762 ms wall 0.6 s
s= 157 rc=0 build 507.546 ms peel 2.18886 ms wall 0.61 s
s= 158 rc=0 build 615.849 ms peel 2.67301 ms wall 0.77 s
s= 159 rc=0 build 488.955 ms peel 2.24612 ms wall 0.62 s
s= 160 rc=0 build 488.402 ms peel 2.2519 ms wall 0.6 s
s= 161 rc=0 build 487.337 ms peel 2.23353 ms wall 0.59 s
s= 162 rc=0 build 487.464 ms peel 2.32696 ms wall 0.6 s
s= 163 rc=0 build 599.018 ms peel 2.64568 ms wall 0.75 s
s= 164 rc=0 build 476.332 ms peel 2.23664 ms wall 0.61 s
s= 165 rc=0 build 474.26 ms peel 2.30073 ms wall 0.58 s
s= 166 rc=0 build 468.316 ms peel 2.19807 ms wall 0.57 s
s= 167 rc=0 build 465.706 ms peel 2.25742 ms wall 0.57 s
s= 168 rc=0 build 463.315 ms peel 2.23836 ms wall 0.57 s
s= 169 rc=0 build 463.554 ms peel 2.244 ms wall 0.57 s
s= 170 rc=0 build 458.598 ms peel 2.17666 ms wall 0.57 s
s= 171 rc=0 build 564.246 ms peel 2.62503 ms wall 0.72 s
s= 172 rc=0 build 448.686 ms peel 2.20573 ms wall 0.58 s
s= 173 rc=0 build 446.586 ms peel 2.2626 ms wall 0.55 s
s= 174 rc=0 build 456.963 ms peel 2.16576 ms wall 0.57 s
s= 175 rc=0 build 548.416 ms peel 2.64721 ms wall 0.7 s
s= 176 rc=0 build 434.746 ms peel 2.19456 ms wall 0.57 s
s= 177 rc=0 build 434.845 ms peel 2.1624 ms wall 0.54 s
s= 178 rc=0 build 427.837 ms peel 2.17947 ms wall 0.53 s
s= 179 rc=0 build 426.013 ms peel 2.1518 ms wall 0.53 s
s= 180 rc=0 build 524.401 ms peel 2.61835 ms wall 0.67 s
s= 181 rc=0 build 414.467 ms peel 2.15399 ms wall 0.54 s
s= 182 rc=0 build 410.578 ms peel 2.10761 ms wall 0.52 s
s= 183 rc=0 build 408.53 ms peel 2.13979 ms wall 0.52 s
s= 184 rc=0 build 405.4 ms peel 2.11575 ms wall 0.51 s
s= 185 rc=0 build 397.766 ms peel 2.27178 ms wall 0.5 s
s= 186 rc=0 build 393.671 ms peel 2.15285 ms wall 0.5 s
s= 187 rc=0 build 390.456 ms peel 2.13137 ms wall 0.5 s
s= 188 rc=0 build 383.672 ms peel 2.07921 ms wall 0.49 s
s= 189 rc=0 build 381.327 ms peel 2.11372 ms wall 0.49 s
s= 190 rc=0 build 374.139 ms peel 2.1304 ms wall 0.48 s
s= 191 rc=0 build 369.896 ms peel 2.11282 ms wall 0.48 s
s= 192 rc=0 build 366.191 ms peel 2.11396 ms wall 0.49 s
s= 193 rc=0 build 363.825 ms peel 2.10105 ms wall 0.47 s
s= 194 rc=0 build 443.612 ms peel 2.53684 ms wall 0.62 s
s= 195 rc=0 build 436.139 ms peel 2.46121 ms wall 0.59 s
s= 196 rc=0 build 344.49 ms peel 2.05966 ms wall 0.48 s
s= 197 rc=0 build 421.895 ms peel 2.47679 ms wall 0.57 s
s= 198 rc=0 build 416.136 ms peel 2.45896 ms wall 0.55 s
s= 199 rc=0 build 328.281 ms peel 2.03031 ms wall 0.46 s
s= 200 rc=0 build 401.979 ms peel 2.4494 ms wall 0.55 s
s= 201 rc=0 build 317.595 ms peel 2.10422 ms wall 0.47 s
s= 202 rc=0 build 313.828 ms peel 2.00348 ms wall 0.42 s
s= 203 rc=0 build 381.872 ms peel 2.39987 ms wall 0.53 s
s= 204 rc=0 build 304.929 ms peel 2.00174 ms wall 0.43 s
s= 205 rc=0 build 368.366 ms peel 2.45158 ms wall 0.52 s
s= 206 rc=0 build 358.312 ms peel 2.46926 ms wall 0.51 s
s= 207 rc=0 build 352.687 ms peel 2.38409 ms wall 0.5 s
s= 208 rc=0 build 345.945 ms peel 2.41695 ms wall 0.5 s
s= 209 rc=0 build 336.974 ms peel 2.47613 ms wall 0.47 s
s= 210 rc=0 build 328.509 ms peel 2.37959 ms wall 0.47 s
s= 211 rc=0 build 320.272 ms peel 2.36681 ms wall 0.47 s
s= 212 rc=0 build 311.189 ms peel 2.35583 ms wall 0.44 s
s= 213 rc=0 build 302.808 ms peel 2.30755 ms wall 0.43 s
s= 214 rc=0 build 294.63 ms peel 2.31138 ms wall 0.45 s
s= 215 rc=0 build 285.52 ms peel 2.33573 ms wall 0.44 s
s= 216 rc=0 build 222.034 ms peel 1.92268 ms wall 0.35 s
s= 217 rc=0 build 271.392 ms peel 2.29113 ms wall 0.42 s
s= 218 rc=0 build 261.453 ms peel 2.34326 ms wall 0.39 s
s= 219 rc=0 build 251.984 ms peel 2.2577 ms wall 0.41 s
s= 220 rc=0 build 240.799 ms peel 2.26472 ms wall 0.39 s
s= 221 rc=0 build 232.598 ms peel 2.23723 ms wall 0.39 s
s= 222 rc=0 build 222.316 ms peel 2.23872 ms wall 0.37 s
s= 223 rc=0 build 213.439 ms peel 2.22734 ms wall 0.37 s
s= 224 rc=0 build 202.957 ms peel 2.2172 ms wall 0.36 s
s= 225 rc=0 build 192.803 ms peel 2.22306 ms wall 0.33 s
s= 226 rc=0 build 183.714 ms peel 2.23045 ms wall 0.34 s
s= 227 rc=0 build 173.048 ms peel 2.19707 ms wall 0.32 s
s= 228 rc=0 build 164.26 ms peel 2.21344 ms wall 0.29 s
s= 229 rc=0 build 153.188 ms peel 2.14054 ms wall 0.28 s
s= 230 rc=0 build 141.926 ms peel 2.11354 ms wall 0.29 s
s= 231 rc=0 build 132.866 ms peel 2.13959 ms wall 0.26 s
s= 232 rc=0 build 121.259 ms peel 2.13916 ms wall 0.27 s
s= 233 rc=0 build 110.485 ms peel 2.10256 ms wall 0.26 s
s= 234 rc=0 build 99.2518 ms peel 2.11693 ms wall 0.23 s
s= 235 rc=0 build 88.2788 ms peel 2.10979 ms wall 0.24 s
s= 236 rc=0 build 76.7288 ms peel 2.08622 ms wall 0.23 s
s= 237 rc=0 build 64.9979 ms peel 2.10201 ms wall 0.2 s
s= 238 rc=0 build 53.7184 ms peel 2.0881 ms wall 0.18 s
s= 239 rc=0 build 41.9219 ms peel 2.07442 ms wall 0.19 s
total wall 171.3 s; in-process 139.9 s
DONE ca-HepPh
s=   2 rc=0 build 238.721 ms peel 32.1321 ms wall 0.47 s
s=   3 rc=0 build 270.383 ms peel 58.6917 ms wall 0.51 s
s=   4 rc=0 build 273.747 ms peel 60.0801 ms wall 0.51 s
s=   5 rc=0 build 268.378 ms peel 54.6355 ms wall 0.52 s
s=   6 rc=0 build 259.005 ms peel 45.2364 ms wall 0.5 s
s=   7 rc=0 build 248.811 ms peel 38.553 ms wall 0.49 s
s=   8 rc=0 build 240.197 ms peel 33.7416 ms wall 0.45 s
s=   9 rc=0 build 231.708 ms peel 29.3969 ms wall 0.46 s
s=  10 rc=0 build 224.486 ms peel 26.4166 ms wall 0.45 s
s=  11 rc=0 build 217.351 ms peel 23.704 ms wall 0.42 s
s=  12 rc=0 build 210.425 ms peel 21.0469 ms wall 0.41 s
s=  13 rc=0 build 203.421 ms peel 19.0741 ms wall 0.42 s
s=  14 rc=0 build 196.536 ms peel 17.0155 ms wall 0.39 s
s=  15 rc=0 build 190.946 ms peel 16.0837 ms wall 0.4 s
s=  16 rc=0 build 183.9 ms peel 14.2699 ms wall 0.39 s
s=  17 rc=0 build 177.567 ms peel 12.9833 ms wall 0.36 s
s=  18 rc=0 build 171.213 ms peel 11.9187 ms wall 0.36 s
s=  19 rc=0 build 164.712 ms peel 10.777 ms wall 0.35 s
s=  20 rc=0 build 158.066 ms peel 9.94192 ms wall 0.36 s
s=  21 rc=0 build 151.88 ms peel 9.13964 ms wall 0.36 s
s=  22 rc=0 build 145.809 ms peel 8.86686 ms wall 0.33 s
s=  23 rc=0 build 139.899 ms peel 7.64571 ms wall 0.34 s
s=  24 rc=0 build 134.085 ms peel 7.22389 ms wall 0.34 s
s=  25 rc=0 build 128.711 ms peel 6.77982 ms wall 0.33 s
s=  26 rc=0 build 123.589 ms peel 6.39193 ms wall 0.32 s
s=  27 rc=0 build 118.177 ms peel 5.83594 ms wall 0.32 s
s=  28 rc=0 build 112.227 ms peel 5.41617 ms wall 0.29 s
s=  29 rc=0 build 106.423 ms peel 5.13973 ms wall 0.28 s
s=  30 rc=0 build 101.315 ms peel 4.84302 ms wall 0.3 s
s=  31 rc=0 build 95.4918 ms peel 4.62853 ms wall 0.29 s
s=  32 rc=0 build 90.8609 ms peel 4.49103 ms wall 0.27 s
s=  33 rc=0 build 85.7657 ms peel 4.24222 ms wall 0.29 s
s=  34 rc=0 build 80.7335 ms peel 4.17857 ms wall 0.26 s
s=  35 rc=0 build 76.0324 ms peel 4.12718 ms wall 0.3 s
s=  36 rc=0 build 72.4634 ms peel 4.04554 ms wall 0.27 s
s=  37 rc=0 build 67.8998 ms peel 3.90806 ms wall 0.27 s
s=  38 rc=0 build 63.9706 ms peel 3.80287 ms wall 0.26 s
s=  39 rc=0 build 59.7584 ms peel 3.77406 ms wall 0.24 s
s=  40 rc=0 build 55.7385 ms peel 3.61633 ms wall 0.23 s
s=  41 rc=0 build 52.7821 ms peel 3.67244 ms wall 0.25 s
s=  42 rc=0 build 50.69 ms peel 3.57648 ms wall 0.23 s
s=  43 rc=0 build 48.6425 ms peel 3.44399 ms wall 0.24 s
s=  44 rc=0 build 46.9335 ms peel 3.49876 ms wall 0.24 s
s=  45 rc=0 build 45.6897 ms peel 3.38296 ms wall 0.24 s
s=  46 rc=0 build 44.2341 ms peel 3.42818 ms wall 0.24 s
s=  47 rc=0 build 43.2271 ms peel 3.35629 ms wall 0.24 s
s=  48 rc=0 build 42.3859 ms peel 3.31507 ms wall 0.24 s
s=  49 rc=0 build 41.6105 ms peel 3.34897 ms wall 0.24 s
s=  50 rc=0 build 40.8095 ms peel 3.32331 ms wall 0.24 s
s=  51 rc=0 build 40.2751 ms peel 3.26543 ms wall 0.24 s
s=  52 rc=0 build 39.7179 ms peel 3.30254 ms wall 0.22 s
s=  53 rc=0 build 38.9545 ms peel 3.235 ms wall 0.24 s
s=  54 rc=0 build 38.3249 ms peel 3.2108 ms wall 0.24 s
s=  55 rc=0 build 37.9389 ms peel 3.20573 ms wall 0.24 s
s=  56 rc=0 build 37.6536 ms peel 3.22428 ms wall 0.21 s
s=  57 rc=0 build 37.2006 ms peel 3.144 ms wall 0.23 s
total wall 18.1 s; in-process 7.6 s
DONE ca-AstroPh
s=   2 rc=0 build 40.9302 ms peel 2.86773 ms wall 0.14 s
s=   3 rc=0 build 63.0015 ms peel 11.2232 ms wall 0.17 s
s=   4 rc=0 build 81.7959 ms peel 22.2873 ms wall 0.2 s
s=   5 rc=0 build 93.2853 ms peel 29.0727 ms wall 0.22 s
s=   6 rc=0 build 96.018 ms peel 31.5414 ms wall 0.23 s
s=   7 rc=0 build 93.922 ms peel 30.0772 ms wall 0.22 s
s=   8 rc=0 build 89.9912 ms peel 26.4012 ms wall 0.19 s
s=   9 rc=0 build 84.4517 ms peel 22.8548 ms wall 0.18 s
s=  10 rc=0 build 77.7047 ms peel 19.6494 ms wall 0.17 s
s=  11 rc=0 build 70.797 ms peel 15.484 ms wall 0.18 s
s=  12 rc=0 build 63.247 ms peel 11.8011 ms wall 0.17 s
s=  13 rc=0 build 55.0679 ms peel 8.2315 ms wall 0.16 s
s=  14 rc=0 build 47.4111 ms peel 5.35737 ms wall 0.15 s
s=  15 rc=0 build 40.2757 ms peel 2.89725 ms wall 0.14 s
s=  16 rc=0 build 34.6498 ms peel 1.41288 ms wall 0.13 s
s=  17 rc=0 build 30.0748 ms peel 0.615726 ms wall 0.13 s
s=  18 rc=0 build 25.9186 ms peel 0.231452 ms wall 0.12 s
s=  19 rc=0 build 22.7978 ms peel 0.157587 ms wall 0.12 s
s=  20 rc=0 build 20.0101 ms peel 0.159485 ms wall 0.11 s
s=  21 rc=0 build 17.8533 ms peel 0.150909 ms wall 0.09 s
s=  22 rc=0 build 15.7194 ms peel 0.153569 ms wall 0.11 s
s=  23 rc=0 build 14.0103 ms peel 0.161479 ms wall 0.11 s
s=  24 rc=0 build 12.686 ms peel 0.152935 ms wall 0.09 s
s=  25 rc=0 build 11.342 ms peel 0.156201 ms wall 0.08 s
s=  26 rc=0 build 10.1579 ms peel 0.159577 ms wall 0.08 s
s=  27 rc=0 build 9.04378 ms peel 0.16039 ms wall 0.1 s
s=  28 rc=0 build 7.98503 ms peel 0.160729 ms wall 0.1 s
s=  29 rc=0 build 7.02311 ms peel 0.153043 ms wall 0.1 s
s=  30 rc=0 build 6.09844 ms peel 0.154404 ms wall 0.1 s
s=  31 rc=0 build 5.38062 ms peel 0.157529 ms wall 0.08 s
s=  32 rc=0 build 4.68496 ms peel 0.158816 ms wall 0.1 s
s=  33 rc=0 build 4.29591 ms peel 0.152792 ms wall 0.1 s
s=  34 rc=0 build 3.83653 ms peel 0.154129 ms wall 0.1 s
s=  35 rc=0 build 3.60692 ms peel 0.155881 ms wall 0.08 s
total wall 4.5 s; in-process 1.5 s
DONE email-Eu-core
s=   2 rc=0 build 90.0172 ms peel 1.61475 ms wall 0.19 s
s=   3 rc=0 build 89.8646 ms peel 1.66627 ms wall 0.19 s
s=   4 rc=0 build 89.1352 ms peel 1.60744 ms wall 0.19 s
s=   5 rc=0 build 89.4414 ms peel 1.61034 ms wall 0.17 s
s=   6 rc=0 build 89.6314 ms peel 1.60226 ms wall 0.17 s
s=   7 rc=0 build 89.5771 ms peel 1.58718 ms wall 0.19 s
s=   8 rc=0 build 89.1119 ms peel 1.56739 ms wall 0.19 s
s=   9 rc=0 build 89.0397 ms peel 1.52577 ms wall 0.19 s
s=  10 rc=0 build 89.2131 ms peel 1.5291 ms wall 0.17 s
s=  11 rc=0 build 88.6726 ms peel 1.49577 ms wall 0.19 s
s=  12 rc=0 build 88.7801 ms peel 1.50098 ms wall 0.19 s
s=  13 rc=0 build 88.639 ms peel 1.46907 ms wall 0.19 s
s=  14 rc=0 build 88.8912 ms peel 1.47665 ms wall 0.19 s
s=  15 rc=0 build 88.4806 ms peel 1.53677 ms wall 0.19 s
s=  16 rc=0 build 88.4071 ms peel 1.51903 ms wall 0.19 s
s=  17 rc=0 build 88.1048 ms peel 1.51622 ms wall 0.19 s
s=  18 rc=0 build 88.468 ms peel 1.45394 ms wall 0.17 s
s=  19 rc=0 build 87.6593 ms peel 1.43175 ms wall 0.19 s
s=  20 rc=0 build 87.3446 ms peel 1.4165 ms wall 0.19 s
s=  21 rc=0 build 87.2435 ms peel 1.2897 ms wall 0.19 s
s=  22 rc=0 build 86.7142 ms peel 1.46347 ms wall 0.19 s
s=  23 rc=0 build 86.4149 ms peel 1.33709 ms wall 0.19 s
s=  24 rc=0 build 85.7611 ms peel 1.28468 ms wall 0.19 s
s=  25 rc=0 build 85.1873 ms peel 1.21932 ms wall 0.17 s
s=  26 rc=0 build 84.8591 ms peel 1.24237 ms wall 0.19 s
s=  27 rc=0 build 84.4602 ms peel 1.13203 ms wall 0.19 s
s=  28 rc=0 build 84.2035 ms peel 1.12031 ms wall 0.19 s
s=  29 rc=0 build 83.5548 ms peel 1.10789 ms wall 0.18 s
s=  30 rc=0 build 82.8005 ms peel 1.07841 ms wall 0.19 s
s=  31 rc=0 build 81.9516 ms peel 1.03087 ms wall 0.16 s
s=  32 rc=0 build 80.9021 ms peel 1.11733 ms wall 0.18 s
s=  33 rc=0 build 79.8718 ms peel 0.978991 ms wall 0.18 s
s=  34 rc=0 build 78.7705 ms peel 0.883959 ms wall 0.18 s
s=  35 rc=0 build 77.8497 ms peel 0.9451 ms wall 0.18 s
s=  36 rc=0 build 77.5815 ms peel 0.886685 ms wall 0.16 s
s=  37 rc=0 build 75.97 ms peel 0.842849 ms wall 0.16 s
s=  38 rc=0 build 75.2677 ms peel 0.763333 ms wall 0.18 s
s=  39 rc=0 build 74.6052 ms peel 0.736683 ms wall 0.15 s
s=  40 rc=0 build 74.0487 ms peel 0.711589 ms wall 0.18 s
s=  41 rc=0 build 73.2784 ms peel 0.801343 ms wall 0.17 s
s=  42 rc=0 build 72.2669 ms peel 0.711821 ms wall 0.17 s
s=  43 rc=0 build 71.8397 ms peel 0.725547 ms wall 0.17 s
s=  44 rc=0 build 71.2961 ms peel 0.67052 ms wall 0.17 s
s=  45 rc=0 build 70.1561 ms peel 0.72872 ms wall 0.17 s
s=  46 rc=0 build 69.8509 ms peel 0.677647 ms wall 0.17 s
s=  47 rc=0 build 68.5937 ms peel 0.638159 ms wall 0.17 s
s=  48 rc=0 build 68.2215 ms peel 0.695155 ms wall 0.17 s
s=  49 rc=0 build 67.7847 ms peel 0.633751 ms wall 0.17 s
s=  50 rc=0 build 67.0988 ms peel 0.586434 ms wall 0.15 s
s=  51 rc=0 build 66.3281 ms peel 0.559878 ms wall 0.17 s
s=  52 rc=0 build 65.6547 ms peel 0.611044 ms wall 0.17 s
s=  53 rc=0 build 65.8755 ms peel 0.583191 ms wall 0.17 s
s=  54 rc=0 build 65.045 ms peel 0.602275 ms wall 0.17 s
s=  55 rc=0 build 64.5395 ms peel 0.57381 ms wall 0.16 s
s=  56 rc=0 build 64.1088 ms peel 0.590515 ms wall 0.17 s
s=  57 rc=0 build 64.1619 ms peel 0.538298 ms wall 0.17 s
s=  58 rc=0 build 63.3505 ms peel 0.526119 ms wall 0.17 s
s=  59 rc=0 build 62.7915 ms peel 0.508181 ms wall 0.17 s
s=  60 rc=0 build 62.2848 ms peel 0.558928 ms wall 0.14 s
s=  61 rc=0 build 61.4401 ms peel 0.51627 ms wall 0.16 s
s=  62 rc=0 build 61.1915 ms peel 0.529845 ms wall 0.14 s
s=  63 rc=0 build 60.3247 ms peel 0.541182 ms wall 0.14 s
s=  64 rc=0 build 59.2528 ms peel 0.463013 ms wall 0.14 s
s=  65 rc=0 build 58.6531 ms peel 0.453189 ms wall 0.16 s
s=  66 rc=0 build 58.0142 ms peel 0.516405 ms wall 0.14 s
s=  67 rc=0 build 57.8442 ms peel 0.438151 ms wall 0.14 s
s=  68 rc=0 build 57.1322 ms peel 0.450397 ms wall 0.14 s
s=  69 rc=0 build 56.2354 ms peel 0.431363 ms wall 0.14 s
s=  70 rc=0 build 55.9586 ms peel 0.429312 ms wall 0.14 s
s=  71 rc=0 build 55.0746 ms peel 0.460196 ms wall 0.13 s
s=  72 rc=0 build 55.0677 ms peel 0.44798 ms wall 0.16 s
s=  73 rc=0 build 54.3442 ms peel 0.467843 ms wall 0.16 s
s=  74 rc=0 build 53.3455 ms peel 0.434559 ms wall 0.13 s
s=  75 rc=0 build 52.6934 ms peel 0.393164 ms wall 0.15 s
s=  76 rc=0 build 52.0727 ms peel 0.427709 ms wall 0.15 s
s=  77 rc=0 build 51.079 ms peel 0.446476 ms wall 0.13 s
s=  78 rc=0 build 50.5874 ms peel 0.433752 ms wall 0.13 s
s=  79 rc=0 build 49.3932 ms peel 0.391299 ms wall 0.15 s
s=  80 rc=0 build 48.3415 ms peel 0.403997 ms wall 0.15 s
s=  81 rc=0 build 47.7846 ms peel 0.367967 ms wall 0.13 s
s=  82 rc=0 build 46.6324 ms peel 0.378199 ms wall 0.15 s
s=  83 rc=0 build 46.1338 ms peel 0.350193 ms wall 0.15 s
s=  84 rc=0 build 45.0287 ms peel 0.358761 ms wall 0.12 s
s=  85 rc=0 build 43.7146 ms peel 0.348508 ms wall 0.12 s
s=  86 rc=0 build 42.4544 ms peel 0.352606 ms wall 0.12 s
s=  87 rc=0 build 41.7303 ms peel 0.349754 ms wall 0.12 s
s=  88 rc=0 build 40.3758 ms peel 0.352945 ms wall 0.12 s
s=  89 rc=0 build 39.4866 ms peel 0.323547 ms wall 0.14 s
s=  90 rc=0 build 37.955 ms peel 0.317381 ms wall 0.14 s
s=  91 rc=0 build 36.8405 ms peel 0.338881 ms wall 0.12 s
s=  92 rc=0 build 35.3278 ms peel 0.303397 ms wall 0.11 s
s=  93 rc=0 build 33.9479 ms peel 0.319344 ms wall 0.11 s
s=  94 rc=0 build 32.7603 ms peel 0.290566 ms wall 0.11 s
s=  95 rc=0 build 31.3673 ms peel 0.293736 ms wall 0.13 s
s=  96 rc=0 build 29.4781 ms peel 0.277465 ms wall 0.11 s
s=  97 rc=0 build 28.0528 ms peel 0.274081 ms wall 0.13 s
s=  98 rc=0 build 26.5709 ms peel 0.281954 ms wall 0.11 s
s=  99 rc=0 build 24.8865 ms peel 0.262599 ms wall 0.1 s
s= 100 rc=0 build 23.5241 ms peel 0.269747 ms wall 0.13 s
s= 101 rc=0 build 21.718 ms peel 0.252898 ms wall 0.1 s
s= 102 rc=0 build 20.8371 ms peel 0.255644 ms wall 0.12 s
s= 103 rc=0 build 17.9249 ms peel 0.222806 ms wall 0.12 s
s= 104 rc=0 build 16.8209 ms peel 0.224733 ms wall 0.1 s
s= 105 rc=0 build 16.0892 ms peel 0.222697 ms wall 0.1 s
s= 106 rc=0 build 15.0894 ms peel 0.221941 ms wall 0.12 s
s= 107 rc=0 build 13.9658 ms peel 0.208422 ms wall 0.09 s
s= 108 rc=0 build 12.9661 ms peel 0.205503 ms wall 0.12 s
s= 109 rc=0 build 11.9791 ms peel 0.207438 ms wall 0.11 s
s= 110 rc=0 build 10.6392 ms peel 0.199747 ms wall 0.09 s
s= 111 rc=0 build 9.57638 ms peel 0.194228 ms wall 0.11 s
s= 112 rc=0 build 8.30766 ms peel 0.192613 ms wall 0.11 s
s= 113 rc=0 build 7.19054 ms peel 0.197296 ms wall 0.11 s
s= 114 rc=0 build 5.83254 ms peel 0.188919 ms wall 0.11 s
total wall 17.3 s; in-process 6.8 s
DONE dblp-core30
s=   2 rc=0 build 1123.82 ms peel 129.342 ms wall 1.64 s
s=   3 rc=0 build 1898.07 ms peel 387.262 ms wall 2.69 s
s=   4 rc=0 build 2523.61 ms peel 750.745 ms wall 3.7 s
s=   5 rc=0 build 2883.43 ms peel 1148.71 ms wall 4.38 s
s=   6 rc=0 build 3213.23 ms peel 1365.45 ms wall 4.93 s
s=   7 rc=0 build 3179.3 ms peel 1370.02 ms wall 4.91 s
s=   8 rc=0 build 3323.58 ms peel 1242.48 ms wall 4.98 s
s=   9 rc=0 build 3042.37 ms peel 1079.06 ms wall 4.53 s
s=  10 rc=0 build 2598.29 ms peel 947.559 ms wall 3.88 s
s=  11 rc=0 build 2348.96 ms peel 785.668 ms wall 3.47 s
s=  12 rc=0 build 2123.51 ms peel 656.158 ms wall 3.1 s
s=  13 rc=0 build 2246.68 ms peel 519.941 ms wall 3.14 s
s=  14 rc=0 build 1698.32 ms peel 399.534 ms wall 2.38 s
s=  15 rc=0 build 1492.15 ms peel 306.366 ms wall 2.11 s
s=  16 rc=0 build 1323.52 ms peel 217.336 ms wall 1.82 s
s=  17 rc=0 build 1152.1 ms peel 142.238 ms wall 1.57 s
s=  18 rc=0 build 995.281 ms peel 83.1282 ms wall 1.38 s
s=  19 rc=0 build 881.955 ms peel 43.8776 ms wall 1.23 s
s=  20 rc=0 build 771.969 ms peel 21.8342 ms wall 1.09 s
s=  21 rc=0 build 705.004 ms peel 13.974 ms wall 1.02 s
s=  22 rc=0 build 644.876 ms peel 12.0378 ms wall 0.92 s
s=  23 rc=0 build 596.527 ms peel 11.7555 ms wall 0.88 s
s=  24 rc=0 build 557.456 ms peel 11.8848 ms wall 0.84 s
s=  25 rc=0 build 521.425 ms peel 12.0758 ms wall 0.86 s
s=  26 rc=0 build 605.549 ms peel 14.2982 ms wall 0.97 s
s=  27 rc=0 build 571.935 ms peel 14.0985 ms wall 0.94 s
s=  28 rc=0 build 434.335 ms peel 11.8059 ms wall 0.74 s
s=  29 rc=0 build 513.627 ms peel 13.9317 ms wall 0.88 s
s=  30 rc=0 build 402.681 ms peel 11.8851 ms wall 0.77 s
s=  31 rc=0 build 470.418 ms peel 14.1595 ms wall 0.84 s
s=  32 rc=0 build 364.944 ms peel 12.0016 ms wall 0.67 s
s=  33 rc=0 build 353.038 ms peel 12.1555 ms wall 0.64 s
s=  34 rc=0 build 338.282 ms peel 11.882 ms wall 0.62 s
s=  35 rc=0 build 405.618 ms peel 13.9389 ms wall 0.77 s
s=  36 rc=0 build 317.009 ms peel 11.7737 ms wall 0.62 s
s=  37 rc=0 build 382.723 ms peel 13.8667 ms wall 0.75 s
s=  38 rc=0 build 372.888 ms peel 13.9849 ms wall 0.74 s
s=  39 rc=0 build 362.685 ms peel 13.935 ms wall 0.73 s
s=  40 rc=0 build 284.702 ms peel 11.6802 ms wall 0.59 s
s=  41 rc=0 build 279.757 ms peel 11.7774 ms wall 0.57 s
s=  42 rc=0 build 338.319 ms peel 13.7554 ms wall 0.71 s
s=  43 rc=0 build 267.047 ms peel 11.5333 ms wall 0.57 s
s=  44 rc=0 build 322.593 ms peel 13.7634 ms wall 0.69 s
s=  45 rc=0 build 260.204 ms peel 11.2735 ms wall 0.57 s
s=  46 rc=0 build 309.452 ms peel 14.0962 ms wall 0.68 s
s=  47 rc=0 build 246.694 ms peel 11.5963 ms wall 0.55 s
s=  48 rc=0 build 295.295 ms peel 13.764 ms wall 0.66 s
s=  49 rc=0 build 234.211 ms peel 11.995 ms wall 0.54 s
s=  50 rc=0 build 283.74 ms peel 13.9892 ms wall 0.65 s
s=  51 rc=0 build 224.887 ms peel 11.6057 ms wall 0.53 s
s=  52 rc=0 build 218.782 ms peel 11.5002 ms wall 0.5 s
s=  53 rc=0 build 214.827 ms peel 11.5376 ms wall 0.49 s
s=  54 rc=0 build 211.094 ms peel 11.7339 ms wall 0.49 s
s=  55 rc=0 build 252.751 ms peel 13.8083 ms wall 0.62 s
s=  56 rc=0 build 246.917 ms peel 13.7748 ms wall 0.58 s
s=  57 rc=0 build 239.985 ms peel 13.8346 ms wall 0.58 s
s=  58 rc=0 build 233.177 ms peel 13.7366 ms wall 0.58 s
s=  59 rc=0 build 184.439 ms peel 11.8593 ms wall 0.48 s
s=  60 rc=0 build 177.549 ms peel 11.644 ms wall 0.46 s
s=  61 rc=0 build 213.073 ms peel 13.781 ms wall 0.58 s
s=  62 rc=0 build 168.469 ms peel 11.6721 ms wall 0.47 s
s=  63 rc=0 build 164.244 ms peel 11.8267 ms wall 0.44 s
s=  64 rc=0 build 198.018 ms peel 13.5431 ms wall 0.56 s
s=  65 rc=0 build 191.568 ms peel 13.8641 ms wall 0.56 s
s=  66 rc=0 build 148.012 ms peel 11.3861 ms wall 0.45 s
s=  67 rc=0 build 138.667 ms peel 11.5274 ms wall 0.42 s
s=  68 rc=0 build 127.409 ms peel 11.3732 ms wall 0.41 s
total wall 88.1 s; in-process 66.6 s
DONE soc-Epinions1
s=   2 rc=0 build 466.283 ms peel 388.634 ms wall 1.64 s
s=   3 rc=0 build 313.635 ms peel 323.199 ms wall 1.35 s
s=   4 rc=0 build 259.269 ms peel 204.73 ms wall 1.18 s
s=   5 rc=0 build 151.615 ms peel 92.4673 ms wall 0.82 s
s=   6 rc=0 build 113.524 ms peel 62.3382 ms wall 0.72 s
s=   7 rc=0 build 102.093 ms peel 55.9474 ms wall 0.71 s
total wall 6.4 s; in-process 2.5 s
DONE com-amazon.ungraph
s=   2 rc=0 build 449.328 ms peel 349.278 ms wall 1.58 s
s=   3 rc=0 build 303.751 ms peel 253.627 ms wall 1.3 s
s=   4 rc=0 build 228.795 ms peel 154.153 ms wall 1.09 s
s=   5 rc=0 build 149.828 ms peel 83.453 ms wall 0.82 s
s=   6 rc=0 build 128.35 ms peel 66.2351 ms wall 0.78 s
s=   7 rc=0 build 143.769 ms peel 72.1949 ms wall 0.91 s
s=   8 rc=0 build 113.532 ms peel 59.1478 ms wall 0.76 s
s=   9 rc=0 build 108.491 ms peel 56.9289 ms wall 0.73 s
s=  10 rc=0 build 105.249 ms peel 56.8163 ms wall 0.72 s
s=  11 rc=0 build 104.701 ms peel 57.1764 ms wall 0.72 s
s=  12 rc=0 build 122.115 ms peel 67.3062 ms wall 0.89 s
s=  13 rc=0 build 120.204 ms peel 64.2325 ms wall 0.87 s
s=  14 rc=0 build 100.388 ms peel 54.4456 ms wall 0.76 s
s=  15 rc=0 build 119.929 ms peel 64.4373 ms wall 0.9 s
s=  16 rc=0 build 118.247 ms peel 66.3681 ms wall 0.88 s
s=  17 rc=0 build 116.602 ms peel 66.7126 ms wall 0.86 s
s=  18 rc=0 build 100.466 ms peel 57.5141 ms wall 0.81 s
s=  19 rc=0 build 117.928 ms peel 67.1793 ms wall 0.88 s
s=  20 rc=0 build 99.8973 ms peel 56.1785 ms wall 0.75 s
s=  21 rc=0 build 118.971 ms peel 66.4639 ms wall 0.89 s
s=  22 rc=0 build 116.452 ms peel 63.2534 ms wall 0.89 s
s=  23 rc=0 build 100.716 ms peel 52.827 ms wall 0.74 s
s=  24 rc=0 build 115.481 ms peel 67.2297 ms wall 0.88 s
s=  25 rc=0 build 102.483 ms peel 57.2309 ms wall 0.76 s
total wall 21.2 s; in-process 5.5 s
DONE ca-MathSciNet
s=   2 rc=0 build 610.46 ms peel 334.964 ms wall 1.78 s
s=   3 rc=0 build 561.546 ms peel 328.902 ms wall 1.7 s
s=   4 rc=0 build 386.567 ms peel 204.401 ms wall 1.25 s
s=   5 rc=0 build 396.618 ms peel 157.22 ms wall 1.33 s
s=   6 rc=0 build 353.199 ms peel 115.801 ms wall 1.24 s
s=   7 rc=0 build 321.582 ms peel 95.0273 ms wall 1.18 s
s=   8 rc=0 build 247.25 ms peel 71.8824 ms wall 1.05 s
s=   9 rc=0 build 285.995 ms peel 78.068 ms wall 1.13 s
s=  10 rc=0 build 226.122 ms peel 63.0215 ms wall 0.92 s
s=  11 rc=0 build 226.646 ms peel 60.6962 ms wall 0.9 s
s=  12 rc=0 build 259.719 ms peel 69.5162 ms wall 1.09 s
s=  13 rc=0 build 212.275 ms peel 59.6645 ms wall 0.9 s
s=  14 rc=0 build 250.543 ms peel 68.5709 ms wall 1.08 s
s=  15 rc=0 build 245.731 ms peel 66.8054 ms wall 1.07 s
s=  16 rc=0 build 246.998 ms peel 66.5813 ms wall 1.07 s
s=  17 rc=0 build 225.534 ms peel 54.7625 ms wall 1.01 s
s=  18 rc=0 build 239.539 ms peel 65.1673 ms wall 1.06 s
s=  19 rc=0 build 199.052 ms peel 54.7245 ms wall 0.89 s
s=  20 rc=0 build 236.524 ms peel 67.9662 ms wall 1.06 s
s=  21 rc=0 build 198.781 ms peel 54.7829 ms wall 0.88 s
s=  22 rc=0 build 194.292 ms peel 54.5311 ms wall 0.87 s
s=  23 rc=0 build 196.697 ms peel 55.0649 ms wall 0.86 s
s=  24 rc=0 build 234.807 ms peel 64.0507 ms wall 1.06 s
s=  25 rc=0 build 231.152 ms peel 63.5103 ms wall 1.05 s
s=  26 rc=0 build 190.042 ms peel 53.8001 ms wall 0.87 s
s=  27 rc=0 build 190.058 ms peel 53.7332 ms wall 0.85 s
s=  28 rc=0 build 233.929 ms peel 64.5746 ms wall 1.05 s
s=  29 rc=0 build 187.469 ms peel 51.3133 ms wall 0.87 s
s=  30 rc=0 build 186.346 ms peel 52.1172 ms wall 0.84 s
s=  31 rc=0 build 226.23 ms peel 60.5993 ms wall 1.05 s
s=  32 rc=0 build 190.047 ms peel 52.9738 ms wall 1.0 s
s=  33 rc=0 build 186.156 ms peel 54.9149 ms wall 0.89 s
s=  34 rc=0 build 182.851 ms peel 51.3276 ms wall 0.87 s
s=  35 rc=0 build 220.577 ms peel 60.0668 ms wall 1.04 s
s=  36 rc=0 build 180.1 ms peel 51.2534 ms wall 0.86 s
s=  37 rc=0 build 218.097 ms peel 60.5642 ms wall 1.04 s
s=  38 rc=0 build 181.603 ms peel 50.937 ms wall 0.88 s
s=  39 rc=0 build 218.584 ms peel 60.3358 ms wall 1.04 s
s=  40 rc=0 build 180.997 ms peel 50.6329 ms wall 0.86 s
s=  41 rc=0 build 178.377 ms peel 50.0182 ms wall 0.83 s
s=  42 rc=0 build 179.315 ms peel 50.5953 ms wall 0.83 s
s=  43 rc=0 build 212.824 ms peel 60.0551 ms wall 1.03 s
s=  44 rc=0 build 214.63 ms peel 60.5606 ms wall 1.05 s
s=  45 rc=0 build 196.652 ms peel 50.1562 ms wall 0.98 s
s=  46 rc=0 build 175.268 ms peel 50.2251 ms wall 0.85 s
s=  47 rc=0 build 174.123 ms peel 50.736 ms wall 0.83 s
s=  48 rc=0 build 210.54 ms peel 59.7034 ms wall 1.03 s
s=  49 rc=0 build 211.67 ms peel 60.1306 ms wall 1.03 s
s=  50 rc=0 build 173.668 ms peel 49.9785 ms wall 0.94 s
s=  51 rc=0 build 173.182 ms peel 50.0924 ms wall 0.86 s
s=  52 rc=0 build 172.725 ms peel 50.7225 ms wall 0.85 s
s=  53 rc=0 build 206.395 ms peel 59.9083 ms wall 1.03 s
s=  54 rc=0 build 176.613 ms peel 50.2886 ms wall 0.86 s
s=  55 rc=0 build 211.757 ms peel 60.8088 ms wall 1.04 s
s=  56 rc=0 build 169.917 ms peel 50.263 ms wall 0.85 s
s=  57 rc=0 build 170.376 ms peel 50.7151 ms wall 0.82 s
s=  58 rc=0 build 169.814 ms peel 52.348 ms wall 0.82 s
s=  59 rc=0 build 169.206 ms peel 51.7704 ms wall 0.82 s
s=  60 rc=0 build 168.79 ms peel 50.2229 ms wall 0.83 s
s=  61 rc=0 build 206.658 ms peel 62.4807 ms wall 1.03 s
s=  62 rc=0 build 169.182 ms peel 49.8946 ms wall 0.85 s
s=  63 rc=0 build 208.49 ms peel 60.0343 ms wall 1.03 s
s=  64 rc=0 build 203.505 ms peel 62.4531 ms wall 1.02 s
s=  65 rc=0 build 171.261 ms peel 50.2711 ms wall 0.85 s
s=  66 rc=0 build 203.225 ms peel 59.1508 ms wall 1.03 s
s=  67 rc=0 build 164.981 ms peel 51.9329 ms wall 0.85 s
s=  68 rc=0 build 165.157 ms peel 51.9185 ms wall 0.82 s
s=  69 rc=0 build 163.343 ms peel 52.0424 ms wall 0.82 s
s=  70 rc=0 build 200.734 ms peel 62.7848 ms wall 1.02 s
s=  71 rc=0 build 199.425 ms peel 49.7117 ms wall 1.0 s
s=  72 rc=0 build 162.587 ms peel 49.7333 ms wall 0.82 s
s=  73 rc=0 build 162.281 ms peel 50.0541 ms wall 0.84 s
s=  74 rc=0 build 163.697 ms peel 49.9459 ms wall 0.82 s
s=  75 rc=0 build 162.49 ms peel 49.616 ms wall 0.81 s
s=  76 rc=0 build 162.901 ms peel 49.9086 ms wall 0.85 s
s=  77 rc=0 build 162.443 ms peel 51.6851 ms wall 0.82 s
s=  78 rc=0 build 195.736 ms peel 59.3376 ms wall 1.02 s
s=  79 rc=0 build 192.654 ms peel 61.9009 ms wall 1.02 s
s=  80 rc=0 build 158.444 ms peel 51.5318 ms wall 0.84 s
s=  81 rc=0 build 193.422 ms peel 61.7518 ms wall 1.01 s
s=  82 rc=0 build 187.398 ms peel 51.5823 ms wall 0.97 s
s=  83 rc=0 build 158.305 ms peel 51.9182 ms wall 0.82 s
s=  84 rc=0 build 155.533 ms peel 52.2271 ms wall 0.83 s
s=  85 rc=0 build 154.418 ms peel 52.0174 ms wall 0.84 s
s=  86 rc=0 build 154.479 ms peel 51.216 ms wall 0.8 s
s=  87 rc=0 build 152.414 ms peel 51.6506 ms wall 0.81 s
s=  88 rc=0 build 153.975 ms peel 51.586 ms wall 0.83 s
s=  89 rc=0 build 185.581 ms peel 61.4753 ms wall 1.01 s
s=  90 rc=0 build 170.751 ms peel 54.436 ms wall 0.96 s
s=  91 rc=0 build 151.397 ms peel 52.6184 ms wall 0.81 s
s=  92 rc=0 build 150.358 ms peel 52.3656 ms wall 0.81 s
s=  93 rc=0 build 148.201 ms peel 51.8781 ms wall 0.81 s
s=  94 rc=0 build 148.198 ms peel 51.9796 ms wall 0.8 s
s=  95 rc=0 build 148.233 ms peel 52.3335 ms wall 0.8 s
s=  96 rc=0 build 145.985 ms peel 51.8526 ms wall 0.8 s
s=  97 rc=0 build 144.379 ms peel 52.2027 ms wall 0.8 s
s=  98 rc=0 build 143.002 ms peel 52.686 ms wall 0.8 s
s=  99 rc=0 build 142.124 ms peel 52.1354 ms wall 0.81 s
s= 100 rc=0 build 139.895 ms peel 53.2653 ms wall 0.8 s
s= 101 rc=0 build 163.516 ms peel 62.0104 ms wall 0.99 s
s= 102 rc=0 build 135.826 ms peel 52.0938 ms wall 0.82 s
s= 103 rc=0 build 163.626 ms peel 63.1316 ms wall 1.0 s
s= 104 rc=0 build 162.926 ms peel 62.448 ms wall 0.99 s
s= 105 rc=0 build 133.397 ms peel 51.8369 ms wall 0.81 s
s= 106 rc=0 build 134.246 ms peel 52.3381 ms wall 0.79 s
s= 107 rc=0 build 132.283 ms peel 52.3957 ms wall 0.79 s
s= 108 rc=0 build 135.492 ms peel 52.3444 ms wall 0.79 s
s= 109 rc=0 build 130.993 ms peel 51.7596 ms wall 0.79 s
s= 110 rc=0 build 157.434 ms peel 61.9192 ms wall 0.98 s
s= 111 rc=0 build 151.614 ms peel 61.0446 ms wall 0.97 s
s= 112 rc=0 build 151.013 ms peel 61.8459 ms wall 0.95 s
s= 113 rc=0 build 124.006 ms peel 51.7314 ms wall 0.83 s
s= 114 rc=0 build 150.735 ms peel 61.9627 ms wall 0.98 s
total wall 106.2 s; in-process 29.4 s
DONE com-dblp
s=   2 rc=0 build 619.63 ms peel 319.635 ms wall 1.88 s
s=   3 rc=0 build 563.277 ms peel 327.389 ms wall 1.81 s
s=   4 rc=0 build 473.405 ms peel 229.003 ms wall 1.6 s
s=   5 rc=0 build 397.644 ms peel 153.793 ms wall 1.43 s
s=   6 rc=0 build 351.521 ms peel 112.675 ms wall 1.33 s
s=   7 rc=0 build 264.808 ms peel 79.0213 ms wall 1.13 s
s=   8 rc=0 build 249.261 ms peel 86.2246 ms wall 1.03 s
s=   9 rc=0 build 234.906 ms peel 64.2738 ms wall 1.03 s
s=  10 rc=0 build 279.864 ms peel 72.5739 ms wall 1.22 s
s=  11 rc=0 build 224.675 ms peel 59.2081 ms wall 1.08 s
s=  12 rc=0 build 266.207 ms peel 68.5431 ms wall 1.22 s
s=  13 rc=0 build 218.961 ms peel 57.2805 ms wall 1.02 s
s=  14 rc=0 build 211.269 ms peel 56.7262 ms wall 0.97 s
s=  15 rc=0 build 208.952 ms peel 56.1263 ms wall 0.97 s
s=  16 rc=0 build 207.716 ms peel 55.992 ms wall 0.96 s
s=  17 rc=0 build 246.814 ms peel 65.5507 ms wall 1.18 s
s=  18 rc=0 build 210.956 ms peel 55.7142 ms wall 1.1 s
s=  19 rc=0 build 201.184 ms peel 55.0404 ms wall 0.96 s
s=  20 rc=0 build 200.461 ms peel 54.9852 ms wall 0.98 s
s=  21 rc=0 build 198.759 ms peel 54.2536 ms wall 0.95 s
s=  22 rc=0 build 245.489 ms peel 64.5479 ms wall 1.19 s
s=  23 rc=0 build 198.166 ms peel 54.2617 ms wall 0.98 s
s=  24 rc=0 build 197.405 ms peel 54.4597 ms wall 0.95 s
s=  25 rc=0 build 239.374 ms peel 65.1053 ms wall 1.18 s
s=  26 rc=0 build 194.955 ms peel 54.1558 ms wall 0.97 s
s=  27 rc=0 build 234.593 ms peel 64.1062 ms wall 1.18 s
s=  28 rc=0 build 201.0 ms peel 52.0232 ms wall 1.08 s
s=  29 rc=0 build 194.957 ms peel 51.503 ms wall 0.98 s
s=  30 rc=0 build 190.841 ms peel 51.7061 ms wall 0.97 s
s=  31 rc=0 build 191.264 ms peel 51.2266 ms wall 0.94 s
s=  32 rc=0 build 190.23 ms peel 51.9015 ms wall 0.95 s
s=  33 rc=0 build 189.513 ms peel 51.7709 ms wall 0.94 s
s=  34 rc=0 build 194.215 ms peel 51.8939 ms wall 0.98 s
s=  35 rc=0 build 187.96 ms peel 51.8563 ms wall 0.96 s
s=  36 rc=0 build 187.546 ms peel 51.3902 ms wall 0.93 s
s=  37 rc=0 build 187.799 ms peel 51.4379 ms wall 0.95 s
s=  38 rc=0 build 185.064 ms peel 51.0978 ms wall 0.93 s
s=  39 rc=0 build 231.876 ms peel 61.1392 ms wall 1.17 s
s=  40 rc=0 build 223.351 ms peel 60.3332 ms wall 1.15 s
s=  41 rc=0 build 186.489 ms peel 52.1051 ms wall 0.97 s
s=  42 rc=0 build 220.025 ms peel 60.4862 ms wall 1.15 s
s=  43 rc=0 build 221.137 ms peel 59.9903 ms wall 1.19 s
s=  44 rc=0 build 185.748 ms peel 52.1605 ms wall 0.99 s
s=  45 rc=0 build 217.192 ms peel 60.3198 ms wall 1.14 s
s=  46 rc=0 build 218.732 ms peel 60.4861 ms wall 1.16 s
s=  47 rc=0 build 181.296 ms peel 51.0826 ms wall 1.05 s
s=  48 rc=0 build 180.541 ms peel 50.7643 ms wall 0.93 s
s=  49 rc=0 build 220.167 ms peel 61.291 ms wall 1.19 s
s=  50 rc=0 build 180.628 ms peel 50.6048 ms wall 1.04 s
s=  51 rc=0 build 180.594 ms peel 50.2887 ms wall 0.94 s
s=  52 rc=0 build 179.237 ms peel 50.73 ms wall 0.96 s
s=  53 rc=0 build 180.271 ms peel 51.2251 ms wall 0.93 s
s=  54 rc=0 build 212.846 ms peel 60.3383 ms wall 1.13 s
s=  55 rc=0 build 179.613 ms peel 50.4063 ms wall 0.96 s
s=  56 rc=0 build 179.694 ms peel 51.0423 ms wall 0.96 s
s=  57 rc=0 build 177.047 ms peel 49.9909 ms wall 0.96 s
s=  58 rc=0 build 175.563 ms peel 52.3873 ms wall 0.93 s
s=  59 rc=0 build 216.125 ms peel 61.8747 ms wall 1.14 s
s=  60 rc=0 build 209.928 ms peel 59.9912 ms wall 1.13 s
s=  61 rc=0 build 211.76 ms peel 62.9578 ms wall 1.15 s
s=  62 rc=0 build 179.147 ms peel 50.3744 ms wall 1.07 s
s=  63 rc=0 build 211.623 ms peel 59.9313 ms wall 1.15 s
s=  64 rc=0 build 172.63 ms peel 52.7771 ms wall 0.95 s
s=  65 rc=0 build 207.577 ms peel 59.9916 ms wall 1.15 s
s=  66 rc=0 build 171.309 ms peel 50.8635 ms wall 0.95 s
s=  67 rc=0 build 172.268 ms peel 52.7166 ms wall 0.92 s
s=  68 rc=0 build 170.618 ms peel 52.7057 ms wall 0.92 s
s=  69 rc=0 build 173.963 ms peel 52.486 ms wall 0.93 s
s=  70 rc=0 build 209.192 ms peel 62.575 ms wall 1.14 s
s=  71 rc=0 build 169.316 ms peel 50.9788 ms wall 0.95 s
s=  72 rc=0 build 205.168 ms peel 60.5553 ms wall 1.14 s
s=  73 rc=0 build 169.1 ms peel 50.6966 ms wall 0.95 s
s=  74 rc=0 build 167.62 ms peel 50.7013 ms wall 0.92 s
s=  75 rc=0 build 205.912 ms peel 60.3268 ms wall 1.14 s
s=  76 rc=0 build 199.506 ms peel 59.9732 ms wall 1.13 s
s=  77 rc=0 build 165.203 ms peel 50.2982 ms wall 1.04 s
s=  78 rc=0 build 166.959 ms peel 50.5861 ms wall 0.92 s
s=  79 rc=0 build 198.612 ms peel 61.3895 ms wall 1.13 s
s=  80 rc=0 build 197.557 ms peel 63.5066 ms wall 1.13 s
s=  81 rc=0 build 195.531 ms peel 62.1858 ms wall 1.13 s
s=  82 rc=0 build 162.655 ms peel 52.5472 ms wall 0.94 s
s=  83 rc=0 build 195.625 ms peel 63.1881 ms wall 1.13 s
s=  84 rc=0 build 194.324 ms peel 62.6546 ms wall 1.13 s
s=  85 rc=0 build 163.45 ms peel 51.9755 ms wall 1.05 s
s=  86 rc=0 build 159.976 ms peel 52.4337 ms wall 0.91 s
s=  87 rc=0 build 159.019 ms peel 52.0912 ms wall 0.91 s
s=  88 rc=0 build 160.224 ms peel 52.9612 ms wall 0.91 s
s=  89 rc=0 build 157.557 ms peel 52.2027 ms wall 0.91 s
s=  90 rc=0 build 189.036 ms peel 63.2802 ms wall 1.15 s
s=  91 rc=0 build 156.231 ms peel 52.5158 ms wall 0.94 s
s=  92 rc=0 build 154.538 ms peel 52.5621 ms wall 0.91 s
s=  93 rc=0 build 186.397 ms peel 62.7178 ms wall 1.12 s
s=  94 rc=0 build 153.985 ms peel 51.9995 ms wall 0.94 s
s=  95 rc=0 build 150.601 ms peel 52.0012 ms wall 0.9 s
s=  96 rc=0 build 180.932 ms peel 62.6557 ms wall 1.11 s
s=  97 rc=0 build 151.651 ms peel 51.6295 ms wall 0.93 s
s=  98 rc=0 build 149.499 ms peel 52.1667 ms wall 0.9 s
s=  99 rc=0 build 174.011 ms peel 62.6577 ms wall 1.11 s
s= 100 rc=0 build 151.05 ms peel 52.2595 ms wall 0.93 s
s= 101 rc=0 build 170.739 ms peel 62.0983 ms wall 1.1 s
s= 102 rc=0 build 141.161 ms peel 52.144 ms wall 0.92 s
s= 103 rc=0 build 140.593 ms peel 52.8939 ms wall 0.89 s
s= 104 rc=0 build 166.294 ms peel 62.6746 ms wall 1.1 s
s= 105 rc=0 build 139.576 ms peel 52.4209 ms wall 0.92 s
s= 106 rc=0 build 136.24 ms peel 52.4582 ms wall 0.88 s
s= 107 rc=0 build 139.108 ms peel 52.3854 ms wall 0.89 s
s= 108 rc=0 build 136.335 ms peel 53.1243 ms wall 0.89 s
s= 109 rc=0 build 135.039 ms peel 52.4214 ms wall 0.88 s
s= 110 rc=0 build 132.858 ms peel 52.2655 ms wall 0.88 s
s= 111 rc=0 build 161.739 ms peel 61.8611 ms wall 1.09 s
s= 112 rc=0 build 158.777 ms peel 62.6234 ms wall 1.1 s
s= 113 rc=0 build 154.228 ms peel 62.4803 ms wall 1.08 s
s= 114 rc=0 build 154.64 ms peel 61.9533 ms wall 1.08 s
total wall 118.5 s; in-process 30.0 s
DONE ca-dblp-2012
s=   2 rc=0 build 6113.32 ms peel 386.096 ms wall 7.87 s
s=   3 rc=0 build 6519.38 ms peel 778.87 ms wall 8.69 s
s=   4 rc=0 build 6670.42 ms peel 826.343 ms wall 8.88 s
s=   5 rc=0 build 6501.46 ms peel 748.774 ms wall 8.42 s
s=   6 rc=0 build 6429.95 ms peel 679.156 ms wall 8.21 s
s=   7 rc=0 build 6401.92 ms peel 580.95 ms wall 8.32 s
s=   8 rc=0 build 6089.68 ms peel 353.528 ms wall 7.77 s
s=   9 rc=0 build 5960.53 ms peel 326.386 ms wall 7.38 s
s=  10 rc=0 build 6034.19 ms peel 305.133 ms wall 7.66 s
s=  11 rc=0 build 5865.41 ms peel 281.242 ms wall 7.24 s
s=  12 rc=0 build 5960.52 ms peel 260.475 ms wall 7.54 s
s=  13 rc=0 build 6149.66 ms peel 236.899 ms wall 7.47 s
s=  14 rc=0 build 5861.36 ms peel 219.922 ms wall 7.4 s
s=  15 rc=0 build 5822.55 ms peel 195.735 ms wall 7.33 s
s=  16 rc=0 build 5666.61 ms peel 161.582 ms wall 6.89 s
s=  17 rc=0 build 5694.2 ms peel 125.498 ms wall 7.12 s
s=  18 rc=0 build 5549.9 ms peel 116.182 ms wall 6.74 s
s=  19 rc=0 build 5655.34 ms peel 113.587 ms wall 7.07 s
s=  20 rc=0 build 5656.25 ms peel 107.618 ms wall 7.06 s
s=  21 rc=0 build 5434.82 ms peel 101.63 ms wall 6.61 s
s=  22 rc=0 build 5419.77 ms peel 98.2313 ms wall 6.56 s
s=  23 rc=0 build 5517.39 ms peel 96.6666 ms wall 6.91 s
s=  24 rc=0 build 5452.31 ms peel 92.9728 ms wall 6.84 s
s=  25 rc=0 build 5345.94 ms peel 90.9046 ms wall 6.5 s
s=  26 rc=0 build 5403.64 ms peel 90.393 ms wall 6.79 s
s=  27 rc=0 build 5259.02 ms peel 89.8485 ms wall 6.4 s
s=  28 rc=0 build 5337.18 ms peel 86.051 ms wall 6.71 s
s=  29 rc=0 build 5207.46 ms peel 83.9408 ms wall 6.33 s
s=  30 rc=0 build 5286.91 ms peel 81.4529 ms wall 6.66 s
s=  31 rc=0 build 5311.87 ms peel 85.1147 ms wall 6.69 s
s=  32 rc=0 build 5265.46 ms peel 77.1745 ms wall 6.64 s
s=  33 rc=0 build 5242.8 ms peel 74.7413 ms wall 6.61 s
s=  34 rc=0 build 5313.85 ms peel 72.612 ms wall 6.68 s
s=  35 rc=0 build 5237.57 ms peel 73.7341 ms wall 6.61 s
s=  36 rc=0 build 5099.69 ms peel 71.2465 ms wall 6.24 s
s=  37 rc=0 build 5170.94 ms peel 71.1736 ms wall 6.54 s
s=  38 rc=0 build 5180.77 ms peel 70.9035 ms wall 6.55 s
s=  39 rc=0 build 5128.11 ms peel 71.3904 ms wall 6.5 s
s=  40 rc=0 build 5132.84 ms peel 70.497 ms wall 6.5 s
s=  41 rc=0 build 5046.58 ms peel 70.1403 ms wall 6.17 s
s=  42 rc=0 build 5041.56 ms peel 70.6031 ms wall 6.16 s
s=  43 rc=0 build 5231.12 ms peel 66.8618 ms wall 6.61 s
s=  44 rc=0 build 5010.31 ms peel 63.6829 ms wall 6.12 s
s=  45 rc=0 build 5122.7 ms peel 59.7058 ms wall 6.48 s
s=  46 rc=0 build 5135.77 ms peel 58.5375 ms wall 6.48 s
s=  47 rc=0 build 5112.38 ms peel 57.9947 ms wall 6.47 s
s=  48 rc=0 build 4985.17 ms peel 57.7584 ms wall 6.08 s
s=  49 rc=0 build 5110.63 ms peel 54.4449 ms wall 6.46 s
s=  50 rc=0 build 5018.88 ms peel 53.4638 ms wall 6.36 s
s=  51 rc=0 build 5009.02 ms peel 52.4193 ms wall 6.36 s
s=  52 rc=0 build 4909.04 ms peel 47.5214 ms wall 6.0 s
s=  53 rc=0 build 5104.1 ms peel 45.3232 ms wall 6.43 s
s=  54 rc=0 build 4885.98 ms peel 44.9649 ms wall 5.97 s
s=  55 rc=0 build 4899.92 ms peel 45.2078 ms wall 6.0 s
s=  56 rc=0 build 4871.1 ms peel 44.1247 ms wall 5.98 s
s=  57 rc=0 build 4952.19 ms peel 44.2171 ms wall 6.28 s
s=  58 rc=0 build 4855.75 ms peel 43.961 ms wall 5.96 s
s=  59 rc=0 build 4951.88 ms peel 46.1085 ms wall 6.29 s
s=  60 rc=0 build 4850.95 ms peel 44.2272 ms wall 5.93 s
s=  61 rc=0 build 4841.88 ms peel 43.0599 ms wall 5.91 s
s=  62 rc=0 build 4969.99 ms peel 43.0763 ms wall 6.29 s
s=  63 rc=0 build 4846.21 ms peel 45.7899 ms wall 6.19 s
s=  64 rc=0 build 4820.4 ms peel 42.9941 ms wall 6.16 s
s=  65 rc=0 build 4854.05 ms peel 43.4385 ms wall 6.2 s
s=  66 rc=0 build 4814.51 ms peel 52.7913 ms wall 5.92 s
s=  67 rc=0 build 4725.72 ms peel 43.1997 ms wall 5.84 s
s=  68 rc=0 build 4712.25 ms peel 43.6168 ms wall 5.8 s
s=  69 rc=0 build 4828.92 ms peel 43.5222 ms wall 6.17 s
s=  70 rc=0 build 4854.13 ms peel 43.6422 ms wall 6.19 s
s=  71 rc=0 build 4711.23 ms peel 43.5319 ms wall 5.8 s
s=  72 rc=0 build 4716.48 ms peel 43.2954 ms wall 5.8 s
total wall 473.8 s; in-process 388.2 s
DONE web-Stanford
s=   2 rc=0 build 3393.9 ms peel 1265.02 ms wall 7.75 s
s=   3 rc=0 build 3332.63 ms peel 1427.03 ms wall 7.43 s
s=   4 rc=0 build 3081.42 ms peel 1116.93 ms wall 7.1 s
s=   5 rc=0 build 2896.83 ms peel 936.806 ms wall 6.41 s
s=   6 rc=0 build 2775.35 ms peel 798.876 ms wall 6.09 s
s=   7 rc=0 build 2644.46 ms peel 689.705 ms wall 5.81 s
s=   8 rc=0 build 2547.11 ms peel 587.363 ms wall 5.62 s
s=   9 rc=0 build 2410.21 ms peel 517.37 ms wall 5.39 s
s=  10 rc=0 build 2283.01 ms peel 431.755 ms wall 5.16 s
s=  11 rc=0 build 2159.18 ms peel 372.514 ms wall 4.96 s
s=  12 rc=0 build 2034.87 ms peel 304.686 ms wall 5.1 s
s=  13 rc=0 build 1932.98 ms peel 266.673 ms wall 4.65 s
s=  14 rc=0 build 1836.78 ms peel 232.737 ms wall 4.51 s
s=  15 rc=0 build 1746.18 ms peel 206.634 ms wall 4.39 s
s=  16 rc=0 build 1699.14 ms peel 185.809 ms wall 4.34 s
s=  17 rc=0 build 1606.99 ms peel 170.138 ms wall 4.58 s
s=  18 rc=0 build 1553.06 ms peel 165.57 ms wall 4.16 s
s=  19 rc=0 build 1502.88 ms peel 157.698 ms wall 4.41 s
s=  20 rc=0 build 1485.03 ms peel 153.738 ms wall 4.38 s
s=  21 rc=0 build 1459.64 ms peel 152.687 ms wall 4.05 s
s=  22 rc=0 build 1424.2 ms peel 146.056 ms wall 4.31 s
s=  23 rc=0 build 1460.63 ms peel 149.974 ms wall 4.05 s
s=  24 rc=0 build 1445.25 ms peel 141.774 ms wall 4.38 s
s=  25 rc=0 build 1437.18 ms peel 146.377 ms wall 4.03 s
s=  26 rc=0 build 1411.57 ms peel 138.869 ms wall 4.32 s
s=  27 rc=0 build 1426.52 ms peel 140.579 ms wall 4.33 s
s=  28 rc=0 build 1454.3 ms peel 141.795 ms wall 4.34 s
s=  29 rc=0 build 1423.68 ms peel 141.378 ms wall 3.99 s
s=  30 rc=0 build 1436.19 ms peel 134.832 ms wall 4.0 s
s=  31 rc=0 build 1414.37 ms peel 133.929 ms wall 4.36 s
s=  32 rc=0 build 1414.76 ms peel 141.593 ms wall 4.46 s
s=  33 rc=0 build 1449.71 ms peel 143.809 ms wall 4.38 s
s=  34 rc=0 build 1433.56 ms peel 148.504 ms wall 4.36 s
s=  35 rc=0 build 1431.89 ms peel 146.083 ms wall 4.4 s
s=  36 rc=0 build 1428.86 ms peel 146.946 ms wall 4.51 s
s=  37 rc=0 build 1415.06 ms peel 144.693 ms wall 4.96 s
s=  38 rc=0 build 1727.66 ms peel 155.469 ms wall 4.84 s
s=  39 rc=0 build 1420.07 ms peel 150.134 ms wall 4.03 s
s=  40 rc=0 build 1432.58 ms peel 152.841 ms wall 4.05 s
s=  41 rc=0 build 1424.75 ms peel 145.464 ms wall 4.37 s
s=  42 rc=0 build 1696.33 ms peel 151.005 ms wall 4.33 s
s=  43 rc=0 build 1433.68 ms peel 149.793 ms wall 4.01 s
s=  44 rc=0 build 1433.34 ms peel 151.062 ms wall 4.04 s
s=  45 rc=0 build 1412.26 ms peel 148.369 ms wall 4.31 s
total wall 209.5 s; in-process 92.9 s
DONE web-Google
s=   2 rc=0 build 4042.67 ms peel 1256.02 ms wall 7.8 s
s=   3 rc=0 build 3841.4 ms peel 1101.5 ms wall 7.27 s
s=   4 rc=0 build 3816.79 ms peel 991.995 ms wall 6.72 s
s=   5 rc=0 build 3676.69 ms peel 842.888 ms wall 6.74 s
s=   6 rc=0 build 3500.27 ms peel 676.121 ms wall 6.41 s
s=   7 rc=0 build 3258.79 ms peel 527.567 ms wall 5.65 s
s=   8 rc=0 build 3097.26 ms peel 398.699 ms wall 5.68 s
s=   9 rc=0 build 2958.35 ms peel 314.943 ms wall 5.08 s
s=  10 rc=0 build 2843.43 ms peel 256.017 ms wall 4.94 s
s=  11 rc=0 build 2760.37 ms peel 225.638 ms wall 4.79 s
s=  12 rc=0 build 2695.21 ms peel 207.869 ms wall 5.09 s
s=  13 rc=0 build 2654.43 ms peel 201.328 ms wall 5.04 s
s=  14 rc=0 build 2633.6 ms peel 197.06 ms wall 4.64 s
s=  15 rc=0 build 2607.5 ms peel 196.737 ms wall 5.0 s
s=  16 rc=0 build 2568.42 ms peel 194.875 ms wall 4.61 s
s=  17 rc=0 build 2508.7 ms peel 194.502 ms wall 4.54 s
s=  18 rc=0 build 2503.49 ms peel 193.91 ms wall 4.54 s
s=  19 rc=0 build 2466.16 ms peel 190.628 ms wall 4.82 s
s=  20 rc=0 build 2452.09 ms peel 190.684 ms wall 4.48 s
s=  21 rc=0 build 2417.27 ms peel 190.803 ms wall 4.77 s
s=  22 rc=0 build 2407.77 ms peel 193.297 ms wall 4.44 s
s=  23 rc=0 build 2417.11 ms peel 191.658 ms wall 4.44 s
s=  24 rc=0 build 2378.25 ms peel 190.783 ms wall 4.39 s
s=  25 rc=0 build 2379.87 ms peel 194.083 ms wall 4.39 s
s=  26 rc=0 build 2350.88 ms peel 191.54 ms wall 4.67 s
s=  27 rc=0 build 2343.5 ms peel 194.472 ms wall 4.38 s
s=  28 rc=0 build 2323.36 ms peel 192.056 ms wall 4.69 s
s=  29 rc=0 build 2329.97 ms peel 191.416 ms wall 4.36 s
s=  30 rc=0 build 2330.57 ms peel 193.767 ms wall 4.33 s
s=  31 rc=0 build 2301.11 ms peel 191.835 ms wall 4.3 s
s=  32 rc=0 build 2296.0 ms peel 192.455 ms wall 4.31 s
s=  33 rc=0 build 2277.72 ms peel 192.401 ms wall 4.6 s
s=  34 rc=0 build 2256.64 ms peel 190.313 ms wall 4.26 s
s=  35 rc=0 build 2276.98 ms peel 191.563 ms wall 4.31 s
s=  36 rc=0 build 2238.6 ms peel 191.449 ms wall 4.58 s
s=  37 rc=0 build 2265.22 ms peel 192.315 ms wall 4.3 s
s=  38 rc=0 build 2234.04 ms peel 192.313 ms wall 4.24 s
s=  39 rc=0 build 2211.42 ms peel 189.964 ms wall 4.54 s
s=  40 rc=0 build 2217.79 ms peel 192.58 ms wall 4.27 s
s=  41 rc=0 build 2197.79 ms peel 193.158 ms wall 5.0 s
s=  42 rc=0 build 2216.23 ms peel 191.297 ms wall 4.21 s
s=  43 rc=0 build 2196.51 ms peel 193.734 ms wall 4.24 s
s=  44 rc=0 build 2165.06 ms peel 194.373 ms wall 4.52 s
s=  45 rc=0 build 2198.86 ms peel 190.254 ms wall 4.58 s
s=  46 rc=0 build 2177.12 ms peel 191.16 ms wall 4.22 s
s=  47 rc=0 build 2188.22 ms peel 194.386 ms wall 4.21 s
s=  48 rc=0 build 2167.83 ms peel 192.557 ms wall 4.17 s
s=  49 rc=0 build 2155.41 ms peel 198.613 ms wall 4.17 s
s=  50 rc=0 build 2135.55 ms peel 191.414 ms wall 4.51 s
s=  51 rc=0 build 2128.45 ms peel 190.79 ms wall 4.48 s
s=  52 rc=0 build 2128.81 ms peel 192.201 ms wall 4.5 s
total wall 245.2 s; in-process 143.7 s
DONE com-youtube
s=   2 rc=0 build 230202.0 ms peel 396.368 ms wall 237.2 s
s=   3 rc=0 build 236505.0 ms peel 386.239 ms wall 243.76 s
s=   4 rc=0 build 231765.0 ms peel 485.948 ms wall 238.87 s
s=   5 rc=0 build 231333.0 ms peel 400.707 ms wall 238.8 s
s=   6 rc=0 build 237629.0 ms peel 392.197 ms wall 245.31 s
s=   7 rc=0 build 231239.0 ms peel 385.922 ms wall 238.54 s
s=   8 rc=0 build 232317.0 ms peel 390.191 ms wall 239.25 s
s=   9 rc=0 build 231353.0 ms peel 387.128 ms wall 238.72 s
s=  10 rc=0 build 234844.0 ms peel 414.161 ms wall 242.25 s
s=  11 rc=0 build 232805.0 ms peel 574.028 ms wall 239.97 s
s=  12 rc=0 build 232744.0 ms peel 621.857 ms wall 240.38 s
s=  13 rc=0 build 231319.0 ms peel 546.242 ms wall 238.91 s
s=  14 rc=0 build 230841.0 ms peel 571.811 ms wall 238.61 s
s=  15 rc=0 build 232086.0 ms peel 584.34 ms wall 240.12 s
s=  16 rc=0 build 231773.0 ms peel 578.804 ms wall 239.41 s
s=  17 rc=0 build 231157.0 ms peel 567.292 ms wall 238.7 s
s=  18 rc=0 build 230513.0 ms peel 585.982 ms wall 238.07 s
s=  19 rc=0 build 230673.0 ms peel 615.59 ms wall 238.27 s
s=  20 rc=0 build 232029.0 ms peel 745.321 ms wall 239.51 s
s=  21 rc=0 build 230913.0 ms peel 565.369 ms wall 239.38 s
s=  22 rc=0 build 230457.0 ms peel 549.074 ms wall 238.21 s
s=  23 rc=0 build 236193.0 ms peel 562.327 ms wall 243.85 s
s=  24 rc=0 build 230489.0 ms peel 681.091 ms wall 238.25 s
s=  25 rc=0 build 231490.0 ms peel 654.377 ms wall 239.23 s
s=  26 rc=0 build 231182.0 ms peel 688.905 ms wall 238.93 s
s=  27 rc=0 build 232641.0 ms peel 616.767 ms wall 240.57 s
s=  28 rc=0 build 231049.0 ms peel 628.779 ms wall 239.22 s
s=  29 rc=0 build 230293.0 ms peel 568.79 ms wall 238.3 s
s=  30 rc=0 build 231202.0 ms peel 494.715 ms wall 238.76 s
s=  31 rc=0 build 230857.0 ms peel 568.877 ms wall 238.57999999999998 s
s=  32 rc=0 build 231872.0 ms peel 594.212 ms wall 239.6 s
s=  33 rc=0 build 229533.0 ms peel 488.497 ms wall 237.57 s
s=  34 rc=0 build 229458.0 ms peel 470.091 ms wall 237.16 s
s=  35 rc=0 build 232255.0 ms peel 525.884 ms wall 240.13 s
s=  36 rc=0 build 231026.0 ms peel 487.488 ms wall 239.15 s
s=  37 rc=0 build 230499.0 ms peel 559.549 ms wall 238.39 s
s=  38 rc=0 build 233944.0 ms peel 529.147 ms wall 241.46 s
s=  39 rc=0 build 238477.0 ms peel 544.479 ms wall 246.24 s
s=  40 rc=0 build 236872.0 ms peel 720.749 ms wall 244.7 s
s=  41 rc=0 build 238493.0 ms peel 735.738 ms wall 246.95 s
s=  42 rc=0 build 234990.0 ms peel 588.311 ms wall 242.67 s
s=  43 rc=0 build 231024.0 ms peel 470.68 ms wall 238.54 s
s=  44 rc=0 build 234786.0 ms peel 458.511 ms wall 242.61 s
s=  45 rc=0 build 234915.0 ms peel 488.666 ms wall 243.04 s
s=  46 rc=0 build 236029.0 ms peel 478.291 ms wall 244.54 s
s=  47 rc=0 build 238639.0 ms peel 1113.11 ms wall 247.66 s
s=  48 rc=0 build 264914.0 ms peel 565.326 ms wall 272.65999999999997 s
s=  49 rc=0 build 231698.0 ms peel 463.151 ms wall 239.29 s
s=  50 rc=0 build 285479.0 ms peel 694.179 ms wall 293.32 s
s=  51 rc=0 build 234586.0 ms peel 448.259 ms wall 242.61 s
s=  52 rc=0 build 274210.0 ms peel 782.902 ms wall 282.13 s
s=  53 rc=0 build 261915.0 ms peel 705.737 ms wall 269.85 s
s=  54 rc=0 build 231303.0 ms peel 435.818 ms wall 238.82999999999998 s
s=  55 rc=0 build 244942.0 ms peel 670.595 ms wall 252.33 s
s=  56 rc=0 build 231099.0 ms peel 448.437 ms wall 240.22 s
s=  57 rc=0 build 235892.0 ms peel 490.448 ms wall 243.51 s
s=  58 rc=0 build 230722.0 ms peel 713.626 ms wall 238.9 s
s=  59 rc=0 build 229369.0 ms peel 432.665 ms wall 237.07999999999998 s
s=  60 rc=0 build 231680.0 ms peel 531.722 ms wall 239.51 s
s=  61 rc=0 build 235468.0 ms peel 678.965 ms wall 243.37 s
s=  62 rc=0 build 234800.0 ms peel 429.62 ms wall 243.7 s
s=  63 rc=0 build 228688.0 ms peel 383.469 ms wall 236.06 s
s=  64 rc=0 build 226086.0 ms peel 434.207 ms wall 233.6 s
s=  65 rc=0 build 229087.0 ms peel 541.866 ms wall 236.99 s
s=  66 rc=0 build 228979.0 ms peel 549.149 ms wall 236.86 s
s=  67 rc=0 build 228069.0 ms peel 418.044 ms wall 235.57 s
s=  68 rc=0 build 229305.0 ms peel 665.216 ms wall 237.27 s
s=  69 rc=0 build 226781.0 ms peel 422.091 ms wall 234.34 s
s=  70 rc=0 build 228330.0 ms peel 547.274 ms wall 236.07999999999998 s
s=  71 rc=0 build 227512.0 ms peel 406.507 ms wall 235.23 s
s=  72 rc=0 build 227742.0 ms peel 369.013 ms wall 235.91 s
s=  73 rc=0 build 229111.0 ms peel 403.884 ms wall 237.44 s
s=  74 rc=0 build 278469.0 ms peel 548.091 ms wall 286.84000000000003 s
s=  75 rc=0 build 249392.0 ms peel 588.39 ms wall 257.69 s
s=  76 rc=0 build 229028.0 ms peel 368.306 ms wall 237.28 s
s=  77 rc=0 build 234664.0 ms peel 441.233 ms wall 243.0 s
s=  78 rc=0 build 228369.0 ms peel 393.108 ms wall 236.64 s
s=  79 rc=0 build 227750.0 ms peel 399.58 ms wall 235.51 s
s=  80 rc=0 build 252118.0 ms peel 437.588 ms wall 260.14 s
s=  81 rc=0 build 242863.0 ms peel 485.673 ms wall 251.17 s
s=  82 rc=0 build 239132.0 ms peel 392.253 ms wall 247.48 s
s=  83 rc=0 build 260868.0 ms peel 520.948 ms wall 269.25 s
s=  84 rc=0 build 243667.0 ms peel 826.179 ms wall 252.82 s
s=  85 rc=0 build 225640.0 ms peel 333.217 ms wall 233.9 s
s=  86 rc=0 build 236292.0 ms peel 416.424 ms wall 244.29 s
s=  87 rc=0 build 229616.0 ms peel 403.05 ms wall 237.82 s
s=  88 rc=0 build 229792.0 ms peel 427.516 ms wall 238.12 s
s=  89 rc=0 build 222381.0 ms peel 343.131 ms wall 230.54 s
s=  90 rc=0 build 230987.0 ms peel 329.686 ms wall 239.57 s
s=  91 rc=0 build 227232.0 ms peel 523.461 ms wall 235.75 s
s=  92 rc=0 build 226992.0 ms peel 393.519 ms wall 235.3 s
s=  93 rc=0 build 225260.0 ms peel 359.261 ms wall 233.45 s
s=  94 rc=0 build 219732.0 ms peel 394.476 ms wall 227.94 s
s=  95 rc=0 build 219250.0 ms peel 401.174 ms wall 227.52 s
s=  96 rc=0 build 220747.0 ms peel 307.206 ms wall 229.2 s
s=  97 rc=0 build 218506.0 ms peel 309.831 ms wall 227.03 s
s=  98 rc=0 build 218269.0 ms peel 350.475 ms wall 226.45 s
s=  99 rc=0 build 301946.0 ms peel 468.036 ms wall 310.33 s
s= 100 rc=0 build 219344.0 ms peel 347.769 ms wall 227.66 s
s= 101 rc=0 build 248821.0 ms peel 822.496 ms wall 257.33 s
s= 102 rc=0 build 239083.0 ms peel 381.573 ms wall 247.34 s
s= 103 rc=0 build 233609.0 ms peel 391.999 ms wall 241.8 s
s= 104 rc=0 build 231227.0 ms peel 366.444 ms wall 239.49 s
s= 105 rc=0 build 218833.0 ms peel 366.028 ms wall 227.17000000000002 s
s= 106 rc=0 build 218282.0 ms peel 304.684 ms wall 226.61 s
s= 107 rc=0 build 247684.0 ms peel 642.585 ms wall 256.36 s
s= 108 rc=0 build 216751.0 ms peel 289.903 ms wall 225.03 s
s= 109 rc=0 build 217403.0 ms peel 330.1 ms wall 225.65 s
s= 110 rc=0 build 216180.0 ms peel 286.828 ms wall 224.48 s
s= 111 rc=0 build 282358.0 ms peel 424.315 ms wall 290.46 s
s= 112 rc=0 build 216268.0 ms peel 341.37 ms wall 224.59 s
s= 113 rc=0 build 215326.0 ms peel 276.82 ms wall 223.57999999999998 s
s= 114 rc=0 build 215168.0 ms peel 308.208 ms wall 223.09 s
s= 115 rc=0 build 215271.0 ms peel 321.659 ms wall 223.57999999999998 s
s= 116 rc=0 build 213287.0 ms peel 417.728 ms wall 221.7 s
s= 117 rc=0 build 223058.0 ms peel 287.018 ms wall 231.39 s
s= 118 rc=0 build 257893.0 ms peel 345.242 ms wall 266.27 s
s= 119 rc=0 build 214968.0 ms peel 296.372 ms wall 223.12 s
s= 120 rc=0 build 215617.0 ms peel 327.322 ms wall 223.91 s
s= 121 rc=0 build 249456.0 ms peel 356.44 ms wall 258.0 s
s= 122 rc=0 build 221387.0 ms peel 317.476 ms wall 229.59 s
s= 123 rc=0 build 213366.0 ms peel 402.995 ms wall 221.66 s
s= 124 rc=0 build 216836.0 ms peel 390.72 ms wall 225.23 s
s= 125 rc=0 build 210230.0 ms peel 364.871 ms wall 218.72 s
s= 126 rc=0 build 210266.0 ms peel 415.109 ms wall 218.69 s
s= 127 rc=0 build 209472.0 ms peel 355.686 ms wall 217.77 s
s= 128 rc=0 build 215470.0 ms peel 340.245 ms wall 223.68 s
s= 129 rc=0 build 213729.0 ms peel 281.4 ms wall 222.26 s
s= 130 rc=0 build 207001.0 ms peel 281.801 ms wall 214.95 s
s= 131 rc=0 build 204030.0 ms peel 327.559 ms wall 212.51 s
s= 132 rc=0 build 203861.0 ms peel 395.19 ms wall 212.28 s
s= 133 rc=0 build 207097.0 ms peel 255.335 ms wall 215.27 s
s= 134 rc=0 build 201333.0 ms peel 269.209 ms wall 209.8 s
s= 135 rc=0 build 201622.0 ms peel 342.903 ms wall 209.82999999999998 s
s= 136 rc=0 build 200159.0 ms peel 292.83 ms wall 208.38 s
s= 137 rc=0 build 200277.0 ms peel 362.618 ms wall 208.56 s
s= 138 rc=0 build 201486.0 ms peel 359.686 ms wall 209.76 s
s= 139 rc=0 build 198101.0 ms peel 250.182 ms wall 206.19 s
s= 140 rc=0 build 197153.0 ms peel 265.093 ms wall 204.88 s
s= 141 rc=0 build 199010.0 ms peel 325.893 ms wall 206.87 s
s= 142 rc=0 build 195798.0 ms peel 227.047 ms wall 203.91 s
s= 143 rc=0 build 195605.0 ms peel 317.752 ms wall 203.89 s
s= 144 rc=0 build 195145.0 ms peel 349.784 ms wall 203.49 s
s= 145 rc=0 build 193362.0 ms peel 294.59 ms wall 201.57999999999998 s
s= 146 rc=0 build 192871.0 ms peel 333.223 ms wall 201.15 s
s= 147 rc=0 build 191342.0 ms peel 226.442 ms wall 199.47 s
s= 148 rc=0 build 190978.0 ms peel 293.785 ms wall 199.19 s
s= 149 rc=0 build 190083.0 ms peel 223.642 ms wall 198.57999999999998 s
s= 150 rc=0 build 189349.0 ms peel 254.883 ms wall 197.56 s
s= 151 rc=0 build 187964.0 ms peel 209.218 ms wall 195.82 s
s= 152 rc=0 build 187984.0 ms peel 222.227 ms wall 197.93 s
s= 153 rc=0 build 185394.0 ms peel 298.595 ms wall 193.81 s
s= 154 rc=0 build 184357.0 ms peel 347.466 ms wall 192.68 s
s= 155 rc=0 build 182985.0 ms peel 234.942 ms wall 191.1 s
s= 156 rc=0 build 182078.0 ms peel 349.941 ms wall 190.0 s
s= 157 rc=0 build 182303.0 ms peel 207.104 ms wall 190.26 s
s= 158 rc=0 build 182261.0 ms peel 291.471 ms wall 190.48 s
s= 159 rc=0 build 179199.0 ms peel 280.629 ms wall 187.38 s
s= 160 rc=0 build 177449.0 ms peel 205.693 ms wall 185.61 s
s= 161 rc=0 build 176656.0 ms peel 185.195 ms wall 184.4 s
s= 162 rc=0 build 175818.0 ms peel 268.597 ms wall 184.2 s
s= 163 rc=0 build 174289.0 ms peel 249.594 ms wall 182.51 s
s= 164 rc=0 build 172870.0 ms peel 178.114 ms wall 180.93 s
s= 165 rc=0 build 172055.0 ms peel 263.812 ms wall 180.27 s
s= 166 rc=0 build 170599.0 ms peel 246.353 ms wall 178.72 s
s= 167 rc=0 build 169479.0 ms peel 201.896 ms wall 177.6 s
s= 168 rc=0 build 167740.0 ms peel 241.521 ms wall 175.9 s
s= 169 rc=0 build 166373.0 ms peel 193.429 ms wall 174.5 s
s= 170 rc=0 build 164959.0 ms peel 202.725 ms wall 173.14 s
s= 171 rc=0 build 163724.0 ms peel 248.83 ms wall 172.07999999999998 s
s= 172 rc=0 build 162149.0 ms peel 222.15 ms wall 170.04 s
s= 173 rc=0 build 163509.0 ms peel 205.199 ms wall 171.64 s
s= 174 rc=0 build 158663.0 ms peel 182.599 ms wall 166.73 s
s= 175 rc=0 build 158423.0 ms peel 211.793 ms wall 166.15 s
s= 176 rc=0 build 157962.0 ms peel 206.694 ms wall 166.12 s
s= 177 rc=0 build 153502.0 ms peel 171.278 ms wall 161.52 s
s= 178 rc=0 build 152231.0 ms peel 231.781 ms wall 160.07 s
s= 179 rc=0 build 150232.0 ms peel 138.524 ms wall 158.12 s
s= 180 rc=0 build 149637.0 ms peel 218.347 ms wall 157.82999999999998 s
s= 181 rc=0 build 147759.0 ms peel 234.34 ms wall 155.85 s
s= 182 rc=0 build 146464.0 ms peel 138.054 ms wall 154.57 s
s= 183 rc=0 build 144001.0 ms peel 187.59 ms wall 152.09 s
s= 184 rc=0 build 142379.0 ms peel 134.712 ms wall 150.36 s
s= 185 rc=0 build 141278.0 ms peel 131.503 ms wall 148.92000000000002 s
s= 186 rc=0 build 139006.0 ms peel 163.995 ms wall 147.0 s
s= 187 rc=0 build 136865.0 ms peel 127.472 ms wall 144.77 s
s= 188 rc=0 build 136090.0 ms peel 150.474 ms wall 144.18 s
s= 189 rc=0 build 134625.0 ms peel 170.312 ms wall 142.82 s
s= 190 rc=0 build 132280.0 ms peel 177.986 ms wall 140.36 s
s= 191 rc=0 build 133375.0 ms peel 115.915 ms wall 141.41 s
s= 192 rc=0 build 128800.0 ms peel 167.238 ms wall 136.96 s
s= 193 rc=0 build 126957.0 ms peel 110.255 ms wall 134.95 s
s= 194 rc=0 build 125831.0 ms peel 145.031 ms wall 134.01 s
s= 195 rc=0 build 123483.0 ms peel 162.918 ms wall 131.66 s
s= 196 rc=0 build 121413.0 ms peel 113.895 ms wall 129.45 s
s= 197 rc=0 build 119958.0 ms peel 104.7 ms wall 128.04 s
s= 198 rc=0 build 118189.0 ms peel 95.1485 ms wall 125.8 s
s= 199 rc=0 build 116444.0 ms peel 97.4292 ms wall 124.06 s
s= 200 rc=0 build 114406.0 ms peel 90.6723 ms wall 122.02 s
s= 201 rc=0 build 112595.0 ms peel 87.1657 ms wall 120.51 s
s= 202 rc=0 build 110841.0 ms peel 87.4792 ms wall 118.37 s
s= 203 rc=0 build 108970.0 ms peel 85.8992 ms wall 116.97 s
s= 204 rc=0 build 107223.0 ms peel 78.7628 ms wall 115.24000000000001 s
s= 205 rc=0 build 105294.0 ms peel 79.1043 ms wall 113.22 s
s= 206 rc=0 build 103526.0 ms peel 78.6391 ms wall 111.47999999999999 s
s= 207 rc=0 build 102260.0 ms peel 85.7442 ms wall 109.85 s
s= 208 rc=0 build 99603.0 ms peel 74.2168 ms wall 107.71000000000001 s
s= 209 rc=0 build 97813.9 ms peel 70.5435 ms wall 105.31 s
s= 210 rc=0 build 95922.5 ms peel 64.5979 ms wall 103.43 s
s= 211 rc=0 build 95708.7 ms peel 60.0793 ms wall 103.71000000000001 s
s= 212 rc=0 build 95326.7 ms peel 60.8107 ms wall 103.19 s
s= 213 rc=0 build 95023.1 ms peel 60.4308 ms wall 102.97 s
s= 214 rc=0 build 94677.0 ms peel 61.8846 ms wall 102.61 s
s= 215 rc=0 build 94707.9 ms peel 86.9278 ms wall 102.34 s
s= 216 rc=0 build 94159.5 ms peel 59.3668 ms wall 102.05 s
s= 217 rc=0 build 93722.8 ms peel 60.4938 ms wall 101.25 s
s= 218 rc=0 build 93401.8 ms peel 59.6025 ms wall 101.25999999999999 s
s= 219 rc=0 build 93066.4 ms peel 60.3015 ms wall 100.92 s
s= 220 rc=0 build 92921.8 ms peel 60.6535 ms wall 100.85 s
s= 221 rc=0 build 92402.3 ms peel 58.8811 ms wall 100.28999999999999 s
s= 222 rc=0 build 92063.1 ms peel 59.6928 ms wall 100.18 s
s= 223 rc=0 build 91839.1 ms peel 56.8337 ms wall 99.69 s
s= 224 rc=0 build 91587.4 ms peel 56.0015 ms wall 98.93 s
s= 225 rc=0 build 91199.2 ms peel 56.533 ms wall 98.55 s
s= 226 rc=0 build 90773.6 ms peel 56.8892 ms wall 98.24000000000001 s
s= 227 rc=0 build 90537.0 ms peel 55.5579 ms wall 98.0 s
s= 228 rc=0 build 90178.7 ms peel 56.7527 ms wall 98.0 s
s= 229 rc=0 build 89848.3 ms peel 55.4244 ms wall 97.74000000000001 s
s= 230 rc=0 build 89538.1 ms peel 55.0351 ms wall 97.47999999999999 s
s= 231 rc=0 build 89151.7 ms peel 54.641 ms wall 97.00999999999999 s
s= 232 rc=0 build 88882.3 ms peel 53.7384 ms wall 96.85 s
s= 233 rc=0 build 88511.4 ms peel 53.6948 ms wall 96.37 s
s= 234 rc=0 build 88100.7 ms peel 54.8812 ms wall 96.02000000000001 s
s= 235 rc=0 build 87799.5 ms peel 52.8245 ms wall 95.4 s
s= 236 rc=0 build 87549.9 ms peel 53.4191 ms wall 95.45 s
s= 237 rc=0 build 87569.1 ms peel 62.3014 ms wall 95.53 s
s= 238 rc=0 build 86200.6 ms peel 52.1012 ms wall 94.11 s
s= 239 rc=0 build 85969.1 ms peel 52.3931 ms wall 93.78999999999999 s
s= 240 rc=0 build 85554.6 ms peel 50.7275 ms wall 93.28999999999999 s
s= 241 rc=0 build 85973.7 ms peel 68.6711 ms wall 93.38 s
s= 242 rc=0 build 85332.8 ms peel 48.8231 ms wall 93.0 s
s= 243 rc=0 build 84715.2 ms peel 49.291 ms wall 92.43 s
s= 244 rc=0 build 85132.9 ms peel 73.2627 ms wall 92.72 s
s= 245 rc=0 build 84767.4 ms peel 64.2905 ms wall 92.59 s
s= 246 rc=0 build 84623.5 ms peel 67.9982 ms wall 92.41 s
s= 247 rc=0 build 84275.8 ms peel 54.0479 ms wall 92.13 s
s= 248 rc=0 build 83786.8 ms peel 55.2663 ms wall 91.63 s
s= 249 rc=0 build 83550.8 ms peel 72.5759 ms wall 91.4 s
s= 250 rc=0 build 82936.1 ms peel 46.3965 ms wall 90.68 s
s= 251 rc=0 build 82792.5 ms peel 58.9621 ms wall 90.23 s
s= 252 rc=0 build 82663.5 ms peel 53.0622 ms wall 90.61 s
s= 253 rc=0 build 81765.2 ms peel 46.8611 ms wall 89.53 s
s= 254 rc=0 build 81834.2 ms peel 67.5714 ms wall 89.66 s
s= 255 rc=0 build 80926.2 ms peel 46.0648 ms wall 88.8 s
s= 256 rc=0 build 80549.6 ms peel 45.9031 ms wall 88.38 s
s= 257 rc=0 build 80674.9 ms peel 60.5099 ms wall 88.35 s
s= 258 rc=0 build 79645.5 ms peel 45.4773 ms wall 87.35 s
s= 259 rc=0 build 79920.4 ms peel 63.1339 ms wall 87.72 s
s= 260 rc=0 build 79611.5 ms peel 57.5223 ms wall 87.22 s
s= 261 rc=0 build 78822.8 ms peel 46.1938 ms wall 86.66 s
s= 262 rc=0 build 78459.5 ms peel 44.8004 ms wall 86.24 s
s= 263 rc=0 build 78109.0 ms peel 43.3901 ms wall 86.11 s
s= 264 rc=0 build 77859.8 ms peel 44.2028 ms wall 85.6 s
s= 265 rc=0 build 77558.3 ms peel 44.6401 ms wall 84.93 s
s= 266 rc=0 build 77133.7 ms peel 44.9255 ms wall 84.51 s
s= 267 rc=0 build 76773.3 ms peel 43.3004 ms wall 84.15 s
s= 268 rc=0 build 76476.3 ms peel 43.1009 ms wall 83.84 s
s= 269 rc=0 build 76064.5 ms peel 43.9164 ms wall 83.41 s
s= 270 rc=0 build 75646.5 ms peel 42.3636 ms wall 83.0 s
s= 271 rc=0 build 75154.9 ms peel 42.716 ms wall 82.51 s
s= 272 rc=0 build 74907.0 ms peel 42.4938 ms wall 82.25 s
s= 273 rc=0 build 74951.1 ms peel 50.8506 ms wall 82.32 s
s= 274 rc=0 build 74004.0 ms peel 41.5427 ms wall 81.71000000000001 s
s= 275 rc=0 build 73686.8 ms peel 40.6854 ms wall 81.4 s
s= 276 rc=0 build 73274.8 ms peel 41.2129 ms wall 80.94 s
s= 277 rc=0 build 72918.3 ms peel 40.8139 ms wall 80.64 s
s= 278 rc=0 build 72178.8 ms peel 39.3504 ms wall 79.88 s
s= 279 rc=0 build 72647.0 ms peel 48.3434 ms wall 80.43 s
s= 280 rc=0 build 72367.1 ms peel 51.6677 ms wall 80.39 s
s= 281 rc=0 build 72090.0 ms peel 58.1732 ms wall 80.0 s
s= 282 rc=0 build 71130.5 ms peel 38.7711 ms wall 78.92 s
s= 283 rc=0 build 70850.7 ms peel 39.0437 ms wall 78.55 s
s= 284 rc=0 build 70685.8 ms peel 39.3256 ms wall 78.32 s
s= 285 rc=0 build 70877.4 ms peel 54.0223 ms wall 78.64 s
s= 286 rc=0 build 69976.1 ms peel 38.7542 ms wall 77.89 s
s= 287 rc=0 build 69605.4 ms peel 39.9119 ms wall 79.08 s
s= 288 rc=0 build 69226.4 ms peel 38.335 ms wall 77.09 s
s= 289 rc=0 build 69440.6 ms peel 57.3703 ms wall 77.32 s
s= 290 rc=0 build 68646.8 ms peel 37.6296 ms wall 76.35 s
s= 291 rc=0 build 68248.6 ms peel 38.0602 ms wall 75.59 s
s= 292 rc=0 build 68391.5 ms peel 50.1562 ms wall 75.83 s
s= 293 rc=0 build 67636.9 ms peel 37.9067 ms wall 75.34 s
s= 294 rc=0 build 67319.3 ms peel 36.6199 ms wall 75.07 s
s= 295 rc=0 build 67044.2 ms peel 37.4262 ms wall 74.77 s
s= 296 rc=0 build 66692.1 ms peel 35.1108 ms wall 74.38 s
s= 297 rc=0 build 66428.1 ms peel 36.3929 ms wall 73.72 s
s= 298 rc=0 build 66164.0 ms peel 36.6242 ms wall 73.43 s
s= 299 rc=0 build 65786.5 ms peel 35.2667 ms wall 73.23 s
s= 300 rc=0 build 65691.1 ms peel 34.4894 ms wall 73.13 s
s= 301 rc=0 build 65216.8 ms peel 35.3604 ms wall 72.53999999999999 s
s= 302 rc=0 build 64957.8 ms peel 35.4468 ms wall 72.26 s
s= 303 rc=0 build 64550.6 ms peel 34.4767 ms wall 72.24 s
s= 304 rc=0 build 64300.9 ms peel 35.0749 ms wall 71.89 s
s= 305 rc=0 build 63912.9 ms peel 34.7939 ms wall 71.11 s
s= 306 rc=0 build 63636.0 ms peel 34.9377 ms wall 70.88 s
s= 307 rc=0 build 63280.5 ms peel 34.8243 ms wall 70.49 s
s= 308 rc=0 build 63018.9 ms peel 35.3433 ms wall 70.22 s
s= 309 rc=0 build 62727.3 ms peel 34.4775 ms wall 70.12 s
s= 310 rc=0 build 62282.8 ms peel 34.6524 ms wall 69.56 s
s= 311 rc=0 build 62021.1 ms peel 34.1531 ms wall 69.28 s
s= 312 rc=0 build 61629.4 ms peel 34.359 ms wall 68.89 s
s= 313 rc=0 build 61427.7 ms peel 34.0709 ms wall 68.87 s
s= 314 rc=0 build 61118.5 ms peel 34.3357 ms wall 68.43 s
s= 315 rc=0 build 60794.1 ms peel 32.1441 ms wall 68.2 s
s= 316 rc=0 build 60409.7 ms peel 33.539 ms wall 67.84 s
s= 317 rc=0 build 59996.3 ms peel 33.5547 ms wall 67.39 s
s= 318 rc=0 build 59619.7 ms peel 33.1312 ms wall 66.99 s
s= 319 rc=0 build 59335.9 ms peel 32.1555 ms wall 67.11 s
s= 320 rc=0 build 59024.0 ms peel 31.9588 ms wall 66.76 s
s= 321 rc=0 build 58660.0 ms peel 33.103 ms wall 66.04 s
s= 322 rc=0 build 58315.0 ms peel 32.5403 ms wall 65.47 s
s= 323 rc=0 build 57891.6 ms peel 32.8325 ms wall 65.19 s
s= 324 rc=0 build 57694.6 ms peel 32.2485 ms wall 65.1 s
s= 325 rc=0 build 58466.8 ms peel 41.5431 ms wall 66.49 s
s= 326 rc=0 build 57278.1 ms peel 32.1521 ms wall 65.7 s
s= 327 rc=0 build 56965.6 ms peel 32.8067 ms wall 65.07 s
s= 328 rc=0 build 56992.1 ms peel 33.8006 ms wall 65.01 s
s= 329 rc=0 build 56224.0 ms peel 32.6933 ms wall 64.36 s
s= 330 rc=0 build 55901.3 ms peel 30.9981 ms wall 64.22 s
s= 331 rc=0 build 55528.5 ms peel 30.4428 ms wall 63.61 s
s= 332 rc=0 build 54994.0 ms peel 31.2527 ms wall 62.99 s
s= 333 rc=0 build 55397.1 ms peel 36.9425 ms wall 63.29 s
s= 334 rc=0 build 54467.6 ms peel 30.6061 ms wall 62.33 s
s= 335 rc=0 build 53979.3 ms peel 29.1088 ms wall 62.06 s
s= 336 rc=0 build 53718.3 ms peel 30.1419 ms wall 61.6 s
s= 337 rc=0 build 53210.2 ms peel 30.5343 ms wall 61.12 s
s= 338 rc=0 build 58827.3 ms peel 50.0734 ms wall 66.53 s
s= 339 rc=0 build 53006.8 ms peel 30.5839 ms wall 60.93 s
s= 340 rc=0 build 52098.7 ms peel 29.5325 ms wall 60.0 s
s= 341 rc=0 build 51724.8 ms peel 29.8904 ms wall 59.21 s
s= 342 rc=0 build 51652.8 ms peel 34.7599 ms wall 59.61 s
s= 343 rc=0 build 51017.7 ms peel 27.9928 ms wall 59.23 s
s= 344 rc=0 build 50716.7 ms peel 28.8146 ms wall 58.55 s
s= 345 rc=0 build 49878.1 ms peel 34.2415 ms wall 57.41 s
s= 346 rc=0 build 49960.2 ms peel 29.7787 ms wall 57.9 s
s= 347 rc=0 build 49469.0 ms peel 27.3564 ms wall 57.38 s
s= 348 rc=0 build 49112.5 ms peel 30.3007 ms wall 56.68 s
s= 349 rc=0 build 48993.2 ms peel 29.0049 ms wall 56.54 s
s= 350 rc=0 build 48102.9 ms peel 28.5901 ms wall 55.71 s
s= 351 rc=0 build 47615.8 ms peel 28.0049 ms wall 55.24 s
s= 352 rc=0 build 47200.3 ms peel 27.3625 ms wall 55.14 s
s= 353 rc=0 build 46794.1 ms peel 27.1242 ms wall 54.38 s
s= 354 rc=0 build 46431.3 ms peel 27.0097 ms wall 54.34 s
s= 355 rc=0 build 46086.2 ms peel 27.5626 ms wall 54.11 s
s= 356 rc=0 build 46215.9 ms peel 36.8584 ms wall 53.86 s
s= 357 rc=0 build 45105.2 ms peel 26.7008 ms wall 52.65 s
s= 358 rc=0 build 44876.9 ms peel 26.8571 ms wall 52.47 s
s= 359 rc=0 build 57188.4 ms peel 35.7818 ms wall 65.44 s
s= 360 rc=0 build 43892.3 ms peel 26.2858 ms wall 51.82 s
s= 361 rc=0 build 44166.7 ms peel 29.7024 ms wall 51.81 s
s= 362 rc=0 build 43215.7 ms peel 25.8227 ms wall 51.25 s
s= 363 rc=0 build 42625.7 ms peel 27.2119 ms wall 50.4 s
s= 364 rc=0 build 42199.6 ms peel 25.4384 ms wall 49.97 s
s= 365 rc=0 build 41753.1 ms peel 25.6506 ms wall 49.47 s
s= 366 rc=0 build 41369.4 ms peel 26.6895 ms wall 48.79 s
s= 367 rc=0 build 40883.6 ms peel 24.5375 ms wall 48.55 s
s= 368 rc=0 build 40552.9 ms peel 26.444 ms wall 48.38 s
s= 369 rc=0 build 40144.8 ms peel 25.8368 ms wall 47.55 s
s= 370 rc=0 build 39590.2 ms peel 24.8246 ms wall 47.56 s
s= 371 rc=0 build 39383.5 ms peel 24.8771 ms wall 47.28 s
s= 372 rc=0 build 38887.6 ms peel 24.771 ms wall 46.87 s
s= 373 rc=0 build 38463.4 ms peel 24.3089 ms wall 46.3 s
s= 374 rc=0 build 38499.0 ms peel 23.3481 ms wall 46.58 s
s= 375 rc=0 build 37776.6 ms peel 24.3322 ms wall 45.59 s
s= 376 rc=0 build 37497.2 ms peel 24.1604 ms wall 45.45 s
s= 377 rc=0 build 37124.8 ms peel 24.1032 ms wall 44.83 s
s= 378 rc=0 build 36514.6 ms peel 24.124 ms wall 44.01 s
s= 379 rc=0 build 36698.9 ms peel 33.8785 ms wall 44.24 s
s= 380 rc=0 build 35868.6 ms peel 23.9674 ms wall 44.9 s
s= 381 rc=0 build 35563.4 ms peel 23.3561 ms wall 43.52 s
s= 382 rc=0 build 35260.0 ms peel 23.3316 ms wall 43.32 s
s= 383 rc=0 build 34795.0 ms peel 22.6429 ms wall 42.59 s
s= 384 rc=0 build 34213.8 ms peel 22.3852 ms wall 42.29 s
s= 385 rc=0 build 34023.3 ms peel 21.9866 ms wall 41.82 s
s= 386 rc=0 build 33543.4 ms peel 22.7154 ms wall 41.39 s
s= 387 rc=0 build 33765.6 ms peel 22.0804 ms wall 41.67 s
s= 388 rc=0 build 33032.6 ms peel 21.7242 ms wall 40.94 s
s= 389 rc=0 build 32695.5 ms peel 22.4405 ms wall 40.29 s
s= 390 rc=0 build 32370.0 ms peel 22.6458 ms wall 40.22 s
s= 391 rc=0 build 32007.8 ms peel 22.1686 ms wall 40.23 s
s= 392 rc=0 build 31683.5 ms peel 22.0634 ms wall 39.74 s
s= 393 rc=0 build 31380.8 ms peel 22.7423 ms wall 39.32 s
s= 394 rc=0 build 31723.6 ms peel 20.7532 ms wall 40.64 s
s= 395 rc=0 build 30847.0 ms peel 21.0256 ms wall 38.98 s
s= 396 rc=0 build 30519.2 ms peel 21.7894 ms wall 38.66 s
s= 397 rc=0 build 30154.6 ms peel 21.5709 ms wall 38.41 s
s= 398 rc=0 build 29931.9 ms peel 21.5553 ms wall 38.32 s
s= 399 rc=0 build 29794.3 ms peel 21.6087 ms wall 37.79 s
s= 400 rc=0 build 29554.5 ms peel 21.7868 ms wall 37.74 s
s= 401 rc=0 build 30056.7 ms peel 28.1469 ms wall 37.46 s
s= 402 rc=0 build 29151.6 ms peel 21.3096 ms wall 37.59 s
s= 403 rc=0 build 28843.2 ms peel 20.1745 ms wall 37.28 s
s= 404 rc=0 build 30426.4 ms peel 27.6809 ms wall 38.12 s
s= 405 rc=0 build 28208.3 ms peel 20.0685 ms wall 36.23 s
s= 406 rc=0 build 27669.6 ms peel 20.4978 ms wall 35.94 s
s= 407 rc=0 build 27650.5 ms peel 20.2069 ms wall 36.16 s
s= 408 rc=0 build 27319.9 ms peel 20.0659 ms wall 35.77 s
s= 409 rc=0 build 27088.8 ms peel 20.0238 ms wall 35.31 s
s= 410 rc=0 build 26825.6 ms peel 19.6904 ms wall 35.0 s
s= 411 rc=0 build 26696.4 ms peel 19.9917 ms wall 34.77 s
s= 412 rc=0 build 26431.5 ms peel 20.0087 ms wall 35.3 s
s= 413 rc=0 build 26232.0 ms peel 19.5979 ms wall 34.3 s
s= 414 rc=0 build 26831.2 ms peel 19.4817 ms wall 34.82 s
s= 415 rc=0 build 25729.1 ms peel 18.8919 ms wall 34.07 s
s= 416 rc=0 build 26051.6 ms peel 19.0996 ms wall 34.13 s
s= 417 rc=0 build 25402.0 ms peel 19.0709 ms wall 33.51 s
s= 418 rc=0 build 25217.3 ms peel 19.5387 ms wall 33.23 s
s= 419 rc=0 build 24984.4 ms peel 19.4608 ms wall 33.26 s
s= 420 rc=0 build 24839.1 ms peel 19.101 ms wall 32.63 s
s= 421 rc=0 build 25019.1 ms peel 19.044 ms wall 33.33 s
s= 422 rc=0 build 24383.6 ms peel 19.2903 ms wall 32.38 s
s= 423 rc=0 build 24172.7 ms peel 19.0178 ms wall 32.2 s
s= 424 rc=0 build 24461.6 ms peel 23.8717 ms wall 32.71 s
s= 425 rc=0 build 23682.8 ms peel 18.6386 ms wall 32.27 s
s= 426 rc=0 build 23521.8 ms peel 18.7527 ms wall 32.24 s
s= 427 rc=0 build 23956.7 ms peel 23.9617 ms wall 32.8 s
s= 428 rc=0 build 23063.5 ms peel 18.5108 ms wall 32.97 s
s= 429 rc=0 build 22837.4 ms peel 18.95 ms wall 30.94 s
s= 430 rc=0 build 22610.9 ms peel 19.2867 ms wall 31.2 s
s= 431 rc=0 build 22337.9 ms peel 18.8728 ms wall 31.34 s
s= 432 rc=0 build 22147.3 ms peel 18.6237 ms wall 30.72 s
s= 433 rc=0 build 25302.1 ms peel 27.3262 ms wall 33.42 s
s= 434 rc=0 build 21610.2 ms peel 18.4231 ms wall 30.52 s
s= 435 rc=0 build 21407.6 ms peel 19.6755 ms wall 29.24 s
s= 436 rc=0 build 21152.8 ms peel 18.1865 ms wall 29.47 s
s= 437 rc=0 build 20970.0 ms peel 18.1475 ms wall 28.88 s
s= 438 rc=0 build 20701.0 ms peel 18.0681 ms wall 28.99 s
s= 439 rc=0 build 22901.7 ms peel 24.874 ms wall 31.25 s
s= 440 rc=0 build 20220.9 ms peel 17.7872 ms wall 28.43 s
s= 441 rc=0 build 20073.8 ms peel 17.5851 ms wall 28.83 s
s= 442 rc=0 build 20001.2 ms peel 17.9365 ms wall 28.21 s
s= 443 rc=0 build 34493.0 ms peel 35.8454 ms wall 42.85 s
s= 444 rc=0 build 19301.4 ms peel 17.4775 ms wall 31.22 s
s= 445 rc=0 build 20572.7 ms peel 23.0456 ms wall 28.13 s
s= 446 rc=0 build 19546.3 ms peel 17.115 ms wall 28.02 s
s= 447 rc=0 build 18446.3 ms peel 17.3163 ms wall 25.98 s
s= 448 rc=0 build 18232.7 ms peel 17.1658 ms wall 25.73 s
s= 449 rc=0 build 17956.4 ms peel 17.1703 ms wall 27.33 s
s= 450 rc=0 build 17747.9 ms peel 16.9216 ms wall 25.28 s
s= 451 rc=0 build 17450.1 ms peel 16.9657 ms wall 24.98 s
s= 452 rc=0 build 17190.5 ms peel 17.1747 ms wall 24.35 s
s= 453 rc=0 build 16937.3 ms peel 16.8275 ms wall 24.44 s
s= 454 rc=0 build 16811.6 ms peel 16.665 ms wall 24.28 s
s= 455 rc=0 build 16599.0 ms peel 17.2675 ms wall 25.13 s
s= 456 rc=0 build 16540.8 ms peel 17.3686 ms wall 24.43 s
s= 457 rc=0 build 16560.6 ms peel 17.1955 ms wall 24.58 s
s= 458 rc=0 build 16395.4 ms peel 16.8689 ms wall 24.04 s
s= 459 rc=0 build 17138.0 ms peel 16.6308 ms wall 25.1 s
s= 460 rc=0 build 15245.5 ms peel 16.7052 ms wall 22.81 s
s= 461 rc=0 build 16413.0 ms peel 19.7581 ms wall 23.95 s
s= 462 rc=0 build 15142.6 ms peel 17.2568 ms wall 23.33 s
s= 463 rc=0 build 14684.7 ms peel 16.0983 ms wall 22.53 s
s= 464 rc=0 build 18224.3 ms peel 17.0599 ms wall 25.84 s
s= 465 rc=0 build 13979.3 ms peel 16.481 ms wall 22.03 s
s= 466 rc=0 build 14297.0 ms peel 16.2545 ms wall 22.05 s
s= 467 rc=0 build 13268.2 ms peel 16.5599 ms wall 21.22 s
s= 468 rc=0 build 13134.3 ms peel 15.9761 ms wall 20.66 s
s= 469 rc=0 build 13124.1 ms peel 19.0975 ms wall 21.57 s
s= 470 rc=0 build 12529.5 ms peel 16.8962 ms wall 20.2 s
s= 471 rc=0 build 12233.8 ms peel 16.3941 ms wall 20.08 s
s= 472 rc=0 build 12611.1 ms peel 15.9046 ms wall 20.3 s
s= 473 rc=0 build 11635.3 ms peel 16.8601 ms wall 19.34 s
s= 474 rc=0 build 11361.4 ms peel 15.9746 ms wall 18.99 s
s= 475 rc=0 build 11057.5 ms peel 16.1357 ms wall 18.94 s
s= 476 rc=0 build 10768.4 ms peel 15.7312 ms wall 18.3 s
s= 477 rc=0 build 10462.5 ms peel 15.7129 ms wall 18.04 s
s= 478 rc=0 build 10160.8 ms peel 16.4852 ms wall 17.83 s
s= 479 rc=0 build 9791.88 ms peel 15.4069 ms wall 17.25 s
s= 480 rc=0 build 9461.98 ms peel 15.5456 ms wall 17.37 s
s= 481 rc=0 build 9548.84 ms peel 15.8841 ms wall 17.11 s
s= 482 rc=0 build 9054.4 ms peel 18.0396 ms wall 16.27 s
s= 483 rc=0 build 8568.83 ms peel 15.9542 ms wall 15.72 s
s= 484 rc=0 build 8292.04 ms peel 15.0781 ms wall 15.81 s
s= 485 rc=0 build 8152.2 ms peel 15.5735 ms wall 16.06 s
s= 486 rc=0 build 7639.91 ms peel 15.0338 ms wall 15.85 s
s= 487 rc=0 build 7313.53 ms peel 15.4637 ms wall 15.05 s
s= 488 rc=0 build 7033.86 ms peel 15.3364 ms wall 14.23 s
s= 489 rc=0 build 7226.3 ms peel 14.9928 ms wall 14.79 s
s= 490 rc=0 build 7322.53 ms peel 14.8737 ms wall 14.89 s
s= 491 rc=0 build 5997.38 ms peel 15.303 ms wall 14.06 s
s= 492 rc=0 build 5682.28 ms peel 14.8404 ms wall 13.26 s
s= 493 rc=0 build 5347.52 ms peel 14.727 ms wall 14.04 s
s= 494 rc=0 build 5115.16 ms peel 15.3671 ms wall 12.77 s
s= 495 rc=0 build 4869.77 ms peel 15.1347 ms wall 12.6 s
s= 496 rc=0 build 4614.06 ms peel 14.9663 ms wall 12.15 s
s= 497 rc=0 build 4332.04 ms peel 14.7328 ms wall 11.84 s
s= 498 rc=0 build 4525.21 ms peel 15.1187 ms wall 12.15 s
s= 499 rc=0 build 3852.15 ms peel 14.8653 ms wall 11.56 s
s= 500 rc=0 build 3634.61 ms peel 14.8184 ms wall 10.79 s
total wall 60439.3 s; in-process 56568.8 s
DONE web-uk-2005
s=   2 rc=0 build 129378.0 ms peel 862.4 ms wall 133.97 s
s=   3 rc=0 build 130073.0 ms peel 813.671 ms wall 134.5 s
s=   4 rc=0 build 130878.0 ms peel 713.999 ms wall 135.24 s
s=   5 rc=0 build 133507.0 ms peel 711.216 ms wall 138.19 s
s=   6 rc=0 build 130335.0 ms peel 676.951 ms wall 134.6 s
s=   7 rc=0 build 132140.0 ms peel 673.215 ms wall 136.43 s
s=   8 rc=0 build 125356.0 ms peel 590.71 ms wall 129.75 s
s=   9 rc=0 build 125845.0 ms peel 650.773 ms wall 130.08 s
s=  10 rc=0 build 125844.0 ms peel 634.78 ms wall 130.09 s
s=  11 rc=0 build 126193.0 ms peel 527.45 ms wall 130.53 s
s=  12 rc=0 build 125589.0 ms peel 580.163 ms wall 129.7 s
s=  13 rc=0 build 125643.0 ms peel 548.866 ms wall 129.76 s
s=  14 rc=0 build 126076.0 ms peel 545.792 ms wall 130.18 s
s=  15 rc=0 build 124287.0 ms peel 449.163 ms wall 128.47 s
s=  16 rc=0 build 124083.0 ms peel 404.777 ms wall 128.1 s
s=  17 rc=0 build 124761.0 ms peel 427.036 ms wall 128.73 s
s=  18 rc=0 build 125526.0 ms peel 393.852 ms wall 129.46 s
s=  19 rc=0 build 125251.0 ms peel 368.239 ms wall 129.16 s
s=  20 rc=0 build 133158.0 ms peel 331.32 ms wall 137.02 s
s=  21 rc=0 build 129054.0 ms peel 315.292 ms wall 132.92 s
s=  22 rc=0 build 168220.0 ms peel 326.795 ms wall 172.12 s
s=  23 rc=0 build 126223.0 ms peel 286.111 ms wall 130.07 s
s=  24 rc=0 build 153195.0 ms peel 340.546 ms wall 157.07999999999998 s
s=  25 rc=0 build 125315.0 ms peel 231.924 ms wall 129.03 s
s=  26 rc=0 build 124591.0 ms peel 250.112 ms wall 128.32 s
s=  27 rc=0 build 124636.0 ms peel 252.167 ms wall 128.49 s
s=  28 rc=0 build 135912.0 ms peel 307.987 ms wall 139.78 s
s=  29 rc=0 build 124986.0 ms peel 293.403 ms wall 128.8 s
s=  30 rc=0 build 124477.0 ms peel 281.986 ms wall 128.4 s
s=  31 rc=0 build 125796.0 ms peel 233.455 ms wall 129.52 s
s=  32 rc=0 build 131077.0 ms peel 280.518 ms wall 134.87 s
s=  33 rc=0 build 124517.0 ms peel 239.56 ms wall 127.91 s
s=  34 rc=0 build 125109.0 ms peel 233.012 ms wall 128.56 s
s=  35 rc=0 build 126397.0 ms peel 244.974 ms wall 130.48 s
s=  36 rc=0 build 125180.0 ms peel 232.199 ms wall 128.91 s
s=  37 rc=0 build 127450.0 ms peel 276.835 ms wall 131.21 s
s=  38 rc=0 build 124452.0 ms peel 223.177 ms wall 128.14 s
s=  39 rc=0 build 128432.0 ms peel 287.864 ms wall 132.24 s
s=  40 rc=0 build 130919.0 ms peel 277.101 ms wall 134.73 s
s=  41 rc=0 build 125269.0 ms peel 266.172 ms wall 129.08 s
s=  42 rc=0 build 124795.0 ms peel 250.869 ms wall 128.58 s
s=  43 rc=0 build 124706.0 ms peel 264.988 ms wall 128.15 s
s=  44 rc=0 build 125106.0 ms peel 253.375 ms wall 128.88 s
s=  45 rc=0 build 124033.0 ms peel 210.219 ms wall 127.99 s
s=  46 rc=0 build 125306.0 ms peel 275.618 ms wall 129.41 s
s=  47 rc=0 build 124567.0 ms peel 206.37 ms wall 128.32 s
s=  48 rc=0 build 125304.0 ms peel 205.974 ms wall 128.64 s
s=  49 rc=0 build 125979.0 ms peel 291.431 ms wall 129.81 s
s=  50 rc=0 build 124629.0 ms peel 259.124 ms wall 128.63 s
s=  51 rc=0 build 125872.0 ms peel 213.705 ms wall 129.8 s
s=  52 rc=0 build 125701.0 ms peel 290.169 ms wall 129.53 s
s=  53 rc=0 build 128978.0 ms peel 252.019 ms wall 132.73 s
s=  54 rc=0 build 126543.0 ms peel 256.534 ms wall 130.33 s
s=  55 rc=0 build 126694.0 ms peel 252.637 ms wall 130.45 s
s=  56 rc=0 build 126440.0 ms peel 225.242 ms wall 130.14 s
s=  57 rc=0 build 124494.0 ms peel 207.412 ms wall 128.17 s
s=  58 rc=0 build 123566.0 ms peel 206.303 ms wall 127.22 s
s=  59 rc=0 build 126736.0 ms peel 254.027 ms wall 130.5 s
s=  60 rc=0 build 126206.0 ms peel 245.251 ms wall 129.61 s
s=  61 rc=0 build 125623.0 ms peel 285.92 ms wall 129.49 s
s=  62 rc=0 build 127296.0 ms peel 206.652 ms wall 131.38 s
s=  63 rc=0 build 125463.0 ms peel 197.368 ms wall 129.41 s
s=  64 rc=0 build 125534.0 ms peel 198.278 ms wall 129.39 s
s=  65 rc=0 build 125317.0 ms peel 195.873 ms wall 128.99 s
s=  66 rc=0 build 125682.0 ms peel 199.343 ms wall 129.44 s
s=  67 rc=0 build 125346.0 ms peel 204.529 ms wall 129.39 s
s=  68 rc=0 build 137506.0 ms peel 247.148 ms wall 141.3 s
s=  69 rc=0 build 160941.0 ms peel 217.456 ms wall 164.71 s
s=  70 rc=0 build 127168.0 ms peel 221.968 ms wall 130.94 s
s=  71 rc=0 build 125863.0 ms peel 250.378 ms wall 129.69 s
s=  72 rc=0 build 127553.0 ms peel 234.646 ms wall 131.4 s
s=  73 rc=0 build 129832.0 ms peel 197.557 ms wall 133.71 s
s=  74 rc=0 build 127317.0 ms peel 249.559 ms wall 132.34 s
s=  75 rc=0 build 128675.0 ms peel 217.638 ms wall 132.48 s
s=  76 rc=0 build 127837.0 ms peel 228.946 ms wall 131.68 s
s=  77 rc=0 build 126690.0 ms peel 241.23 ms wall 130.53 s
s=  78 rc=0 build 126982.0 ms peel 277.92 ms wall 130.86 s
s=  79 rc=0 build 130750.0 ms peel 247.527 ms wall 134.61 s
s=  80 rc=0 build 131321.0 ms peel 270.377 ms wall 135.27 s
s=  81 rc=0 build 129203.0 ms peel 256.429 ms wall 133.33 s
s=  82 rc=0 build 127722.0 ms peel 208.029 ms wall 131.65 s
s=  83 rc=0 build 127422.0 ms peel 190.608 ms wall 131.27 s
s=  84 rc=0 build 128293.0 ms peel 255.274 ms wall 132.3 s
s=  85 rc=0 build 128912.0 ms peel 252.687 ms wall 133.11 s
s=  86 rc=0 build 134795.0 ms peel 218.097 ms wall 138.72 s
s=  87 rc=0 build 128755.0 ms peel 234.366 ms wall 132.74 s
s=  88 rc=0 build 127207.0 ms peel 225.11 ms wall 130.7 s
s=  89 rc=0 build 126620.0 ms peel 192.534 ms wall 130.55 s
s=  90 rc=0 build 127025.0 ms peel 255.96 ms wall 130.96 s
s=  91 rc=0 build 125085.0 ms peel 178.579 ms wall 128.77 s
s=  92 rc=0 build 127324.0 ms peel 212.976 ms wall 131.12 s
s=  93 rc=0 build 125988.0 ms peel 301.527 ms wall 129.9 s
s=  94 rc=0 build 154484.0 ms peel 280.917 ms wall 158.34 s
s=  95 rc=0 build 128139.0 ms peel 193.148 ms wall 132.32 s
s=  96 rc=0 build 125896.0 ms peel 218.415 ms wall 129.9 s
s=  97 rc=0 build 128042.0 ms peel 192.975 ms wall 131.98 s
s=  98 rc=0 build 126686.0 ms peel 225.257 ms wall 130.68 s
s=  99 rc=0 build 127225.0 ms peel 218.951 ms wall 131.29 s
s= 100 rc=0 build 145665.0 ms peel 220.93 ms wall 149.75 s
s= 101 rc=0 build 129051.0 ms peel 231.305 ms wall 133.22 s
s= 102 rc=0 build 124393.0 ms peel 200.138 ms wall 128.12 s
s= 103 rc=0 build 128123.0 ms peel 252.861 ms wall 131.93 s
s= 104 rc=0 build 128136.0 ms peel 238.174 ms wall 131.92 s
s= 105 rc=0 build 124993.0 ms peel 228.513 ms wall 128.79 s
s= 106 rc=0 build 126257.0 ms peel 213.188 ms wall 131.2 s
s= 107 rc=0 build 125349.0 ms peel 258.93 ms wall 129.17 s
s= 108 rc=0 build 124731.0 ms peel 185.871 ms wall 128.5 s
s= 109 rc=0 build 126483.0 ms peel 217.15 ms wall 130.26 s
s= 110 rc=0 build 126055.0 ms peel 257.804 ms wall 130.16 s
s= 111 rc=0 build 128515.0 ms peel 234.843 ms wall 132.35 s
s= 112 rc=0 build 128710.0 ms peel 215.396 ms wall 132.67 s
s= 113 rc=0 build 124974.0 ms peel 216.485 ms wall 128.4 s
s= 114 rc=0 build 152485.0 ms peel 231.809 ms wall 156.21 s
s= 115 rc=0 build 128844.0 ms peel 305.559 ms wall 132.78 s
s= 116 rc=0 build 125351.0 ms peel 192.437 ms wall 129.57 s
s= 117 rc=0 build 143206.0 ms peel 234.509 ms wall 147.03 s
s= 118 rc=0 build 137326.0 ms peel 262.756 ms wall 141.17000000000002 s
s= 119 rc=0 build 122813.0 ms peel 179.789 ms wall 126.44 s
s= 120 rc=0 build 123535.0 ms peel 177.016 ms wall 127.29 s
s= 121 rc=0 build 124730.0 ms peel 239.963 ms wall 128.66 s
s= 122 rc=0 build 128505.0 ms peel 231.896 ms wall 131.94 s
s= 123 rc=0 build 123930.0 ms peel 224.104 ms wall 128.07 s
s= 124 rc=0 build 124802.0 ms peel 218.88 ms wall 128.92 s
s= 125 rc=0 build 124534.0 ms peel 181.642 ms wall 128.25 s
s= 126 rc=0 build 129244.0 ms peel 252.763 ms wall 133.24 s
s= 127 rc=0 build 125607.0 ms peel 258.933 ms wall 129.5 s
s= 128 rc=0 build 122933.0 ms peel 209.528 ms wall 126.85 s
s= 129 rc=0 build 126110.0 ms peel 257.203 ms wall 130.14 s
s= 130 rc=0 build 125889.0 ms peel 206.03 ms wall 129.8 s
s= 131 rc=0 build 124103.0 ms peel 204.031 ms wall 128.34 s
s= 132 rc=0 build 125662.0 ms peel 214.487 ms wall 129.69 s
s= 133 rc=0 build 124346.0 ms peel 217.708 ms wall 128.25 s
s= 134 rc=0 build 123543.0 ms peel 210.575 ms wall 127.68 s
s= 135 rc=0 build 125241.0 ms peel 177.607 ms wall 129.46 s
s= 136 rc=0 build 122313.0 ms peel 249.791 ms wall 126.49 s
s= 137 rc=0 build 125482.0 ms peel 171.11 ms wall 129.25 s
s= 138 rc=0 build 123396.0 ms peel 178.228 ms wall 127.12 s
s= 139 rc=0 build 124042.0 ms peel 224.202 ms wall 127.84 s
s= 140 rc=0 build 123595.0 ms peel 175.399 ms wall 127.4 s
s= 141 rc=0 build 123418.0 ms peel 174.007 ms wall 127.16 s
s= 142 rc=0 build 125860.0 ms peel 207.673 ms wall 129.47 s
s= 143 rc=0 build 130939.0 ms peel 213.287 ms wall 134.67 s
s= 144 rc=0 build 122505.0 ms peel 239.871 ms wall 126.26 s
s= 145 rc=0 build 120954.0 ms peel 210.456 ms wall 124.7 s
s= 146 rc=0 build 120144.0 ms peel 185.079 ms wall 123.84 s
s= 147 rc=0 build 119767.0 ms peel 173.266 ms wall 123.43 s
s= 148 rc=0 build 121032.0 ms peel 174.412 ms wall 124.73 s
s= 149 rc=0 build 119857.0 ms peel 191.732 ms wall 123.72 s
s= 150 rc=0 build 119220.0 ms peel 171.137 ms wall 122.88 s
s= 151 rc=0 build 119327.0 ms peel 200.528 ms wall 122.7 s
s= 152 rc=0 build 119527.0 ms peel 208.703 ms wall 123.25 s
s= 153 rc=0 build 118990.0 ms peel 167.089 ms wall 122.64 s
s= 154 rc=0 build 118748.0 ms peel 163.182 ms wall 122.73 s
s= 155 rc=0 build 118660.0 ms peel 164.099 ms wall 122.61 s
s= 156 rc=0 build 118622.0 ms peel 168.582 ms wall 121.9 s
s= 157 rc=0 build 118195.0 ms peel 221.009 ms wall 121.99 s
s= 158 rc=0 build 118151.0 ms peel 195.505 ms wall 122.49 s
s= 159 rc=0 build 121432.0 ms peel 165.634 ms wall 125.12 s
s= 160 rc=0 build 118285.0 ms peel 164.545 ms wall 121.59 s
s= 161 rc=0 build 119637.0 ms peel 162.172 ms wall 123.5 s
s= 162 rc=0 build 118178.0 ms peel 217.515 ms wall 121.92 s
s= 163 rc=0 build 117826.0 ms peel 194.453 ms wall 121.81 s
s= 164 rc=0 build 118423.0 ms peel 164.331 ms wall 122.13 s
s= 165 rc=0 build 117076.0 ms peel 161.022 ms wall 120.71 s
s= 166 rc=0 build 116787.0 ms peel 160.842 ms wall 120.54 s
s= 167 rc=0 build 116613.0 ms peel 159.823 ms wall 120.33 s
s= 168 rc=0 build 116785.0 ms peel 203.458 ms wall 120.14 s
s= 169 rc=0 build 116782.0 ms peel 155.357 ms wall 120.41 s
s= 170 rc=0 build 116363.0 ms peel 155.499 ms wall 119.63 s
s= 171 rc=0 build 117532.0 ms peel 189.328 ms wall 121.3 s
s= 172 rc=0 build 116449.0 ms peel 156.857 ms wall 120.32 s
s= 173 rc=0 build 116199.0 ms peel 163.594 ms wall 120.01 s
s= 174 rc=0 build 115372.0 ms peel 162.805 ms wall 119.05 s
s= 175 rc=0 build 115939.0 ms peel 161.714 ms wall 119.21000000000001 s
s= 176 rc=0 build 115408.0 ms peel 158.996 ms wall 118.7 s
s= 177 rc=0 build 114885.0 ms peel 164.325 ms wall 118.95 s
s= 178 rc=0 build 114546.0 ms peel 164.999 ms wall 118.18 s
s= 179 rc=0 build 114621.0 ms peel 158.836 ms wall 118.59 s
s= 180 rc=0 build 114026.0 ms peel 154.138 ms wall 117.64 s
s= 181 rc=0 build 115315.0 ms peel 185.679 ms wall 119.05 s
s= 182 rc=0 build 116068.0 ms peel 206.97 ms wall 120.07 s
s= 183 rc=0 build 117058.0 ms peel 190.201 ms wall 120.64 s
s= 184 rc=0 build 116174.0 ms peel 185.165 ms wall 120.12 s
s= 185 rc=0 build 115902.0 ms peel 165.381 ms wall 119.86 s
s= 186 rc=0 build 115327.0 ms peel 167.22 ms wall 119.16 s
s= 187 rc=0 build 114749.0 ms peel 159.84 ms wall 119.78999999999999 s
s= 188 rc=0 build 114463.0 ms peel 155.753 ms wall 118.19 s
s= 189 rc=0 build 115550.0 ms peel 162.986 ms wall 119.25 s
s= 190 rc=0 build 114866.0 ms peel 193.556 ms wall 118.28999999999999 s
s= 191 rc=0 build 116178.0 ms peel 193.139 ms wall 119.97 s
s= 192 rc=0 build 115413.0 ms peel 166.64 ms wall 119.25999999999999 s
s= 193 rc=0 build 114546.0 ms peel 220.731 ms wall 118.37 s
s= 194 rc=0 build 115251.0 ms peel 193.755 ms wall 119.22999999999999 s
s= 195 rc=0 build 114041.0 ms peel 157.043 ms wall 118.1 s
s= 196 rc=0 build 113168.0 ms peel 158.385 ms wall 117.06 s
s= 197 rc=0 build 113037.0 ms peel 154.168 ms wall 117.06 s
s= 198 rc=0 build 114085.0 ms peel 156.101 ms wall 117.99000000000001 s
s= 199 rc=0 build 115300.0 ms peel 167.069 ms wall 119.07 s
s= 200 rc=0 build 112742.0 ms peel 173.763 ms wall 116.58 s
s= 201 rc=0 build 112895.0 ms peel 177.06 ms wall 116.69 s
s= 202 rc=0 build 112456.0 ms peel 193.401 ms wall 116.5 s
s= 203 rc=0 build 112136.0 ms peel 156.238 ms wall 115.93 s
s= 204 rc=0 build 112172.0 ms peel 201.926 ms wall 116.16 s
s= 205 rc=0 build 112226.0 ms peel 193.443 ms wall 116.13 s
s= 206 rc=0 build 112338.0 ms peel 182.694 ms wall 116.38 s
s= 207 rc=0 build 111129.0 ms peel 153.731 ms wall 115.09 s
s= 208 rc=0 build 111692.0 ms peel 207.546 ms wall 115.8 s
s= 209 rc=0 build 110847.0 ms peel 173.914 ms wall 114.67 s
s= 210 rc=0 build 110856.0 ms peel 147.284 ms wall 114.63 s
s= 211 rc=0 build 112150.0 ms peel 196.697 ms wall 116.27000000000001 s
s= 212 rc=0 build 113070.0 ms peel 203.296 ms wall 116.93 s
s= 213 rc=0 build 110506.0 ms peel 181.912 ms wall 114.59 s
s= 214 rc=0 build 110016.0 ms peel 154.542 ms wall 113.71000000000001 s
s= 215 rc=0 build 111237.0 ms peel 158.588 ms wall 115.28999999999999 s
s= 216 rc=0 build 109287.0 ms peel 148.902 ms wall 113.49000000000001 s
s= 217 rc=0 build 109585.0 ms peel 175.062 ms wall 113.37 s
s= 218 rc=0 build 108904.0 ms peel 149.48 ms wall 112.95 s
s= 219 rc=0 build 108179.0 ms peel 150.686 ms wall 111.9 s
s= 220 rc=0 build 112092.0 ms peel 177.857 ms wall 115.91 s
s= 221 rc=0 build 108528.0 ms peel 149.94 ms wall 112.24000000000001 s
s= 222 rc=0 build 107635.0 ms peel 175.976 ms wall 111.39 s
s= 223 rc=0 build 108494.0 ms peel 176.465 ms wall 112.28 s
s= 224 rc=0 build 107239.0 ms peel 164.293 ms wall 110.65 s
s= 225 rc=0 build 106799.0 ms peel 152.634 ms wall 110.62 s
s= 226 rc=0 build 106887.0 ms peel 208.837 ms wall 110.91 s
s= 227 rc=0 build 107227.0 ms peel 173.593 ms wall 110.96000000000001 s
s= 228 rc=0 build 106579.0 ms peel 187.829 ms wall 110.43 s
s= 229 rc=0 build 108753.0 ms peel 153.17 ms wall 112.69 s
s= 230 rc=0 build 105765.0 ms peel 148.002 ms wall 109.82 s
s= 231 rc=0 build 105488.0 ms peel 165.845 ms wall 109.34 s
s= 232 rc=0 build 105054.0 ms peel 147.299 ms wall 108.77000000000001 s
s= 233 rc=0 build 105827.0 ms peel 164.786 ms wall 109.59 s
s= 234 rc=0 build 105021.0 ms peel 190.794 ms wall 108.83 s
s= 235 rc=0 build 104775.0 ms peel 165.231 ms wall 108.50999999999999 s
s= 236 rc=0 build 105080.0 ms peel 172.855 ms wall 108.92 s
s= 237 rc=0 build 105182.0 ms peel 184.14 ms wall 108.97 s
s= 238 rc=0 build 103498.0 ms peel 146.429 ms wall 107.44 s
s= 239 rc=0 build 103255.0 ms peel 164.512 ms wall 107.09 s
s= 240 rc=0 build 102873.0 ms peel 164.75 ms wall 106.67 s
s= 241 rc=0 build 102885.0 ms peel 147.133 ms wall 106.58 s
s= 242 rc=0 build 101997.0 ms peel 144.845 ms wall 105.68 s
s= 243 rc=0 build 102033.0 ms peel 141.957 ms wall 105.77000000000001 s
s= 244 rc=0 build 101991.0 ms peel 143.117 ms wall 107.21000000000001 s
s= 245 rc=0 build 100860.0 ms peel 141.658 ms wall 104.89 s
s= 246 rc=0 build 101206.0 ms peel 173.257 ms wall 105.41 s
s= 247 rc=0 build 100769.0 ms peel 168.549 ms wall 104.52000000000001 s
s= 248 rc=0 build 100493.0 ms peel 153.456 ms wall 104.57 s
s= 249 rc=0 build 100140.0 ms peel 174.538 ms wall 103.99000000000001 s
s= 250 rc=0 build 100033.0 ms peel 167.898 ms wall 103.94 s
s= 251 rc=0 build 100672.0 ms peel 179.0 ms wall 104.66 s
s= 252 rc=0 build 100523.0 ms peel 171.364 ms wall 104.81 s
s= 253 rc=0 build 98284.0 ms peel 159.142 ms wall 101.67 s
s= 254 rc=0 build 98930.0 ms peel 158.497 ms wall 102.94 s
s= 255 rc=0 build 97940.2 ms peel 181.105 ms wall 101.78999999999999 s
s= 256 rc=0 build 98266.9 ms peel 144.427 ms wall 102.03 s
s= 257 rc=0 build 97673.5 ms peel 175.502 ms wall 101.56 s
s= 258 rc=0 build 97289.0 ms peel 187.864 ms wall 101.1 s
s= 259 rc=0 build 96837.5 ms peel 193.955 ms wall 100.67 s
s= 260 rc=0 build 96868.4 ms peel 159.565 ms wall 100.28999999999999 s
s= 261 rc=0 build 96618.6 ms peel 182.836 ms wall 100.05 s
s= 262 rc=0 build 94942.8 ms peel 145.47 ms wall 98.9 s
s= 263 rc=0 build 94400.5 ms peel 135.4 ms wall 98.02000000000001 s
s= 264 rc=0 build 94373.5 ms peel 136.245 ms wall 98.34 s
s= 265 rc=0 build 94492.0 ms peel 182.096 ms wall 98.33 s
s= 266 rc=0 build 95033.9 ms peel 134.062 ms wall 98.7 s
s= 267 rc=0 build 93304.8 ms peel 132.993 ms wall 97.03 s
s= 268 rc=0 build 92609.4 ms peel 134.773 ms wall 95.94 s
s= 269 rc=0 build 92850.4 ms peel 137.188 ms wall 96.17 s
s= 270 rc=0 build 92348.8 ms peel 133.572 ms wall 96.03 s
s= 271 rc=0 build 92602.5 ms peel 180.583 ms wall 96.50999999999999 s
s= 272 rc=0 build 92075.6 ms peel 166.535 ms wall 95.97999999999999 s
s= 273 rc=0 build 91397.3 ms peel 143.487 ms wall 95.33 s
s= 274 rc=0 build 91370.1 ms peel 136.485 ms wall 95.34 s
s= 275 rc=0 build 90785.4 ms peel 143.048 ms wall 94.5 s
s= 276 rc=0 build 89008.5 ms peel 129.444 ms wall 92.99000000000001 s
s= 277 rc=0 build 89553.2 ms peel 173.978 ms wall 92.96000000000001 s
s= 278 rc=0 build 88902.3 ms peel 154.162 ms wall 92.65 s
s= 279 rc=0 build 88885.3 ms peel 127.995 ms wall 92.56 s
s= 280 rc=0 build 87885.1 ms peel 129.848 ms wall 91.61 s
s= 281 rc=0 build 88253.6 ms peel 131.222 ms wall 92.19 s
s= 282 rc=0 build 87662.2 ms peel 157.109 ms wall 91.38 s
s= 283 rc=0 build 87166.1 ms peel 129.799 ms wall 90.86 s
s= 284 rc=0 build 87218.3 ms peel 154.663 ms wall 91.01 s
s= 285 rc=0 build 86231.2 ms peel 156.718 ms wall 90.03999999999999 s
s= 286 rc=0 build 85076.8 ms peel 133.671 ms wall 88.75 s
s= 287 rc=0 build 91014.5 ms peel 143.395 ms wall 94.95 s
s= 288 rc=0 build 85233.4 ms peel 141.299 ms wall 89.31 s
s= 289 rc=0 build 85337.9 ms peel 132.255 ms wall 89.16 s
s= 290 rc=0 build 85887.7 ms peel 133.752 ms wall 89.85 s
s= 291 rc=0 build 83943.1 ms peel 136.438 ms wall 87.73 s
s= 292 rc=0 build 84673.0 ms peel 131.406 ms wall 88.67 s
s= 293 rc=0 build 83798.5 ms peel 135.181 ms wall 87.62 s
s= 294 rc=0 build 82842.4 ms peel 161.914 ms wall 86.91 s
s= 295 rc=0 build 82032.7 ms peel 160.479 ms wall 85.88 s
s= 296 rc=0 build 80936.2 ms peel 147.847 ms wall 84.74 s
s= 297 rc=0 build 80401.4 ms peel 149.667 ms wall 84.28999999999999 s
s= 298 rc=0 build 79721.1 ms peel 159.818 ms wall 83.12 s
s= 299 rc=0 build 79663.3 ms peel 137.938 ms wall 83.51 s
s= 300 rc=0 build 97130.4 ms peel 150.334 ms wall 100.92 s
s= 301 rc=0 build 78801.7 ms peel 148.819 ms wall 83.15 s
s= 302 rc=0 build 78670.3 ms peel 132.995 ms wall 82.5 s
s= 303 rc=0 build 88009.8 ms peel 179.031 ms wall 92.03999999999999 s
s= 304 rc=0 build 77187.8 ms peel 149.259 ms wall 81.4 s
s= 305 rc=0 build 77369.2 ms peel 123.541 ms wall 81.41 s
s= 306 rc=0 build 93091.2 ms peel 143.594 ms wall 97.21000000000001 s
s= 307 rc=0 build 80543.5 ms peel 171.286 ms wall 84.36 s
s= 308 rc=0 build 79716.9 ms peel 146.334 ms wall 84.51 s
s= 309 rc=0 build 75638.8 ms peel 187.96 ms wall 79.55 s
s= 310 rc=0 build 87605.0 ms peel 151.597 ms wall 91.91 s
s= 311 rc=0 build 77976.7 ms peel 129.389 ms wall 82.16 s
s= 312 rc=0 build 72344.2 ms peel 152.031 ms wall 76.43 s
s= 313 rc=0 build 71762.0 ms peel 141.342 ms wall 75.88 s
s= 314 rc=0 build 71294.9 ms peel 122.218 ms wall 75.07 s
s= 315 rc=0 build 71322.1 ms peel 150.673 ms wall 75.71000000000001 s
s= 316 rc=0 build 70113.8 ms peel 124.629 ms wall 74.14 s
s= 317 rc=0 build 69245.3 ms peel 123.245 ms wall 72.99 s
s= 318 rc=0 build 72247.6 ms peel 137.334 ms wall 76.4 s
s= 319 rc=0 build 69252.1 ms peel 142.555 ms wall 73.45 s
s= 320 rc=0 build 67843.7 ms peel 147.611 ms wall 71.93 s
s= 321 rc=0 build 67670.9 ms peel 125.84 ms wall 71.69 s
s= 322 rc=0 build 65571.2 ms peel 138.721 ms wall 69.58 s
s= 323 rc=0 build 69826.3 ms peel 125.542 ms wall 74.78 s
s= 324 rc=0 build 67862.5 ms peel 144.807 ms wall 71.69 s
s= 325 rc=0 build 67313.7 ms peel 119.478 ms wall 70.82 s
s= 326 rc=0 build 63258.9 ms peel 120.691 ms wall 67.29 s
s= 327 rc=0 build 65631.9 ms peel 144.15 ms wall 69.21000000000001 s
s= 328 rc=0 build 64824.0 ms peel 125.143 ms wall 68.96000000000001 s
s= 329 rc=0 build 60840.3 ms peel 123.76 ms wall 64.87 s
s= 330 rc=0 build 61536.0 ms peel 120.822 ms wall 65.62 s
s= 331 rc=0 build 61752.8 ms peel 135.496 ms wall 66.05 s
s= 332 rc=0 build 62638.6 ms peel 116.054 ms wall 66.61 s
s= 333 rc=0 build 58655.5 ms peel 148.37 ms wall 62.08 s
s= 334 rc=0 build 57729.4 ms peel 114.747 ms wall 61.45 s
s= 335 rc=0 build 62981.9 ms peel 137.5 ms wall 66.94 s
s= 336 rc=0 build 62930.9 ms peel 130.221 ms wall 67.22 s
s= 337 rc=0 build 58120.6 ms peel 122.414 ms wall 62.21 s
s= 338 rc=0 build 57666.2 ms peel 162.892 ms wall 61.67 s
s= 339 rc=0 build 56697.3 ms peel 120.457 ms wall 60.72 s
s= 340 rc=0 build 54072.6 ms peel 139.7 ms wall 58.12 s
s= 341 rc=0 build 57951.2 ms peel 136.965 ms wall 61.76 s
s= 342 rc=0 build 51769.7 ms peel 116.108 ms wall 55.54 s
s= 343 rc=0 build 51366.5 ms peel 119.411 ms wall 55.33 s
s= 344 rc=0 build 50011.7 ms peel 112.815 ms wall 53.8 s
s= 345 rc=0 build 50138.8 ms peel 118.699 ms wall 54.04 s
s= 346 rc=0 build 49367.3 ms peel 120.614 ms wall 53.41 s
s= 347 rc=0 build 48471.3 ms peel 118.665 ms wall 52.63 s
s= 348 rc=0 build 47143.5 ms peel 119.271 ms wall 51.15 s
s= 349 rc=0 build 47970.4 ms peel 137.578 ms wall 52.09 s
s= 350 rc=0 build 55113.8 ms peel 141.392 ms wall 58.89 s
s= 351 rc=0 build 54929.8 ms peel 126.285 ms wall 58.91 s
s= 352 rc=0 build 45258.2 ms peel 129.992 ms wall 49.44 s
s= 353 rc=0 build 45494.6 ms peel 135.33 ms wall 49.64 s
s= 354 rc=0 build 47275.9 ms peel 111.671 ms wall 51.29 s
s= 355 rc=0 build 42460.2 ms peel 139.23 ms wall 46.27 s
s= 356 rc=0 build 45964.0 ms peel 113.635 ms wall 49.63 s
s= 357 rc=0 build 41085.6 ms peel 142.397 ms wall 45.14 s
s= 358 rc=0 build 45527.1 ms peel 130.511 ms wall 49.43 s
s= 359 rc=0 build 47729.6 ms peel 127.545 ms wall 51.97 s
s= 360 rc=0 build 45836.2 ms peel 147.211 ms wall 50.03 s
s= 361 rc=0 build 36652.6 ms peel 137.06 ms wall 41.06 s
s= 362 rc=0 build 36033.9 ms peel 117.191 ms wall 40.28 s
s= 363 rc=0 build 33549.7 ms peel 129.797 ms wall 37.4 s
s= 364 rc=0 build 32614.1 ms peel 129.301 ms wall 36.97 s
s= 365 rc=0 build 31376.1 ms peel 138.332 ms wall 35.62 s
s= 366 rc=0 build 30293.7 ms peel 100.815 ms wall 34.15 s
s= 367 rc=0 build 30360.8 ms peel 105.77 ms wall 34.0 s
s= 368 rc=0 build 30022.1 ms peel 97.3906 ms wall 33.69 s
s= 369 rc=0 build 34326.2 ms peel 118.649 ms wall 38.62 s
s= 370 rc=0 build 32585.5 ms peel 148.083 ms wall 36.32 s
s= 371 rc=0 build 26381.2 ms peel 136.735 ms wall 30.53 s
s= 372 rc=0 build 25015.7 ms peel 119.298 ms wall 28.93 s
s= 373 rc=0 build 24161.5 ms peel 97.2971 ms wall 28.09 s
s= 374 rc=0 build 24224.6 ms peel 142.782 ms wall 27.99 s
s= 375 rc=0 build 26244.6 ms peel 152.071 ms wall 30.04 s
s= 376 rc=0 build 24082.6 ms peel 133.407 ms wall 27.52 s
s= 377 rc=0 build 21305.7 ms peel 126.47 ms wall 25.39 s
s= 378 rc=0 build 20462.4 ms peel 108.281 ms wall 24.26 s
s= 379 rc=0 build 19353.2 ms peel 106.896 ms wall 23.2 s
s= 380 rc=0 build 19160.0 ms peel 133.375 ms wall 23.36 s
s= 381 rc=0 build 22781.1 ms peel 153.961 ms wall 26.81 s
s= 382 rc=0 build 18396.0 ms peel 107.539 ms wall 22.18 s
s= 383 rc=0 build 17466.8 ms peel 107.251 ms wall 21.62 s
s= 384 rc=0 build 16587.9 ms peel 107.784 ms wall 20.75 s
s= 385 rc=0 build 15584.1 ms peel 106.991 ms wall 19.7 s
s= 386 rc=0 build 15930.7 ms peel 108.422 ms wall 20.04 s
s= 387 rc=0 build 16645.7 ms peel 132.702 ms wall 20.8 s
s= 388 rc=0 build 15963.4 ms peel 132.976 ms wall 20.0 s
s= 389 rc=0 build 15776.6 ms peel 116.663 ms wall 20.22 s
s= 390 rc=0 build 12940.2 ms peel 107.354 ms wall 17.22 s
s= 391 rc=0 build 14311.3 ms peel 130.645 ms wall 19.11 s
s= 392 rc=0 build 12322.4 ms peel 130.611 ms wall 16.49 s
s= 393 rc=0 build 12912.9 ms peel 144.948 ms wall 17.02 s
s= 394 rc=0 build 12753.5 ms peel 106.867 ms wall 16.85 s
s= 395 rc=0 build 13074.3 ms peel 111.314 ms wall 17.04 s
s= 396 rc=0 build 10914.6 ms peel 101.514 ms wall 15.03 s
s= 397 rc=0 build 11725.8 ms peel 107.616 ms wall 15.92 s
s= 398 rc=0 build 11302.9 ms peel 129.221 ms wall 15.78 s
s= 399 rc=0 build 8836.48 ms peel 83.6892 ms wall 13.04 s
s= 400 rc=0 build 10770.2 ms peel 98.0188 ms wall 14.68 s
s= 401 rc=0 build 8618.03 ms peel 99.349 ms wall 13.21 s
s= 402 rc=0 build 9724.31 ms peel 90.8589 ms wall 13.87 s
s= 403 rc=0 build 8225.11 ms peel 89.8063 ms wall 12.34 s
s= 404 rc=0 build 7455.8 ms peel 93.7836 ms wall 11.54 s
s= 405 rc=0 build 8204.0 ms peel 113.093 ms wall 12.24 s
s= 406 rc=0 build 8800.18 ms peel 87.5237 ms wall 12.8 s
s= 407 rc=0 build 6799.93 ms peel 100.569 ms wall 11.08 s
s= 408 rc=0 build 7110.93 ms peel 86.8765 ms wall 11.15 s
s= 409 rc=0 build 7734.08 ms peel 99.0294 ms wall 11.91 s
s= 410 rc=0 build 7400.6 ms peel 138.072 ms wall 11.54 s
s= 411 rc=0 build 5861.83 ms peel 98.5027 ms wall 9.58 s
s= 412 rc=0 build 5947.83 ms peel 132.556 ms wall 9.53 s
s= 413 rc=0 build 6288.02 ms peel 166.969 ms wall 10.2 s
s= 414 rc=0 build 4960.51 ms peel 90.8986 ms wall 8.62 s
s= 415 rc=0 build 5550.99 ms peel 98.2838 ms wall 9.55 s
s= 416 rc=0 build 4520.48 ms peel 90.2243 ms wall 8.48 s
s= 417 rc=0 build 4496.49 ms peel 99.9305 ms wall 8.54 s
s= 418 rc=0 build 4288.75 ms peel 100.89 ms wall 8.11 s
s= 419 rc=0 build 3876.32 ms peel 89.0996 ms wall 7.49 s
s= 420 rc=0 build 3899.53 ms peel 88.0424 ms wall 7.69 s
s= 421 rc=0 build 3458.74 ms peel 90.5242 ms wall 7.06 s
s= 422 rc=0 build 3247.55 ms peel 88.9812 ms wall 6.52 s
s= 423 rc=0 build 3034.63 ms peel 118.295 ms wall 6.38 s
s= 424 rc=0 build 3200.8 ms peel 100.016 ms wall 7.24 s
s= 425 rc=0 build 2537.52 ms peel 88.2972 ms wall 6.14 s
s= 426 rc=0 build 2390.3 ms peel 88.8457 ms wall 6.1 s
s= 427 rc=0 build 2270.93 ms peel 88.0084 ms wall 5.54 s
s= 428 rc=0 build 2149.78 ms peel 86.6927 ms wall 5.78 s
s= 429 rc=0 build 2048.07 ms peel 86.9652 ms wall 5.31 s
s= 430 rc=0 build 2357.1 ms peel 86.9482 ms wall 6.34 s
s= 431 rc=0 build 1824.83 ms peel 86.8416 ms wall 5.58 s
s= 432 rc=0 build 1654.97 ms peel 87.2802 ms wall 4.92 s
total wall 41171.7 s; in-process 39572.1 s
DONE web-it-2004
s=   2 rc=0 build 92043.7 ms peel 2072.28 ms wall 107.21000000000001 s
s=   3 rc=0 build 82911.5 ms peel 2429.46 ms wall 98.62 s
s=   4 rc=0 build 85366.8 ms peel 2586.15 ms wall 101.22 s
s=   5 rc=0 build 82741.4 ms peel 2370.33 ms wall 98.52000000000001 s
s=   6 rc=0 build 88894.1 ms peel 2426.23 ms wall 105.25999999999999 s
s=   7 rc=0 build 83027.2 ms peel 2166.83 ms wall 98.57 s
s=   8 rc=0 build 83307.1 ms peel 2359.83 ms wall 98.72 s
s=   9 rc=0 build 83600.4 ms peel 2069.37 ms wall 98.74000000000001 s
s=  10 rc=0 build 84034.0 ms peel 1902.23 ms wall 99.37 s
s=  11 rc=0 build 83819.1 ms peel 2008.7 ms wall 99.45 s
s=  12 rc=0 build 82555.2 ms peel 1799.88 ms wall 97.0 s
s=  13 rc=0 build 82248.8 ms peel 2191.74 ms wall 97.33 s
s=  14 rc=0 build 83569.3 ms peel 1694.97 ms wall 99.25999999999999 s
s=  15 rc=0 build 84201.8 ms peel 1911.89 ms wall 99.42 s
s=  16 rc=0 build 84076.0 ms peel 1518.75 ms wall 98.32 s
s=  17 rc=0 build 82719.1 ms peel 1533.19 ms wall 96.65 s
s=  18 rc=0 build 81796.8 ms peel 1760.78 ms wall 96.56 s
s=  19 rc=0 build 82169.9 ms peel 1697.67 ms wall 96.7 s
s=  20 rc=0 build 81361.8 ms peel 1339.69 ms wall 95.97999999999999 s
s=  21 rc=0 build 80668.1 ms peel 1306.26 ms wall 95.47999999999999 s
s=  22 rc=0 build 83202.8 ms peel 1262.44 ms wall 98.11 s
s=  23 rc=0 build 84217.6 ms peel 1221.11 ms wall 98.71000000000001 s
s=  24 rc=0 build 80423.7 ms peel 1183.64 ms wall 94.38 s
s=  25 rc=0 build 79824.1 ms peel 1269.71 ms wall 93.8 s
s=  26 rc=0 build 79922.0 ms peel 1123.83 ms wall 94.47999999999999 s
s=  27 rc=0 build 79073.1 ms peel 1077.8 ms wall 93.66 s
s=  28 rc=0 build 81066.8 ms peel 1216.95 ms wall 94.91 s
s=  29 rc=0 build 81843.2 ms peel 1046.62 ms wall 97.31 s
s=  30 rc=0 build 82705.5 ms peel 975.472 ms wall 98.49000000000001 s
s=  31 rc=0 build 79045.0 ms peel 969.29 ms wall 92.8 s
s=  32 rc=0 build 78185.7 ms peel 908.822 ms wall 91.46000000000001 s
s=  33 rc=0 build 78769.0 ms peel 942.55 ms wall 92.33 s
s=  34 rc=0 build 77128.7 ms peel 875.328 ms wall 91.34 s
s=  35 rc=0 build 79082.4 ms peel 956.287 ms wall 93.45 s
s=  36 rc=0 build 78875.8 ms peel 1098.34 ms wall 93.58 s
s=  37 rc=0 build 79975.0 ms peel 862.128 ms wall 94.08 s
s=  38 rc=0 build 83391.4 ms peel 840.479 ms wall 98.6 s
s=  39 rc=0 build 77100.7 ms peel 779.11 ms wall 92.27000000000001 s
s=  40 rc=0 build 77023.1 ms peel 790.105 ms wall 92.35 s
s=  41 rc=0 build 76918.4 ms peel 796.471 ms wall 91.64 s
s=  42 rc=0 build 95387.7 ms peel 835.815 ms wall 111.7 s
s=  43 rc=0 build 76570.4 ms peel 742.044 ms wall 91.71000000000001 s
s=  44 rc=0 build 95433.2 ms peel 809.223 ms wall 111.58 s
s=  45 rc=0 build 80337.5 ms peel 1227.99 ms wall 96.81 s
s=  46 rc=0 build 78691.8 ms peel 685.792 ms wall 100.03 s
s=  47 rc=0 build 75520.2 ms peel 681.802 ms wall 90.74 s
s=  48 rc=0 build 80148.9 ms peel 646.658 ms wall 95.12 s
s=  49 rc=0 build 76279.2 ms peel 632.928 ms wall 90.98 s
s=  50 rc=0 build 74521.9 ms peel 638.634 ms wall 89.22 s
s=  51 rc=0 build 75049.2 ms peel 620.254 ms wall 89.51 s
s=  52 rc=0 build 77255.9 ms peel 597.252 ms wall 93.02000000000001 s
s=  53 rc=0 build 74970.3 ms peel 724.816 ms wall 89.55 s
s=  54 rc=0 build 73393.5 ms peel 642.836 ms wall 88.47 s
s=  55 rc=0 build 73154.4 ms peel 601.396 ms wall 87.32 s
s=  56 rc=0 build 73012.2 ms peel 564.201 ms wall 87.28999999999999 s
s=  57 rc=0 build 74633.0 ms peel 585.301 ms wall 89.43 s
s=  58 rc=0 build 73791.0 ms peel 521.469 ms wall 88.37 s
s=  59 rc=0 build 71301.7 ms peel 531.456 ms wall 86.98 s
s=  60 rc=0 build 84593.9 ms peel 513.296 ms wall 99.22999999999999 s
s=  61 rc=0 build 71946.6 ms peel 481.727 ms wall 87.22 s
s=  62 rc=0 build 74595.3 ms peel 472.491 ms wall 89.1 s
s=  63 rc=0 build 70997.5 ms peel 580.391 ms wall 85.67 s
s=  64 rc=0 build 72775.5 ms peel 454.712 ms wall 88.86 s
s=  65 rc=0 build 70196.7 ms peel 612.834 ms wall 85.12 s
s=  66 rc=0 build 69810.1 ms peel 491.76 ms wall 84.18 s
s=  67 rc=0 build 68050.6 ms peel 430.75 ms wall 82.99 s
s=  68 rc=0 build 67192.8 ms peel 513.954 ms wall 81.31 s
s=  69 rc=0 build 67632.8 ms peel 501.981 ms wall 81.73 s
s=  70 rc=0 build 66346.5 ms peel 407.273 ms wall 80.43 s
s=  71 rc=0 build 65689.5 ms peel 387.257 ms wall 79.37 s
s=  72 rc=0 build 65465.6 ms peel 386.401 ms wall 79.33 s
s=  73 rc=0 build 66091.9 ms peel 504.278 ms wall 80.3 s
s=  74 rc=0 build 64499.0 ms peel 387.14 ms wall 79.08 s
s=  75 rc=0 build 65629.2 ms peel 375.902 ms wall 81.26 s
s=  76 rc=0 build 64964.2 ms peel 373.77 ms wall 80.85 s
s=  77 rc=0 build 63702.5 ms peel 363.431 ms wall 77.84 s
s=  78 rc=0 build 63251.9 ms peel 351.125 ms wall 77.15 s
s=  79 rc=0 build 62984.3 ms peel 346.467 ms wall 76.96000000000001 s
s=  80 rc=0 build 62724.2 ms peel 356.755 ms wall 76.31 s
s=  81 rc=0 build 62467.0 ms peel 359.776 ms wall 79.31 s
s=  82 rc=0 build 63980.5 ms peel 427.542 ms wall 80.21000000000001 s
s=  83 rc=0 build 64410.9 ms peel 348.585 ms wall 80.78999999999999 s
s=  84 rc=0 build 61454.4 ms peel 344.611 ms wall 76.09 s
s=  85 rc=0 build 64053.1 ms peel 357.908 ms wall 80.31 s
s=  86 rc=0 build 60473.7 ms peel 324.886 ms wall 74.96000000000001 s
s=  87 rc=0 build 60465.5 ms peel 443.782 ms wall 75.23 s
s=  88 rc=0 build 61208.6 ms peel 366.788 ms wall 76.27 s
s=  89 rc=0 build 62278.1 ms peel 333.396 ms wall 78.37 s
s=  90 rc=0 build 61195.5 ms peel 399.965 ms wall 77.16 s
s=  91 rc=0 build 58662.2 ms peel 305.396 ms wall 73.09 s
s=  92 rc=0 build 57854.8 ms peel 298.756 ms wall 72.27 s
s=  93 rc=0 build 57686.3 ms peel 292.529 ms wall 71.76 s
s=  94 rc=0 build 57277.3 ms peel 296.003 ms wall 71.38 s
s=  95 rc=0 build 56930.5 ms peel 289.229 ms wall 71.05 s
s=  96 rc=0 build 56559.2 ms peel 276.443 ms wall 70.69 s
s=  97 rc=0 build 56073.6 ms peel 276.242 ms wall 72.61 s
s=  98 rc=0 build 55698.9 ms peel 264.772 ms wall 69.93 s
s=  99 rc=0 build 55348.2 ms peel 265.547 ms wall 69.64 s
s= 100 rc=0 build 55024.9 ms peel 272.086 ms wall 69.51 s
s= 101 rc=0 build 54536.4 ms peel 257.658 ms wall 68.56 s
s= 102 rc=0 build 56886.3 ms peel 276.511 ms wall 71.25 s
s= 103 rc=0 build 54394.5 ms peel 315.184 ms wall 68.89 s
s= 104 rc=0 build 53641.4 ms peel 249.661 ms wall 67.92 s
s= 105 rc=0 build 53610.6 ms peel 248.268 ms wall 68.18 s
s= 106 rc=0 build 52753.9 ms peel 253.114 ms wall 66.99 s
s= 107 rc=0 build 54532.7 ms peel 258.775 ms wall 70.38 s
s= 108 rc=0 build 52052.1 ms peel 229.64 ms wall 66.65 s
s= 109 rc=0 build 53360.1 ms peel 286.873 ms wall 69.35 s
s= 110 rc=0 build 53899.9 ms peel 300.357 ms wall 70.01 s
s= 111 rc=0 build 50566.4 ms peel 218.306 ms wall 64.51 s
s= 112 rc=0 build 52090.5 ms peel 273.173 ms wall 67.95 s
s= 113 rc=0 build 50436.3 ms peel 245.008 ms wall 64.95 s
s= 114 rc=0 build 51789.7 ms peel 251.751 ms wall 67.58 s
s= 115 rc=0 build 49250.1 ms peel 228.787 ms wall 63.8 s
s= 116 rc=0 build 48748.5 ms peel 214.909 ms wall 63.01 s
s= 117 rc=0 build 48289.1 ms peel 217.02 ms wall 61.78 s
s= 118 rc=0 build 47859.3 ms peel 213.8 ms wall 62.08 s
s= 119 rc=0 build 47608.3 ms peel 211.858 ms wall 61.58 s
s= 120 rc=0 build 47190.1 ms peel 198.903 ms wall 61.2 s
s= 121 rc=0 build 46788.9 ms peel 199.164 ms wall 60.71 s
s= 122 rc=0 build 46364.2 ms peel 197.106 ms wall 59.96 s
s= 123 rc=0 build 45919.3 ms peel 195.447 ms wall 59.46 s
s= 124 rc=0 build 45689.9 ms peel 194.597 ms wall 59.48 s
s= 125 rc=0 build 46590.8 ms peel 232.736 ms wall 60.65 s
s= 126 rc=0 build 45110.9 ms peel 194.559 ms wall 59.07 s
s= 127 rc=0 build 44152.6 ms peel 184.98 ms wall 57.44 s
s= 128 rc=0 build 44279.8 ms peel 179.084 ms wall 58.21 s
s= 129 rc=0 build 43704.6 ms peel 183.12 ms wall 57.2 s
s= 130 rc=0 build 43278.9 ms peel 178.0 ms wall 56.81 s
s= 131 rc=0 build 43729.0 ms peel 234.456 ms wall 57.36 s
s= 132 rc=0 build 43136.2 ms peel 233.732 ms wall 56.76 s
s= 133 rc=0 build 42599.9 ms peel 175.547 ms wall 56.08 s
s= 134 rc=0 build 42090.8 ms peel 179.623 ms wall 55.6 s
s= 135 rc=0 build 42353.6 ms peel 224.961 ms wall 55.76 s
s= 136 rc=0 build 42354.0 ms peel 219.205 ms wall 56.15 s
s= 137 rc=0 build 41249.5 ms peel 220.984 ms wall 55.01 s
s= 138 rc=0 build 40751.6 ms peel 214.064 ms wall 54.33 s
s= 139 rc=0 build 40433.6 ms peel 169.602 ms wall 53.94 s
s= 140 rc=0 build 40808.7 ms peel 186.169 ms wall 54.52 s
s= 141 rc=0 build 39547.0 ms peel 161.813 ms wall 52.62 s
s= 142 rc=0 build 39162.1 ms peel 157.926 ms wall 52.31 s
s= 143 rc=0 build 38799.4 ms peel 159.043 ms wall 53.88 s
s= 144 rc=0 build 38607.2 ms peel 160.348 ms wall 51.6 s
s= 145 rc=0 build 39231.7 ms peel 168.768 ms wall 53.07 s
s= 146 rc=0 build 38132.0 ms peel 160.917 ms wall 51.25 s
s= 147 rc=0 build 37848.8 ms peel 155.406 ms wall 51.22 s
s= 148 rc=0 build 37455.6 ms peel 155.394 ms wall 50.47 s
s= 149 rc=0 build 37420.0 ms peel 159.587 ms wall 50.48 s
s= 150 rc=0 build 37500.6 ms peel 200.594 ms wall 51.27 s
s= 151 rc=0 build 37445.6 ms peel 152.948 ms wall 50.34 s
s= 152 rc=0 build 37302.0 ms peel 180.671 ms wall 52.0 s
s= 153 rc=0 build 37018.3 ms peel 189.248 ms wall 51.21 s
s= 154 rc=0 build 36790.5 ms peel 194.374 ms wall 50.46 s
s= 155 rc=0 build 36286.7 ms peel 194.525 ms wall 50.21 s
s= 156 rc=0 build 35573.5 ms peel 149.207 ms wall 48.7 s
s= 157 rc=0 build 36946.2 ms peel 146.335 ms wall 51.61 s
s= 158 rc=0 build 35995.2 ms peel 161.491 ms wall 50.89 s
s= 159 rc=0 build 34441.8 ms peel 151.676 ms wall 48.01 s
s= 160 rc=0 build 34153.1 ms peel 147.969 ms wall 47.83 s
s= 161 rc=0 build 33875.9 ms peel 148.962 ms wall 47.64 s
s= 162 rc=0 build 44090.9 ms peel 177.496 ms wall 58.47 s
s= 163 rc=0 build 35020.3 ms peel 148.007 ms wall 50.09 s
s= 164 rc=0 build 33127.6 ms peel 146.859 ms wall 47.17 s
s= 165 rc=0 build 39482.8 ms peel 141.531 ms wall 54.46 s
s= 166 rc=0 build 32540.4 ms peel 146.959 ms wall 47.04 s
s= 167 rc=0 build 32091.6 ms peel 144.191 ms wall 46.04 s
s= 168 rc=0 build 31674.3 ms peel 141.269 ms wall 46.21 s
s= 169 rc=0 build 31473.0 ms peel 140.731 ms wall 46.06 s
s= 170 rc=0 build 31100.0 ms peel 142.961 ms wall 45.67 s
s= 171 rc=0 build 30734.5 ms peel 142.142 ms wall 44.62 s
s= 172 rc=0 build 40179.4 ms peel 140.882 ms wall 55.21 s
s= 173 rc=0 build 30737.4 ms peel 174.771 ms wall 45.63 s
s= 174 rc=0 build 29951.7 ms peel 137.365 ms wall 43.16 s
s= 175 rc=0 build 30082.9 ms peel 158.883 ms wall 43.87 s
s= 176 rc=0 build 29435.9 ms peel 138.079 ms wall 42.87 s
s= 177 rc=0 build 29812.5 ms peel 145.034 ms wall 43.55 s
s= 178 rc=0 build 28685.2 ms peel 137.725 ms wall 42.16 s
s= 179 rc=0 build 28405.2 ms peel 136.102 ms wall 42.08 s
s= 180 rc=0 build 28168.7 ms peel 137.6 ms wall 41.51 s
s= 181 rc=0 build 28416.9 ms peel 135.916 ms wall 41.79 s
s= 182 rc=0 build 28028.0 ms peel 139.801 ms wall 41.85 s
s= 183 rc=0 build 27533.5 ms peel 140.274 ms wall 41.37 s
s= 184 rc=0 build 27698.5 ms peel 164.556 ms wall 41.43 s
s= 185 rc=0 build 27628.5 ms peel 130.217 ms wall 41.37 s
s= 186 rc=0 build 30001.7 ms peel 156.017 ms wall 45.07 s
s= 187 rc=0 build 26088.1 ms peel 127.188 ms wall 39.87 s
s= 188 rc=0 build 26500.6 ms peel 124.412 ms wall 40.68 s
s= 189 rc=0 build 26380.2 ms peel 155.442 ms wall 40.17 s
s= 190 rc=0 build 26517.7 ms peel 163.759 ms wall 39.83 s
s= 191 rc=0 build 25015.7 ms peel 128.792 ms wall 39.16 s
s= 192 rc=0 build 25551.7 ms peel 146.774 ms wall 39.67 s
s= 193 rc=0 build 25692.8 ms peel 179.75 ms wall 39.85 s
s= 194 rc=0 build 24793.0 ms peel 164.785 ms wall 38.66 s
s= 195 rc=0 build 24015.7 ms peel 129.299 ms wall 37.3 s
s= 196 rc=0 build 24072.2 ms peel 124.673 ms wall 37.24 s
s= 197 rc=0 build 23542.0 ms peel 123.191 ms wall 36.81 s
s= 198 rc=0 build 23844.0 ms peel 154.787 ms wall 37.35 s
s= 199 rc=0 build 22979.5 ms peel 125.581 ms wall 36.84 s
s= 200 rc=0 build 22568.7 ms peel 127.129 ms wall 36.21 s
s= 201 rc=0 build 23018.6 ms peel 138.46 ms wall 36.74 s
s= 202 rc=0 build 23030.8 ms peel 123.615 ms wall 36.76 s
s= 203 rc=0 build 22730.2 ms peel 123.573 ms wall 37.11 s
s= 204 rc=0 build 22816.7 ms peel 138.616 ms wall 37.98 s
s= 205 rc=0 build 21594.4 ms peel 125.528 ms wall 35.25 s
s= 206 rc=0 build 22385.2 ms peel 125.084 ms wall 37.07 s
s= 207 rc=0 build 20950.6 ms peel 124.655 ms wall 36.14 s
s= 208 rc=0 build 21114.2 ms peel 132.529 ms wall 36.29 s
s= 209 rc=0 build 20517.9 ms peel 125.601 ms wall 34.32 s
s= 210 rc=0 build 22768.3 ms peel 137.993 ms wall 36.68 s
s= 211 rc=0 build 20773.5 ms peel 153.073 ms wall 35.86 s
s= 212 rc=0 build 19914.8 ms peel 120.626 ms wall 34.69 s
s= 213 rc=0 build 20510.3 ms peel 162.674 ms wall 35.36 s
s= 214 rc=0 build 19479.6 ms peel 123.718 ms wall 34.28 s
s= 215 rc=0 build 21013.0 ms peel 128.219 ms wall 34.72 s
s= 216 rc=0 build 19709.5 ms peel 148.73 ms wall 33.89 s
s= 217 rc=0 build 18718.0 ms peel 119.134 ms wall 32.88 s
s= 218 rc=0 build 18484.9 ms peel 120.441 ms wall 31.86 s
s= 219 rc=0 build 19167.0 ms peel 147.31 ms wall 33.99 s
s= 220 rc=0 build 18170.1 ms peel 119.087 ms wall 33.91 s
s= 221 rc=0 build 19693.7 ms peel 125.838 ms wall 34.52 s
s= 222 rc=0 build 18278.2 ms peel 117.134 ms wall 33.47 s
s= 223 rc=0 build 18126.3 ms peel 146.419 ms wall 33.1 s
s= 224 rc=0 build 18552.1 ms peel 142.194 ms wall 33.39 s
s= 225 rc=0 build 17232.4 ms peel 110.2 ms wall 31.09 s
s= 226 rc=0 build 17287.2 ms peel 111.086 ms wall 34.73 s
s= 227 rc=0 build 17179.2 ms peel 110.866 ms wall 30.91 s
s= 228 rc=0 build 17331.5 ms peel 122.081 ms wall 31.22 s
s= 229 rc=0 build 16605.5 ms peel 117.597 ms wall 30.24 s
s= 230 rc=0 build 16386.8 ms peel 115.441 ms wall 29.63 s
s= 231 rc=0 build 16220.9 ms peel 118.168 ms wall 29.83 s
s= 232 rc=0 build 16065.9 ms peel 114.117 ms wall 29.36 s
s= 233 rc=0 build 15915.7 ms peel 114.727 ms wall 29.53 s
s= 234 rc=0 build 16547.6 ms peel 114.782 ms wall 31.15 s
s= 235 rc=0 build 16021.4 ms peel 108.051 ms wall 30.2 s
s= 236 rc=0 build 15479.0 ms peel 113.709 ms wall 29.48 s
s= 237 rc=0 build 15351.1 ms peel 111.096 ms wall 28.55 s
s= 238 rc=0 build 15281.4 ms peel 111.461 ms wall 28.94 s
s= 239 rc=0 build 15116.1 ms peel 110.416 ms wall 28.45 s
s= 240 rc=0 build 15011.0 ms peel 112.795 ms wall 28.69 s
s= 241 rc=0 build 14863.7 ms peel 112.624 ms wall 28.55 s
s= 242 rc=0 build 14776.1 ms peel 113.4 ms wall 28.13 s
s= 243 rc=0 build 14625.0 ms peel 115.115 ms wall 28.29 s
s= 244 rc=0 build 14492.8 ms peel 111.839 ms wall 27.79 s
s= 245 rc=0 build 14439.8 ms peel 112.797 ms wall 28.1 s
s= 246 rc=0 build 14310.9 ms peel 112.559 ms wall 28.16 s
s= 247 rc=0 build 14147.1 ms peel 107.435 ms wall 27.55 s
s= 248 rc=0 build 14058.3 ms peel 107.748 ms wall 27.77 s
s= 249 rc=0 build 14568.8 ms peel 115.783 ms wall 28.7 s
s= 250 rc=0 build 13719.5 ms peel 108.06 ms wall 27.59 s
s= 251 rc=0 build 14543.8 ms peel 135.958 ms wall 28.33 s
s= 252 rc=0 build 13937.3 ms peel 114.71 ms wall 28.65 s
s= 253 rc=0 build 14034.0 ms peel 110.962 ms wall 28.37 s
s= 254 rc=0 build 13649.3 ms peel 116.978 ms wall 28.31 s
s= 255 rc=0 build 13517.7 ms peel 113.857 ms wall 27.84 s
s= 256 rc=0 build 12995.0 ms peel 110.003 ms wall 27.08 s
s= 257 rc=0 build 13517.8 ms peel 111.893 ms wall 28.19 s
s= 258 rc=0 build 13102.1 ms peel 114.251 ms wall 28.22 s
s= 259 rc=0 build 12605.4 ms peel 108.911 ms wall 26.61 s
s= 260 rc=0 build 13084.3 ms peel 109.368 ms wall 27.8 s
s= 261 rc=0 build 12383.5 ms peel 106.309 ms wall 26.35 s
s= 262 rc=0 build 12267.2 ms peel 106.313 ms wall 25.96 s
s= 263 rc=0 build 12659.3 ms peel 104.925 ms wall 27.35 s
s= 264 rc=0 build 12594.3 ms peel 106.441 ms wall 27.41 s
s= 265 rc=0 build 11776.3 ms peel 107.31 ms wall 25.84 s
s= 266 rc=0 build 12255.9 ms peel 108.941 ms wall 27.0 s
s= 267 rc=0 build 11878.7 ms peel 113.99 ms wall 26.63 s
s= 268 rc=0 build 11375.5 ms peel 108.014 ms wall 25.95 s
s= 269 rc=0 build 11558.3 ms peel 115.727 ms wall 26.23 s
s= 270 rc=0 build 11414.0 ms peel 113.276 ms wall 25.7 s
s= 271 rc=0 build 10978.6 ms peel 109.76 ms wall 25.75 s
s= 272 rc=0 build 10772.0 ms peel 107.679 ms wall 24.02 s
s= 273 rc=0 build 10654.5 ms peel 107.423 ms wall 25.61 s
s= 274 rc=0 build 10491.0 ms peel 106.343 ms wall 24.04 s
s= 275 rc=0 build 10335.0 ms peel 107.627 ms wall 23.87 s
s= 276 rc=0 build 10189.5 ms peel 108.638 ms wall 23.45 s
s= 277 rc=0 build 10028.7 ms peel 106.209 ms wall 23.63 s
s= 278 rc=0 build 9897.74 ms peel 108.782 ms wall 23.14 s
s= 279 rc=0 build 9768.27 ms peel 111.463 ms wall 23.58 s
s= 280 rc=0 build 9627.8 ms peel 110.715 ms wall 23.47 s
s= 281 rc=0 build 9734.11 ms peel 112.697 ms wall 24.46 s
s= 282 rc=0 build 9599.36 ms peel 110.896 ms wall 23.81 s
s= 283 rc=0 build 9188.55 ms peel 106.491 ms wall 23.17 s
s= 284 rc=0 build 9023.25 ms peel 107.621 ms wall 22.57 s
s= 285 rc=0 build 8860.38 ms peel 104.688 ms wall 22.57 s
s= 286 rc=0 build 8849.61 ms peel 105.36 ms wall 23.66 s
s= 287 rc=0 build 8656.04 ms peel 108.502 ms wall 22.74 s
s= 288 rc=0 build 8650.38 ms peel 135.233 ms wall 21.97 s
s= 289 rc=0 build 8912.27 ms peel 106.985 ms wall 23.6 s
s= 290 rc=0 build 8351.51 ms peel 107.46 ms wall 22.83 s
s= 291 rc=0 build 8214.47 ms peel 107.902 ms wall 21.77 s
s= 292 rc=0 build 8080.65 ms peel 108.132 ms wall 21.61 s
s= 293 rc=0 build 8051.2 ms peel 106.419 ms wall 22.12 s
s= 294 rc=0 build 7813.15 ms peel 107.122 ms wall 21.26 s
s= 295 rc=0 build 7684.7 ms peel 106.966 ms wall 22.15 s
s= 296 rc=0 build 7578.62 ms peel 107.872 ms wall 22.06 s
s= 297 rc=0 build 7756.28 ms peel 112.532 ms wall 22.31 s
s= 298 rc=0 build 7411.11 ms peel 106.479 ms wall 21.09 s
s= 299 rc=0 build 7281.45 ms peel 105.392 ms wall 20.79 s
s= 300 rc=0 build 7180.16 ms peel 105.956 ms wall 20.68 s
s= 301 rc=0 build 7065.31 ms peel 106.204 ms wall 20.77 s
s= 302 rc=0 build 6965.05 ms peel 106.58 ms wall 20.53 s
s= 303 rc=0 build 6956.85 ms peel 133.641 ms wall 21.11 s
s= 304 rc=0 build 6967.09 ms peel 130.037 ms wall 21.97 s
s= 305 rc=0 build 6849.9 ms peel 127.831 ms wall 20.42 s
s= 306 rc=0 build 6550.57 ms peel 104.328 ms wall 19.73 s
s= 307 rc=0 build 6476.19 ms peel 93.6977 ms wall 19.96 s
s= 308 rc=0 build 6412.4 ms peel 93.9426 ms wall 19.58 s
s= 309 rc=0 build 6320.15 ms peel 94.4194 ms wall 19.93 s
s= 310 rc=0 build 6282.68 ms peel 91.454 ms wall 19.79 s
s= 311 rc=0 build 6223.65 ms peel 91.1143 ms wall 19.45 s
s= 312 rc=0 build 6221.06 ms peel 92.3132 ms wall 19.82 s
s= 313 rc=0 build 6322.58 ms peel 96.9311 ms wall 21.06 s
s= 314 rc=0 build 6065.11 ms peel 92.096 ms wall 20.02 s
s= 315 rc=0 build 5867.07 ms peel 91.4754 ms wall 19.89 s
s= 316 rc=0 build 6034.8 ms peel 105.387 ms wall 20.42 s
s= 317 rc=0 build 5955.42 ms peel 108.014 ms wall 20.01 s
s= 318 rc=0 build 5838.05 ms peel 97.4897 ms wall 19.59 s
s= 319 rc=0 build 5658.47 ms peel 96.5128 ms wall 19.15 s
s= 320 rc=0 build 5516.69 ms peel 97.6765 ms wall 19.11 s
s= 321 rc=0 build 5507.93 ms peel 99.454 ms wall 19.26 s
s= 322 rc=0 build 5592.37 ms peel 107.576 ms wall 19.99 s
s= 323 rc=0 build 5266.31 ms peel 103.259 ms wall 18.72 s
s= 324 rc=0 build 5278.37 ms peel 100.822 ms wall 19.11 s
s= 325 rc=0 build 5138.97 ms peel 101.063 ms wall 19.06 s
s= 326 rc=0 build 5303.35 ms peel 109.971 ms wall 19.76 s
s= 327 rc=0 build 5086.59 ms peel 106.017 ms wall 18.53 s
s= 328 rc=0 build 4914.05 ms peel 101.53 ms wall 18.42 s
s= 329 rc=0 build 4874.47 ms peel 101.44 ms wall 18.32 s
s= 330 rc=0 build 5004.98 ms peel 105.956 ms wall 19.34 s
s= 331 rc=0 build 4773.43 ms peel 105.043 ms wall 18.25 s
s= 332 rc=0 build 4714.45 ms peel 107.066 ms wall 18.17 s
s= 333 rc=0 build 4684.05 ms peel 106.325 ms wall 17.91 s
s= 334 rc=0 build 4681.04 ms peel 104.332 ms wall 18.87 s
s= 335 rc=0 build 4688.84 ms peel 104.955 ms wall 18.29 s
s= 336 rc=0 build 4573.56 ms peel 103.022 ms wall 18.31 s
s= 337 rc=0 build 4550.31 ms peel 103.122 ms wall 18.02 s
total wall 17540.6 s; in-process 12860.1 s
DONE ca-coauthors-dblp
s=   2 rc=0 build 34423.1 ms peel 13979.3 ms wall 69.22 s
s=   3 rc=0 build 33312.1 ms peel 17142.4 ms wall 69.64 s
s=   4 rc=0 build 31569.0 ms peel 14773.5 ms wall 64.5 s
s=   5 rc=0 build 28753.4 ms peel 10097.0 ms wall 57.49 s
s=   6 rc=0 build 26680.6 ms peel 6594.42 ms wall 51.87 s
s=   7 rc=0 build 24115.5 ms peel 4104.82 ms wall 46.13 s
s=   8 rc=0 build 22607.5 ms peel 2672.31 ms wall 43.06 s
s=   9 rc=0 build 21846.5 ms peel 1795.17 ms wall 41.65 s
s=  10 rc=0 build 21191.7 ms peel 1240.93 ms wall 40.09 s
s=  11 rc=0 build 20906.9 ms peel 958.135 ms wall 39.29 s
s=  12 rc=0 build 20062.8 ms peel 681.481 ms wall 38.32 s
s=  13 rc=0 build 20750.1 ms peel 667.453 ms wall 39.3 s
s=  14 rc=0 build 19097.4 ms peel 445.85 ms wall 37.36 s
s=  15 rc=0 build 18641.0 ms peel 404.341 ms wall 36.51 s
s=  16 rc=0 build 18212.3 ms peel 357.03 ms wall 35.74 s
s=  17 rc=0 build 18053.8 ms peel 333.213 ms wall 35.5 s
s=  18 rc=0 build 17799.1 ms peel 327.701 ms wall 35.8 s
s=  19 rc=0 build 17664.3 ms peel 313.542 ms wall 35.52 s
s=  20 rc=0 build 17484.4 ms peel 320.76 ms wall 35.37 s
s=  21 rc=0 build 17247.6 ms peel 304.339 ms wall 35.41 s
s=  22 rc=0 build 17102.9 ms peel 320.929 ms wall 34.67 s
s=  23 rc=0 build 17147.5 ms peel 301.865 ms wall 34.93 s
s=  24 rc=0 build 16878.2 ms peel 295.536 ms wall 34.62 s
s=  25 rc=0 build 16682.5 ms peel 292.369 ms wall 34.54 s
s=  26 rc=0 build 16626.8 ms peel 289.195 ms wall 34.45 s
s=  27 rc=0 build 16530.2 ms peel 307.875 ms wall 34.44 s
s=  28 rc=0 build 15951.5 ms peel 288.745 ms wall 34.94 s
s=  29 rc=0 build 16015.5 ms peel 281.206 ms wall 34.19 s
s=  30 rc=0 build 15586.4 ms peel 307.815 ms wall 33.24 s
s=  31 rc=0 build 15700.7 ms peel 318.263 ms wall 33.85 s
s=  32 rc=0 build 15192.4 ms peel 310.055 ms wall 33.27 s
s=  33 rc=0 build 14792.6 ms peel 317.899 ms wall 32.55 s
s=  34 rc=0 build 14364.2 ms peel 314.527 ms wall 32.08 s
s=  35 rc=0 build 13780.1 ms peel 306.68 ms wall 31.66 s
s=  36 rc=0 build 13668.2 ms peel 302.692 ms wall 31.62 s
s=  37 rc=0 build 13530.8 ms peel 309.655 ms wall 31.29 s
s=  38 rc=0 build 13554.9 ms peel 320.426 ms wall 31.3 s
s=  39 rc=0 build 13650.6 ms peel 301.412 ms wall 31.53 s
s=  40 rc=0 build 13617.6 ms peel 303.326 ms wall 31.46 s
s=  41 rc=0 build 13745.7 ms peel 472.924 ms wall 32.19 s
s=  42 rc=0 build 13418.3 ms peel 302.465 ms wall 31.37 s
s=  43 rc=0 build 13766.7 ms peel 297.924 ms wall 31.72 s
s=  44 rc=0 build 13531.7 ms peel 327.271 ms wall 31.58 s
s=  45 rc=0 build 13342.9 ms peel 325.44 ms wall 31.39 s
s=  46 rc=0 build 13672.7 ms peel 312.857 ms wall 32.36 s
s=  47 rc=0 build 13269.4 ms peel 306.673 ms wall 31.09 s
s=  48 rc=0 build 13181.5 ms peel 314.939 ms wall 30.96 s
total wall 1771.1 s; in-process 934.7 s
DONE soc-pokec-relationships
s=   2 rc=0 build 41227.8 ms peel 5364.95 ms wall 58.37 s
s=   3 rc=0 build 52035.4 ms peel 8985.25 ms wall 72.66 s
s=   4 rc=0 build 71484.3 ms peel 12252.9 ms wall 95.6 s
s=   5 rc=0 build 103875.0 ms peel 24338.3 ms wall 140.44 s
s=   6 rc=0 build 154278.0 ms peel 51678.5 ms wall 219.12 s
s=   7 rc=0 build 202364.0 ms peel 73956.2 ms wall 289.86 s
s=   8 rc=0 build 234990.0 ms peel 87482.0 ms wall 336.54 s
s=   9 rc=0 build 253481.0 ms peel 96046.3 ms wall 363.63 s
s=  10 rc=0 build 275303.0 ms peel 104753.0 ms wall 394.49 s
s=  11 rc=0 build 277444.0 ms peel 104453.0 ms wall 396.62 s
s=  12 rc=0 build 272662.0 ms peel 103619.0 ms wall 390.65 s
s=  13 rc=0 build 270835.0 ms peel 98064.9 ms wall 382.94 s
s=  14 rc=0 build 258322.0 ms peel 98527.6 ms wall 370.65 s
s=  15 rc=0 build 239953.0 ms peel 86113.0 ms wall 338.77 s
s=  16 rc=0 build 270247.0 ms peel 101639.0 ms wall 386.4 s
s=  17 rc=0 build 230485.0 ms peel 81959.4 ms wall 326.63 s
s=  18 rc=0 build 224543.0 ms peel 80655.4 ms wall 318.96 s
s=  19 rc=0 build 238638.0 ms peel 82115.2 ms wall 334.8 s
s=  20 rc=0 build 221462.0 ms peel 76343.1 ms wall 310.06 s
s=  21 rc=0 build 222246.0 ms peel 76306.6 ms wall 310.9 s
s=  22 rc=0 build 215414.0 ms peel 72805.4 ms wall 300.21 s
s=  23 rc=0 build 232305.0 ms peel 85467.1 ms wall 330.32 s
s=  24 rc=0 build 213914.0 ms peel 69873.1 ms wall 296.31 s
s=  25 rc=0 build 201402.0 ms peel 65265.1 ms wall 278.9 s
s=  26 rc=0 build 195061.0 ms peel 63059.4 ms wall 269.92 s
s=  27 rc=0 build 186153.0 ms peel 59483.1 ms wall 257.32 s
s=  28 rc=0 build 178189.0 ms peel 55853.7 ms wall 245.5 s
s=  29 rc=0 build 172006.0 ms peel 52402.3 ms wall 235.82999999999998 s
s=  30 rc=0 build 162597.0 ms peel 47167.0 ms wall 221.07 s
s=  31 rc=0 build 154369.0 ms peel 43636.7 ms wall 209.07 s
s=  32 rc=0 build 143840.0 ms peel 39361.2 ms wall 194.27 s
s=  33 rc=0 build 132289.0 ms peel 34553.0 ms wall 177.47 s
s=  34 rc=0 build 122829.0 ms peel 31289.3 ms wall 164.77 s
s=  35 rc=0 build 116824.0 ms peel 27451.4 ms wall 154.88 s
s=  36 rc=0 build 106492.0 ms peel 23418.7 ms wall 140.76 s
s=  37 rc=0 build 98165.8 ms peel 20320.0 ms wall 129.44 s
s=  38 rc=0 build 90307.9 ms peel 17535.6 ms wall 118.25 s
s=  39 rc=0 build 83238.1 ms peel 15027.2 ms wall 108.94 s
s=  40 rc=0 build 79041.1 ms peel 13127.0 ms wall 103.03 s
s=  41 rc=0 build 70210.1 ms peel 10339.5 ms wall 90.99 s
s=  42 rc=0 build 63016.5 ms peel 8286.9 ms wall 81.43 s
s=  43 rc=0 build 57859.7 ms peel 6509.86 ms wall 74.48 s
s=  44 rc=0 build 52775.0 ms peel 4766.94 ms wall 67.79 s
s=  45 rc=0 build 48713.5 ms peel 3382.47 ms wall 62.38 s
s=  46 rc=0 build 44273.0 ms peel 2280.32 ms wall 56.52 s
s=  47 rc=0 build 41301.0 ms peel 1560.39 ms wall 52.98 s
s=  48 rc=0 build 38777.8 ms peel 1123.89 ms wall 50.03 s
s=  49 rc=0 build 37239.7 ms peel 880.537 ms wall 48.35 s
s=  50 rc=0 build 35648.3 ms peel 671.455 ms wall 46.52 s
s=  51 rc=0 build 34536.7 ms peel 533.878 ms wall 45.0 s
s=  52 rc=0 build 33173.7 ms peel 429.873 ms wall 43.53 s
s=  53 rc=0 build 32096.2 ms peel 364.202 ms wall 42.71 s
s=  54 rc=0 build 31143.7 ms peel 337.654 ms wall 41.71 s
s=  55 rc=0 build 30670.5 ms peel 324.802 ms wall 41.36 s
s=  56 rc=0 build 29701.4 ms peel 298.53 ms wall 40.17 s
s=  57 rc=0 build 29123.7 ms peel 292.016 ms wall 39.26 s
s=  58 rc=0 build 28710.0 ms peel 295.092 ms wall 39.2 s
s=  59 rc=0 build 28196.9 ms peel 293.423 ms wall 38.4 s
s=  60 rc=0 build 29048.6 ms peel 307.983 ms wall 40.36 s
s=  61 rc=0 build 26088.1 ms peel 277.196 ms wall 36.18 s
s=  62 rc=0 build 25796.0 ms peel 280.096 ms wall 35.93 s
s=  63 rc=0 build 25424.4 ms peel 274.347 ms wall 35.52 s
s=  64 rc=0 build 25226.2 ms peel 285.207 ms wall 35.4 s
s=  65 rc=0 build 27394.2 ms peel 317.544 ms wall 38.43 s
s=  66 rc=0 build 27122.0 ms peel 319.893 ms wall 38.2 s
s=  67 rc=0 build 26951.1 ms peel 326.017 ms wall 38.14 s
s=  68 rc=0 build 26902.1 ms peel 320.653 ms wall 37.74 s
s=  69 rc=0 build 26650.7 ms peel 331.388 ms wall 37.48 s
s=  70 rc=0 build 26588.0 ms peel 326.819 ms wall 37.42 s
s=  71 rc=0 build 26515.4 ms peel 326.973 ms wall 37.87 s
s=  72 rc=0 build 26632.4 ms peel 338.793 ms wall 37.83 s
s=  73 rc=0 build 23563.0 ms peel 282.991 ms wall 33.64 s
s=  74 rc=0 build 23512.6 ms peel 293.782 ms wall 33.62 s
s=  75 rc=0 build 25864.6 ms peel 345.75 ms wall 37.04 s
s=  76 rc=0 build 23391.7 ms peel 288.64 ms wall 33.62 s
s=  77 rc=0 build 23314.9 ms peel 290.204 ms wall 33.21 s
s=  78 rc=0 build 23191.7 ms peel 288.319 ms wall 33.35 s
s=  79 rc=0 build 23139.4 ms peel 287.885 ms wall 33.03 s
s=  80 rc=0 build 23224.6 ms peel 287.173 ms wall 33.6 s
s=  81 rc=0 build 23186.0 ms peel 286.122 ms wall 33.12 s
s=  82 rc=0 build 23052.1 ms peel 288.07 ms wall 33.18 s
s=  83 rc=0 build 23013.0 ms peel 286.465 ms wall 33.19 s
s=  84 rc=0 build 23029.0 ms peel 286.018 ms wall 32.89 s
s=  85 rc=0 build 23039.8 ms peel 290.132 ms wall 33.34 s
s=  86 rc=0 build 22908.9 ms peel 288.452 ms wall 33.09 s
s=  87 rc=0 build 22983.1 ms peel 290.155 ms wall 33.45 s
s=  88 rc=0 build 22876.5 ms peel 287.706 ms wall 32.83 s
s=  89 rc=0 build 22777.4 ms peel 284.902 ms wall 32.93 s
s=  90 rc=0 build 22775.9 ms peel 288.412 ms wall 33.01 s
s=  91 rc=0 build 22737.7 ms peel 285.885 ms wall 32.93 s
s=  92 rc=0 build 23516.1 ms peel 431.769 ms wall 33.99 s
s=  93 rc=0 build 25776.2 ms peel 323.012 ms wall 37.7 s
s=  94 rc=0 build 25353.6 ms peel 327.837 ms wall 37.07 s
s=  95 rc=0 build 22670.8 ms peel 313.183 ms wall 32.91 s
s=  96 rc=0 build 24751.5 ms peel 424.155 ms wall 35.18 s
s=  97 rc=0 build 22713.6 ms peel 313.21 ms wall 32.99 s
s=  98 rc=0 build 22736.5 ms peel 314.288 ms wall 32.67 s
s=  99 rc=0 build 22716.2 ms peel 311.912 ms wall 32.68 s
s= 100 rc=0 build 22758.0 ms peel 310.761 ms wall 33.07 s
s= 101 rc=0 build 22811.9 ms peel 306.871 ms wall 33.17 s
s= 102 rc=0 build 22561.2 ms peel 301.159 ms wall 32.72 s
s= 103 rc=0 build 22567.7 ms peel 303.624 ms wall 32.72 s
s= 104 rc=0 build 22585.1 ms peel 305.094 ms wall 32.46 s
s= 105 rc=0 build 22585.3 ms peel 301.702 ms wall 32.47 s
s= 106 rc=0 build 22581.3 ms peel 305.319 ms wall 32.47 s
s= 107 rc=0 build 24872.5 ms peel 333.705 ms wall 36.01 s
s= 108 rc=0 build 22559.6 ms peel 301.915 ms wall 32.73 s
s= 109 rc=0 build 22516.6 ms peel 303.495 ms wall 32.38 s
s= 110 rc=0 build 22517.6 ms peel 304.093 ms wall 32.41 s
s= 111 rc=0 build 22502.8 ms peel 303.885 ms wall 32.39 s
s= 112 rc=0 build 22582.7 ms peel 304.633 ms wall 32.46 s
total wall 12601.4 s; in-process 11392.7 s
DONE tech-as-skitter
s=   2 rc=0 build 27377.0 ms peel 1787.5 ms wall 32.81 s
s=   3 rc=0 build 45930.7 ms peel 2964.15 ms wall 52.16 s
s=   4 rc=0 build 84230.8 ms peel 13308.2 ms wall 101.81 s
s=   5 rc=0 build 146211.0 ms peel 46144.0 ms wall 198.21 s
s=   6 rc=0 build 232262.0 ms peel 102492.0 ms wall 342.24 s
s=   7 rc=0 build 309409.0 ms peel 156932.0 ms wall 475.34000000000003 s
s=   8 rc=0 build 353538.0 ms peel 252421.0 ms wall 625.85 s
s=   9 rc=0 build 402294.0 ms peel 231197.0 ms wall 649.99 s
s=  10 rc=0 build 401651.0 ms peel 257925.0 ms wall 677.93 s
s=  11 rc=0 build 389496.0 ms peel 207905.0 ms wall 609.63 s
s=  12 rc=0 build 369660.0 ms peel 183973.0 ms wall 563.3 s
s=  13 rc=0 build 333503.0 ms peel 167348.0 ms wall 509.86 s
s=  14 rc=0 build 296502.0 ms peel 137694.0 ms wall 441.86 s
s=  15 rc=0 build 249324.0 ms peel 107377.0 ms wall 363.42 s
s=  16 rc=0 build 199614.0 ms peel 72548.9 ms wall 277.54 s
s=  17 rc=0 build 152678.0 ms peel 44558.6 ms wall 201.95 s
s=  18 rc=0 build 116655.0 ms peel 24258.7 ms wall 145.28 s
s=  19 rc=0 build 88981.2 ms peel 12049.4 ms wall 104.78999999999999 s
s=  20 rc=0 build 73436.6 ms peel 4861.16 ms wall 81.77 s
s=  21 rc=0 build 63561.1 ms peel 1998.9 ms wall 68.85 s
s=  22 rc=0 build 58129.3 ms peel 1083.46 ms wall 62.61 s
s=  23 rc=0 build 51796.4 ms peel 648.047 ms wall 55.82 s
s=  24 rc=0 build 47492.8 ms peel 575.483 ms wall 51.51 s
s=  25 rc=0 build 44190.6 ms peel 508.083 ms wall 48.21 s
s=  26 rc=0 build 41282.8 ms peel 500.519 ms wall 45.3 s
s=  27 rc=0 build 38383.7 ms peel 512.769 ms wall 42.7 s
s=  28 rc=0 build 36291.5 ms peel 638.211 ms wall 40.36 s
s=  29 rc=0 build 35163.0 ms peel 598.433 ms wall 39.15 s
s=  30 rc=0 build 30788.0 ms peel 443.171 ms wall 34.5 s
s=  31 rc=0 build 29179.5 ms peel 440.374 ms wall 32.89 s
s=  32 rc=0 build 27883.3 ms peel 428.468 ms wall 31.61 s
s=  33 rc=0 build 26965.7 ms peel 428.951 ms wall 30.8 s
s=  34 rc=0 build 26567.7 ms peel 430.282 ms wall 30.38 s
s=  35 rc=0 build 25403.8 ms peel 422.805 ms wall 29.16 s
s=  36 rc=0 build 24455.7 ms peel 432.357 ms wall 28.15 s
s=  37 rc=0 build 26594.2 ms peel 679.586 ms wall 30.71 s
s=  38 rc=0 build 25641.6 ms peel 718.677 ms wall 29.82 s
s=  39 rc=0 build 25467.8 ms peel 571.149 ms wall 29.47 s
s=  40 rc=0 build 22647.4 ms peel 434.944 ms wall 26.61 s
s=  41 rc=0 build 22203.0 ms peel 430.394 ms wall 26.0 s
s=  42 rc=0 build 23751.7 ms peel 535.886 ms wall 27.71 s
s=  43 rc=0 build 21781.6 ms peel 436.599 ms wall 25.69 s
s=  44 rc=0 build 21447.9 ms peel 431.58 ms wall 25.39 s
s=  45 rc=0 build 20905.1 ms peel 552.038 ms wall 24.91 s
s=  46 rc=0 build 20554.1 ms peel 436.144 ms wall 25.37 s
s=  47 rc=0 build 23892.7 ms peel 636.407 ms wall 28.14 s
s=  48 rc=0 build 21174.6 ms peel 555.095 ms wall 25.42 s
s=  49 rc=0 build 22945.1 ms peel 551.69 ms wall 26.88 s
s=  50 rc=0 build 19849.1 ms peel 511.004 ms wall 23.75 s
s=  51 rc=0 build 23376.7 ms peel 709.893 ms wall 27.59 s
s=  52 rc=0 build 19804.6 ms peel 498.077 ms wall 23.73 s
s=  53 rc=0 build 19650.0 ms peel 495.531 ms wall 23.27 s
s=  54 rc=0 build 19291.7 ms peel 571.627 ms wall 23.27 s
s=  55 rc=0 build 20000.7 ms peel 509.359 ms wall 24.3 s
s=  56 rc=0 build 19243.2 ms peel 502.0 ms wall 23.2 s
s=  57 rc=0 build 19175.0 ms peel 510.026 ms wall 22.83 s
s=  58 rc=0 build 19037.5 ms peel 498.385 ms wall 22.99 s
s=  59 rc=0 build 19121.5 ms peel 527.785 ms wall 23.07 s
s=  60 rc=0 build 19111.1 ms peel 494.702 ms wall 22.76 s
s=  61 rc=0 build 19603.2 ms peel 536.55 ms wall 23.63 s
s=  62 rc=0 build 18982.2 ms peel 514.399 ms wall 23.11 s
s=  63 rc=0 build 18991.8 ms peel 512.792 ms wall 23.08 s
s=  64 rc=0 build 21386.2 ms peel 540.893 ms wall 25.69 s
s=  65 rc=0 build 18671.4 ms peel 510.073 ms wall 23.2 s
s=  66 rc=0 build 18706.9 ms peel 510.381 ms wall 22.81 s
s=  67 rc=0 build 18673.4 ms peel 516.192 ms wall 22.37 s
s=  68 rc=0 build 18524.3 ms peel 514.592 ms wall 22.56 s
s=  69 rc=0 build 19479.4 ms peel 592.7 ms wall 23.6 s
s=  70 rc=0 build 18425.9 ms peel 522.087 ms wall 22.43 s
s=  71 rc=0 build 21428.3 ms peel 532.448 ms wall 25.44 s
s=  72 rc=0 build 20879.0 ms peel 626.752 ms wall 24.89 s
s=  73 rc=0 build 18329.7 ms peel 516.145 ms wall 22.36 s
s=  74 rc=0 build 18464.6 ms peel 521.39 ms wall 22.52 s
s=  75 rc=0 build 18242.9 ms peel 522.276 ms wall 22.26 s
s=  76 rc=0 build 18367.8 ms peel 534.091 ms wall 22.4 s
s=  77 rc=0 build 18203.4 ms peel 532.333 ms wall 22.24 s
s=  78 rc=0 build 18123.1 ms peel 518.9 ms wall 22.25 s
s=  79 rc=0 build 18227.6 ms peel 520.657 ms wall 22.28 s
s=  80 rc=0 build 18179.5 ms peel 516.908 ms wall 22.19 s
s=  81 rc=0 build 18433.5 ms peel 471.632 ms wall 22.11 s
s=  82 rc=0 build 18685.8 ms peel 620.802 ms wall 22.67 s
s=  83 rc=0 build 19695.4 ms peel 630.323 ms wall 24.39 s
s=  84 rc=0 build 18079.8 ms peel 524.272 ms wall 22.39 s
s=  85 rc=0 build 19543.9 ms peel 631.485 ms wall 23.72 s
s=  86 rc=0 build 19510.8 ms peel 543.612 ms wall 23.91 s
s=  87 rc=0 build 19809.3 ms peel 671.804 ms wall 24.07 s
s=  88 rc=0 build 24944.9 ms peel 448.48 ms wall 30.04 s
s=  89 rc=0 build 16593.1 ms peel 452.174 ms wall 20.06 s
s=  90 rc=0 build 18978.3 ms peel 543.492 ms wall 23.02 s
s=  91 rc=0 build 16382.7 ms peel 444.783 ms wall 20.21 s
s=  92 rc=0 build 17749.0 ms peel 520.916 ms wall 21.92 s
s=  93 rc=0 build 17321.9 ms peel 551.774 ms wall 21.07 s
s=  94 rc=0 build 16975.4 ms peel 559.662 ms wall 20.99 s
s=  95 rc=0 build 17608.7 ms peel 554.24 ms wall 21.83 s
s=  96 rc=0 build 18093.3 ms peel 512.43 ms wall 22.14 s
s=  97 rc=0 build 31505.3 ms peel 813.251 ms wall 37.17 s
s=  98 rc=0 build 17551.4 ms peel 517.877 ms wall 21.57 s
s=  99 rc=0 build 17422.2 ms peel 506.285 ms wall 21.07 s
s= 100 rc=0 build 17496.6 ms peel 506.557 ms wall 21.14 s
s= 101 rc=0 build 17649.6 ms peel 538.356 ms wall 21.38 s
s= 102 rc=0 build 16397.4 ms peel 439.738 ms wall 20.37 s
s= 103 rc=0 build 17625.9 ms peel 544.177 ms wall 21.72 s
s= 104 rc=0 build 17520.1 ms peel 525.495 ms wall 21.26 s
s= 105 rc=0 build 17468.6 ms peel 517.559 ms wall 21.6 s
s= 106 rc=0 build 16978.1 ms peel 424.877 ms wall 20.71 s
s= 107 rc=0 build 16367.5 ms peel 438.518 ms wall 19.75 s
s= 108 rc=0 build 16220.9 ms peel 439.314 ms wall 19.58 s
s= 109 rc=0 build 18176.5 ms peel 647.633 ms wall 22.33 s
s= 110 rc=0 build 18343.6 ms peel 428.692 ms wall 22.16 s
s= 111 rc=0 build 16010.7 ms peel 431.576 ms wall 19.71 s
s= 112 rc=0 build 16523.3 ms peel 493.157 ms wall 19.94 s
s= 113 rc=0 build 16251.6 ms peel 464.942 ms wall 19.95 s
s= 114 rc=0 build 16583.7 ms peel 440.594 ms wall 20.0 s
s= 115 rc=0 build 16107.5 ms peel 444.765 ms wall 19.49 s
s= 116 rc=0 build 18650.7 ms peel 662.807 ms wall 22.61 s
s= 117 rc=0 build 16210.2 ms peel 423.582 ms wall 20.1 s
s= 118 rc=0 build 16468.9 ms peel 430.138 ms wall 20.97 s
s= 119 rc=0 build 17777.2 ms peel 548.258 ms wall 21.86 s
s= 120 rc=0 build 17132.5 ms peel 494.592 ms wall 21.14 s
s= 121 rc=0 build 17091.2 ms peel 511.093 ms wall 20.77 s
s= 122 rc=0 build 17363.6 ms peel 517.898 ms wall 21.44 s
s= 123 rc=0 build 16168.6 ms peel 442.51 ms wall 19.6 s
s= 124 rc=0 build 16091.1 ms peel 448.996 ms wall 19.99 s
s= 125 rc=0 build 16858.1 ms peel 441.148 ms wall 20.59 s
s= 126 rc=0 build 16195.4 ms peel 449.761 ms wall 19.92 s
s= 127 rc=0 build 16423.0 ms peel 442.967 ms wall 20.23 s
s= 128 rc=0 build 15956.3 ms peel 446.336 ms wall 19.75 s
s= 129 rc=0 build 16886.7 ms peel 489.239 ms wall 21.77 s
s= 130 rc=0 build 16765.4 ms peel 472.876 ms wall 20.66 s
s= 131 rc=0 build 17111.1 ms peel 441.15 ms wall 21.22 s
s= 132 rc=0 build 15717.7 ms peel 428.32 ms wall 19.44 s
total wall 9329.4 s; in-process 8785.9 s
DONE wiki-Talk
END 2026-09-21T21:45:53+00:00
