$ cmake --build /data/wenqianz/pivoter_repo/research/r1_skyline_index_20260918/build-asan -j 12 --target chain_index_tool
Consolidate compiler generated dependencies of target chain_index_tool
[ 50%] Building CXX object CMakeFiles/chain_index_tool.dir/chain_index_tool.cpp.o
[100%] Linking CXX executable chain_index_tool
[100%] Built target chain_index_tool
In file included from /data/wenqianz/pivoter_repo/research/r1_skyline_index_20260918/../r1_terminal_20260918/../r1_orderreplay_20260917/active/../../r1_fullrange_20260917/../r1_tworoads_20260917/stream/../../r1_bottomup_20260917/../r1_sizesplit_20260917/../r1_floorbatch_20260916/../r1_envelopecore_20260916/../r1_jointpeel_20260916/ceiling/ceiling.hpp:3,
                 from /data/wenqianz/pivoter_repo/research/r1_skyline_index_20260918/../r1_terminal_20260918/../r1_orderreplay_20260917/active/../../r1_fullrange_20260917/../r1_tworoads_20260917/stream/../../r1_bottomup_20260917/../r1_sizesplit_20260917/../r1_floorbatch_20260916/../r1_envelopecore_20260916/envelope.hpp:3,
                 from /data/wenqianz/pivoter_repo/research/r1_skyline_index_20260918/../r1_terminal_20260918/../r1_orderreplay_20260917/active/../../r1_fullrange_20260917/../r1_tworoads_20260917/stream/../../r1_bottomup_20260917/../r1_sizesplit_20260917/../r1_floorbatch_20260916/floor.hpp:3,
                 from /data/wenqianz/pivoter_repo/research/r1_skyline_index_20260918/../r1_terminal_20260918/../r1_orderreplay_20260917/active/../../r1_fullrange_20260917/../r1_tworoads_20260917/stream/../../r1_bottomup_20260917/../r1_sizesplit_20260917/split.hpp:3,
                 from /data/wenqianz/pivoter_repo/research/r1_skyline_index_20260918/../r1_terminal_20260918/../r1_orderreplay_20260917/active/../../r1_fullrange_20260917/../r1_tworoads_20260917/stream/../../r1_bottomup_20260917/bottomup.hpp:3,
                 from /data/wenqianz/pivoter_repo/research/r1_skyline_index_20260918/../r1_terminal_20260918/../r1_orderreplay_20260917/active/../../r1_fullrange_20260917/../r1_tworoads_20260917/stream/../capped.hpp:3,
                 from /data/wenqianz/pivoter_repo/research/r1_skyline_index_20260918/../r1_terminal_20260918/../r1_orderreplay_20260917/active/../../r1_fullrange_20260917/../r1_tworoads_20260917/stream/../components.hpp:3,
                 from /data/wenqianz/pivoter_repo/research/r1_skyline_index_20260918/../r1_terminal_20260918/../r1_orderreplay_20260917/active/../../r1_fullrange_20260917/../r1_tworoads_20260917/stream/stream.hpp:3,
                 from /data/wenqianz/pivoter_repo/research/r1_skyline_index_20260918/../r1_terminal_20260918/../r1_orderreplay_20260917/active/../../r1_fullrange_20260917/generated.hpp:3,
                 from /data/wenqianz/pivoter_repo/research/r1_skyline_index_20260918/../r1_terminal_20260918/../r1_orderreplay_20260917/active/../order.hpp:3,
                 from /data/wenqianz/pivoter_repo/research/r1_skyline_index_20260918/../r1_terminal_20260918/../r1_orderreplay_20260917/active/active.hpp:3,
                 from /data/wenqianz/pivoter_repo/research/r1_skyline_index_20260918/../r1_terminal_20260918/terminal.hpp:3,
                 from /data/wenqianz/pivoter_repo/research/r1_skyline_index_20260918/common.hpp:6,
                 from /data/wenqianz/pivoter_repo/research/r1_skyline_index_20260918/count.cpp:1,
                 from /data/wenqianz/pivoter_repo/research/r1_skyline_index_20260918/chain_index_tool.cpp:10:
/data/wenqianz/pivoter_repo/research/r1_skyline_index_20260918/../r1_terminal_20260918/../r1_orderreplay_20260917/active/../../r1_fullrange_20260917/../r1_tworoads_20260917/stream/../../r1_bottomup_20260917/../r1_sizesplit_20260917/../r1_floorbatch_20260916/../r1_envelopecore_20260916/../r1_jointpeel_20260916/ceiling/../joint.hpp: In function ‘bool allsize::choose_at_most(uint64_t, int, partial::Count)’:
/data/wenqianz/pivoter_repo/research/r1_skyline_index_20260918/../r1_terminal_20260918/../r1_orderreplay_20260917/active/../../r1_fullrange_20260917/../r1_tworoads_20260917/stream/../../r1_bottomup_20260917/../r1_sizesplit_20260917/../r1_floorbatch_20260916/../r1_envelopecore_20260916/../r1_jointpeel_20260916/ceiling/../joint.hpp:198:14: warning: ISO C++ does not support ‘__int128’ for ‘value’ [-Wpedantic]
  198 |     unsigned __int128 value = 1;
      |              ^~~~~~~~
In file included from /data/wenqianz/pivoter_repo/research/r1_skyline_index_20260918/../r1_terminal_20260918/../r1_orderreplay_20260917/active/../../r1_fullrange_20260917/../r1_tworoads_20260917/stream/../components.hpp:3,
                 from /data/wenqianz/pivoter_repo/research/r1_skyline_index_20260918/../r1_terminal_20260918/../r1_orderreplay_20260917/active/../../r1_fullrange_20260917/../r1_tworoads_20260917/stream/stream.hpp:3,
                 from /data/wenqianz/pivoter_repo/research/r1_skyline_index_20260918/../r1_terminal_20260918/../r1_orderreplay_20260917/active/../../r1_fullrange_20260917/generated.hpp:3,
                 from /data/wenqianz/pivoter_repo/research/r1_skyline_index_20260918/../r1_terminal_20260918/../r1_orderreplay_20260917/active/../order.hpp:3,
                 from /data/wenqianz/pivoter_repo/research/r1_skyline_index_20260918/../r1_terminal_20260918/../r1_orderreplay_20260917/active/active.hpp:3,
                 from /data/wenqianz/pivoter_repo/research/r1_skyline_index_20260918/../r1_terminal_20260918/terminal.hpp:3,
                 from /data/wenqianz/pivoter_repo/research/r1_skyline_index_20260918/common.hpp:6,
                 from /data/wenqianz/pivoter_repo/research/r1_skyline_index_20260918/count.cpp:1,
                 from /data/wenqianz/pivoter_repo/research/r1_skyline_index_20260918/chain_index_tool.cpp:10:
/data/wenqianz/pivoter_repo/research/r1_skyline_index_20260918/../r1_terminal_20260918/../r1_orderreplay_20260917/active/../../r1_fullrange_20260917/../r1_tworoads_20260917/stream/../capped.hpp: In function ‘partial::Count tworoads::capped_choose(uint64_t, int, partial::Count, tworoads::Statistics&)’:
/data/wenqianz/pivoter_repo/research/r1_skyline_index_20260918/../r1_terminal_20260918/../r1_orderreplay_20260917/active/../../r1_fullrange_20260917/../r1_tworoads_20260917/stream/../capped.hpp:28:14: warning: ISO C++ does not support ‘__int128’ for ‘value’ [-Wpedantic]
   28 |     unsigned __int128 value=1;
      |              ^~~~~~~~
/data/wenqianz/pivoter_repo/research/r1_skyline_index_20260918/../r1_terminal_20260918/../r1_orderreplay_20260917/active/../../r1_fullrange_20260917/../r1_tworoads_20260917/stream/../capped.hpp:34:49: warning: ISO C++ does not support ‘__int128’ for ‘type name’ [-Wpedantic]
   34 |     return static_cast<Count>(std::min<unsigned __int128>(cap,value));
      |                                                 ^~~~~~~~
/data/wenqianz/pivoter_repo/research/r1_skyline_index_20260918/../r1_terminal_20260918/../r1_orderreplay_20260917/active/../../r1_fullrange_20260917/../r1_tworoads_20260917/stream/../capped.hpp: In function ‘tworoads::Result tworoads::capped(const partial::Graph&, const allsize::Layout&, const partial::Combinations&, const Vertices&, const std::vector<long unsigned int>*)’:
/data/wenqianz/pivoter_repo/research/r1_skyline_index_20260918/../r1_terminal_20260918/../r1_orderreplay_20260917/active/../../r1_fullrange_20260917/../r1_tworoads_20260917/stream/../capped.hpp:101:36: warning: ISO C++ does not support ‘__int128’ for ‘ratio’ [-Wpedantic]
  101 |                     const unsigned __int128 ratio=ordinary[v]<static_cast<Vertex>(s-1) ? 0 :
      |                                    ^~~~~~~~
/data/wenqianz/pivoter_repo/research/r1_skyline_index_20260918/../r1_terminal_20260918/../r1_orderreplay_20260917/active/../../r1_fullrange_20260917/../r1_tworoads_20260917/stream/../capped.hpp:102:46: warning: ISO C++ does not support ‘__int128’ for ‘type name’ [-Wpedantic]
  102 |                         static_cast<unsigned __int128>(previous[v])*(ordinary[v]-s+2)/(s-1);
      |                                              ^~~~~~~~
/data/wenqianz/pivoter_repo/research/r1_skyline_index_20260918/../r1_terminal_20260918/../r1_orderreplay_20260917/active/../../r1_fullrange_20260917/../r1_tworoads_20260917/stream/../capped.hpp:103:64: warning: ISO C++ does not support ‘__int128’ for ‘type name’ [-Wpedantic]
  103 |                     value=static_cast<Count>(std::min<unsigned __int128>(value,ratio));
      |                                                                ^~~~~~~~
In file included from /data/wenqianz/pivoter_repo/research/r1_skyline_index_20260918/../r1_terminal_20260918/../r1_orderreplay_20260917/active/../../r1_fullrange_20260917/generated.hpp:3,
                 from /data/wenqianz/pivoter_repo/research/r1_skyline_index_20260918/../r1_terminal_20260918/../r1_orderreplay_20260917/active/../order.hpp:3,
                 from /data/wenqianz/pivoter_repo/research/r1_skyline_index_20260918/../r1_terminal_20260918/../r1_orderreplay_20260917/active/active.hpp:3,
                 from /data/wenqianz/pivoter_repo/research/r1_skyline_index_20260918/../r1_terminal_20260918/terminal.hpp:3,
                 from /data/wenqianz/pivoter_repo/research/r1_skyline_index_20260918/common.hpp:6,
                 from /data/wenqianz/pivoter_repo/research/r1_skyline_index_20260918/count.cpp:1,
                 from /data/wenqianz/pivoter_repo/research/r1_skyline_index_20260918/chain_index_tool.cpp:10:
/data/wenqianz/pivoter_repo/research/r1_skyline_index_20260918/../r1_terminal_20260918/../r1_orderreplay_20260917/active/../../r1_fullrange_20260917/../r1_tworoads_20260917/stream/stream.hpp: In function ‘orderdp::Result orderdp::solve(const partial::Graph&, const allsize::Layout&, const partial::Combinations&, const Vertices&, const std::vector<long unsigned int>*)’:
/data/wenqianz/pivoter_repo/research/r1_skyline_index_20260918/../r1_terminal_20260918/../r1_orderreplay_20260917/active/../../r1_fullrange_20260917/../r1_tworoads_20260917/stream/stream.hpp:152:36: warning: ISO C++ does not support ‘__int128’ for ‘ratio’ [-Wpedantic]
  152 |                     const unsigned __int128 ratio=static_cast<unsigned __int128>(previous[v])*(ordinary[v]-s+2)/(s-1);
      |                                    ^~~~~~~~
/data/wenqianz/pivoter_repo/research/r1_skyline_index_20260918/../r1_terminal_20260918/../r1_orderreplay_20260917/active/../../r1_fullrange_20260917/../r1_tworoads_20260917/stream/stream.hpp:152:72: warning: ISO C++ does not support ‘__int128’ for ‘type name’ [-Wpedantic]
  152 |                     const unsigned __int128 ratio=static_cast<unsigned __int128>(previous[v])*(ordinary[v]-s+2)/(s-1);
      |                                                                        ^~~~~~~~
In file included from /data/wenqianz/pivoter_repo/research/r1_skyline_index_20260918/../r1_terminal_20260918/../r1_orderreplay_20260917/active/../order.hpp:3,
                 from /data/wenqianz/pivoter_repo/research/r1_skyline_index_20260918/../r1_terminal_20260918/../r1_orderreplay_20260917/active/active.hpp:3,
                 from /data/wenqianz/pivoter_repo/research/r1_skyline_index_20260918/../r1_terminal_20260918/terminal.hpp:3,
                 from /data/wenqianz/pivoter_repo/research/r1_skyline_index_20260918/common.hpp:6,
                 from /data/wenqianz/pivoter_repo/research/r1_skyline_index_20260918/count.cpp:1,
                 from /data/wenqianz/pivoter_repo/research/r1_skyline_index_20260918/chain_index_tool.cpp:10:
/data/wenqianz/pivoter_repo/research/r1_skyline_index_20260918/../r1_terminal_20260918/../r1_orderreplay_20260917/active/../../r1_fullrange_20260917/generated.hpp: At global scope:
/data/wenqianz/pivoter_repo/research/r1_skyline_index_20260918/../r1_terminal_20260918/../r1_orderreplay_20260917/active/../../r1_fullrange_20260917/generated.hpp:11:56: warning: ISO C++ does not support ‘__int128’ for ‘type name’ [-Wpedantic]
   11 | template<> struct Wide<uint64_t> { using type=unsigned __int128; };
      |                                                        ^~~~~~~~
/data/wenqianz/pivoter_repo/research/r1_skyline_index_20260918/../r1_terminal_20260918/../r1_orderreplay_20260917/active/../../r1_fullrange_20260917/generated.hpp:12:33: warning: ISO C++ does not support ‘__int128’ for ‘type name’ [-Wpedantic]
   12 | template<> struct Wide<unsigned __int128> { using type=boost::multiprecision::uint256_t; };
      |                                 ^~~~~~~~
In file included from /data/wenqianz/pivoter_repo/research/r1_skyline_index_20260918/chain_index_tool.cpp:10:
/data/wenqianz/pivoter_repo/research/r1_skyline_index_20260918/count.cpp: In function ‘boost::multiprecision::cpp_int shadow(int, boost::multiprecision::cpp_int)’:
/data/wenqianz/pivoter_repo/research/r1_skyline_index_20260918/count.cpp:22:5: warning: this ‘if’ clause does not guard... [-Wmisleading-indentation]
   22 |     if(!k)return 0; cpp_int ans=0;
      |     ^~
/data/wenqianz/pivoter_repo/research/r1_skyline_index_20260918/count.cpp:22:21: note: ...this statement, but the latter is misleadingly indented as if it were guarded by the ‘if’
   22 |     if(!k)return 0; cpp_int ans=0;
      |                     ^~~~~~~
In file included from /data/wenqianz/pivoter_repo/research/r1_skyline_index_20260918/chain_index_tool.cpp:10:
/data/wenqianz/pivoter_repo/research/r1_skyline_index_20260918/count.cpp: In function ‘int skyline_stage1_count_main(int, char**)’:
/data/wenqianz/pivoter_repo/research/r1_skyline_index_20260918/count.cpp:139:445: warning: ISO C++ does not support ‘__int128’ for ‘type name’ [-Wpedantic]
  139 | int main(int argc,char** argv){try{if(argc==2&&std::string(argv[1])=="--selftest"){selftest();return 0;}require(argc==3&&std::string(argv[1])=="--graph","usage: count --selftest | --graph path");Input in=prepare(argv[2]);int maximum=std::max(2,static_cast<int>(in.d)+1);Layout l(in.graph,maximum);l.prepare(in.graph.n);unsigned b=width(count_bound(in.graph,l,in.d));if(b==64)print(measure<uint64_t>(in,b));else if(b==128)print(measure<unsigned __int128>(in,b));else if(b==256)print(measure<boost::multiprecision::uint256_t>(in,b));else print(measure<boost::multiprecision::uint512_t>(in,b));}catch(const std::exception& e){std::cerr<<e.what()<<'\n';return 1;}}
      |                                                                                                                                                                                                                                                                                                                                                                                                                                                             ^~~~~~~~
In file included from /data/wenqianz/pivoter_repo/research/r1_skyline_index_20260918/chain_index_tool.cpp:12:
/data/wenqianz/pivoter_repo/research/r1_skyline_index_20260918/chain_index.hpp: In member function ‘void chainindex::ChainIndex<T>::compact_runs(bool)’:
/data/wenqianz/pivoter_repo/research/r1_skyline_index_20260918/chain_index.hpp:183:9: warning: this ‘if’ clause does not guard... [-Wmisleading-indentation]
  183 |         if (compact) return; packed_tops = pack_tops;
      |         ^~
/data/wenqianz/pivoter_repo/research/r1_skyline_index_20260918/chain_index.hpp:183:30: note: ...this statement, but the latter is misleadingly indented as if it were guarded by the ‘if’
  183 |         if (compact) return; packed_tops = pack_tops;
      |                              ^~~~~~~~~~~
/data/wenqianz/pivoter_repo/research/r1_skyline_index_20260918/chain_index_tool.cpp: In function ‘void dispatch_width(const cpp_int&, F&&)’:
/data/wenqianz/pivoter_repo/research/r1_skyline_index_20260918/chain_index_tool.cpp:59:86: warning: ISO C++ does not support ‘__int128’ for ‘type name’ [-Wpedantic]
   59 |         try { if (bits == 64) f(uint64_t{}, bits); else if (bits == 128) f((unsigned __int128){}, bits); else if (bits == 256) f(boost::multiprecision::uint256_t{}, bits); else f(boost::multiprecision::uint512_t{}, bits); return; }
      |                                                                                      ^~~~~~~~
/data/wenqianz/pivoter_repo/research/r1_skyline_index_20260918/chain_index_tool.cpp:59:96: warning: ISO C++ forbids compound-literals [-Wpedantic]
   59 |         try { if (bits == 64) f(uint64_t{}, bits); else if (bits == 128) f((unsigned __int128){}, bits); else if (bits == 256) f(boost::multiprecision::uint256_t{}, bits); else f(boost::multiprecision::uint512_t{}, bits); return; }
      |                                                                                                ^
/data/wenqianz/pivoter_repo/research/r1_skyline_index_20260918/chain_index_tool.cpp: In function ‘V to_value(const T&)’:
/data/wenqianz/pivoter_repo/research/r1_skyline_index_20260918/chain_index_tool.cpp:74:119: warning: ISO C++ does not support ‘__int128’ for ‘type name’ [-Wpedantic]
   74 |     else if constexpr (std::is_same_v<V, double>) { if constexpr (std::is_integral_v<T> || std::is_same_v<T, unsigned __int128>) return static_cast<double>(x); else return x.template convert_to<double>(); }
      |                                                                                                                       ^~~~~~~~
/data/wenqianz/pivoter_repo/research/r1_skyline_index_20260918/chain_index_tool.cpp: In lambda function:
/data/wenqianz/pivoter_repo/research/r1_skyline_index_20260918/chain_index_tool.cpp:95:9: warning: this ‘if’ clause does not guard... [-Wmisleading-indentation]
   95 |         if (s < 2 || s > S) return; const auto t0 = Clock::now();
      |         ^~
/data/wenqianz/pivoter_repo/research/r1_skyline_index_20260918/chain_index_tool.cpp:95:37: note: ...this statement, but the latter is misleadingly indented as if it were guarded by the ‘if’
   95 |         if (s < 2 || s > S) return; const auto t0 = Clock::now();
      |                                     ^~~~~
/data/wenqianz/pivoter_repo/research/r1_skyline_index_20260918/chain_index_tool.cpp: In lambda function:
/data/wenqianz/pivoter_repo/research/r1_skyline_index_20260918/chain_index_tool.cpp:202:21: warning: this ‘for’ clause does not guard... [-Wmisleading-indentation]
  202 |                     for (auto& x : ids) x = inv[x]; std::sort(ids.begin(), ids.end()); require(ids == truth, "community differs from brute force"); ++queries;
      |                     ^~~
/data/wenqianz/pivoter_repo/research/r1_skyline_index_20260918/chain_index_tool.cpp:202:53: note: ...this statement, but the latter is misleadingly indented as if it were guarded by the ‘for’
  202 |                     for (auto& x : ids) x = inv[x]; std::sort(ids.begin(), ids.end()); require(ids == truth, "community differs from brute force"); ++queries;
      |                                                     ^~~
/data/wenqianz/pivoter_repo/research/r1_skyline_index_20260918/chain_index_tool.cpp:205:25: warning: this ‘for’ clause does not guard... [-Wmisleading-indentation]
  205 |                         for (auto& x : ex) x = inv[x]; std::sort(ex.begin(), ex.end()); require(ex == truth, "pointer form differs from brute force"); }
      |                         ^~~
/data/wenqianz/pivoter_repo/research/r1_skyline_index_20260918/chain_index_tool.cpp:205:56: note: ...this statement, but the latter is misleadingly indented as if it were guarded by the ‘for’
  205 |                         for (auto& x : ex) x = inv[x]; std::sort(ex.begin(), ex.end()); require(ex == truth, "pointer form differs from brute force"); }
      |                                                        ^~~
In file included from /data/wenqianz/pivoter_repo/research/r1_skyline_index_20260918/chain_index_tool.cpp:10:
/data/wenqianz/pivoter_repo/research/r1_skyline_index_20260918/count.cpp: In function ‘int skyline_stage1_count_main(int, char**)’:
/data/wenqianz/pivoter_repo/research/r1_skyline_index_20260918/count.cpp:139:660: warning: control reaches end of non-void function [-Wreturn-type]
  139 | int main(int argc,char** argv){try{if(argc==2&&std::string(argv[1])=="--selftest"){selftest();return 0;}require(argc==3&&std::string(argv[1])=="--graph","usage: count --selftest | --graph path");Input in=prepare(argv[2]);int maximum=std::max(2,static_cast<int>(in.d)+1);Layout l(in.graph,maximum);l.prepare(in.graph.n);unsigned b=width(count_bound(in.graph,l,in.d));if(b==64)print(measure<uint64_t>(in,b));else if(b==128)print(measure<unsigned __int128>(in,b));else if(b==256)print(measure<boost::multiprecision::uint256_t>(in,b));else print(measure<boost::multiprecision::uint512_t>(in,b));}catch(const std::exception& e){std::cerr<<e.what()<<'\n';return 1;}}
      |                                                                                                                                                                                                                                                                                                                                                                                                                                                                                                                                                                                                                                                                                    ^
In file included from /usr/include/string.h:535,
                 from /usr/include/boost/range/detail/implementation_help.hpp:18,
                 from /usr/include/boost/range/end.hpp:20,
                 from /usr/include/boost/range/functions.hpp:19,
                 from /usr/include/boost/range/iterator_range_core.hpp:38,
                 from /usr/include/boost/lexical_cast.hpp:30,
                 from /usr/include/boost/multiprecision/detail/number_base.hpp:20,
                 from /usr/include/boost/multiprecision/traits/is_variable_precision.hpp:10,
                 from /usr/include/boost/multiprecision/detail/precision.hpp:9,
                 from /usr/include/boost/multiprecision/number.hpp:25,
                 from /usr/include/boost/multiprecision/cpp_int.hpp:12,
                 from /data/wenqianz/pivoter_repo/research/r1_skyline_index_20260918/../r1_terminal_20260918/../r1_orderreplay_20260917/active/../../r1_fullrange_20260917/../r1_tworoads_20260917/stream/../../r1_bottomup_20260917/../r1_sizesplit_20260917/../r1_floorbatch_20260916/../r1_envelopecore_20260916/envelope.hpp:4,
                 from /data/wenqianz/pivoter_repo/research/r1_skyline_index_20260918/../r1_terminal_20260918/../r1_orderreplay_20260917/active/../../r1_fullrange_20260917/../r1_tworoads_20260917/stream/../../r1_bottomup_20260917/../r1_sizesplit_20260917/../r1_floorbatch_20260916/floor.hpp:3,
                 from /data/wenqianz/pivoter_repo/research/r1_skyline_index_20260918/../r1_terminal_20260918/../r1_orderreplay_20260917/active/../../r1_fullrange_20260917/../r1_tworoads_20260917/stream/../../r1_bottomup_20260917/../r1_sizesplit_20260917/split.hpp:3,
                 from /data/wenqianz/pivoter_repo/research/r1_skyline_index_20260918/../r1_terminal_20260918/../r1_orderreplay_20260917/active/../../r1_fullrange_20260917/../r1_tworoads_20260917/stream/../../r1_bottomup_20260917/bottomup.hpp:3,
                 from /data/wenqianz/pivoter_repo/research/r1_skyline_index_20260918/../r1_terminal_20260918/../r1_orderreplay_20260917/active/../../r1_fullrange_20260917/../r1_tworoads_20260917/stream/../capped.hpp:3,
                 from /data/wenqianz/pivoter_repo/research/r1_skyline_index_20260918/../r1_terminal_20260918/../r1_orderreplay_20260917/active/../../r1_fullrange_20260917/../r1_tworoads_20260917/stream/../components.hpp:3,
                 from /data/wenqianz/pivoter_repo/research/r1_skyline_index_20260918/../r1_terminal_20260918/../r1_orderreplay_20260917/active/../../r1_fullrange_20260917/../r1_tworoads_20260917/stream/stream.hpp:3,
                 from /data/wenqianz/pivoter_repo/research/r1_skyline_index_20260918/../r1_terminal_20260918/../r1_orderreplay_20260917/active/../../r1_fullrange_20260917/generated.hpp:3,
                 from /data/wenqianz/pivoter_repo/research/r1_skyline_index_20260918/../r1_terminal_20260918/../r1_orderreplay_20260917/active/../order.hpp:3,
                 from /data/wenqianz/pivoter_repo/research/r1_skyline_index_20260918/../r1_terminal_20260918/../r1_orderreplay_20260917/active/active.hpp:3,
                 from /data/wenqianz/pivoter_repo/research/r1_skyline_index_20260918/../r1_terminal_20260918/terminal.hpp:3,
                 from /data/wenqianz/pivoter_repo/research/r1_skyline_index_20260918/common.hpp:6,
                 from /data/wenqianz/pivoter_repo/research/r1_skyline_index_20260918/count.cpp:1,
                 from /data/wenqianz/pivoter_repo/research/r1_skyline_index_20260918/chain_index_tool.cpp:10:
In function ‘void* memcpy(void*, const void*, size_t)’,
    inlined from ‘static T chainindex::Traits<T>::load(const unsigned char*) [with long unsigned int Wb = 16; T = long unsigned int]’ at /data/wenqianz/pivoter_repo/research/r1_skyline_index_20260918/chain_index.hpp:36:85,
    inlined from ‘chainindex::ChainIndex<long unsigned int>::climb_bytes<16>(const chainindex::ChainIndex<long unsigned int>::Layer&, uint32_t, const long unsigned int&) const::<lambda(uint32_t)>’ at /data/wenqianz/pivoter_repo/research/r1_skyline_index_20260918/chain_index.hpp:95:78,
    inlined from ‘uint32_t chainindex::ChainIndex<T>::climb_bytes(const chainindex::ChainIndex<T>::Layer&, uint32_t, const T&) const [with long unsigned int Wb = 16; T = long unsigned int]’ at /data/wenqianz/pivoter_repo/research/r1_skyline_index_20260918/chain_index.hpp:96:116,
    inlined from ‘chainindex::ChainIndex<long unsigned int>::climb(int, uint32_t, const long unsigned int&) const::<lambda(auto:44)> [with auto:44 = std::integral_constant<long unsigned int, 16>]’ at /data/wenqianz/pivoter_repo/research/r1_skyline_index_20260918/chain_index.hpp:105:98,
    inlined from ‘auto chainindex::with_width(unsigned int, F&&) [with F = chainindex::ChainIndex<long unsigned int>::climb(int, uint32_t, const long unsigned int&) const::<lambda(auto:44)>]’ at /data/wenqianz/pivoter_repo/research/r1_skyline_index_20260918/chain_index.hpp:60:81:
/usr/include/x86_64-linux-gnu/bits/string_fortified.h:29:33: warning: ‘void* __builtin___memcpy_chk(void*, const void*, long unsigned int, long unsigned int)’ forming offset [8, 15] is out of the bounds [0, 8] of object ‘x’ with type ‘long unsigned int’ [-Warray-bounds]
   29 |   return __builtin___memcpy_chk (__dest, __src, __len,
      |          ~~~~~~~~~~~~~~~~~~~~~~~^~~~~~~~~~~~~~~~~~~~~~
   30 |                                  __glibc_objsize0 (__dest));
      |                                  ~~~~~~~~~~~~~~~~~~~~~~~~~~
In file included from /data/wenqianz/pivoter_repo/research/r1_skyline_index_20260918/chain_index_tool.cpp:12:
/data/wenqianz/pivoter_repo/research/r1_skyline_index_20260918/chain_index.hpp: In function ‘auto chainindex::with_width(unsigned int, F&&) [with F = chainindex::ChainIndex<long unsigned int>::climb(int, uint32_t, const long unsigned int&) const::<lambda(auto:44)>]’:
/data/wenqianz/pivoter_repo/research/r1_skyline_index_20260918/chain_index.hpp:36:67: note: ‘x’ declared here
   36 |     template<size_t Wb> static T load(const unsigned char* p) { T x = 0; std::memcpy(&x, p, Wb); return x; }   // constant-size load, Wb <= W
      |                                                                   ^
In file included from /usr/include/string.h:535,
                 from /usr/include/boost/range/detail/implementation_help.hpp:18,
                 from /usr/include/boost/range/end.hpp:20,
                 from /usr/include/boost/range/functions.hpp:19,
                 from /usr/include/boost/range/iterator_range_core.hpp:38,
                 from /usr/include/boost/lexical_cast.hpp:30,
                 from /usr/include/boost/multiprecision/detail/number_base.hpp:20,
                 from /usr/include/boost/multiprecision/traits/is_variable_precision.hpp:10,
                 from /usr/include/boost/multiprecision/detail/precision.hpp:9,
                 from /usr/include/boost/multiprecision/number.hpp:25,
                 from /usr/include/boost/multiprecision/cpp_int.hpp:12,
                 from /data/wenqianz/pivoter_repo/research/r1_skyline_index_20260918/../r1_terminal_20260918/../r1_orderreplay_20260917/active/../../r1_fullrange_20260917/../r1_tworoads_20260917/stream/../../r1_bottomup_20260917/../r1_sizesplit_20260917/../r1_floorbatch_20260916/../r1_envelopecore_20260916/envelope.hpp:4,
                 from /data/wenqianz/pivoter_repo/research/r1_skyline_index_20260918/../r1_terminal_20260918/../r1_orderreplay_20260917/active/../../r1_fullrange_20260917/../r1_tworoads_20260917/stream/../../r1_bottomup_20260917/../r1_sizesplit_20260917/../r1_floorbatch_20260916/floor.hpp:3,
                 from /data/wenqianz/pivoter_repo/research/r1_skyline_index_20260918/../r1_terminal_20260918/../r1_orderreplay_20260917/active/../../r1_fullrange_20260917/../r1_tworoads_20260917/stream/../../r1_bottomup_20260917/../r1_sizesplit_20260917/split.hpp:3,
                 from /data/wenqianz/pivoter_repo/research/r1_skyline_index_20260918/../r1_terminal_20260918/../r1_orderreplay_20260917/active/../../r1_fullrange_20260917/../r1_tworoads_20260917/stream/../../r1_bottomup_20260917/bottomup.hpp:3,
                 from /data/wenqianz/pivoter_repo/research/r1_skyline_index_20260918/../r1_terminal_20260918/../r1_orderreplay_20260917/active/../../r1_fullrange_20260917/../r1_tworoads_20260917/stream/../capped.hpp:3,
                 from /data/wenqianz/pivoter_repo/research/r1_skyline_index_20260918/../r1_terminal_20260918/../r1_orderreplay_20260917/active/../../r1_fullrange_20260917/../r1_tworoads_20260917/stream/../components.hpp:3,
                 from /data/wenqianz/pivoter_repo/research/r1_skyline_index_20260918/../r1_terminal_20260918/../r1_orderreplay_20260917/active/../../r1_fullrange_20260917/../r1_tworoads_20260917/stream/stream.hpp:3,
                 from /data/wenqianz/pivoter_repo/research/r1_skyline_index_20260918/../r1_terminal_20260918/../r1_orderreplay_20260917/active/../../r1_fullrange_20260917/generated.hpp:3,
                 from /data/wenqianz/pivoter_repo/research/r1_skyline_index_20260918/../r1_terminal_20260918/../r1_orderreplay_20260917/active/../order.hpp:3,
                 from /data/wenqianz/pivoter_repo/research/r1_skyline_index_20260918/../r1_terminal_20260918/../r1_orderreplay_20260917/active/active.hpp:3,
                 from /data/wenqianz/pivoter_repo/research/r1_skyline_index_20260918/../r1_terminal_20260918/terminal.hpp:3,
                 from /data/wenqianz/pivoter_repo/research/r1_skyline_index_20260918/common.hpp:6,
                 from /data/wenqianz/pivoter_repo/research/r1_skyline_index_20260918/count.cpp:1,
                 from /data/wenqianz/pivoter_repo/research/r1_skyline_index_20260918/chain_index_tool.cpp:10:
In function ‘void* memcpy(void*, const void*, size_t)’,
    inlined from ‘static T chainindex::Traits<T>::load(const unsigned char*) [with long unsigned int Wb = 16; T = long unsigned int]’ at /data/wenqianz/pivoter_repo/research/r1_skyline_index_20260918/chain_index.hpp:36:85,
    inlined from ‘chainindex::ChainIndex<long unsigned int>::climb_bytes<16>(const chainindex::ChainIndex<long unsigned int>::Layer&, uint32_t, const long unsigned int&) const::<lambda(uint32_t)>’ at /data/wenqianz/pivoter_repo/research/r1_skyline_index_20260918/chain_index.hpp:95:78,
    inlined from ‘uint32_t chainindex::ChainIndex<T>::climb_bytes(const chainindex::ChainIndex<T>::Layer&, uint32_t, const T&) const [with long unsigned int Wb = 16; T = long unsigned int]’ at /data/wenqianz/pivoter_repo/research/r1_skyline_index_20260918/chain_index.hpp:96:43,
    inlined from ‘chainindex::ChainIndex<long unsigned int>::climb(int, uint32_t, const long unsigned int&) const::<lambda(auto:44)> [with auto:44 = std::integral_constant<long unsigned int, 16>]’ at /data/wenqianz/pivoter_repo/research/r1_skyline_index_20260918/chain_index.hpp:105:98,
    inlined from ‘auto chainindex::with_width(unsigned int, F&&) [with F = chainindex::ChainIndex<long unsigned int>::climb(int, uint32_t, const long unsigned int&) const::<lambda(auto:44)>]’ at /data/wenqianz/pivoter_repo/research/r1_skyline_index_20260918/chain_index.hpp:60:81:
/usr/include/x86_64-linux-gnu/bits/string_fortified.h:29:33: warning: ‘void* __builtin___memcpy_chk(void*, const void*, long unsigned int, long unsigned int)’ forming offset [8, 15] is out of the bounds [0, 8] of object ‘x’ with type ‘long unsigned int’ [-Warray-bounds]
   29 |   return __builtin___memcpy_chk (__dest, __src, __len,
      |          ~~~~~~~~~~~~~~~~~~~~~~~^~~~~~~~~~~~~~~~~~~~~~
   30 |                                  __glibc_objsize0 (__dest));
      |                                  ~~~~~~~~~~~~~~~~~~~~~~~~~~
In file included from /data/wenqianz/pivoter_repo/research/r1_skyline_index_20260918/chain_index_tool.cpp:12:
/data/wenqianz/pivoter_repo/research/r1_skyline_index_20260918/chain_index.hpp: In function ‘auto chainindex::with_width(unsigned int, F&&) [with F = chainindex::ChainIndex<long unsigned int>::climb(int, uint32_t, const long unsigned int&) const::<lambda(auto:44)>]’:
/data/wenqianz/pivoter_repo/research/r1_skyline_index_20260918/chain_index.hpp:36:67: note: ‘x’ declared here
   36 |     template<size_t Wb> static T load(const unsigned char* p) { T x = 0; std::memcpy(&x, p, Wb); return x; }   // constant-size load, Wb <= W
      |                                                                   ^
In file included from /usr/include/string.h:535,
                 from /usr/include/boost/range/detail/implementation_help.hpp:18,
                 from /usr/include/boost/range/end.hpp:20,
                 from /usr/include/boost/range/functions.hpp:19,
                 from /usr/include/boost/range/iterator_range_core.hpp:38,
                 from /usr/include/boost/lexical_cast.hpp:30,
                 from /usr/include/boost/multiprecision/detail/number_base.hpp:20,
                 from /usr/include/boost/multiprecision/traits/is_variable_precision.hpp:10,
                 from /usr/include/boost/multiprecision/detail/precision.hpp:9,
                 from /usr/include/boost/multiprecision/number.hpp:25,
                 from /usr/include/boost/multiprecision/cpp_int.hpp:12,
                 from /data/wenqianz/pivoter_repo/research/r1_skyline_index_20260918/../r1_terminal_20260918/../r1_orderreplay_20260917/active/../../r1_fullrange_20260917/../r1_tworoads_20260917/stream/../../r1_bottomup_20260917/../r1_sizesplit_20260917/../r1_floorbatch_20260916/../r1_envelopecore_20260916/envelope.hpp:4,
                 from /data/wenqianz/pivoter_repo/research/r1_skyline_index_20260918/../r1_terminal_20260918/../r1_orderreplay_20260917/active/../../r1_fullrange_20260917/../r1_tworoads_20260917/stream/../../r1_bottomup_20260917/../r1_sizesplit_20260917/../r1_floorbatch_20260916/floor.hpp:3,
                 from /data/wenqianz/pivoter_repo/research/r1_skyline_index_20260918/../r1_terminal_20260918/../r1_orderreplay_20260917/active/../../r1_fullrange_20260917/../r1_tworoads_20260917/stream/../../r1_bottomup_20260917/../r1_sizesplit_20260917/split.hpp:3,
                 from /data/wenqianz/pivoter_repo/research/r1_skyline_index_20260918/../r1_terminal_20260918/../r1_orderreplay_20260917/active/../../r1_fullrange_20260917/../r1_tworoads_20260917/stream/../../r1_bottomup_20260917/bottomup.hpp:3,
                 from /data/wenqianz/pivoter_repo/research/r1_skyline_index_20260918/../r1_terminal_20260918/../r1_orderreplay_20260917/active/../../r1_fullrange_20260917/../r1_tworoads_20260917/stream/../capped.hpp:3,
                 from /data/wenqianz/pivoter_repo/research/r1_skyline_index_20260918/../r1_terminal_20260918/../r1_orderreplay_20260917/active/../../r1_fullrange_20260917/../r1_tworoads_20260917/stream/../components.hpp:3,
                 from /data/wenqianz/pivoter_repo/research/r1_skyline_index_20260918/../r1_terminal_20260918/../r1_orderreplay_20260917/active/../../r1_fullrange_20260917/../r1_tworoads_20260917/stream/stream.hpp:3,
                 from /data/wenqianz/pivoter_repo/research/r1_skyline_index_20260918/../r1_terminal_20260918/../r1_orderreplay_20260917/active/../../r1_fullrange_20260917/generated.hpp:3,
                 from /data/wenqianz/pivoter_repo/research/r1_skyline_index_20260918/../r1_terminal_20260918/../r1_orderreplay_20260917/active/../order.hpp:3,
                 from /data/wenqianz/pivoter_repo/research/r1_skyline_index_20260918/../r1_terminal_20260918/../r1_orderreplay_20260917/active/active.hpp:3,
                 from /data/wenqianz/pivoter_repo/research/r1_skyline_index_20260918/../r1_terminal_20260918/terminal.hpp:3,
                 from /data/wenqianz/pivoter_repo/research/r1_skyline_index_20260918/common.hpp:6,
                 from /data/wenqianz/pivoter_repo/research/r1_skyline_index_20260918/count.cpp:1,
                 from /data/wenqianz/pivoter_repo/research/r1_skyline_index_20260918/chain_index_tool.cpp:10:
In function ‘void* memcpy(void*, const void*, size_t)’,
    inlined from ‘static T chainindex::Traits<T>::load(const unsigned char*) [with long unsigned int Wb = 32; T = long unsigned int]’ at /data/wenqianz/pivoter_repo/research/r1_skyline_index_20260918/chain_index.hpp:36:85,
    inlined from ‘chainindex::ChainIndex<long unsigned int>::climb_bytes<32>(const chainindex::ChainIndex<long unsigned int>::Layer&, uint32_t, const long unsigned int&) const::<lambda(uint32_t)>’ at /data/wenqianz/pivoter_repo/research/r1_skyline_index_20260918/chain_index.hpp:95:78,
    inlined from ‘uint32_t chainindex::ChainIndex<T>::climb_bytes(const chainindex::ChainIndex<T>::Layer&, uint32_t, const T&) const [with long unsigned int Wb = 32; T = long unsigned int]’ at /data/wenqianz/pivoter_repo/research/r1_skyline_index_20260918/chain_index.hpp:96:116,
    inlined from ‘chainindex::ChainIndex<long unsigned int>::climb(int, uint32_t, const long unsigned int&) const::<lambda(auto:44)> [with auto:44 = std::integral_constant<long unsigned int, 32>]’ at /data/wenqianz/pivoter_repo/research/r1_skyline_index_20260918/chain_index.hpp:105:98,
    inlined from ‘auto chainindex::with_width(unsigned int, F&&) [with F = chainindex::ChainIndex<long unsigned int>::climb(int, uint32_t, const long unsigned int&) const::<lambda(auto:44)>]’ at /data/wenqianz/pivoter_repo/research/r1_skyline_index_20260918/chain_index.hpp:60:138:
/usr/include/x86_64-linux-gnu/bits/string_fortified.h:29:33: warning: ‘void* __builtin___memcpy_chk(void*, const void*, long unsigned int, long unsigned int)’ forming offset [8, 31] is out of the bounds [0, 8] of object ‘x’ with type ‘long unsigned int’ [-Warray-bounds]
   29 |   return __builtin___memcpy_chk (__dest, __src, __len,
      |          ~~~~~~~~~~~~~~~~~~~~~~~^~~~~~~~~~~~~~~~~~~~~~
   30 |                                  __glibc_objsize0 (__dest));
      |                                  ~~~~~~~~~~~~~~~~~~~~~~~~~~
In file included from /data/wenqianz/pivoter_repo/research/r1_skyline_index_20260918/chain_index_tool.cpp:12:
/data/wenqianz/pivoter_repo/research/r1_skyline_index_20260918/chain_index.hpp: In function ‘auto chainindex::with_width(unsigned int, F&&) [with F = chainindex::ChainIndex<long unsigned int>::climb(int, uint32_t, const long unsigned int&) const::<lambda(auto:44)>]’:
/data/wenqianz/pivoter_repo/research/r1_skyline_index_20260918/chain_index.hpp:36:67: note: ‘x’ declared here
   36 |     template<size_t Wb> static T load(const unsigned char* p) { T x = 0; std::memcpy(&x, p, Wb); return x; }   // constant-size load, Wb <= W
      |                                                                   ^
In file included from /usr/include/string.h:535,
                 from /usr/include/boost/range/detail/implementation_help.hpp:18,
                 from /usr/include/boost/range/end.hpp:20,
                 from /usr/include/boost/range/functions.hpp:19,
                 from /usr/include/boost/range/iterator_range_core.hpp:38,
                 from /usr/include/boost/lexical_cast.hpp:30,
                 from /usr/include/boost/multiprecision/detail/number_base.hpp:20,
                 from /usr/include/boost/multiprecision/traits/is_variable_precision.hpp:10,
                 from /usr/include/boost/multiprecision/detail/precision.hpp:9,
                 from /usr/include/boost/multiprecision/number.hpp:25,
                 from /usr/include/boost/multiprecision/cpp_int.hpp:12,
                 from /data/wenqianz/pivoter_repo/research/r1_skyline_index_20260918/../r1_terminal_20260918/../r1_orderreplay_20260917/active/../../r1_fullrange_20260917/../r1_tworoads_20260917/stream/../../r1_bottomup_20260917/../r1_sizesplit_20260917/../r1_floorbatch_20260916/../r1_envelopecore_20260916/envelope.hpp:4,
                 from /data/wenqianz/pivoter_repo/research/r1_skyline_index_20260918/../r1_terminal_20260918/../r1_orderreplay_20260917/active/../../r1_fullrange_20260917/../r1_tworoads_20260917/stream/../../r1_bottomup_20260917/../r1_sizesplit_20260917/../r1_floorbatch_20260916/floor.hpp:3,
                 from /data/wenqianz/pivoter_repo/research/r1_skyline_index_20260918/../r1_terminal_20260918/../r1_orderreplay_20260917/active/../../r1_fullrange_20260917/../r1_tworoads_20260917/stream/../../r1_bottomup_20260917/../r1_sizesplit_20260917/split.hpp:3,
                 from /data/wenqianz/pivoter_repo/research/r1_skyline_index_20260918/../r1_terminal_20260918/../r1_orderreplay_20260917/active/../../r1_fullrange_20260917/../r1_tworoads_20260917/stream/../../r1_bottomup_20260917/bottomup.hpp:3,
                 from /data/wenqianz/pivoter_repo/research/r1_skyline_index_20260918/../r1_terminal_20260918/../r1_orderreplay_20260917/active/../../r1_fullrange_20260917/../r1_tworoads_20260917/stream/../capped.hpp:3,
                 from /data/wenqianz/pivoter_repo/research/r1_skyline_index_20260918/../r1_terminal_20260918/../r1_orderreplay_20260917/active/../../r1_fullrange_20260917/../r1_tworoads_20260917/stream/../components.hpp:3,
                 from /data/wenqianz/pivoter_repo/research/r1_skyline_index_20260918/../r1_terminal_20260918/../r1_orderreplay_20260917/active/../../r1_fullrange_20260917/../r1_tworoads_20260917/stream/stream.hpp:3,
                 from /data/wenqianz/pivoter_repo/research/r1_skyline_index_20260918/../r1_terminal_20260918/../r1_orderreplay_20260917/active/../../r1_fullrange_20260917/generated.hpp:3,
                 from /data/wenqianz/pivoter_repo/research/r1_skyline_index_20260918/../r1_terminal_20260918/../r1_orderreplay_20260917/active/../order.hpp:3,
                 from /data/wenqianz/pivoter_repo/research/r1_skyline_index_20260918/../r1_terminal_20260918/../r1_orderreplay_20260917/active/active.hpp:3,
                 from /data/wenqianz/pivoter_repo/research/r1_skyline_index_20260918/../r1_terminal_20260918/terminal.hpp:3,
                 from /data/wenqianz/pivoter_repo/research/r1_skyline_index_20260918/common.hpp:6,
                 from /data/wenqianz/pivoter_repo/research/r1_skyline_index_20260918/count.cpp:1,
                 from /data/wenqianz/pivoter_repo/research/r1_skyline_index_20260918/chain_index_tool.cpp:10:
In function ‘void* memcpy(void*, const void*, size_t)’,
    inlined from ‘static T chainindex::Traits<T>::load(const unsigned char*) [with long unsigned int Wb = 32; T = long unsigned int]’ at /data/wenqianz/pivoter_repo/research/r1_skyline_index_20260918/chain_index.hpp:36:85,
    inlined from ‘chainindex::ChainIndex<long unsigned int>::climb_bytes<32>(const chainindex::ChainIndex<long unsigned int>::Layer&, uint32_t, const long unsigned int&) const::<lambda(uint32_t)>’ at /data/wenqianz/pivoter_repo/research/r1_skyline_index_20260918/chain_index.hpp:95:78,
    inlined from ‘uint32_t chainindex::ChainIndex<T>::climb_bytes(const chainindex::ChainIndex<T>::Layer&, uint32_t, const T&) const [with long unsigned int Wb = 32; T = long unsigned int]’ at /data/wenqianz/pivoter_repo/research/r1_skyline_index_20260918/chain_index.hpp:96:43,
    inlined from ‘chainindex::ChainIndex<long unsigned int>::climb(int, uint32_t, const long unsigned int&) const::<lambda(auto:44)> [with auto:44 = std::integral_constant<long unsigned int, 32>]’ at /data/wenqianz/pivoter_repo/research/r1_skyline_index_20260918/chain_index.hpp:105:98,
    inlined from ‘auto chainindex::with_width(unsigned int, F&&) [with F = chainindex::ChainIndex<long unsigned int>::climb(int, uint32_t, const long unsigned int&) const::<lambda(auto:44)>]’ at /data/wenqianz/pivoter_repo/research/r1_skyline_index_20260918/chain_index.hpp:60:138:
/usr/include/x86_64-linux-gnu/bits/string_fortified.h:29:33: warning: ‘void* __builtin___memcpy_chk(void*, const void*, long unsigned int, long unsigned int)’ forming offset [8, 31] is out of the bounds [0, 8] of object ‘x’ with type ‘long unsigned int’ [-Warray-bounds]
   29 |   return __builtin___memcpy_chk (__dest, __src, __len,
      |          ~~~~~~~~~~~~~~~~~~~~~~~^~~~~~~~~~~~~~~~~~~~~~
   30 |                                  __glibc_objsize0 (__dest));
      |                                  ~~~~~~~~~~~~~~~~~~~~~~~~~~
In file included from /data/wenqianz/pivoter_repo/research/r1_skyline_index_20260918/chain_index_tool.cpp:12:
/data/wenqianz/pivoter_repo/research/r1_skyline_index_20260918/chain_index.hpp: In function ‘auto chainindex::with_width(unsigned int, F&&) [with F = chainindex::ChainIndex<long unsigned int>::climb(int, uint32_t, const long unsigned int&) const::<lambda(auto:44)>]’:
/data/wenqianz/pivoter_repo/research/r1_skyline_index_20260918/chain_index.hpp:36:67: note: ‘x’ declared here
   36 |     template<size_t Wb> static T load(const unsigned char* p) { T x = 0; std::memcpy(&x, p, Wb); return x; }   // constant-size load, Wb <= W
      |                                                                   ^
In file included from /usr/include/string.h:535,
                 from /usr/include/boost/range/detail/implementation_help.hpp:18,
                 from /usr/include/boost/range/end.hpp:20,
                 from /usr/include/boost/range/functions.hpp:19,
                 from /usr/include/boost/range/iterator_range_core.hpp:38,
                 from /usr/include/boost/lexical_cast.hpp:30,
                 from /usr/include/boost/multiprecision/detail/number_base.hpp:20,
                 from /usr/include/boost/multiprecision/traits/is_variable_precision.hpp:10,
                 from /usr/include/boost/multiprecision/detail/precision.hpp:9,
                 from /usr/include/boost/multiprecision/number.hpp:25,
                 from /usr/include/boost/multiprecision/cpp_int.hpp:12,
                 from /data/wenqianz/pivoter_repo/research/r1_skyline_index_20260918/../r1_terminal_20260918/../r1_orderreplay_20260917/active/../../r1_fullrange_20260917/../r1_tworoads_20260917/stream/../../r1_bottomup_20260917/../r1_sizesplit_20260917/../r1_floorbatch_20260916/../r1_envelopecore_20260916/envelope.hpp:4,
                 from /data/wenqianz/pivoter_repo/research/r1_skyline_index_20260918/../r1_terminal_20260918/../r1_orderreplay_20260917/active/../../r1_fullrange_20260917/../r1_tworoads_20260917/stream/../../r1_bottomup_20260917/../r1_sizesplit_20260917/../r1_floorbatch_20260916/floor.hpp:3,
                 from /data/wenqianz/pivoter_repo/research/r1_skyline_index_20260918/../r1_terminal_20260918/../r1_orderreplay_20260917/active/../../r1_fullrange_20260917/../r1_tworoads_20260917/stream/../../r1_bottomup_20260917/../r1_sizesplit_20260917/split.hpp:3,
                 from /data/wenqianz/pivoter_repo/research/r1_skyline_index_20260918/../r1_terminal_20260918/../r1_orderreplay_20260917/active/../../r1_fullrange_20260917/../r1_tworoads_20260917/stream/../../r1_bottomup_20260917/bottomup.hpp:3,
                 from /data/wenqianz/pivoter_repo/research/r1_skyline_index_20260918/../r1_terminal_20260918/../r1_orderreplay_20260917/active/../../r1_fullrange_20260917/../r1_tworoads_20260917/stream/../capped.hpp:3,
                 from /data/wenqianz/pivoter_repo/research/r1_skyline_index_20260918/../r1_terminal_20260918/../r1_orderreplay_20260917/active/../../r1_fullrange_20260917/../r1_tworoads_20260917/stream/../components.hpp:3,
                 from /data/wenqianz/pivoter_repo/research/r1_skyline_index_20260918/../r1_terminal_20260918/../r1_orderreplay_20260917/active/../../r1_fullrange_20260917/../r1_tworoads_20260917/stream/stream.hpp:3,
                 from /data/wenqianz/pivoter_repo/research/r1_skyline_index_20260918/../r1_terminal_20260918/../r1_orderreplay_20260917/active/../../r1_fullrange_20260917/generated.hpp:3,
                 from /data/wenqianz/pivoter_repo/research/r1_skyline_index_20260918/../r1_terminal_20260918/../r1_orderreplay_20260917/active/../order.hpp:3,
                 from /data/wenqianz/pivoter_repo/research/r1_skyline_index_20260918/../r1_terminal_20260918/../r1_orderreplay_20260917/active/active.hpp:3,
                 from /data/wenqianz/pivoter_repo/research/r1_skyline_index_20260918/../r1_terminal_20260918/terminal.hpp:3,
                 from /data/wenqianz/pivoter_repo/research/r1_skyline_index_20260918/common.hpp:6,
                 from /data/wenqianz/pivoter_repo/research/r1_skyline_index_20260918/count.cpp:1,
                 from /data/wenqianz/pivoter_repo/research/r1_skyline_index_20260918/chain_index_tool.cpp:10:
In function ‘void* memcpy(void*, const void*, size_t)’,
    inlined from ‘static T chainindex::Traits<T>::load(const unsigned char*) [with long unsigned int Wb = 64; T = long unsigned int]’ at /data/wenqianz/pivoter_repo/research/r1_skyline_index_20260918/chain_index.hpp:36:85,
    inlined from ‘chainindex::ChainIndex<long unsigned int>::climb_bytes<64>(const chainindex::ChainIndex<long unsigned int>::Layer&, uint32_t, const long unsigned int&) const::<lambda(uint32_t)>’ at /data/wenqianz/pivoter_repo/research/r1_skyline_index_20260918/chain_index.hpp:95:78,
    inlined from ‘uint32_t chainindex::ChainIndex<T>::climb_bytes(const chainindex::ChainIndex<T>::Layer&, uint32_t, const T&) const [with long unsigned int Wb = 64; T = long unsigned int]’ at /data/wenqianz/pivoter_repo/research/r1_skyline_index_20260918/chain_index.hpp:96:116,
    inlined from ‘chainindex::ChainIndex<long unsigned int>::climb(int, uint32_t, const long unsigned int&) const::<lambda(auto:44)> [with auto:44 = std::integral_constant<long unsigned int, 64>]’ at /data/wenqianz/pivoter_repo/research/r1_skyline_index_20260918/chain_index.hpp:105:98,
    inlined from ‘auto chainindex::with_width(unsigned int, F&&) [with F = chainindex::ChainIndex<long unsigned int>::climb(int, uint32_t, const long unsigned int&) const::<lambda(auto:44)>]’ at /data/wenqianz/pivoter_repo/research/r1_skyline_index_20260918/chain_index.hpp:61:26:
/usr/include/x86_64-linux-gnu/bits/string_fortified.h:29:33: warning: ‘void* __builtin___memcpy_chk(void*, const void*, long unsigned int, long unsigned int)’ forming offset [8, 63] is out of the bounds [0, 8] of object ‘x’ with type ‘long unsigned int’ [-Warray-bounds]
   29 |   return __builtin___memcpy_chk (__dest, __src, __len,
      |          ~~~~~~~~~~~~~~~~~~~~~~~^~~~~~~~~~~~~~~~~~~~~~
   30 |                                  __glibc_objsize0 (__dest));
      |                                  ~~~~~~~~~~~~~~~~~~~~~~~~~~
In file included from /data/wenqianz/pivoter_repo/research/r1_skyline_index_20260918/chain_index_tool.cpp:12:
/data/wenqianz/pivoter_repo/research/r1_skyline_index_20260918/chain_index.hpp: In function ‘auto chainindex::with_width(unsigned int, F&&) [with F = chainindex::ChainIndex<long unsigned int>::climb(int, uint32_t, const long unsigned int&) const::<lambda(auto:44)>]’:
/data/wenqianz/pivoter_repo/research/r1_skyline_index_20260918/chain_index.hpp:36:67: note: ‘x’ declared here
   36 |     template<size_t Wb> static T load(const unsigned char* p) { T x = 0; std::memcpy(&x, p, Wb); return x; }   // constant-size load, Wb <= W
      |                                                                   ^
In file included from /usr/include/string.h:535,
                 from /usr/include/boost/range/detail/implementation_help.hpp:18,
                 from /usr/include/boost/range/end.hpp:20,
                 from /usr/include/boost/range/functions.hpp:19,
                 from /usr/include/boost/range/iterator_range_core.hpp:38,
                 from /usr/include/boost/lexical_cast.hpp:30,
                 from /usr/include/boost/multiprecision/detail/number_base.hpp:20,
                 from /usr/include/boost/multiprecision/traits/is_variable_precision.hpp:10,
                 from /usr/include/boost/multiprecision/detail/precision.hpp:9,
                 from /usr/include/boost/multiprecision/number.hpp:25,
                 from /usr/include/boost/multiprecision/cpp_int.hpp:12,
                 from /data/wenqianz/pivoter_repo/research/r1_skyline_index_20260918/../r1_terminal_20260918/../r1_orderreplay_20260917/active/../../r1_fullrange_20260917/../r1_tworoads_20260917/stream/../../r1_bottomup_20260917/../r1_sizesplit_20260917/../r1_floorbatch_20260916/../r1_envelopecore_20260916/envelope.hpp:4,
                 from /data/wenqianz/pivoter_repo/research/r1_skyline_index_20260918/../r1_terminal_20260918/../r1_orderreplay_20260917/active/../../r1_fullrange_20260917/../r1_tworoads_20260917/stream/../../r1_bottomup_20260917/../r1_sizesplit_20260917/../r1_floorbatch_20260916/floor.hpp:3,
                 from /data/wenqianz/pivoter_repo/research/r1_skyline_index_20260918/../r1_terminal_20260918/../r1_orderreplay_20260917/active/../../r1_fullrange_20260917/../r1_tworoads_20260917/stream/../../r1_bottomup_20260917/../r1_sizesplit_20260917/split.hpp:3,
                 from /data/wenqianz/pivoter_repo/research/r1_skyline_index_20260918/../r1_terminal_20260918/../r1_orderreplay_20260917/active/../../r1_fullrange_20260917/../r1_tworoads_20260917/stream/../../r1_bottomup_20260917/bottomup.hpp:3,
                 from /data/wenqianz/pivoter_repo/research/r1_skyline_index_20260918/../r1_terminal_20260918/../r1_orderreplay_20260917/active/../../r1_fullrange_20260917/../r1_tworoads_20260917/stream/../capped.hpp:3,
                 from /data/wenqianz/pivoter_repo/research/r1_skyline_index_20260918/../r1_terminal_20260918/../r1_orderreplay_20260917/active/../../r1_fullrange_20260917/../r1_tworoads_20260917/stream/../components.hpp:3,
                 from /data/wenqianz/pivoter_repo/research/r1_skyline_index_20260918/../r1_terminal_20260918/../r1_orderreplay_20260917/active/../../r1_fullrange_20260917/../r1_tworoads_20260917/stream/stream.hpp:3,
                 from /data/wenqianz/pivoter_repo/research/r1_skyline_index_20260918/../r1_terminal_20260918/../r1_orderreplay_20260917/active/../../r1_fullrange_20260917/generated.hpp:3,
                 from /data/wenqianz/pivoter_repo/research/r1_skyline_index_20260918/../r1_terminal_20260918/../r1_orderreplay_20260917/active/../order.hpp:3,
                 from /data/wenqianz/pivoter_repo/research/r1_skyline_index_20260918/../r1_terminal_20260918/../r1_orderreplay_20260917/active/active.hpp:3,
                 from /data/wenqianz/pivoter_repo/research/r1_skyline_index_20260918/../r1_terminal_20260918/terminal.hpp:3,
                 from /data/wenqianz/pivoter_repo/research/r1_skyline_index_20260918/common.hpp:6,
                 from /data/wenqianz/pivoter_repo/research/r1_skyline_index_20260918/count.cpp:1,
                 from /data/wenqianz/pivoter_repo/research/r1_skyline_index_20260918/chain_index_tool.cpp:10:
In function ‘void* memcpy(void*, const void*, size_t)’,
    inlined from ‘static T chainindex::Traits<T>::load(const unsigned char*) [with long unsigned int Wb = 64; T = long unsigned int]’ at /data/wenqianz/pivoter_repo/research/r1_skyline_index_20260918/chain_index.hpp:36:85,
    inlined from ‘chainindex::ChainIndex<long unsigned int>::climb_bytes<64>(const chainindex::ChainIndex<long unsigned int>::Layer&, uint32_t, const long unsigned int&) const::<lambda(uint32_t)>’ at /data/wenqianz/pivoter_repo/research/r1_skyline_index_20260918/chain_index.hpp:95:78,
    inlined from ‘uint32_t chainindex::ChainIndex<T>::climb_bytes(const chainindex::ChainIndex<T>::Layer&, uint32_t, const T&) const [with long unsigned int Wb = 64; T = long unsigned int]’ at /data/wenqianz/pivoter_repo/research/r1_skyline_index_20260918/chain_index.hpp:96:43,
    inlined from ‘chainindex::ChainIndex<long unsigned int>::climb(int, uint32_t, const long unsigned int&) const::<lambda(auto:44)> [with auto:44 = std::integral_constant<long unsigned int, 64>]’ at /data/wenqianz/pivoter_repo/research/r1_skyline_index_20260918/chain_index.hpp:105:98,
    inlined from ‘auto chainindex::with_width(unsigned int, F&&) [with F = chainindex::ChainIndex<long unsigned int>::climb(int, uint32_t, const long unsigned int&) const::<lambda(auto:44)>]’ at /data/wenqianz/pivoter_repo/research/r1_skyline_index_20260918/chain_index.hpp:61:26:
/usr/include/x86_64-linux-gnu/bits/string_fortified.h:29:33: warning: ‘void* __builtin___memcpy_chk(void*, const void*, long unsigned int, long unsigned int)’ forming offset [8, 63] is out of the bounds [0, 8] of object ‘x’ with type ‘long unsigned int’ [-Warray-bounds]
   29 |   return __builtin___memcpy_chk (__dest, __src, __len,
      |          ~~~~~~~~~~~~~~~~~~~~~~~^~~~~~~~~~~~~~~~~~~~~~
   30 |                                  __glibc_objsize0 (__dest));
      |                                  ~~~~~~~~~~~~~~~~~~~~~~~~~~
In file included from /data/wenqianz/pivoter_repo/research/r1_skyline_index_20260918/chain_index_tool.cpp:12:
/data/wenqianz/pivoter_repo/research/r1_skyline_index_20260918/chain_index.hpp: In function ‘auto chainindex::with_width(unsigned int, F&&) [with F = chainindex::ChainIndex<long unsigned int>::climb(int, uint32_t, const long unsigned int&) const::<lambda(auto:44)>]’:
/data/wenqianz/pivoter_repo/research/r1_skyline_index_20260918/chain_index.hpp:36:67: note: ‘x’ declared here
   36 |     template<size_t Wb> static T load(const unsigned char* p) { T x = 0; std::memcpy(&x, p, Wb); return x; }   // constant-size load, Wb <= W
      |                                                                   ^
In file included from /usr/include/string.h:535,
                 from /usr/include/boost/range/detail/implementation_help.hpp:18,
                 from /usr/include/boost/range/end.hpp:20,
                 from /usr/include/boost/range/functions.hpp:19,
                 from /usr/include/boost/range/iterator_range_core.hpp:38,
                 from /usr/include/boost/lexical_cast.hpp:30,
                 from /usr/include/boost/multiprecision/detail/number_base.hpp:20,
                 from /usr/include/boost/multiprecision/traits/is_variable_precision.hpp:10,
                 from /usr/include/boost/multiprecision/detail/precision.hpp:9,
                 from /usr/include/boost/multiprecision/number.hpp:25,
                 from /usr/include/boost/multiprecision/cpp_int.hpp:12,
                 from /data/wenqianz/pivoter_repo/research/r1_skyline_index_20260918/../r1_terminal_20260918/../r1_orderreplay_20260917/active/../../r1_fullrange_20260917/../r1_tworoads_20260917/stream/../../r1_bottomup_20260917/../r1_sizesplit_20260917/../r1_floorbatch_20260916/../r1_envelopecore_20260916/envelope.hpp:4,
                 from /data/wenqianz/pivoter_repo/research/r1_skyline_index_20260918/../r1_terminal_20260918/../r1_orderreplay_20260917/active/../../r1_fullrange_20260917/../r1_tworoads_20260917/stream/../../r1_bottomup_20260917/../r1_sizesplit_20260917/../r1_floorbatch_20260916/floor.hpp:3,
                 from /data/wenqianz/pivoter_repo/research/r1_skyline_index_20260918/../r1_terminal_20260918/../r1_orderreplay_20260917/active/../../r1_fullrange_20260917/../r1_tworoads_20260917/stream/../../r1_bottomup_20260917/../r1_sizesplit_20260917/split.hpp:3,
                 from /data/wenqianz/pivoter_repo/research/r1_skyline_index_20260918/../r1_terminal_20260918/../r1_orderreplay_20260917/active/../../r1_fullrange_20260917/../r1_tworoads_20260917/stream/../../r1_bottomup_20260917/bottomup.hpp:3,
                 from /data/wenqianz/pivoter_repo/research/r1_skyline_index_20260918/../r1_terminal_20260918/../r1_orderreplay_20260917/active/../../r1_fullrange_20260917/../r1_tworoads_20260917/stream/../capped.hpp:3,
                 from /data/wenqianz/pivoter_repo/research/r1_skyline_index_20260918/../r1_terminal_20260918/../r1_orderreplay_20260917/active/../../r1_fullrange_20260917/../r1_tworoads_20260917/stream/../components.hpp:3,
                 from /data/wenqianz/pivoter_repo/research/r1_skyline_index_20260918/../r1_terminal_20260918/../r1_orderreplay_20260917/active/../../r1_fullrange_20260917/../r1_tworoads_20260917/stream/stream.hpp:3,
                 from /data/wenqianz/pivoter_repo/research/r1_skyline_index_20260918/../r1_terminal_20260918/../r1_orderreplay_20260917/active/../../r1_fullrange_20260917/generated.hpp:3,
                 from /data/wenqianz/pivoter_repo/research/r1_skyline_index_20260918/../r1_terminal_20260918/../r1_orderreplay_20260917/active/../order.hpp:3,
                 from /data/wenqianz/pivoter_repo/research/r1_skyline_index_20260918/../r1_terminal_20260918/../r1_orderreplay_20260917/active/active.hpp:3,
                 from /data/wenqianz/pivoter_repo/research/r1_skyline_index_20260918/../r1_terminal_20260918/terminal.hpp:3,
                 from /data/wenqianz/pivoter_repo/research/r1_skyline_index_20260918/common.hpp:6,
                 from /data/wenqianz/pivoter_repo/research/r1_skyline_index_20260918/count.cpp:1,
                 from /data/wenqianz/pivoter_repo/research/r1_skyline_index_20260918/chain_index_tool.cpp:10:
In function ‘void* memcpy(void*, const void*, size_t)’,
    inlined from ‘static double chainindex::Traits<double>::load(const unsigned char*) [with long unsigned int Wb = 16]’ at /data/wenqianz/pivoter_repo/research/r1_skyline_index_20260918/chain_index.hpp:52:174,
    inlined from ‘chainindex::ChainIndex<double>::climb_bytes<16>(const chainindex::ChainIndex<double>::Layer&, uint32_t, const double&) const::<lambda(uint32_t)>’ at /data/wenqianz/pivoter_repo/research/r1_skyline_index_20260918/chain_index.hpp:95:78,
    inlined from ‘uint32_t chainindex::ChainIndex<T>::climb_bytes(const chainindex::ChainIndex<T>::Layer&, uint32_t, const T&) const [with long unsigned int Wb = 16; T = double]’ at /data/wenqianz/pivoter_repo/research/r1_skyline_index_20260918/chain_index.hpp:96:116,
    inlined from ‘chainindex::ChainIndex<double>::climb(int, uint32_t, const double&) const::<lambda(auto:44)> [with auto:44 = std::integral_constant<long unsigned int, 16>]’ at /data/wenqianz/pivoter_repo/research/r1_skyline_index_20260918/chain_index.hpp:105:98,
    inlined from ‘auto chainindex::with_width(unsigned int, F&&) [with F = chainindex::ChainIndex<double>::climb(int, uint32_t, const double&) const::<lambda(auto:44)>]’ at /data/wenqianz/pivoter_repo/research/r1_skyline_index_20260918/chain_index.hpp:60:81:
/usr/include/x86_64-linux-gnu/bits/string_fortified.h:29:33: warning: ‘void* __builtin___memcpy_chk(void*, const void*, long unsigned int, long unsigned int)’ forming offset [8, 15] is out of the bounds [0, 8] of object ‘u’ with type ‘uint64_t’ {aka ‘long unsigned int’} [-Warray-bounds]
   29 |   return __builtin___memcpy_chk (__dest, __src, __len,
      |          ~~~~~~~~~~~~~~~~~~~~~~~^~~~~~~~~~~~~~~~~~~~~~
   30 |                                  __glibc_objsize0 (__dest));
      |                                  ~~~~~~~~~~~~~~~~~~~~~~~~~~
In file included from /data/wenqianz/pivoter_repo/research/r1_skyline_index_20260918/chain_index_tool.cpp:12:
/data/wenqianz/pivoter_repo/research/r1_skyline_index_20260918/chain_index.hpp: In function ‘auto chainindex::with_width(unsigned int, F&&) [with F = chainindex::ChainIndex<double>::climb(int, uint32_t, const double&) const::<lambda(auto:44)>]’:
/data/wenqianz/pivoter_repo/research/r1_skyline_index_20260918/chain_index.hpp:52:156: note: ‘u’ declared here
   52 |     template<size_t Wb> static double load(const unsigned char* p) { if constexpr (Wb == 8) { double x; std::memcpy(&x, p, 8); return x; } else { uint64_t u = 0; std::memcpy(&u, p, Wb); return static_cast<double>(u); } }
      |                                                                                                                                                            ^
In file included from /usr/include/string.h:535,
                 from /usr/include/boost/range/detail/implementation_help.hpp:18,
                 from /usr/include/boost/range/end.hpp:20,
                 from /usr/include/boost/range/functions.hpp:19,
                 from /usr/include/boost/range/iterator_range_core.hpp:38,
                 from /usr/include/boost/lexical_cast.hpp:30,
                 from /usr/include/boost/multiprecision/detail/number_base.hpp:20,
                 from /usr/include/boost/multiprecision/traits/is_variable_precision.hpp:10,
                 from /usr/include/boost/multiprecision/detail/precision.hpp:9,
                 from /usr/include/boost/multiprecision/number.hpp:25,
                 from /usr/include/boost/multiprecision/cpp_int.hpp:12,
                 from /data/wenqianz/pivoter_repo/research/r1_skyline_index_20260918/../r1_terminal_20260918/../r1_orderreplay_20260917/active/../../r1_fullrange_20260917/../r1_tworoads_20260917/stream/../../r1_bottomup_20260917/../r1_sizesplit_20260917/../r1_floorbatch_20260916/../r1_envelopecore_20260916/envelope.hpp:4,
                 from /data/wenqianz/pivoter_repo/research/r1_skyline_index_20260918/../r1_terminal_20260918/../r1_orderreplay_20260917/active/../../r1_fullrange_20260917/../r1_tworoads_20260917/stream/../../r1_bottomup_20260917/../r1_sizesplit_20260917/../r1_floorbatch_20260916/floor.hpp:3,
                 from /data/wenqianz/pivoter_repo/research/r1_skyline_index_20260918/../r1_terminal_20260918/../r1_orderreplay_20260917/active/../../r1_fullrange_20260917/../r1_tworoads_20260917/stream/../../r1_bottomup_20260917/../r1_sizesplit_20260917/split.hpp:3,
                 from /data/wenqianz/pivoter_repo/research/r1_skyline_index_20260918/../r1_terminal_20260918/../r1_orderreplay_20260917/active/../../r1_fullrange_20260917/../r1_tworoads_20260917/stream/../../r1_bottomup_20260917/bottomup.hpp:3,
                 from /data/wenqianz/pivoter_repo/research/r1_skyline_index_20260918/../r1_terminal_20260918/../r1_orderreplay_20260917/active/../../r1_fullrange_20260917/../r1_tworoads_20260917/stream/../capped.hpp:3,
                 from /data/wenqianz/pivoter_repo/research/r1_skyline_index_20260918/../r1_terminal_20260918/../r1_orderreplay_20260917/active/../../r1_fullrange_20260917/../r1_tworoads_20260917/stream/../components.hpp:3,
                 from /data/wenqianz/pivoter_repo/research/r1_skyline_index_20260918/../r1_terminal_20260918/../r1_orderreplay_20260917/active/../../r1_fullrange_20260917/../r1_tworoads_20260917/stream/stream.hpp:3,
                 from /data/wenqianz/pivoter_repo/research/r1_skyline_index_20260918/../r1_terminal_20260918/../r1_orderreplay_20260917/active/../../r1_fullrange_20260917/generated.hpp:3,
                 from /data/wenqianz/pivoter_repo/research/r1_skyline_index_20260918/../r1_terminal_20260918/../r1_orderreplay_20260917/active/../order.hpp:3,
                 from /data/wenqianz/pivoter_repo/research/r1_skyline_index_20260918/../r1_terminal_20260918/../r1_orderreplay_20260917/active/active.hpp:3,
                 from /data/wenqianz/pivoter_repo/research/r1_skyline_index_20260918/../r1_terminal_20260918/terminal.hpp:3,
                 from /data/wenqianz/pivoter_repo/research/r1_skyline_index_20260918/common.hpp:6,
                 from /data/wenqianz/pivoter_repo/research/r1_skyline_index_20260918/count.cpp:1,
                 from /data/wenqianz/pivoter_repo/research/r1_skyline_index_20260918/chain_index_tool.cpp:10:
In function ‘void* memcpy(void*, const void*, size_t)’,
    inlined from ‘static double chainindex::Traits<double>::load(const unsigned char*) [with long unsigned int Wb = 16]’ at /data/wenqianz/pivoter_repo/research/r1_skyline_index_20260918/chain_index.hpp:52:174,
    inlined from ‘chainindex::ChainIndex<double>::climb_bytes<16>(const chainindex::ChainIndex<double>::Layer&, uint32_t, const double&) const::<lambda(uint32_t)>’ at /data/wenqianz/pivoter_repo/research/r1_skyline_index_20260918/chain_index.hpp:95:78,
    inlined from ‘uint32_t chainindex::ChainIndex<T>::climb_bytes(const chainindex::ChainIndex<T>::Layer&, uint32_t, const T&) const [with long unsigned int Wb = 16; T = double]’ at /data/wenqianz/pivoter_repo/research/r1_skyline_index_20260918/chain_index.hpp:96:43,
    inlined from ‘chainindex::ChainIndex<double>::climb(int, uint32_t, const double&) const::<lambda(auto:44)> [with auto:44 = std::integral_constant<long unsigned int, 16>]’ at /data/wenqianz/pivoter_repo/research/r1_skyline_index_20260918/chain_index.hpp:105:98,
    inlined from ‘auto chainindex::with_width(unsigned int, F&&) [with F = chainindex::ChainIndex<double>::climb(int, uint32_t, const double&) const::<lambda(auto:44)>]’ at /data/wenqianz/pivoter_repo/research/r1_skyline_index_20260918/chain_index.hpp:60:81:
/usr/include/x86_64-linux-gnu/bits/string_fortified.h:29:33: warning: ‘void* __builtin___memcpy_chk(void*, const void*, long unsigned int, long unsigned int)’ forming offset [8, 15] is out of the bounds [0, 8] of object ‘u’ with type ‘uint64_t’ {aka ‘long unsigned int’} [-Warray-bounds]
   29 |   return __builtin___memcpy_chk (__dest, __src, __len,
      |          ~~~~~~~~~~~~~~~~~~~~~~~^~~~~~~~~~~~~~~~~~~~~~
   30 |                                  __glibc_objsize0 (__dest));
      |                                  ~~~~~~~~~~~~~~~~~~~~~~~~~~
In file included from /data/wenqianz/pivoter_repo/research/r1_skyline_index_20260918/chain_index_tool.cpp:12:
/data/wenqianz/pivoter_repo/research/r1_skyline_index_20260918/chain_index.hpp: In function ‘auto chainindex::with_width(unsigned int, F&&) [with F = chainindex::ChainIndex<double>::climb(int, uint32_t, const double&) const::<lambda(auto:44)>]’:
/data/wenqianz/pivoter_repo/research/r1_skyline_index_20260918/chain_index.hpp:52:156: note: ‘u’ declared here
   52 |     template<size_t Wb> static double load(const unsigned char* p) { if constexpr (Wb == 8) { double x; std::memcpy(&x, p, 8); return x; } else { uint64_t u = 0; std::memcpy(&u, p, Wb); return static_cast<double>(u); } }
      |                                                                                                                                                            ^
In file included from /usr/include/string.h:535,
                 from /usr/include/boost/range/detail/implementation_help.hpp:18,
                 from /usr/include/boost/range/end.hpp:20,
                 from /usr/include/boost/range/functions.hpp:19,
                 from /usr/include/boost/range/iterator_range_core.hpp:38,
                 from /usr/include/boost/lexical_cast.hpp:30,
                 from /usr/include/boost/multiprecision/detail/number_base.hpp:20,
                 from /usr/include/boost/multiprecision/traits/is_variable_precision.hpp:10,
                 from /usr/include/boost/multiprecision/detail/precision.hpp:9,
                 from /usr/include/boost/multiprecision/number.hpp:25,
                 from /usr/include/boost/multiprecision/cpp_int.hpp:12,
                 from /data/wenqianz/pivoter_repo/research/r1_skyline_index_20260918/../r1_terminal_20260918/../r1_orderreplay_20260917/active/../../r1_fullrange_20260917/../r1_tworoads_20260917/stream/../../r1_bottomup_20260917/../r1_sizesplit_20260917/../r1_floorbatch_20260916/../r1_envelopecore_20260916/envelope.hpp:4,
                 from /data/wenqianz/pivoter_repo/research/r1_skyline_index_20260918/../r1_terminal_20260918/../r1_orderreplay_20260917/active/../../r1_fullrange_20260917/../r1_tworoads_20260917/stream/../../r1_bottomup_20260917/../r1_sizesplit_20260917/../r1_floorbatch_20260916/floor.hpp:3,
                 from /data/wenqianz/pivoter_repo/research/r1_skyline_index_20260918/../r1_terminal_20260918/../r1_orderreplay_20260917/active/../../r1_fullrange_20260917/../r1_tworoads_20260917/stream/../../r1_bottomup_20260917/../r1_sizesplit_20260917/split.hpp:3,
                 from /data/wenqianz/pivoter_repo/research/r1_skyline_index_20260918/../r1_terminal_20260918/../r1_orderreplay_20260917/active/../../r1_fullrange_20260917/../r1_tworoads_20260917/stream/../../r1_bottomup_20260917/bottomup.hpp:3,
                 from /data/wenqianz/pivoter_repo/research/r1_skyline_index_20260918/../r1_terminal_20260918/../r1_orderreplay_20260917/active/../../r1_fullrange_20260917/../r1_tworoads_20260917/stream/../capped.hpp:3,
                 from /data/wenqianz/pivoter_repo/research/r1_skyline_index_20260918/../r1_terminal_20260918/../r1_orderreplay_20260917/active/../../r1_fullrange_20260917/../r1_tworoads_20260917/stream/../components.hpp:3,
                 from /data/wenqianz/pivoter_repo/research/r1_skyline_index_20260918/../r1_terminal_20260918/../r1_orderreplay_20260917/active/../../r1_fullrange_20260917/../r1_tworoads_20260917/stream/stream.hpp:3,
                 from /data/wenqianz/pivoter_repo/research/r1_skyline_index_20260918/../r1_terminal_20260918/../r1_orderreplay_20260917/active/../../r1_fullrange_20260917/generated.hpp:3,
                 from /data/wenqianz/pivoter_repo/research/r1_skyline_index_20260918/../r1_terminal_20260918/../r1_orderreplay_20260917/active/../order.hpp:3,
                 from /data/wenqianz/pivoter_repo/research/r1_skyline_index_20260918/../r1_terminal_20260918/../r1_orderreplay_20260917/active/active.hpp:3,
                 from /data/wenqianz/pivoter_repo/research/r1_skyline_index_20260918/../r1_terminal_20260918/terminal.hpp:3,
                 from /data/wenqianz/pivoter_repo/research/r1_skyline_index_20260918/common.hpp:6,
                 from /data/wenqianz/pivoter_repo/research/r1_skyline_index_20260918/count.cpp:1,
                 from /data/wenqianz/pivoter_repo/research/r1_skyline_index_20260918/chain_index_tool.cpp:10:
In function ‘void* memcpy(void*, const void*, size_t)’,
    inlined from ‘static double chainindex::Traits<double>::load(const unsigned char*) [with long unsigned int Wb = 32]’ at /data/wenqianz/pivoter_repo/research/r1_skyline_index_20260918/chain_index.hpp:52:174,
    inlined from ‘chainindex::ChainIndex<double>::climb_bytes<32>(const chainindex::ChainIndex<double>::Layer&, uint32_t, const double&) const::<lambda(uint32_t)>’ at /data/wenqianz/pivoter_repo/research/r1_skyline_index_20260918/chain_index.hpp:95:78,
    inlined from ‘uint32_t chainindex::ChainIndex<T>::climb_bytes(const chainindex::ChainIndex<T>::Layer&, uint32_t, const T&) const [with long unsigned int Wb = 32; T = double]’ at /data/wenqianz/pivoter_repo/research/r1_skyline_index_20260918/chain_index.hpp:96:116,
    inlined from ‘chainindex::ChainIndex<double>::climb(int, uint32_t, const double&) const::<lambda(auto:44)> [with auto:44 = std::integral_constant<long unsigned int, 32>]’ at /data/wenqianz/pivoter_repo/research/r1_skyline_index_20260918/chain_index.hpp:105:98,
    inlined from ‘auto chainindex::with_width(unsigned int, F&&) [with F = chainindex::ChainIndex<double>::climb(int, uint32_t, const double&) const::<lambda(auto:44)>]’ at /data/wenqianz/pivoter_repo/research/r1_skyline_index_20260918/chain_index.hpp:60:138:
/usr/include/x86_64-linux-gnu/bits/string_fortified.h:29:33: warning: ‘void* __builtin___memcpy_chk(void*, const void*, long unsigned int, long unsigned int)’ forming offset [8, 31] is out of the bounds [0, 8] of object ‘u’ with type ‘uint64_t’ {aka ‘long unsigned int’} [-Warray-bounds]
   29 |   return __builtin___memcpy_chk (__dest, __src, __len,
      |          ~~~~~~~~~~~~~~~~~~~~~~~^~~~~~~~~~~~~~~~~~~~~~
   30 |                                  __glibc_objsize0 (__dest));
      |                                  ~~~~~~~~~~~~~~~~~~~~~~~~~~
In file included from /data/wenqianz/pivoter_repo/research/r1_skyline_index_20260918/chain_index_tool.cpp:12:
/data/wenqianz/pivoter_repo/research/r1_skyline_index_20260918/chain_index.hpp: In function ‘auto chainindex::with_width(unsigned int, F&&) [with F = chainindex::ChainIndex<double>::climb(int, uint32_t, const double&) const::<lambda(auto:44)>]’:
/data/wenqianz/pivoter_repo/research/r1_skyline_index_20260918/chain_index.hpp:52:156: note: ‘u’ declared here
   52 |     template<size_t Wb> static double load(const unsigned char* p) { if constexpr (Wb == 8) { double x; std::memcpy(&x, p, 8); return x; } else { uint64_t u = 0; std::memcpy(&u, p, Wb); return static_cast<double>(u); } }
      |                                                                                                                                                            ^
In file included from /usr/include/string.h:535,
                 from /usr/include/boost/range/detail/implementation_help.hpp:18,
                 from /usr/include/boost/range/end.hpp:20,
                 from /usr/include/boost/range/functions.hpp:19,
                 from /usr/include/boost/range/iterator_range_core.hpp:38,
                 from /usr/include/boost/lexical_cast.hpp:30,
                 from /usr/include/boost/multiprecision/detail/number_base.hpp:20,
                 from /usr/include/boost/multiprecision/traits/is_variable_precision.hpp:10,
                 from /usr/include/boost/multiprecision/detail/precision.hpp:9,
                 from /usr/include/boost/multiprecision/number.hpp:25,
                 from /usr/include/boost/multiprecision/cpp_int.hpp:12,
                 from /data/wenqianz/pivoter_repo/research/r1_skyline_index_20260918/../r1_terminal_20260918/../r1_orderreplay_20260917/active/../../r1_fullrange_20260917/../r1_tworoads_20260917/stream/../../r1_bottomup_20260917/../r1_sizesplit_20260917/../r1_floorbatch_20260916/../r1_envelopecore_20260916/envelope.hpp:4,
                 from /data/wenqianz/pivoter_repo/research/r1_skyline_index_20260918/../r1_terminal_20260918/../r1_orderreplay_20260917/active/../../r1_fullrange_20260917/../r1_tworoads_20260917/stream/../../r1_bottomup_20260917/../r1_sizesplit_20260917/../r1_floorbatch_20260916/floor.hpp:3,
                 from /data/wenqianz/pivoter_repo/research/r1_skyline_index_20260918/../r1_terminal_20260918/../r1_orderreplay_20260917/active/../../r1_fullrange_20260917/../r1_tworoads_20260917/stream/../../r1_bottomup_20260917/../r1_sizesplit_20260917/split.hpp:3,
                 from /data/wenqianz/pivoter_repo/research/r1_skyline_index_20260918/../r1_terminal_20260918/../r1_orderreplay_20260917/active/../../r1_fullrange_20260917/../r1_tworoads_20260917/stream/../../r1_bottomup_20260917/bottomup.hpp:3,
                 from /data/wenqianz/pivoter_repo/research/r1_skyline_index_20260918/../r1_terminal_20260918/../r1_orderreplay_20260917/active/../../r1_fullrange_20260917/../r1_tworoads_20260917/stream/../capped.hpp:3,
                 from /data/wenqianz/pivoter_repo/research/r1_skyline_index_20260918/../r1_terminal_20260918/../r1_orderreplay_20260917/active/../../r1_fullrange_20260917/../r1_tworoads_20260917/stream/../components.hpp:3,
                 from /data/wenqianz/pivoter_repo/research/r1_skyline_index_20260918/../r1_terminal_20260918/../r1_orderreplay_20260917/active/../../r1_fullrange_20260917/../r1_tworoads_20260917/stream/stream.hpp:3,
                 from /data/wenqianz/pivoter_repo/research/r1_skyline_index_20260918/../r1_terminal_20260918/../r1_orderreplay_20260917/active/../../r1_fullrange_20260917/generated.hpp:3,
                 from /data/wenqianz/pivoter_repo/research/r1_skyline_index_20260918/../r1_terminal_20260918/../r1_orderreplay_20260917/active/../order.hpp:3,
                 from /data/wenqianz/pivoter_repo/research/r1_skyline_index_20260918/../r1_terminal_20260918/../r1_orderreplay_20260917/active/active.hpp:3,
                 from /data/wenqianz/pivoter_repo/research/r1_skyline_index_20260918/../r1_terminal_20260918/terminal.hpp:3,
                 from /data/wenqianz/pivoter_repo/research/r1_skyline_index_20260918/common.hpp:6,
                 from /data/wenqianz/pivoter_repo/research/r1_skyline_index_20260918/count.cpp:1,
                 from /data/wenqianz/pivoter_repo/research/r1_skyline_index_20260918/chain_index_tool.cpp:10:
In function ‘void* memcpy(void*, const void*, size_t)’,
    inlined from ‘static double chainindex::Traits<double>::load(const unsigned char*) [with long unsigned int Wb = 32]’ at /data/wenqianz/pivoter_repo/research/r1_skyline_index_20260918/chain_index.hpp:52:174,
    inlined from ‘chainindex::ChainIndex<double>::climb_bytes<32>(const chainindex::ChainIndex<double>::Layer&, uint32_t, const double&) const::<lambda(uint32_t)>’ at /data/wenqianz/pivoter_repo/research/r1_skyline_index_20260918/chain_index.hpp:95:78,
    inlined from ‘uint32_t chainindex::ChainIndex<T>::climb_bytes(const chainindex::ChainIndex<T>::Layer&, uint32_t, const T&) const [with long unsigned int Wb = 32; T = double]’ at /data/wenqianz/pivoter_repo/research/r1_skyline_index_20260918/chain_index.hpp:96:43,
    inlined from ‘chainindex::ChainIndex<double>::climb(int, uint32_t, const double&) const::<lambda(auto:44)> [with auto:44 = std::integral_constant<long unsigned int, 32>]’ at /data/wenqianz/pivoter_repo/research/r1_skyline_index_20260918/chain_index.hpp:105:98,
    inlined from ‘auto chainindex::with_width(unsigned int, F&&) [with F = chainindex::ChainIndex<double>::climb(int, uint32_t, const double&) const::<lambda(auto:44)>]’ at /data/wenqianz/pivoter_repo/research/r1_skyline_index_20260918/chain_index.hpp:60:138:
/usr/include/x86_64-linux-gnu/bits/string_fortified.h:29:33: warning: ‘void* __builtin___memcpy_chk(void*, const void*, long unsigned int, long unsigned int)’ forming offset [8, 31] is out of the bounds [0, 8] of object ‘u’ with type ‘uint64_t’ {aka ‘long unsigned int’} [-Warray-bounds]
   29 |   return __builtin___memcpy_chk (__dest, __src, __len,
      |          ~~~~~~~~~~~~~~~~~~~~~~~^~~~~~~~~~~~~~~~~~~~~~
   30 |                                  __glibc_objsize0 (__dest));
      |                                  ~~~~~~~~~~~~~~~~~~~~~~~~~~
In file included from /data/wenqianz/pivoter_repo/research/r1_skyline_index_20260918/chain_index_tool.cpp:12:
/data/wenqianz/pivoter_repo/research/r1_skyline_index_20260918/chain_index.hpp: In function ‘auto chainindex::with_width(unsigned int, F&&) [with F = chainindex::ChainIndex<double>::climb(int, uint32_t, const double&) const::<lambda(auto:44)>]’:
/data/wenqianz/pivoter_repo/research/r1_skyline_index_20260918/chain_index.hpp:52:156: note: ‘u’ declared here
   52 |     template<size_t Wb> static double load(const unsigned char* p) { if constexpr (Wb == 8) { double x; std::memcpy(&x, p, 8); return x; } else { uint64_t u = 0; std::memcpy(&u, p, Wb); return static_cast<double>(u); } }
      |                                                                                                                                                            ^
In file included from /usr/include/string.h:535,
                 from /usr/include/boost/range/detail/implementation_help.hpp:18,
                 from /usr/include/boost/range/end.hpp:20,
                 from /usr/include/boost/range/functions.hpp:19,
                 from /usr/include/boost/range/iterator_range_core.hpp:38,
                 from /usr/include/boost/lexical_cast.hpp:30,
                 from /usr/include/boost/multiprecision/detail/number_base.hpp:20,
                 from /usr/include/boost/multiprecision/traits/is_variable_precision.hpp:10,
                 from /usr/include/boost/multiprecision/detail/precision.hpp:9,
                 from /usr/include/boost/multiprecision/number.hpp:25,
                 from /usr/include/boost/multiprecision/cpp_int.hpp:12,
                 from /data/wenqianz/pivoter_repo/research/r1_skyline_index_20260918/../r1_terminal_20260918/../r1_orderreplay_20260917/active/../../r1_fullrange_20260917/../r1_tworoads_20260917/stream/../../r1_bottomup_20260917/../r1_sizesplit_20260917/../r1_floorbatch_20260916/../r1_envelopecore_20260916/envelope.hpp:4,
                 from /data/wenqianz/pivoter_repo/research/r1_skyline_index_20260918/../r1_terminal_20260918/../r1_orderreplay_20260917/active/../../r1_fullrange_20260917/../r1_tworoads_20260917/stream/../../r1_bottomup_20260917/../r1_sizesplit_20260917/../r1_floorbatch_20260916/floor.hpp:3,
                 from /data/wenqianz/pivoter_repo/research/r1_skyline_index_20260918/../r1_terminal_20260918/../r1_orderreplay_20260917/active/../../r1_fullrange_20260917/../r1_tworoads_20260917/stream/../../r1_bottomup_20260917/../r1_sizesplit_20260917/split.hpp:3,
                 from /data/wenqianz/pivoter_repo/research/r1_skyline_index_20260918/../r1_terminal_20260918/../r1_orderreplay_20260917/active/../../r1_fullrange_20260917/../r1_tworoads_20260917/stream/../../r1_bottomup_20260917/bottomup.hpp:3,
                 from /data/wenqianz/pivoter_repo/research/r1_skyline_index_20260918/../r1_terminal_20260918/../r1_orderreplay_20260917/active/../../r1_fullrange_20260917/../r1_tworoads_20260917/stream/../capped.hpp:3,
                 from /data/wenqianz/pivoter_repo/research/r1_skyline_index_20260918/../r1_terminal_20260918/../r1_orderreplay_20260917/active/../../r1_fullrange_20260917/../r1_tworoads_20260917/stream/../components.hpp:3,
                 from /data/wenqianz/pivoter_repo/research/r1_skyline_index_20260918/../r1_terminal_20260918/../r1_orderreplay_20260917/active/../../r1_fullrange_20260917/../r1_tworoads_20260917/stream/stream.hpp:3,
                 from /data/wenqianz/pivoter_repo/research/r1_skyline_index_20260918/../r1_terminal_20260918/../r1_orderreplay_20260917/active/../../r1_fullrange_20260917/generated.hpp:3,
                 from /data/wenqianz/pivoter_repo/research/r1_skyline_index_20260918/../r1_terminal_20260918/../r1_orderreplay_20260917/active/../order.hpp:3,
                 from /data/wenqianz/pivoter_repo/research/r1_skyline_index_20260918/../r1_terminal_20260918/../r1_orderreplay_20260917/active/active.hpp:3,
                 from /data/wenqianz/pivoter_repo/research/r1_skyline_index_20260918/../r1_terminal_20260918/terminal.hpp:3,
                 from /data/wenqianz/pivoter_repo/research/r1_skyline_index_20260918/common.hpp:6,
                 from /data/wenqianz/pivoter_repo/research/r1_skyline_index_20260918/count.cpp:1,
                 from /data/wenqianz/pivoter_repo/research/r1_skyline_index_20260918/chain_index_tool.cpp:10:
In function ‘void* memcpy(void*, const void*, size_t)’,
    inlined from ‘static double chainindex::Traits<double>::load(const unsigned char*) [with long unsigned int Wb = 64]’ at /data/wenqianz/pivoter_repo/research/r1_skyline_index_20260918/chain_index.hpp:52:174,
    inlined from ‘chainindex::ChainIndex<double>::climb_bytes<64>(const chainindex::ChainIndex<double>::Layer&, uint32_t, const double&) const::<lambda(uint32_t)>’ at /data/wenqianz/pivoter_repo/research/r1_skyline_index_20260918/chain_index.hpp:95:78,
    inlined from ‘uint32_t chainindex::ChainIndex<T>::climb_bytes(const chainindex::ChainIndex<T>::Layer&, uint32_t, const T&) const [with long unsigned int Wb = 64; T = double]’ at /data/wenqianz/pivoter_repo/research/r1_skyline_index_20260918/chain_index.hpp:96:116,
    inlined from ‘chainindex::ChainIndex<double>::climb(int, uint32_t, const double&) const::<lambda(auto:44)> [with auto:44 = std::integral_constant<long unsigned int, 64>]’ at /data/wenqianz/pivoter_repo/research/r1_skyline_index_20260918/chain_index.hpp:105:98,
    inlined from ‘auto chainindex::with_width(unsigned int, F&&) [with F = chainindex::ChainIndex<double>::climb(int, uint32_t, const double&) const::<lambda(auto:44)>]’ at /data/wenqianz/pivoter_repo/research/r1_skyline_index_20260918/chain_index.hpp:61:26:
/usr/include/x86_64-linux-gnu/bits/string_fortified.h:29:33: warning: ‘void* __builtin___memcpy_chk(void*, const void*, long unsigned int, long unsigned int)’ forming offset [8, 63] is out of the bounds [0, 8] of object ‘u’ with type ‘uint64_t’ {aka ‘long unsigned int’} [-Warray-bounds]
   29 |   return __builtin___memcpy_chk (__dest, __src, __len,
      |          ~~~~~~~~~~~~~~~~~~~~~~~^~~~~~~~~~~~~~~~~~~~~~
   30 |                                  __glibc_objsize0 (__dest));
      |                                  ~~~~~~~~~~~~~~~~~~~~~~~~~~
In file included from /data/wenqianz/pivoter_repo/research/r1_skyline_index_20260918/chain_index_tool.cpp:12:
/data/wenqianz/pivoter_repo/research/r1_skyline_index_20260918/chain_index.hpp: In function ‘auto chainindex::with_width(unsigned int, F&&) [with F = chainindex::ChainIndex<double>::climb(int, uint32_t, const double&) const::<lambda(auto:44)>]’:
/data/wenqianz/pivoter_repo/research/r1_skyline_index_20260918/chain_index.hpp:52:156: note: ‘u’ declared here
   52 |     template<size_t Wb> static double load(const unsigned char* p) { if constexpr (Wb == 8) { double x; std::memcpy(&x, p, 8); return x; } else { uint64_t u = 0; std::memcpy(&u, p, Wb); return static_cast<double>(u); } }
      |                                                                                                                                                            ^
In file included from /usr/include/string.h:535,
                 from /usr/include/boost/range/detail/implementation_help.hpp:18,
                 from /usr/include/boost/range/end.hpp:20,
                 from /usr/include/boost/range/functions.hpp:19,
                 from /usr/include/boost/range/iterator_range_core.hpp:38,
                 from /usr/include/boost/lexical_cast.hpp:30,
                 from /usr/include/boost/multiprecision/detail/number_base.hpp:20,
                 from /usr/include/boost/multiprecision/traits/is_variable_precision.hpp:10,
                 from /usr/include/boost/multiprecision/detail/precision.hpp:9,
                 from /usr/include/boost/multiprecision/number.hpp:25,
                 from /usr/include/boost/multiprecision/cpp_int.hpp:12,
                 from /data/wenqianz/pivoter_repo/research/r1_skyline_index_20260918/../r1_terminal_20260918/../r1_orderreplay_20260917/active/../../r1_fullrange_20260917/../r1_tworoads_20260917/stream/../../r1_bottomup_20260917/../r1_sizesplit_20260917/../r1_floorbatch_20260916/../r1_envelopecore_20260916/envelope.hpp:4,
                 from /data/wenqianz/pivoter_repo/research/r1_skyline_index_20260918/../r1_terminal_20260918/../r1_orderreplay_20260917/active/../../r1_fullrange_20260917/../r1_tworoads_20260917/stream/../../r1_bottomup_20260917/../r1_sizesplit_20260917/../r1_floorbatch_20260916/floor.hpp:3,
                 from /data/wenqianz/pivoter_repo/research/r1_skyline_index_20260918/../r1_terminal_20260918/../r1_orderreplay_20260917/active/../../r1_fullrange_20260917/../r1_tworoads_20260917/stream/../../r1_bottomup_20260917/../r1_sizesplit_20260917/split.hpp:3,
                 from /data/wenqianz/pivoter_repo/research/r1_skyline_index_20260918/../r1_terminal_20260918/../r1_orderreplay_20260917/active/../../r1_fullrange_20260917/../r1_tworoads_20260917/stream/../../r1_bottomup_20260917/bottomup.hpp:3,
                 from /data/wenqianz/pivoter_repo/research/r1_skyline_index_20260918/../r1_terminal_20260918/../r1_orderreplay_20260917/active/../../r1_fullrange_20260917/../r1_tworoads_20260917/stream/../capped.hpp:3,
                 from /data/wenqianz/pivoter_repo/research/r1_skyline_index_20260918/../r1_terminal_20260918/../r1_orderreplay_20260917/active/../../r1_fullrange_20260917/../r1_tworoads_20260917/stream/../components.hpp:3,
                 from /data/wenqianz/pivoter_repo/research/r1_skyline_index_20260918/../r1_terminal_20260918/../r1_orderreplay_20260917/active/../../r1_fullrange_20260917/../r1_tworoads_20260917/stream/stream.hpp:3,
                 from /data/wenqianz/pivoter_repo/research/r1_skyline_index_20260918/../r1_terminal_20260918/../r1_orderreplay_20260917/active/../../r1_fullrange_20260917/generated.hpp:3,
                 from /data/wenqianz/pivoter_repo/research/r1_skyline_index_20260918/../r1_terminal_20260918/../r1_orderreplay_20260917/active/../order.hpp:3,
                 from /data/wenqianz/pivoter_repo/research/r1_skyline_index_20260918/../r1_terminal_20260918/../r1_orderreplay_20260917/active/active.hpp:3,
                 from /data/wenqianz/pivoter_repo/research/r1_skyline_index_20260918/../r1_terminal_20260918/terminal.hpp:3,
                 from /data/wenqianz/pivoter_repo/research/r1_skyline_index_20260918/common.hpp:6,
                 from /data/wenqianz/pivoter_repo/research/r1_skyline_index_20260918/count.cpp:1,
                 from /data/wenqianz/pivoter_repo/research/r1_skyline_index_20260918/chain_index_tool.cpp:10:
In function ‘void* memcpy(void*, const void*, size_t)’,
    inlined from ‘static double chainindex::Traits<double>::load(const unsigned char*) [with long unsigned int Wb = 64]’ at /data/wenqianz/pivoter_repo/research/r1_skyline_index_20260918/chain_index.hpp:52:174,
    inlined from ‘chainindex::ChainIndex<double>::climb_bytes<64>(const chainindex::ChainIndex<double>::Layer&, uint32_t, const double&) const::<lambda(uint32_t)>’ at /data/wenqianz/pivoter_repo/research/r1_skyline_index_20260918/chain_index.hpp:95:78,
    inlined from ‘uint32_t chainindex::ChainIndex<T>::climb_bytes(const chainindex::ChainIndex<T>::Layer&, uint32_t, const T&) const [with long unsigned int Wb = 64; T = double]’ at /data/wenqianz/pivoter_repo/research/r1_skyline_index_20260918/chain_index.hpp:96:43,
    inlined from ‘chainindex::ChainIndex<double>::climb(int, uint32_t, const double&) const::<lambda(auto:44)> [with auto:44 = std::integral_constant<long unsigned int, 64>]’ at /data/wenqianz/pivoter_repo/research/r1_skyline_index_20260918/chain_index.hpp:105:98,
    inlined from ‘auto chainindex::with_width(unsigned int, F&&) [with F = chainindex::ChainIndex<double>::climb(int, uint32_t, const double&) const::<lambda(auto:44)>]’ at /data/wenqianz/pivoter_repo/research/r1_skyline_index_20260918/chain_index.hpp:61:26:
/usr/include/x86_64-linux-gnu/bits/string_fortified.h:29:33: warning: ‘void* __builtin___memcpy_chk(void*, const void*, long unsigned int, long unsigned int)’ forming offset [8, 63] is out of the bounds [0, 8] of object ‘u’ with type ‘uint64_t’ {aka ‘long unsigned int’} [-Warray-bounds]
   29 |   return __builtin___memcpy_chk (__dest, __src, __len,
      |          ~~~~~~~~~~~~~~~~~~~~~~~^~~~~~~~~~~~~~~~~~~~~~
   30 |                                  __glibc_objsize0 (__dest));
      |                                  ~~~~~~~~~~~~~~~~~~~~~~~~~~
In file included from /data/wenqianz/pivoter_repo/research/r1_skyline_index_20260918/chain_index_tool.cpp:12:
/data/wenqianz/pivoter_repo/research/r1_skyline_index_20260918/chain_index.hpp: In function ‘auto chainindex::with_width(unsigned int, F&&) [with F = chainindex::ChainIndex<double>::climb(int, uint32_t, const double&) const::<lambda(auto:44)>]’:
/data/wenqianz/pivoter_repo/research/r1_skyline_index_20260918/chain_index.hpp:52:156: note: ‘u’ declared here
   52 |     template<size_t Wb> static double load(const unsigned char* p) { if constexpr (Wb == 8) { double x; std::memcpy(&x, p, 8); return x; } else { uint64_t u = 0; std::memcpy(&u, p, Wb); return static_cast<double>(u); } }
      |                                                                                                                                                            ^
In file included from /usr/include/string.h:535,
                 from /usr/include/boost/range/detail/implementation_help.hpp:18,
                 from /usr/include/boost/range/end.hpp:20,
                 from /usr/include/boost/range/functions.hpp:19,
                 from /usr/include/boost/range/iterator_range_core.hpp:38,
                 from /usr/include/boost/lexical_cast.hpp:30,
                 from /usr/include/boost/multiprecision/detail/number_base.hpp:20,
                 from /usr/include/boost/multiprecision/traits/is_variable_precision.hpp:10,
                 from /usr/include/boost/multiprecision/detail/precision.hpp:9,
                 from /usr/include/boost/multiprecision/number.hpp:25,
                 from /usr/include/boost/multiprecision/cpp_int.hpp:12,
                 from /data/wenqianz/pivoter_repo/research/r1_skyline_index_20260918/../r1_terminal_20260918/../r1_orderreplay_20260917/active/../../r1_fullrange_20260917/../r1_tworoads_20260917/stream/../../r1_bottomup_20260917/../r1_sizesplit_20260917/../r1_floorbatch_20260916/../r1_envelopecore_20260916/envelope.hpp:4,
                 from /data/wenqianz/pivoter_repo/research/r1_skyline_index_20260918/../r1_terminal_20260918/../r1_orderreplay_20260917/active/../../r1_fullrange_20260917/../r1_tworoads_20260917/stream/../../r1_bottomup_20260917/../r1_sizesplit_20260917/../r1_floorbatch_20260916/floor.hpp:3,
                 from /data/wenqianz/pivoter_repo/research/r1_skyline_index_20260918/../r1_terminal_20260918/../r1_orderreplay_20260917/active/../../r1_fullrange_20260917/../r1_tworoads_20260917/stream/../../r1_bottomup_20260917/../r1_sizesplit_20260917/split.hpp:3,
                 from /data/wenqianz/pivoter_repo/research/r1_skyline_index_20260918/../r1_terminal_20260918/../r1_orderreplay_20260917/active/../../r1_fullrange_20260917/../r1_tworoads_20260917/stream/../../r1_bottomup_20260917/bottomup.hpp:3,
                 from /data/wenqianz/pivoter_repo/research/r1_skyline_index_20260918/../r1_terminal_20260918/../r1_orderreplay_20260917/active/../../r1_fullrange_20260917/../r1_tworoads_20260917/stream/../capped.hpp:3,
                 from /data/wenqianz/pivoter_repo/research/r1_skyline_index_20260918/../r1_terminal_20260918/../r1_orderreplay_20260917/active/../../r1_fullrange_20260917/../r1_tworoads_20260917/stream/../components.hpp:3,
                 from /data/wenqianz/pivoter_repo/research/r1_skyline_index_20260918/../r1_terminal_20260918/../r1_orderreplay_20260917/active/../../r1_fullrange_20260917/../r1_tworoads_20260917/stream/stream.hpp:3,
                 from /data/wenqianz/pivoter_repo/research/r1_skyline_index_20260918/../r1_terminal_20260918/../r1_orderreplay_20260917/active/../../r1_fullrange_20260917/generated.hpp:3,
                 from /data/wenqianz/pivoter_repo/research/r1_skyline_index_20260918/../r1_terminal_20260918/../r1_orderreplay_20260917/active/../order.hpp:3,
                 from /data/wenqianz/pivoter_repo/research/r1_skyline_index_20260918/../r1_terminal_20260918/../r1_orderreplay_20260917/active/active.hpp:3,
                 from /data/wenqianz/pivoter_repo/research/r1_skyline_index_20260918/../r1_terminal_20260918/terminal.hpp:3,
                 from /data/wenqianz/pivoter_repo/research/r1_skyline_index_20260918/common.hpp:6,
                 from /data/wenqianz/pivoter_repo/research/r1_skyline_index_20260918/count.cpp:1,
                 from /data/wenqianz/pivoter_repo/research/r1_skyline_index_20260918/chain_index_tool.cpp:10:
In function ‘void* memcpy(void*, const void*, size_t)’,
    inlined from ‘static double chainindex::Traits<double>::load(const unsigned char*) [with long unsigned int Wb = 16]’ at /data/wenqianz/pivoter_repo/research/r1_skyline_index_20260918/chain_index.hpp:52:174,
    inlined from ‘chainindex::ChainIndex<double>::value(uint32_t, int) const::<lambda(auto:45)> [with auto:45 = std::integral_constant<long unsigned int, 16>]’ at /data/wenqianz/pivoter_repo/research/r1_skyline_index_20260918/chain_index.hpp:112:200,
    inlined from ‘auto chainindex::with_width(unsigned int, F&&) [with F = chainindex::ChainIndex<double>::value(uint32_t, int) const::<lambda(auto:45)>]’ at /data/wenqianz/pivoter_repo/research/r1_skyline_index_20260918/chain_index.hpp:60:81,
    inlined from ‘T chainindex::ChainIndex<T>::value(uint32_t, int) const [with T = double]’ at /data/wenqianz/pivoter_repo/research/r1_skyline_index_20260918/chain_index.hpp:112:122:
/usr/include/x86_64-linux-gnu/bits/string_fortified.h:29:33: warning: ‘void* __builtin___memcpy_chk(void*, const void*, long unsigned int, long unsigned int)’ forming offset [8, 15] is out of the bounds [0, 8] of object ‘u’ with type ‘uint64_t’ {aka ‘long unsigned int’} [-Warray-bounds]
   29 |   return __builtin___memcpy_chk (__dest, __src, __len,
      |          ~~~~~~~~~~~~~~~~~~~~~~~^~~~~~~~~~~~~~~~~~~~~~
   30 |                                  __glibc_objsize0 (__dest));
      |                                  ~~~~~~~~~~~~~~~~~~~~~~~~~~
In file included from /data/wenqianz/pivoter_repo/research/r1_skyline_index_20260918/chain_index_tool.cpp:12:
/data/wenqianz/pivoter_repo/research/r1_skyline_index_20260918/chain_index.hpp: In member function ‘T chainindex::ChainIndex<T>::value(uint32_t, int) const [with T = double]’:
/data/wenqianz/pivoter_repo/research/r1_skyline_index_20260918/chain_index.hpp:52:156: note: ‘u’ declared here
   52 |     template<size_t Wb> static double load(const unsigned char* p) { if constexpr (Wb == 8) { double x; std::memcpy(&x, p, 8); return x; } else { uint64_t u = 0; std::memcpy(&u, p, Wb); return static_cast<double>(u); } }
      |                                                                                                                                                            ^
In file included from /usr/include/string.h:535,
                 from /usr/include/boost/range/detail/implementation_help.hpp:18,
                 from /usr/include/boost/range/end.hpp:20,
                 from /usr/include/boost/range/functions.hpp:19,
                 from /usr/include/boost/range/iterator_range_core.hpp:38,
                 from /usr/include/boost/lexical_cast.hpp:30,
                 from /usr/include/boost/multiprecision/detail/number_base.hpp:20,
                 from /usr/include/boost/multiprecision/traits/is_variable_precision.hpp:10,
                 from /usr/include/boost/multiprecision/detail/precision.hpp:9,
                 from /usr/include/boost/multiprecision/number.hpp:25,
                 from /usr/include/boost/multiprecision/cpp_int.hpp:12,
                 from /data/wenqianz/pivoter_repo/research/r1_skyline_index_20260918/../r1_terminal_20260918/../r1_orderreplay_20260917/active/../../r1_fullrange_20260917/../r1_tworoads_20260917/stream/../../r1_bottomup_20260917/../r1_sizesplit_20260917/../r1_floorbatch_20260916/../r1_envelopecore_20260916/envelope.hpp:4,
                 from /data/wenqianz/pivoter_repo/research/r1_skyline_index_20260918/../r1_terminal_20260918/../r1_orderreplay_20260917/active/../../r1_fullrange_20260917/../r1_tworoads_20260917/stream/../../r1_bottomup_20260917/../r1_sizesplit_20260917/../r1_floorbatch_20260916/floor.hpp:3,
                 from /data/wenqianz/pivoter_repo/research/r1_skyline_index_20260918/../r1_terminal_20260918/../r1_orderreplay_20260917/active/../../r1_fullrange_20260917/../r1_tworoads_20260917/stream/../../r1_bottomup_20260917/../r1_sizesplit_20260917/split.hpp:3,
                 from /data/wenqianz/pivoter_repo/research/r1_skyline_index_20260918/../r1_terminal_20260918/../r1_orderreplay_20260917/active/../../r1_fullrange_20260917/../r1_tworoads_20260917/stream/../../r1_bottomup_20260917/bottomup.hpp:3,
                 from /data/wenqianz/pivoter_repo/research/r1_skyline_index_20260918/../r1_terminal_20260918/../r1_orderreplay_20260917/active/../../r1_fullrange_20260917/../r1_tworoads_20260917/stream/../capped.hpp:3,
                 from /data/wenqianz/pivoter_repo/research/r1_skyline_index_20260918/../r1_terminal_20260918/../r1_orderreplay_20260917/active/../../r1_fullrange_20260917/../r1_tworoads_20260917/stream/../components.hpp:3,
                 from /data/wenqianz/pivoter_repo/research/r1_skyline_index_20260918/../r1_terminal_20260918/../r1_orderreplay_20260917/active/../../r1_fullrange_20260917/../r1_tworoads_20260917/stream/stream.hpp:3,
                 from /data/wenqianz/pivoter_repo/research/r1_skyline_index_20260918/../r1_terminal_20260918/../r1_orderreplay_20260917/active/../../r1_fullrange_20260917/generated.hpp:3,
                 from /data/wenqianz/pivoter_repo/research/r1_skyline_index_20260918/../r1_terminal_20260918/../r1_orderreplay_20260917/active/../order.hpp:3,
                 from /data/wenqianz/pivoter_repo/research/r1_skyline_index_20260918/../r1_terminal_20260918/../r1_orderreplay_20260917/active/active.hpp:3,
                 from /data/wenqianz/pivoter_repo/research/r1_skyline_index_20260918/../r1_terminal_20260918/terminal.hpp:3,
                 from /data/wenqianz/pivoter_repo/research/r1_skyline_index_20260918/common.hpp:6,
                 from /data/wenqianz/pivoter_repo/research/r1_skyline_index_20260918/count.cpp:1,
                 from /data/wenqianz/pivoter_repo/research/r1_skyline_index_20260918/chain_index_tool.cpp:10:
In function ‘void* memcpy(void*, const void*, size_t)’,
    inlined from ‘static double chainindex::Traits<double>::load(const unsigned char*) [with long unsigned int Wb = 32]’ at /data/wenqianz/pivoter_repo/research/r1_skyline_index_20260918/chain_index.hpp:52:174,
    inlined from ‘chainindex::ChainIndex<double>::value(uint32_t, int) const::<lambda(auto:45)> [with auto:45 = std::integral_constant<long unsigned int, 32>]’ at /data/wenqianz/pivoter_repo/research/r1_skyline_index_20260918/chain_index.hpp:112:200,
    inlined from ‘auto chainindex::with_width(unsigned int, F&&) [with F = chainindex::ChainIndex<double>::value(uint32_t, int) const::<lambda(auto:45)>]’ at /data/wenqianz/pivoter_repo/research/r1_skyline_index_20260918/chain_index.hpp:60:138,
    inlined from ‘T chainindex::ChainIndex<T>::value(uint32_t, int) const [with T = double]’ at /data/wenqianz/pivoter_repo/research/r1_skyline_index_20260918/chain_index.hpp:112:122:
/usr/include/x86_64-linux-gnu/bits/string_fortified.h:29:33: warning: ‘void* __builtin___memcpy_chk(void*, const void*, long unsigned int, long unsigned int)’ forming offset [8, 31] is out of the bounds [0, 8] of object ‘u’ with type ‘uint64_t’ {aka ‘long unsigned int’} [-Warray-bounds]
   29 |   return __builtin___memcpy_chk (__dest, __src, __len,
      |          ~~~~~~~~~~~~~~~~~~~~~~~^~~~~~~~~~~~~~~~~~~~~~
   30 |                                  __glibc_objsize0 (__dest));
      |                                  ~~~~~~~~~~~~~~~~~~~~~~~~~~
In file included from /data/wenqianz/pivoter_repo/research/r1_skyline_index_20260918/chain_index_tool.cpp:12:
/data/wenqianz/pivoter_repo/research/r1_skyline_index_20260918/chain_index.hpp: In member function ‘T chainindex::ChainIndex<T>::value(uint32_t, int) const [with T = double]’:
/data/wenqianz/pivoter_repo/research/r1_skyline_index_20260918/chain_index.hpp:52:156: note: ‘u’ declared here
   52 |     template<size_t Wb> static double load(const unsigned char* p) { if constexpr (Wb == 8) { double x; std::memcpy(&x, p, 8); return x; } else { uint64_t u = 0; std::memcpy(&u, p, Wb); return static_cast<double>(u); } }
      |                                                                                                                                                            ^
In file included from /usr/include/string.h:535,
                 from /usr/include/boost/range/detail/implementation_help.hpp:18,
                 from /usr/include/boost/range/end.hpp:20,
                 from /usr/include/boost/range/functions.hpp:19,
                 from /usr/include/boost/range/iterator_range_core.hpp:38,
                 from /usr/include/boost/lexical_cast.hpp:30,
                 from /usr/include/boost/multiprecision/detail/number_base.hpp:20,
                 from /usr/include/boost/multiprecision/traits/is_variable_precision.hpp:10,
                 from /usr/include/boost/multiprecision/detail/precision.hpp:9,
                 from /usr/include/boost/multiprecision/number.hpp:25,
                 from /usr/include/boost/multiprecision/cpp_int.hpp:12,
                 from /data/wenqianz/pivoter_repo/research/r1_skyline_index_20260918/../r1_terminal_20260918/../r1_orderreplay_20260917/active/../../r1_fullrange_20260917/../r1_tworoads_20260917/stream/../../r1_bottomup_20260917/../r1_sizesplit_20260917/../r1_floorbatch_20260916/../r1_envelopecore_20260916/envelope.hpp:4,
                 from /data/wenqianz/pivoter_repo/research/r1_skyline_index_20260918/../r1_terminal_20260918/../r1_orderreplay_20260917/active/../../r1_fullrange_20260917/../r1_tworoads_20260917/stream/../../r1_bottomup_20260917/../r1_sizesplit_20260917/../r1_floorbatch_20260916/floor.hpp:3,
                 from /data/wenqianz/pivoter_repo/research/r1_skyline_index_20260918/../r1_terminal_20260918/../r1_orderreplay_20260917/active/../../r1_fullrange_20260917/../r1_tworoads_20260917/stream/../../r1_bottomup_20260917/../r1_sizesplit_20260917/split.hpp:3,
                 from /data/wenqianz/pivoter_repo/research/r1_skyline_index_20260918/../r1_terminal_20260918/../r1_orderreplay_20260917/active/../../r1_fullrange_20260917/../r1_tworoads_20260917/stream/../../r1_bottomup_20260917/bottomup.hpp:3,
                 from /data/wenqianz/pivoter_repo/research/r1_skyline_index_20260918/../r1_terminal_20260918/../r1_orderreplay_20260917/active/../../r1_fullrange_20260917/../r1_tworoads_20260917/stream/../capped.hpp:3,
                 from /data/wenqianz/pivoter_repo/research/r1_skyline_index_20260918/../r1_terminal_20260918/../r1_orderreplay_20260917/active/../../r1_fullrange_20260917/../r1_tworoads_20260917/stream/../components.hpp:3,
                 from /data/wenqianz/pivoter_repo/research/r1_skyline_index_20260918/../r1_terminal_20260918/../r1_orderreplay_20260917/active/../../r1_fullrange_20260917/../r1_tworoads_20260917/stream/stream.hpp:3,
                 from /data/wenqianz/pivoter_repo/research/r1_skyline_index_20260918/../r1_terminal_20260918/../r1_orderreplay_20260917/active/../../r1_fullrange_20260917/generated.hpp:3,
                 from /data/wenqianz/pivoter_repo/research/r1_skyline_index_20260918/../r1_terminal_20260918/../r1_orderreplay_20260917/active/../order.hpp:3,
                 from /data/wenqianz/pivoter_repo/research/r1_skyline_index_20260918/../r1_terminal_20260918/../r1_orderreplay_20260917/active/active.hpp:3,
                 from /data/wenqianz/pivoter_repo/research/r1_skyline_index_20260918/../r1_terminal_20260918/terminal.hpp:3,
                 from /data/wenqianz/pivoter_repo/research/r1_skyline_index_20260918/common.hpp:6,
                 from /data/wenqianz/pivoter_repo/research/r1_skyline_index_20260918/count.cpp:1,
                 from /data/wenqianz/pivoter_repo/research/r1_skyline_index_20260918/chain_index_tool.cpp:10:
In function ‘void* memcpy(void*, const void*, size_t)’,
    inlined from ‘static double chainindex::Traits<double>::load(const unsigned char*) [with long unsigned int Wb = 64]’ at /data/wenqianz/pivoter_repo/research/r1_skyline_index_20260918/chain_index.hpp:52:174,
    inlined from ‘chainindex::ChainIndex<double>::value(uint32_t, int) const::<lambda(auto:45)> [with auto:45 = std::integral_constant<long unsigned int, 64>]’ at /data/wenqianz/pivoter_repo/research/r1_skyline_index_20260918/chain_index.hpp:112:200,
    inlined from ‘auto chainindex::with_width(unsigned int, F&&) [with F = chainindex::ChainIndex<double>::value(uint32_t, int) const::<lambda(auto:45)>]’ at /data/wenqianz/pivoter_repo/research/r1_skyline_index_20260918/chain_index.hpp:61:26,
    inlined from ‘T chainindex::ChainIndex<T>::value(uint32_t, int) const [with T = double]’ at /data/wenqianz/pivoter_repo/research/r1_skyline_index_20260918/chain_index.hpp:112:122:
/usr/include/x86_64-linux-gnu/bits/string_fortified.h:29:33: warning: ‘void* __builtin___memcpy_chk(void*, const void*, long unsigned int, long unsigned int)’ forming offset [8, 63] is out of the bounds [0, 8] of object ‘u’ with type ‘uint64_t’ {aka ‘long unsigned int’} [-Warray-bounds]
   29 |   return __builtin___memcpy_chk (__dest, __src, __len,
      |          ~~~~~~~~~~~~~~~~~~~~~~~^~~~~~~~~~~~~~~~~~~~~~
   30 |                                  __glibc_objsize0 (__dest));
      |                                  ~~~~~~~~~~~~~~~~~~~~~~~~~~
In file included from /data/wenqianz/pivoter_repo/research/r1_skyline_index_20260918/chain_index_tool.cpp:12:
/data/wenqianz/pivoter_repo/research/r1_skyline_index_20260918/chain_index.hpp: In member function ‘T chainindex::ChainIndex<T>::value(uint32_t, int) const [with T = double]’:
/data/wenqianz/pivoter_repo/research/r1_skyline_index_20260918/chain_index.hpp:52:156: note: ‘u’ declared here
   52 |     template<size_t Wb> static double load(const unsigned char* p) { if constexpr (Wb == 8) { double x; std::memcpy(&x, p, 8); return x; } else { uint64_t u = 0; std::memcpy(&u, p, Wb); return static_cast<double>(u); } }
      |                                                                                                                                                            ^
In file included from /usr/include/string.h:535,
                 from /usr/include/boost/range/detail/implementation_help.hpp:18,
                 from /usr/include/boost/range/end.hpp:20,
                 from /usr/include/boost/range/functions.hpp:19,
                 from /usr/include/boost/range/iterator_range_core.hpp:38,
                 from /usr/include/boost/lexical_cast.hpp:30,
                 from /usr/include/boost/multiprecision/detail/number_base.hpp:20,
                 from /usr/include/boost/multiprecision/traits/is_variable_precision.hpp:10,
                 from /usr/include/boost/multiprecision/detail/precision.hpp:9,
                 from /usr/include/boost/multiprecision/number.hpp:25,
                 from /usr/include/boost/multiprecision/cpp_int.hpp:12,
                 from /data/wenqianz/pivoter_repo/research/r1_skyline_index_20260918/../r1_terminal_20260918/../r1_orderreplay_20260917/active/../../r1_fullrange_20260917/../r1_tworoads_20260917/stream/../../r1_bottomup_20260917/../r1_sizesplit_20260917/../r1_floorbatch_20260916/../r1_envelopecore_20260916/envelope.hpp:4,
                 from /data/wenqianz/pivoter_repo/research/r1_skyline_index_20260918/../r1_terminal_20260918/../r1_orderreplay_20260917/active/../../r1_fullrange_20260917/../r1_tworoads_20260917/stream/../../r1_bottomup_20260917/../r1_sizesplit_20260917/../r1_floorbatch_20260916/floor.hpp:3,
                 from /data/wenqianz/pivoter_repo/research/r1_skyline_index_20260918/../r1_terminal_20260918/../r1_orderreplay_20260917/active/../../r1_fullrange_20260917/../r1_tworoads_20260917/stream/../../r1_bottomup_20260917/../r1_sizesplit_20260917/split.hpp:3,
                 from /data/wenqianz/pivoter_repo/research/r1_skyline_index_20260918/../r1_terminal_20260918/../r1_orderreplay_20260917/active/../../r1_fullrange_20260917/../r1_tworoads_20260917/stream/../../r1_bottomup_20260917/bottomup.hpp:3,
                 from /data/wenqianz/pivoter_repo/research/r1_skyline_index_20260918/../r1_terminal_20260918/../r1_orderreplay_20260917/active/../../r1_fullrange_20260917/../r1_tworoads_20260917/stream/../capped.hpp:3,
                 from /data/wenqianz/pivoter_repo/research/r1_skyline_index_20260918/../r1_terminal_20260918/../r1_orderreplay_20260917/active/../../r1_fullrange_20260917/../r1_tworoads_20260917/stream/../components.hpp:3,
                 from /data/wenqianz/pivoter_repo/research/r1_skyline_index_20260918/../r1_terminal_20260918/../r1_orderreplay_20260917/active/../../r1_fullrange_20260917/../r1_tworoads_20260917/stream/stream.hpp:3,
                 from /data/wenqianz/pivoter_repo/research/r1_skyline_index_20260918/../r1_terminal_20260918/../r1_orderreplay_20260917/active/../../r1_fullrange_20260917/generated.hpp:3,
                 from /data/wenqianz/pivoter_repo/research/r1_skyline_index_20260918/../r1_terminal_20260918/../r1_orderreplay_20260917/active/../order.hpp:3,
                 from /data/wenqianz/pivoter_repo/research/r1_skyline_index_20260918/../r1_terminal_20260918/../r1_orderreplay_20260917/active/active.hpp:3,
                 from /data/wenqianz/pivoter_repo/research/r1_skyline_index_20260918/../r1_terminal_20260918/terminal.hpp:3,
                 from /data/wenqianz/pivoter_repo/research/r1_skyline_index_20260918/common.hpp:6,
                 from /data/wenqianz/pivoter_repo/research/r1_skyline_index_20260918/count.cpp:1,
                 from /data/wenqianz/pivoter_repo/research/r1_skyline_index_20260918/chain_index_tool.cpp:10:
In function ‘void* memcpy(void*, const void*, size_t)’,
    inlined from ‘static T chainindex::Traits<T>::load(const unsigned char*) [with long unsigned int Wb = 16; T = long unsigned int]’ at /data/wenqianz/pivoter_repo/research/r1_skyline_index_20260918/chain_index.hpp:36:85,
    inlined from ‘chainindex::ChainIndex<long unsigned int>::top_at(const chainindex::ChainIndex<long unsigned int>::Layer&, uint32_t) const::<lambda(auto:43)> [with auto:43 = std::integral_constant<long unsigned int, 16>]’ at /data/wenqianz/pivoter_repo/research/r1_skyline_index_20260918/chain_index.hpp:92:169,
    inlined from ‘auto chainindex::with_width(unsigned int, F&&) [with F = chainindex::ChainIndex<long unsigned int>::top_at(const chainindex::ChainIndex<long unsigned int>::Layer&, uint32_t) const::<lambda(auto:43)>]’ at /data/wenqianz/pivoter_repo/research/r1_skyline_index_20260918/chain_index.hpp:60:81,
    inlined from ‘T chainindex::ChainIndex<T>::top_at(const chainindex::ChainIndex<T>::Layer&, uint32_t) const [with T = long unsigned int]’ at /data/wenqianz/pivoter_repo/research/r1_skyline_index_20260918/chain_index.hpp:92:92,
    inlined from ‘void chainindex::ChainIndex<T>::ladder(uint32_t, int, std::vector<std::pair<T, long unsigned int> >&) const [with T = long unsigned int]’ at /data/wenqianz/pivoter_repo/research/r1_skyline_index_20260918/chain_index.hpp:177:36:
/usr/include/x86_64-linux-gnu/bits/string_fortified.h:29:33: warning: ‘void* __builtin___memcpy_chk(void*, const void*, long unsigned int, long unsigned int)’ forming offset [8, 15] is out of the bounds [0, 8] of object ‘x’ with type ‘long unsigned int’ [-Warray-bounds]
   29 |   return __builtin___memcpy_chk (__dest, __src, __len,
      |          ~~~~~~~~~~~~~~~~~~~~~~~^~~~~~~~~~~~~~~~~~~~~~
   30 |                                  __glibc_objsize0 (__dest));
      |                                  ~~~~~~~~~~~~~~~~~~~~~~~~~~
In file included from /data/wenqianz/pivoter_repo/research/r1_skyline_index_20260918/chain_index_tool.cpp:12:
/data/wenqianz/pivoter_repo/research/r1_skyline_index_20260918/chain_index.hpp: In member function ‘void chainindex::ChainIndex<T>::ladder(uint32_t, int, std::vector<std::pair<T, long unsigned int> >&) const [with T = long unsigned int]’:
/data/wenqianz/pivoter_repo/research/r1_skyline_index_20260918/chain_index.hpp:36:67: note: ‘x’ declared here
   36 |     template<size_t Wb> static T load(const unsigned char* p) { T x = 0; std::memcpy(&x, p, Wb); return x; }   // constant-size load, Wb <= W
      |                                                                   ^
In file included from /usr/include/string.h:535,
                 from /usr/include/boost/range/detail/implementation_help.hpp:18,
                 from /usr/include/boost/range/end.hpp:20,
                 from /usr/include/boost/range/functions.hpp:19,
                 from /usr/include/boost/range/iterator_range_core.hpp:38,
                 from /usr/include/boost/lexical_cast.hpp:30,
                 from /usr/include/boost/multiprecision/detail/number_base.hpp:20,
                 from /usr/include/boost/multiprecision/traits/is_variable_precision.hpp:10,
                 from /usr/include/boost/multiprecision/detail/precision.hpp:9,
                 from /usr/include/boost/multiprecision/number.hpp:25,
                 from /usr/include/boost/multiprecision/cpp_int.hpp:12,
                 from /data/wenqianz/pivoter_repo/research/r1_skyline_index_20260918/../r1_terminal_20260918/../r1_orderreplay_20260917/active/../../r1_fullrange_20260917/../r1_tworoads_20260917/stream/../../r1_bottomup_20260917/../r1_sizesplit_20260917/../r1_floorbatch_20260916/../r1_envelopecore_20260916/envelope.hpp:4,
                 from /data/wenqianz/pivoter_repo/research/r1_skyline_index_20260918/../r1_terminal_20260918/../r1_orderreplay_20260917/active/../../r1_fullrange_20260917/../r1_tworoads_20260917/stream/../../r1_bottomup_20260917/../r1_sizesplit_20260917/../r1_floorbatch_20260916/floor.hpp:3,
                 from /data/wenqianz/pivoter_repo/research/r1_skyline_index_20260918/../r1_terminal_20260918/../r1_orderreplay_20260917/active/../../r1_fullrange_20260917/../r1_tworoads_20260917/stream/../../r1_bottomup_20260917/../r1_sizesplit_20260917/split.hpp:3,
                 from /data/wenqianz/pivoter_repo/research/r1_skyline_index_20260918/../r1_terminal_20260918/../r1_orderreplay_20260917/active/../../r1_fullrange_20260917/../r1_tworoads_20260917/stream/../../r1_bottomup_20260917/bottomup.hpp:3,
                 from /data/wenqianz/pivoter_repo/research/r1_skyline_index_20260918/../r1_terminal_20260918/../r1_orderreplay_20260917/active/../../r1_fullrange_20260917/../r1_tworoads_20260917/stream/../capped.hpp:3,
                 from /data/wenqianz/pivoter_repo/research/r1_skyline_index_20260918/../r1_terminal_20260918/../r1_orderreplay_20260917/active/../../r1_fullrange_20260917/../r1_tworoads_20260917/stream/../components.hpp:3,
                 from /data/wenqianz/pivoter_repo/research/r1_skyline_index_20260918/../r1_terminal_20260918/../r1_orderreplay_20260917/active/../../r1_fullrange_20260917/../r1_tworoads_20260917/stream/stream.hpp:3,
                 from /data/wenqianz/pivoter_repo/research/r1_skyline_index_20260918/../r1_terminal_20260918/../r1_orderreplay_20260917/active/../../r1_fullrange_20260917/generated.hpp:3,
                 from /data/wenqianz/pivoter_repo/research/r1_skyline_index_20260918/../r1_terminal_20260918/../r1_orderreplay_20260917/active/../order.hpp:3,
                 from /data/wenqianz/pivoter_repo/research/r1_skyline_index_20260918/../r1_terminal_20260918/../r1_orderreplay_20260917/active/active.hpp:3,
                 from /data/wenqianz/pivoter_repo/research/r1_skyline_index_20260918/../r1_terminal_20260918/terminal.hpp:3,
                 from /data/wenqianz/pivoter_repo/research/r1_skyline_index_20260918/common.hpp:6,
                 from /data/wenqianz/pivoter_repo/research/r1_skyline_index_20260918/count.cpp:1,
                 from /data/wenqianz/pivoter_repo/research/r1_skyline_index_20260918/chain_index_tool.cpp:10:
In function ‘void* memcpy(void*, const void*, size_t)’,
    inlined from ‘static T chainindex::Traits<T>::load(const unsigned char*) [with long unsigned int Wb = 32; T = long unsigned int]’ at /data/wenqianz/pivoter_repo/research/r1_skyline_index_20260918/chain_index.hpp:36:85,
    inlined from ‘chainindex::ChainIndex<long unsigned int>::top_at(const chainindex::ChainIndex<long unsigned int>::Layer&, uint32_t) const::<lambda(auto:43)> [with auto:43 = std::integral_constant<long unsigned int, 32>]’ at /data/wenqianz/pivoter_repo/research/r1_skyline_index_20260918/chain_index.hpp:92:169,
    inlined from ‘auto chainindex::with_width(unsigned int, F&&) [with F = chainindex::ChainIndex<long unsigned int>::top_at(const chainindex::ChainIndex<long unsigned int>::Layer&, uint32_t) const::<lambda(auto:43)>]’ at /data/wenqianz/pivoter_repo/research/r1_skyline_index_20260918/chain_index.hpp:60:138,
    inlined from ‘T chainindex::ChainIndex<T>::top_at(const chainindex::ChainIndex<T>::Layer&, uint32_t) const [with T = long unsigned int]’ at /data/wenqianz/pivoter_repo/research/r1_skyline_index_20260918/chain_index.hpp:92:92,
    inlined from ‘void chainindex::ChainIndex<T>::ladder(uint32_t, int, std::vector<std::pair<T, long unsigned int> >&) const [with T = long unsigned int]’ at /data/wenqianz/pivoter_repo/research/r1_skyline_index_20260918/chain_index.hpp:177:36:
/usr/include/x86_64-linux-gnu/bits/string_fortified.h:29:33: warning: ‘void* __builtin___memcpy_chk(void*, const void*, long unsigned int, long unsigned int)’ forming offset [8, 31] is out of the bounds [0, 8] of object ‘x’ with type ‘long unsigned int’ [-Warray-bounds]
   29 |   return __builtin___memcpy_chk (__dest, __src, __len,
      |          ~~~~~~~~~~~~~~~~~~~~~~~^~~~~~~~~~~~~~~~~~~~~~
   30 |                                  __glibc_objsize0 (__dest));
      |                                  ~~~~~~~~~~~~~~~~~~~~~~~~~~
In file included from /data/wenqianz/pivoter_repo/research/r1_skyline_index_20260918/chain_index_tool.cpp:12:
/data/wenqianz/pivoter_repo/research/r1_skyline_index_20260918/chain_index.hpp: In member function ‘void chainindex::ChainIndex<T>::ladder(uint32_t, int, std::vector<std::pair<T, long unsigned int> >&) const [with T = long unsigned int]’:
/data/wenqianz/pivoter_repo/research/r1_skyline_index_20260918/chain_index.hpp:36:67: note: ‘x’ declared here
   36 |     template<size_t Wb> static T load(const unsigned char* p) { T x = 0; std::memcpy(&x, p, Wb); return x; }   // constant-size load, Wb <= W
      |                                                                   ^
In file included from /usr/include/string.h:535,
                 from /usr/include/boost/range/detail/implementation_help.hpp:18,
                 from /usr/include/boost/range/end.hpp:20,
                 from /usr/include/boost/range/functions.hpp:19,
                 from /usr/include/boost/range/iterator_range_core.hpp:38,
                 from /usr/include/boost/lexical_cast.hpp:30,
                 from /usr/include/boost/multiprecision/detail/number_base.hpp:20,
                 from /usr/include/boost/multiprecision/traits/is_variable_precision.hpp:10,
                 from /usr/include/boost/multiprecision/detail/precision.hpp:9,
                 from /usr/include/boost/multiprecision/number.hpp:25,
                 from /usr/include/boost/multiprecision/cpp_int.hpp:12,
                 from /data/wenqianz/pivoter_repo/research/r1_skyline_index_20260918/../r1_terminal_20260918/../r1_orderreplay_20260917/active/../../r1_fullrange_20260917/../r1_tworoads_20260917/stream/../../r1_bottomup_20260917/../r1_sizesplit_20260917/../r1_floorbatch_20260916/../r1_envelopecore_20260916/envelope.hpp:4,
                 from /data/wenqianz/pivoter_repo/research/r1_skyline_index_20260918/../r1_terminal_20260918/../r1_orderreplay_20260917/active/../../r1_fullrange_20260917/../r1_tworoads_20260917/stream/../../r1_bottomup_20260917/../r1_sizesplit_20260917/../r1_floorbatch_20260916/floor.hpp:3,
                 from /data/wenqianz/pivoter_repo/research/r1_skyline_index_20260918/../r1_terminal_20260918/../r1_orderreplay_20260917/active/../../r1_fullrange_20260917/../r1_tworoads_20260917/stream/../../r1_bottomup_20260917/../r1_sizesplit_20260917/split.hpp:3,
                 from /data/wenqianz/pivoter_repo/research/r1_skyline_index_20260918/../r1_terminal_20260918/../r1_orderreplay_20260917/active/../../r1_fullrange_20260917/../r1_tworoads_20260917/stream/../../r1_bottomup_20260917/bottomup.hpp:3,
                 from /data/wenqianz/pivoter_repo/research/r1_skyline_index_20260918/../r1_terminal_20260918/../r1_orderreplay_20260917/active/../../r1_fullrange_20260917/../r1_tworoads_20260917/stream/../capped.hpp:3,
                 from /data/wenqianz/pivoter_repo/research/r1_skyline_index_20260918/../r1_terminal_20260918/../r1_orderreplay_20260917/active/../../r1_fullrange_20260917/../r1_tworoads_20260917/stream/../components.hpp:3,
                 from /data/wenqianz/pivoter_repo/research/r1_skyline_index_20260918/../r1_terminal_20260918/../r1_orderreplay_20260917/active/../../r1_fullrange_20260917/../r1_tworoads_20260917/stream/stream.hpp:3,
                 from /data/wenqianz/pivoter_repo/research/r1_skyline_index_20260918/../r1_terminal_20260918/../r1_orderreplay_20260917/active/../../r1_fullrange_20260917/generated.hpp:3,
                 from /data/wenqianz/pivoter_repo/research/r1_skyline_index_20260918/../r1_terminal_20260918/../r1_orderreplay_20260917/active/../order.hpp:3,
                 from /data/wenqianz/pivoter_repo/research/r1_skyline_index_20260918/../r1_terminal_20260918/../r1_orderreplay_20260917/active/active.hpp:3,
                 from /data/wenqianz/pivoter_repo/research/r1_skyline_index_20260918/../r1_terminal_20260918/terminal.hpp:3,
                 from /data/wenqianz/pivoter_repo/research/r1_skyline_index_20260918/common.hpp:6,
                 from /data/wenqianz/pivoter_repo/research/r1_skyline_index_20260918/count.cpp:1,
                 from /data/wenqianz/pivoter_repo/research/r1_skyline_index_20260918/chain_index_tool.cpp:10:
In function ‘void* memcpy(void*, const void*, size_t)’,
    inlined from ‘static T chainindex::Traits<T>::load(const unsigned char*) [with long unsigned int Wb = 64; T = long unsigned int]’ at /data/wenqianz/pivoter_repo/research/r1_skyline_index_20260918/chain_index.hpp:36:85,
    inlined from ‘chainindex::ChainIndex<long unsigned int>::top_at(const chainindex::ChainIndex<long unsigned int>::Layer&, uint32_t) const::<lambda(auto:43)> [with auto:43 = std::integral_constant<long unsigned int, 64>]’ at /data/wenqianz/pivoter_repo/research/r1_skyline_index_20260918/chain_index.hpp:92:169,
    inlined from ‘auto chainindex::with_width(unsigned int, F&&) [with F = chainindex::ChainIndex<long unsigned int>::top_at(const chainindex::ChainIndex<long unsigned int>::Layer&, uint32_t) const::<lambda(auto:43)>]’ at /data/wenqianz/pivoter_repo/research/r1_skyline_index_20260918/chain_index.hpp:61:26,
    inlined from ‘T chainindex::ChainIndex<T>::top_at(const chainindex::ChainIndex<T>::Layer&, uint32_t) const [with T = long unsigned int]’ at /data/wenqianz/pivoter_repo/research/r1_skyline_index_20260918/chain_index.hpp:92:92,
    inlined from ‘void chainindex::ChainIndex<T>::ladder(uint32_t, int, std::vector<std::pair<T, long unsigned int> >&) const [with T = long unsigned int]’ at /data/wenqianz/pivoter_repo/research/r1_skyline_index_20260918/chain_index.hpp:177:36:
/usr/include/x86_64-linux-gnu/bits/string_fortified.h:29:33: warning: ‘void* __builtin___memcpy_chk(void*, const void*, long unsigned int, long unsigned int)’ forming offset [8, 63] is out of the bounds [0, 8] of object ‘x’ with type ‘long unsigned int’ [-Warray-bounds]
   29 |   return __builtin___memcpy_chk (__dest, __src, __len,
      |          ~~~~~~~~~~~~~~~~~~~~~~~^~~~~~~~~~~~~~~~~~~~~~
   30 |                                  __glibc_objsize0 (__dest));
      |                                  ~~~~~~~~~~~~~~~~~~~~~~~~~~
In file included from /data/wenqianz/pivoter_repo/research/r1_skyline_index_20260918/chain_index_tool.cpp:12:
/data/wenqianz/pivoter_repo/research/r1_skyline_index_20260918/chain_index.hpp: In member function ‘void chainindex::ChainIndex<T>::ladder(uint32_t, int, std::vector<std::pair<T, long unsigned int> >&) const [with T = long unsigned int]’:
/data/wenqianz/pivoter_repo/research/r1_skyline_index_20260918/chain_index.hpp:36:67: note: ‘x’ declared here
   36 |     template<size_t Wb> static T load(const unsigned char* p) { T x = 0; std::memcpy(&x, p, Wb); return x; }   // constant-size load, Wb <= W
      |                                                                   ^
In file included from /usr/include/string.h:535,
                 from /usr/include/boost/range/detail/implementation_help.hpp:18,
                 from /usr/include/boost/range/end.hpp:20,
                 from /usr/include/boost/range/functions.hpp:19,
                 from /usr/include/boost/range/iterator_range_core.hpp:38,
                 from /usr/include/boost/lexical_cast.hpp:30,
                 from /usr/include/boost/multiprecision/detail/number_base.hpp:20,
                 from /usr/include/boost/multiprecision/traits/is_variable_precision.hpp:10,
                 from /usr/include/boost/multiprecision/detail/precision.hpp:9,
                 from /usr/include/boost/multiprecision/number.hpp:25,
                 from /usr/include/boost/multiprecision/cpp_int.hpp:12,
                 from /data/wenqianz/pivoter_repo/research/r1_skyline_index_20260918/../r1_terminal_20260918/../r1_orderreplay_20260917/active/../../r1_fullrange_20260917/../r1_tworoads_20260917/stream/../../r1_bottomup_20260917/../r1_sizesplit_20260917/../r1_floorbatch_20260916/../r1_envelopecore_20260916/envelope.hpp:4,
                 from /data/wenqianz/pivoter_repo/research/r1_skyline_index_20260918/../r1_terminal_20260918/../r1_orderreplay_20260917/active/../../r1_fullrange_20260917/../r1_tworoads_20260917/stream/../../r1_bottomup_20260917/../r1_sizesplit_20260917/../r1_floorbatch_20260916/floor.hpp:3,
                 from /data/wenqianz/pivoter_repo/research/r1_skyline_index_20260918/../r1_terminal_20260918/../r1_orderreplay_20260917/active/../../r1_fullrange_20260917/../r1_tworoads_20260917/stream/../../r1_bottomup_20260917/../r1_sizesplit_20260917/split.hpp:3,
                 from /data/wenqianz/pivoter_repo/research/r1_skyline_index_20260918/../r1_terminal_20260918/../r1_orderreplay_20260917/active/../../r1_fullrange_20260917/../r1_tworoads_20260917/stream/../../r1_bottomup_20260917/bottomup.hpp:3,
                 from /data/wenqianz/pivoter_repo/research/r1_skyline_index_20260918/../r1_terminal_20260918/../r1_orderreplay_20260917/active/../../r1_fullrange_20260917/../r1_tworoads_20260917/stream/../capped.hpp:3,
                 from /data/wenqianz/pivoter_repo/research/r1_skyline_index_20260918/../r1_terminal_20260918/../r1_orderreplay_20260917/active/../../r1_fullrange_20260917/../r1_tworoads_20260917/stream/../components.hpp:3,
                 from /data/wenqianz/pivoter_repo/research/r1_skyline_index_20260918/../r1_terminal_20260918/../r1_orderreplay_20260917/active/../../r1_fullrange_20260917/../r1_tworoads_20260917/stream/stream.hpp:3,
                 from /data/wenqianz/pivoter_repo/research/r1_skyline_index_20260918/../r1_terminal_20260918/../r1_orderreplay_20260917/active/../../r1_fullrange_20260917/generated.hpp:3,
                 from /data/wenqianz/pivoter_repo/research/r1_skyline_index_20260918/../r1_terminal_20260918/../r1_orderreplay_20260917/active/../order.hpp:3,
                 from /data/wenqianz/pivoter_repo/research/r1_skyline_index_20260918/../r1_terminal_20260918/../r1_orderreplay_20260917/active/active.hpp:3,
                 from /data/wenqianz/pivoter_repo/research/r1_skyline_index_20260918/../r1_terminal_20260918/terminal.hpp:3,
                 from /data/wenqianz/pivoter_repo/research/r1_skyline_index_20260918/common.hpp:6,
                 from /data/wenqianz/pivoter_repo/research/r1_skyline_index_20260918/count.cpp:1,
                 from /data/wenqianz/pivoter_repo/research/r1_skyline_index_20260918/chain_index_tool.cpp:10:
In function ‘void* memcpy(void*, const void*, size_t)’,
    inlined from ‘static T chainindex::Traits<T>::load(const unsigned char*) [with long unsigned int Wb = 16; T = long unsigned int]’ at /data/wenqianz/pivoter_repo/research/r1_skyline_index_20260918/chain_index.hpp:36:85,
    inlined from ‘chainindex::ChainIndex<long unsigned int>::value(uint32_t, int) const::<lambda(auto:45)> [with auto:45 = std::integral_constant<long unsigned int, 16>]’ at /data/wenqianz/pivoter_repo/research/r1_skyline_index_20260918/chain_index.hpp:112:200,
    inlined from ‘auto chainindex::with_width(unsigned int, F&&) [with F = chainindex::ChainIndex<long unsigned int>::value(uint32_t, int) const::<lambda(auto:45)>]’ at /data/wenqianz/pivoter_repo/research/r1_skyline_index_20260918/chain_index.hpp:60:81,
    inlined from ‘T chainindex::ChainIndex<T>::value(uint32_t, int) const [with T = long unsigned int]’ at /data/wenqianz/pivoter_repo/research/r1_skyline_index_20260918/chain_index.hpp:112:122,
    inlined from ‘selftest_graph<long unsigned int, long unsigned int>(const partial::Graph&, const string&, uint64_t&, uint64_t&, uint64_t&, uint64_t&)::<lambda(const chainindex::ChainIndex<long unsigned int>&)>’ at /data/wenqianz/pivoter_repo/research/r1_skyline_index_20260918/chain_index_tool.cpp:190:163:
/usr/include/x86_64-linux-gnu/bits/string_fortified.h:29:33: warning: ‘void* __builtin___memcpy_chk(void*, const void*, long unsigned int, long unsigned int)’ forming offset [8, 15] is out of the bounds [0, 8] of object ‘x’ with type ‘long unsigned int’ [-Warray-bounds]
   29 |   return __builtin___memcpy_chk (__dest, __src, __len,
      |          ~~~~~~~~~~~~~~~~~~~~~~~^~~~~~~~~~~~~~~~~~~~~~
   30 |                                  __glibc_objsize0 (__dest));
      |                                  ~~~~~~~~~~~~~~~~~~~~~~~~~~
In file included from /data/wenqianz/pivoter_repo/research/r1_skyline_index_20260918/chain_index_tool.cpp:12:
/data/wenqianz/pivoter_repo/research/r1_skyline_index_20260918/chain_index.hpp: In lambda function:
/data/wenqianz/pivoter_repo/research/r1_skyline_index_20260918/chain_index.hpp:36:67: note: ‘x’ declared here
   36 |     template<size_t Wb> static T load(const unsigned char* p) { T x = 0; std::memcpy(&x, p, Wb); return x; }   // constant-size load, Wb <= W
      |                                                                   ^
In file included from /usr/include/string.h:535,
                 from /usr/include/boost/range/detail/implementation_help.hpp:18,
                 from /usr/include/boost/range/end.hpp:20,
                 from /usr/include/boost/range/functions.hpp:19,
                 from /usr/include/boost/range/iterator_range_core.hpp:38,
                 from /usr/include/boost/lexical_cast.hpp:30,
                 from /usr/include/boost/multiprecision/detail/number_base.hpp:20,
                 from /usr/include/boost/multiprecision/traits/is_variable_precision.hpp:10,
                 from /usr/include/boost/multiprecision/detail/precision.hpp:9,
                 from /usr/include/boost/multiprecision/number.hpp:25,
                 from /usr/include/boost/multiprecision/cpp_int.hpp:12,
                 from /data/wenqianz/pivoter_repo/research/r1_skyline_index_20260918/../r1_terminal_20260918/../r1_orderreplay_20260917/active/../../r1_fullrange_20260917/../r1_tworoads_20260917/stream/../../r1_bottomup_20260917/../r1_sizesplit_20260917/../r1_floorbatch_20260916/../r1_envelopecore_20260916/envelope.hpp:4,
                 from /data/wenqianz/pivoter_repo/research/r1_skyline_index_20260918/../r1_terminal_20260918/../r1_orderreplay_20260917/active/../../r1_fullrange_20260917/../r1_tworoads_20260917/stream/../../r1_bottomup_20260917/../r1_sizesplit_20260917/../r1_floorbatch_20260916/floor.hpp:3,
                 from /data/wenqianz/pivoter_repo/research/r1_skyline_index_20260918/../r1_terminal_20260918/../r1_orderreplay_20260917/active/../../r1_fullrange_20260917/../r1_tworoads_20260917/stream/../../r1_bottomup_20260917/../r1_sizesplit_20260917/split.hpp:3,
                 from /data/wenqianz/pivoter_repo/research/r1_skyline_index_20260918/../r1_terminal_20260918/../r1_orderreplay_20260917/active/../../r1_fullrange_20260917/../r1_tworoads_20260917/stream/../../r1_bottomup_20260917/bottomup.hpp:3,
                 from /data/wenqianz/pivoter_repo/research/r1_skyline_index_20260918/../r1_terminal_20260918/../r1_orderreplay_20260917/active/../../r1_fullrange_20260917/../r1_tworoads_20260917/stream/../capped.hpp:3,
                 from /data/wenqianz/pivoter_repo/research/r1_skyline_index_20260918/../r1_terminal_20260918/../r1_orderreplay_20260917/active/../../r1_fullrange_20260917/../r1_tworoads_20260917/stream/../components.hpp:3,
                 from /data/wenqianz/pivoter_repo/research/r1_skyline_index_20260918/../r1_terminal_20260918/../r1_orderreplay_20260917/active/../../r1_fullrange_20260917/../r1_tworoads_20260917/stream/stream.hpp:3,
                 from /data/wenqianz/pivoter_repo/research/r1_skyline_index_20260918/../r1_terminal_20260918/../r1_orderreplay_20260917/active/../../r1_fullrange_20260917/generated.hpp:3,
                 from /data/wenqianz/pivoter_repo/research/r1_skyline_index_20260918/../r1_terminal_20260918/../r1_orderreplay_20260917/active/../order.hpp:3,
                 from /data/wenqianz/pivoter_repo/research/r1_skyline_index_20260918/../r1_terminal_20260918/../r1_orderreplay_20260917/active/active.hpp:3,
                 from /data/wenqianz/pivoter_repo/research/r1_skyline_index_20260918/../r1_terminal_20260918/terminal.hpp:3,
                 from /data/wenqianz/pivoter_repo/research/r1_skyline_index_20260918/common.hpp:6,
                 from /data/wenqianz/pivoter_repo/research/r1_skyline_index_20260918/count.cpp:1,
                 from /data/wenqianz/pivoter_repo/research/r1_skyline_index_20260918/chain_index_tool.cpp:10:
In function ‘void* memcpy(void*, const void*, size_t)’,
    inlined from ‘static T chainindex::Traits<T>::load(const unsigned char*) [with long unsigned int Wb = 32; T = long unsigned int]’ at /data/wenqianz/pivoter_repo/research/r1_skyline_index_20260918/chain_index.hpp:36:85,
    inlined from ‘chainindex::ChainIndex<long unsigned int>::value(uint32_t, int) const::<lambda(auto:45)> [with auto:45 = std::integral_constant<long unsigned int, 32>]’ at /data/wenqianz/pivoter_repo/research/r1_skyline_index_20260918/chain_index.hpp:112:200,
    inlined from ‘auto chainindex::with_width(unsigned int, F&&) [with F = chainindex::ChainIndex<long unsigned int>::value(uint32_t, int) const::<lambda(auto:45)>]’ at /data/wenqianz/pivoter_repo/research/r1_skyline_index_20260918/chain_index.hpp:60:138,
    inlined from ‘T chainindex::ChainIndex<T>::value(uint32_t, int) const [with T = long unsigned int]’ at /data/wenqianz/pivoter_repo/research/r1_skyline_index_20260918/chain_index.hpp:112:122,
    inlined from ‘selftest_graph<long unsigned int, long unsigned int>(const partial::Graph&, const string&, uint64_t&, uint64_t&, uint64_t&, uint64_t&)::<lambda(const chainindex::ChainIndex<long unsigned int>&)>’ at /data/wenqianz/pivoter_repo/research/r1_skyline_index_20260918/chain_index_tool.cpp:190:163:
/usr/include/x86_64-linux-gnu/bits/string_fortified.h:29:33: warning: ‘void* __builtin___memcpy_chk(void*, const void*, long unsigned int, long unsigned int)’ forming offset [8, 31] is out of the bounds [0, 8] of object ‘x’ with type ‘long unsigned int’ [-Warray-bounds]
   29 |   return __builtin___memcpy_chk (__dest, __src, __len,
      |          ~~~~~~~~~~~~~~~~~~~~~~~^~~~~~~~~~~~~~~~~~~~~~
   30 |                                  __glibc_objsize0 (__dest));
      |                                  ~~~~~~~~~~~~~~~~~~~~~~~~~~
In file included from /data/wenqianz/pivoter_repo/research/r1_skyline_index_20260918/chain_index_tool.cpp:12:
/data/wenqianz/pivoter_repo/research/r1_skyline_index_20260918/chain_index.hpp: In lambda function:
/data/wenqianz/pivoter_repo/research/r1_skyline_index_20260918/chain_index.hpp:36:67: note: ‘x’ declared here
   36 |     template<size_t Wb> static T load(const unsigned char* p) { T x = 0; std::memcpy(&x, p, Wb); return x; }   // constant-size load, Wb <= W
      |                                                                   ^
In file included from /usr/include/string.h:535,
                 from /usr/include/boost/range/detail/implementation_help.hpp:18,
                 from /usr/include/boost/range/end.hpp:20,
                 from /usr/include/boost/range/functions.hpp:19,
                 from /usr/include/boost/range/iterator_range_core.hpp:38,
                 from /usr/include/boost/lexical_cast.hpp:30,
                 from /usr/include/boost/multiprecision/detail/number_base.hpp:20,
                 from /usr/include/boost/multiprecision/traits/is_variable_precision.hpp:10,
                 from /usr/include/boost/multiprecision/detail/precision.hpp:9,
                 from /usr/include/boost/multiprecision/number.hpp:25,
                 from /usr/include/boost/multiprecision/cpp_int.hpp:12,
                 from /data/wenqianz/pivoter_repo/research/r1_skyline_index_20260918/../r1_terminal_20260918/../r1_orderreplay_20260917/active/../../r1_fullrange_20260917/../r1_tworoads_20260917/stream/../../r1_bottomup_20260917/../r1_sizesplit_20260917/../r1_floorbatch_20260916/../r1_envelopecore_20260916/envelope.hpp:4,
                 from /data/wenqianz/pivoter_repo/research/r1_skyline_index_20260918/../r1_terminal_20260918/../r1_orderreplay_20260917/active/../../r1_fullrange_20260917/../r1_tworoads_20260917/stream/../../r1_bottomup_20260917/../r1_sizesplit_20260917/../r1_floorbatch_20260916/floor.hpp:3,
                 from /data/wenqianz/pivoter_repo/research/r1_skyline_index_20260918/../r1_terminal_20260918/../r1_orderreplay_20260917/active/../../r1_fullrange_20260917/../r1_tworoads_20260917/stream/../../r1_bottomup_20260917/../r1_sizesplit_20260917/split.hpp:3,
                 from /data/wenqianz/pivoter_repo/research/r1_skyline_index_20260918/../r1_terminal_20260918/../r1_orderreplay_20260917/active/../../r1_fullrange_20260917/../r1_tworoads_20260917/stream/../../r1_bottomup_20260917/bottomup.hpp:3,
                 from /data/wenqianz/pivoter_repo/research/r1_skyline_index_20260918/../r1_terminal_20260918/../r1_orderreplay_20260917/active/../../r1_fullrange_20260917/../r1_tworoads_20260917/stream/../capped.hpp:3,
                 from /data/wenqianz/pivoter_repo/research/r1_skyline_index_20260918/../r1_terminal_20260918/../r1_orderreplay_20260917/active/../../r1_fullrange_20260917/../r1_tworoads_20260917/stream/../components.hpp:3,
                 from /data/wenqianz/pivoter_repo/research/r1_skyline_index_20260918/../r1_terminal_20260918/../r1_orderreplay_20260917/active/../../r1_fullrange_20260917/../r1_tworoads_20260917/stream/stream.hpp:3,
                 from /data/wenqianz/pivoter_repo/research/r1_skyline_index_20260918/../r1_terminal_20260918/../r1_orderreplay_20260917/active/../../r1_fullrange_20260917/generated.hpp:3,
                 from /data/wenqianz/pivoter_repo/research/r1_skyline_index_20260918/../r1_terminal_20260918/../r1_orderreplay_20260917/active/../order.hpp:3,
                 from /data/wenqianz/pivoter_repo/research/r1_skyline_index_20260918/../r1_terminal_20260918/../r1_orderreplay_20260917/active/active.hpp:3,
                 from /data/wenqianz/pivoter_repo/research/r1_skyline_index_20260918/../r1_terminal_20260918/terminal.hpp:3,
                 from /data/wenqianz/pivoter_repo/research/r1_skyline_index_20260918/common.hpp:6,
                 from /data/wenqianz/pivoter_repo/research/r1_skyline_index_20260918/count.cpp:1,
                 from /data/wenqianz/pivoter_repo/research/r1_skyline_index_20260918/chain_index_tool.cpp:10:
In function ‘void* memcpy(void*, const void*, size_t)’,
    inlined from ‘static T chainindex::Traits<T>::load(const unsigned char*) [with long unsigned int Wb = 64; T = long unsigned int]’ at /data/wenqianz/pivoter_repo/research/r1_skyline_index_20260918/chain_index.hpp:36:85,
    inlined from ‘chainindex::ChainIndex<long unsigned int>::value(uint32_t, int) const::<lambda(auto:45)> [with auto:45 = std::integral_constant<long unsigned int, 64>]’ at /data/wenqianz/pivoter_repo/research/r1_skyline_index_20260918/chain_index.hpp:112:200,
    inlined from ‘auto chainindex::with_width(unsigned int, F&&) [with F = chainindex::ChainIndex<long unsigned int>::value(uint32_t, int) const::<lambda(auto:45)>]’ at /data/wenqianz/pivoter_repo/research/r1_skyline_index_20260918/chain_index.hpp:61:26,
    inlined from ‘T chainindex::ChainIndex<T>::value(uint32_t, int) const [with T = long unsigned int]’ at /data/wenqianz/pivoter_repo/research/r1_skyline_index_20260918/chain_index.hpp:112:122,
    inlined from ‘selftest_graph<long unsigned int, long unsigned int>(const partial::Graph&, const string&, uint64_t&, uint64_t&, uint64_t&, uint64_t&)::<lambda(const chainindex::ChainIndex<long unsigned int>&)>’ at /data/wenqianz/pivoter_repo/research/r1_skyline_index_20260918/chain_index_tool.cpp:190:163:
/usr/include/x86_64-linux-gnu/bits/string_fortified.h:29:33: warning: ‘void* __builtin___memcpy_chk(void*, const void*, long unsigned int, long unsigned int)’ forming offset [8, 63] is out of the bounds [0, 8] of object ‘x’ with type ‘long unsigned int’ [-Warray-bounds]
   29 |   return __builtin___memcpy_chk (__dest, __src, __len,
      |          ~~~~~~~~~~~~~~~~~~~~~~~^~~~~~~~~~~~~~~~~~~~~~
   30 |                                  __glibc_objsize0 (__dest));
      |                                  ~~~~~~~~~~~~~~~~~~~~~~~~~~
In file included from /data/wenqianz/pivoter_repo/research/r1_skyline_index_20260918/chain_index_tool.cpp:12:
/data/wenqianz/pivoter_repo/research/r1_skyline_index_20260918/chain_index.hpp: In lambda function:
/data/wenqianz/pivoter_repo/research/r1_skyline_index_20260918/chain_index.hpp:36:67: note: ‘x’ declared here
   36 |     template<size_t Wb> static T load(const unsigned char* p) { T x = 0; std::memcpy(&x, p, Wb); return x; }   // constant-size load, Wb <= W
      |                                                                   ^
In file included from /usr/include/string.h:535,
                 from /usr/include/boost/range/detail/implementation_help.hpp:18,
                 from /usr/include/boost/range/end.hpp:20,
                 from /usr/include/boost/range/functions.hpp:19,
                 from /usr/include/boost/range/iterator_range_core.hpp:38,
                 from /usr/include/boost/lexical_cast.hpp:30,
                 from /usr/include/boost/multiprecision/detail/number_base.hpp:20,
                 from /usr/include/boost/multiprecision/traits/is_variable_precision.hpp:10,
                 from /usr/include/boost/multiprecision/detail/precision.hpp:9,
                 from /usr/include/boost/multiprecision/number.hpp:25,
                 from /usr/include/boost/multiprecision/cpp_int.hpp:12,
                 from /data/wenqianz/pivoter_repo/research/r1_skyline_index_20260918/../r1_terminal_20260918/../r1_orderreplay_20260917/active/../../r1_fullrange_20260917/../r1_tworoads_20260917/stream/../../r1_bottomup_20260917/../r1_sizesplit_20260917/../r1_floorbatch_20260916/../r1_envelopecore_20260916/envelope.hpp:4,
                 from /data/wenqianz/pivoter_repo/research/r1_skyline_index_20260918/../r1_terminal_20260918/../r1_orderreplay_20260917/active/../../r1_fullrange_20260917/../r1_tworoads_20260917/stream/../../r1_bottomup_20260917/../r1_sizesplit_20260917/../r1_floorbatch_20260916/floor.hpp:3,
                 from /data/wenqianz/pivoter_repo/research/r1_skyline_index_20260918/../r1_terminal_20260918/../r1_orderreplay_20260917/active/../../r1_fullrange_20260917/../r1_tworoads_20260917/stream/../../r1_bottomup_20260917/../r1_sizesplit_20260917/split.hpp:3,
                 from /data/wenqianz/pivoter_repo/research/r1_skyline_index_20260918/../r1_terminal_20260918/../r1_orderreplay_20260917/active/../../r1_fullrange_20260917/../r1_tworoads_20260917/stream/../../r1_bottomup_20260917/bottomup.hpp:3,
                 from /data/wenqianz/pivoter_repo/research/r1_skyline_index_20260918/../r1_terminal_20260918/../r1_orderreplay_20260917/active/../../r1_fullrange_20260917/../r1_tworoads_20260917/stream/../capped.hpp:3,
                 from /data/wenqianz/pivoter_repo/research/r1_skyline_index_20260918/../r1_terminal_20260918/../r1_orderreplay_20260917/active/../../r1_fullrange_20260917/../r1_tworoads_20260917/stream/../components.hpp:3,
                 from /data/wenqianz/pivoter_repo/research/r1_skyline_index_20260918/../r1_terminal_20260918/../r1_orderreplay_20260917/active/../../r1_fullrange_20260917/../r1_tworoads_20260917/stream/stream.hpp:3,
                 from /data/wenqianz/pivoter_repo/research/r1_skyline_index_20260918/../r1_terminal_20260918/../r1_orderreplay_20260917/active/../../r1_fullrange_20260917/generated.hpp:3,
                 from /data/wenqianz/pivoter_repo/research/r1_skyline_index_20260918/../r1_terminal_20260918/../r1_orderreplay_20260917/active/../order.hpp:3,
                 from /data/wenqianz/pivoter_repo/research/r1_skyline_index_20260918/../r1_terminal_20260918/../r1_orderreplay_20260917/active/active.hpp:3,
                 from /data/wenqianz/pivoter_repo/research/r1_skyline_index_20260918/../r1_terminal_20260918/terminal.hpp:3,
                 from /data/wenqianz/pivoter_repo/research/r1_skyline_index_20260918/common.hpp:6,
                 from /data/wenqianz/pivoter_repo/research/r1_skyline_index_20260918/count.cpp:1,
                 from /data/wenqianz/pivoter_repo/research/r1_skyline_index_20260918/chain_index_tool.cpp:10:
In function ‘void* memcpy(void*, const void*, size_t)’,
    inlined from ‘static double chainindex::Traits<double>::load(const unsigned char*) [with long unsigned int Wb = 16]’ at /data/wenqianz/pivoter_repo/research/r1_skyline_index_20260918/chain_index.hpp:52:174,
    inlined from ‘chainindex::ChainIndex<double>::top_at(const chainindex::ChainIndex<double>::Layer&, uint32_t) const::<lambda(auto:43)> [with auto:43 = std::integral_constant<long unsigned int, 16>]’ at /data/wenqianz/pivoter_repo/research/r1_skyline_index_20260918/chain_index.hpp:92:169,
    inlined from ‘auto chainindex::with_width(unsigned int, F&&) [with F = chainindex::ChainIndex<double>::top_at(const chainindex::ChainIndex<double>::Layer&, uint32_t) const::<lambda(auto:43)>]’ at /data/wenqianz/pivoter_repo/research/r1_skyline_index_20260918/chain_index.hpp:60:81,
    inlined from ‘T chainindex::ChainIndex<T>::top_at(const chainindex::ChainIndex<T>::Layer&, uint32_t) const [with T = double]’ at /data/wenqianz/pivoter_repo/research/r1_skyline_index_20260918/chain_index.hpp:92:92,
    inlined from ‘void chainindex::ChainIndex<T>::ladder(uint32_t, int, std::vector<std::pair<T, long unsigned int> >&) const [with T = double]’ at /data/wenqianz/pivoter_repo/research/r1_skyline_index_20260918/chain_index.hpp:177:36:
/usr/include/x86_64-linux-gnu/bits/string_fortified.h:29:33: warning: ‘void* __builtin___memcpy_chk(void*, const void*, long unsigned int, long unsigned int)’ forming offset [8, 15] is out of the bounds [0, 8] of object ‘u’ with type ‘uint64_t’ {aka ‘long unsigned int’} [-Warray-bounds]
   29 |   return __builtin___memcpy_chk (__dest, __src, __len,
      |          ~~~~~~~~~~~~~~~~~~~~~~~^~~~~~~~~~~~~~~~~~~~~~
   30 |                                  __glibc_objsize0 (__dest));
      |                                  ~~~~~~~~~~~~~~~~~~~~~~~~~~
In file included from /data/wenqianz/pivoter_repo/research/r1_skyline_index_20260918/chain_index_tool.cpp:12:
/data/wenqianz/pivoter_repo/research/r1_skyline_index_20260918/chain_index.hpp: In member function ‘void chainindex::ChainIndex<T>::ladder(uint32_t, int, std::vector<std::pair<T, long unsigned int> >&) const [with T = double]’:
/data/wenqianz/pivoter_repo/research/r1_skyline_index_20260918/chain_index.hpp:52:156: note: ‘u’ declared here
   52 |     template<size_t Wb> static double load(const unsigned char* p) { if constexpr (Wb == 8) { double x; std::memcpy(&x, p, 8); return x; } else { uint64_t u = 0; std::memcpy(&u, p, Wb); return static_cast<double>(u); } }
      |                                                                                                                                                            ^
In file included from /usr/include/string.h:535,
                 from /usr/include/boost/range/detail/implementation_help.hpp:18,
                 from /usr/include/boost/range/end.hpp:20,
                 from /usr/include/boost/range/functions.hpp:19,
                 from /usr/include/boost/range/iterator_range_core.hpp:38,
                 from /usr/include/boost/lexical_cast.hpp:30,
                 from /usr/include/boost/multiprecision/detail/number_base.hpp:20,
                 from /usr/include/boost/multiprecision/traits/is_variable_precision.hpp:10,
                 from /usr/include/boost/multiprecision/detail/precision.hpp:9,
                 from /usr/include/boost/multiprecision/number.hpp:25,
                 from /usr/include/boost/multiprecision/cpp_int.hpp:12,
                 from /data/wenqianz/pivoter_repo/research/r1_skyline_index_20260918/../r1_terminal_20260918/../r1_orderreplay_20260917/active/../../r1_fullrange_20260917/../r1_tworoads_20260917/stream/../../r1_bottomup_20260917/../r1_sizesplit_20260917/../r1_floorbatch_20260916/../r1_envelopecore_20260916/envelope.hpp:4,
                 from /data/wenqianz/pivoter_repo/research/r1_skyline_index_20260918/../r1_terminal_20260918/../r1_orderreplay_20260917/active/../../r1_fullrange_20260917/../r1_tworoads_20260917/stream/../../r1_bottomup_20260917/../r1_sizesplit_20260917/../r1_floorbatch_20260916/floor.hpp:3,
                 from /data/wenqianz/pivoter_repo/research/r1_skyline_index_20260918/../r1_terminal_20260918/../r1_orderreplay_20260917/active/../../r1_fullrange_20260917/../r1_tworoads_20260917/stream/../../r1_bottomup_20260917/../r1_sizesplit_20260917/split.hpp:3,
                 from /data/wenqianz/pivoter_repo/research/r1_skyline_index_20260918/../r1_terminal_20260918/../r1_orderreplay_20260917/active/../../r1_fullrange_20260917/../r1_tworoads_20260917/stream/../../r1_bottomup_20260917/bottomup.hpp:3,
                 from /data/wenqianz/pivoter_repo/research/r1_skyline_index_20260918/../r1_terminal_20260918/../r1_orderreplay_20260917/active/../../r1_fullrange_20260917/../r1_tworoads_20260917/stream/../capped.hpp:3,
                 from /data/wenqianz/pivoter_repo/research/r1_skyline_index_20260918/../r1_terminal_20260918/../r1_orderreplay_20260917/active/../../r1_fullrange_20260917/../r1_tworoads_20260917/stream/../components.hpp:3,
                 from /data/wenqianz/pivoter_repo/research/r1_skyline_index_20260918/../r1_terminal_20260918/../r1_orderreplay_20260917/active/../../r1_fullrange_20260917/../r1_tworoads_20260917/stream/stream.hpp:3,
                 from /data/wenqianz/pivoter_repo/research/r1_skyline_index_20260918/../r1_terminal_20260918/../r1_orderreplay_20260917/active/../../r1_fullrange_20260917/generated.hpp:3,
                 from /data/wenqianz/pivoter_repo/research/r1_skyline_index_20260918/../r1_terminal_20260918/../r1_orderreplay_20260917/active/../order.hpp:3,
                 from /data/wenqianz/pivoter_repo/research/r1_skyline_index_20260918/../r1_terminal_20260918/../r1_orderreplay_20260917/active/active.hpp:3,
                 from /data/wenqianz/pivoter_repo/research/r1_skyline_index_20260918/../r1_terminal_20260918/terminal.hpp:3,
                 from /data/wenqianz/pivoter_repo/research/r1_skyline_index_20260918/common.hpp:6,
                 from /data/wenqianz/pivoter_repo/research/r1_skyline_index_20260918/count.cpp:1,
                 from /data/wenqianz/pivoter_repo/research/r1_skyline_index_20260918/chain_index_tool.cpp:10:
In function ‘void* memcpy(void*, const void*, size_t)’,
    inlined from ‘static double chainindex::Traits<double>::load(const unsigned char*) [with long unsigned int Wb = 32]’ at /data/wenqianz/pivoter_repo/research/r1_skyline_index_20260918/chain_index.hpp:52:174,
    inlined from ‘chainindex::ChainIndex<double>::top_at(const chainindex::ChainIndex<double>::Layer&, uint32_t) const::<lambda(auto:43)> [with auto:43 = std::integral_constant<long unsigned int, 32>]’ at /data/wenqianz/pivoter_repo/research/r1_skyline_index_20260918/chain_index.hpp:92:169,
    inlined from ‘auto chainindex::with_width(unsigned int, F&&) [with F = chainindex::ChainIndex<double>::top_at(const chainindex::ChainIndex<double>::Layer&, uint32_t) const::<lambda(auto:43)>]’ at /data/wenqianz/pivoter_repo/research/r1_skyline_index_20260918/chain_index.hpp:60:138,
    inlined from ‘T chainindex::ChainIndex<T>::top_at(const chainindex::ChainIndex<T>::Layer&, uint32_t) const [with T = double]’ at /data/wenqianz/pivoter_repo/research/r1_skyline_index_20260918/chain_index.hpp:92:92,
    inlined from ‘void chainindex::ChainIndex<T>::ladder(uint32_t, int, std::vector<std::pair<T, long unsigned int> >&) const [with T = double]’ at /data/wenqianz/pivoter_repo/research/r1_skyline_index_20260918/chain_index.hpp:177:36:
/usr/include/x86_64-linux-gnu/bits/string_fortified.h:29:33: warning: ‘void* __builtin___memcpy_chk(void*, const void*, long unsigned int, long unsigned int)’ forming offset [8, 31] is out of the bounds [0, 8] of object ‘u’ with type ‘uint64_t’ {aka ‘long unsigned int’} [-Warray-bounds]
   29 |   return __builtin___memcpy_chk (__dest, __src, __len,
      |          ~~~~~~~~~~~~~~~~~~~~~~~^~~~~~~~~~~~~~~~~~~~~~
   30 |                                  __glibc_objsize0 (__dest));
      |                                  ~~~~~~~~~~~~~~~~~~~~~~~~~~
In file included from /data/wenqianz/pivoter_repo/research/r1_skyline_index_20260918/chain_index_tool.cpp:12:
/data/wenqianz/pivoter_repo/research/r1_skyline_index_20260918/chain_index.hpp: In member function ‘void chainindex::ChainIndex<T>::ladder(uint32_t, int, std::vector<std::pair<T, long unsigned int> >&) const [with T = double]’:
/data/wenqianz/pivoter_repo/research/r1_skyline_index_20260918/chain_index.hpp:52:156: note: ‘u’ declared here
   52 |     template<size_t Wb> static double load(const unsigned char* p) { if constexpr (Wb == 8) { double x; std::memcpy(&x, p, 8); return x; } else { uint64_t u = 0; std::memcpy(&u, p, Wb); return static_cast<double>(u); } }
      |                                                                                                                                                            ^
In file included from /usr/include/string.h:535,
                 from /usr/include/boost/range/detail/implementation_help.hpp:18,
                 from /usr/include/boost/range/end.hpp:20,
                 from /usr/include/boost/range/functions.hpp:19,
                 from /usr/include/boost/range/iterator_range_core.hpp:38,
                 from /usr/include/boost/lexical_cast.hpp:30,
                 from /usr/include/boost/multiprecision/detail/number_base.hpp:20,
                 from /usr/include/boost/multiprecision/traits/is_variable_precision.hpp:10,
                 from /usr/include/boost/multiprecision/detail/precision.hpp:9,
                 from /usr/include/boost/multiprecision/number.hpp:25,
                 from /usr/include/boost/multiprecision/cpp_int.hpp:12,
                 from /data/wenqianz/pivoter_repo/research/r1_skyline_index_20260918/../r1_terminal_20260918/../r1_orderreplay_20260917/active/../../r1_fullrange_20260917/../r1_tworoads_20260917/stream/../../r1_bottomup_20260917/../r1_sizesplit_20260917/../r1_floorbatch_20260916/../r1_envelopecore_20260916/envelope.hpp:4,
                 from /data/wenqianz/pivoter_repo/research/r1_skyline_index_20260918/../r1_terminal_20260918/../r1_orderreplay_20260917/active/../../r1_fullrange_20260917/../r1_tworoads_20260917/stream/../../r1_bottomup_20260917/../r1_sizesplit_20260917/../r1_floorbatch_20260916/floor.hpp:3,
                 from /data/wenqianz/pivoter_repo/research/r1_skyline_index_20260918/../r1_terminal_20260918/../r1_orderreplay_20260917/active/../../r1_fullrange_20260917/../r1_tworoads_20260917/stream/../../r1_bottomup_20260917/../r1_sizesplit_20260917/split.hpp:3,
                 from /data/wenqianz/pivoter_repo/research/r1_skyline_index_20260918/../r1_terminal_20260918/../r1_orderreplay_20260917/active/../../r1_fullrange_20260917/../r1_tworoads_20260917/stream/../../r1_bottomup_20260917/bottomup.hpp:3,
                 from /data/wenqianz/pivoter_repo/research/r1_skyline_index_20260918/../r1_terminal_20260918/../r1_orderreplay_20260917/active/../../r1_fullrange_20260917/../r1_tworoads_20260917/stream/../capped.hpp:3,
                 from /data/wenqianz/pivoter_repo/research/r1_skyline_index_20260918/../r1_terminal_20260918/../r1_orderreplay_20260917/active/../../r1_fullrange_20260917/../r1_tworoads_20260917/stream/../components.hpp:3,
                 from /data/wenqianz/pivoter_repo/research/r1_skyline_index_20260918/../r1_terminal_20260918/../r1_orderreplay_20260917/active/../../r1_fullrange_20260917/../r1_tworoads_20260917/stream/stream.hpp:3,
                 from /data/wenqianz/pivoter_repo/research/r1_skyline_index_20260918/../r1_terminal_20260918/../r1_orderreplay_20260917/active/../../r1_fullrange_20260917/generated.hpp:3,
                 from /data/wenqianz/pivoter_repo/research/r1_skyline_index_20260918/../r1_terminal_20260918/../r1_orderreplay_20260917/active/../order.hpp:3,
                 from /data/wenqianz/pivoter_repo/research/r1_skyline_index_20260918/../r1_terminal_20260918/../r1_orderreplay_20260917/active/active.hpp:3,
                 from /data/wenqianz/pivoter_repo/research/r1_skyline_index_20260918/../r1_terminal_20260918/terminal.hpp:3,
                 from /data/wenqianz/pivoter_repo/research/r1_skyline_index_20260918/common.hpp:6,
                 from /data/wenqianz/pivoter_repo/research/r1_skyline_index_20260918/count.cpp:1,
                 from /data/wenqianz/pivoter_repo/research/r1_skyline_index_20260918/chain_index_tool.cpp:10:
In function ‘void* memcpy(void*, const void*, size_t)’,
    inlined from ‘static double chainindex::Traits<double>::load(const unsigned char*) [with long unsigned int Wb = 64]’ at /data/wenqianz/pivoter_repo/research/r1_skyline_index_20260918/chain_index.hpp:52:174,
    inlined from ‘chainindex::ChainIndex<double>::top_at(const chainindex::ChainIndex<double>::Layer&, uint32_t) const::<lambda(auto:43)> [with auto:43 = std::integral_constant<long unsigned int, 64>]’ at /data/wenqianz/pivoter_repo/research/r1_skyline_index_20260918/chain_index.hpp:92:169,
    inlined from ‘auto chainindex::with_width(unsigned int, F&&) [with F = chainindex::ChainIndex<double>::top_at(const chainindex::ChainIndex<double>::Layer&, uint32_t) const::<lambda(auto:43)>]’ at /data/wenqianz/pivoter_repo/research/r1_skyline_index_20260918/chain_index.hpp:61:26,
    inlined from ‘T chainindex::ChainIndex<T>::top_at(const chainindex::ChainIndex<T>::Layer&, uint32_t) const [with T = double]’ at /data/wenqianz/pivoter_repo/research/r1_skyline_index_20260918/chain_index.hpp:92:92,
    inlined from ‘void chainindex::ChainIndex<T>::ladder(uint32_t, int, std::vector<std::pair<T, long unsigned int> >&) const [with T = double]’ at /data/wenqianz/pivoter_repo/research/r1_skyline_index_20260918/chain_index.hpp:177:36:
/usr/include/x86_64-linux-gnu/bits/string_fortified.h:29:33: warning: ‘void* __builtin___memcpy_chk(void*, const void*, long unsigned int, long unsigned int)’ forming offset [8, 63] is out of the bounds [0, 8] of object ‘u’ with type ‘uint64_t’ {aka ‘long unsigned int’} [-Warray-bounds]
   29 |   return __builtin___memcpy_chk (__dest, __src, __len,
      |          ~~~~~~~~~~~~~~~~~~~~~~~^~~~~~~~~~~~~~~~~~~~~~
   30 |                                  __glibc_objsize0 (__dest));
      |                                  ~~~~~~~~~~~~~~~~~~~~~~~~~~
In file included from /data/wenqianz/pivoter_repo/research/r1_skyline_index_20260918/chain_index_tool.cpp:12:
/data/wenqianz/pivoter_repo/research/r1_skyline_index_20260918/chain_index.hpp: In member function ‘void chainindex::ChainIndex<T>::ladder(uint32_t, int, std::vector<std::pair<T, long unsigned int> >&) const [with T = double]’:
/data/wenqianz/pivoter_repo/research/r1_skyline_index_20260918/chain_index.hpp:52:156: note: ‘u’ declared here
   52 |     template<size_t Wb> static double load(const unsigned char* p) { if constexpr (Wb == 8) { double x; std::memcpy(&x, p, 8); return x; } else { uint64_t u = 0; std::memcpy(&u, p, Wb); return static_cast<double>(u); } }
      |                                                                                                                                                            ^
In file included from /usr/include/string.h:535,
                 from /usr/include/boost/range/detail/implementation_help.hpp:18,
                 from /usr/include/boost/range/end.hpp:20,
                 from /usr/include/boost/range/functions.hpp:19,
                 from /usr/include/boost/range/iterator_range_core.hpp:38,
                 from /usr/include/boost/lexical_cast.hpp:30,
                 from /usr/include/boost/multiprecision/detail/number_base.hpp:20,
                 from /usr/include/boost/multiprecision/traits/is_variable_precision.hpp:10,
                 from /usr/include/boost/multiprecision/detail/precision.hpp:9,
                 from /usr/include/boost/multiprecision/number.hpp:25,
                 from /usr/include/boost/multiprecision/cpp_int.hpp:12,
                 from /data/wenqianz/pivoter_repo/research/r1_skyline_index_20260918/../r1_terminal_20260918/../r1_orderreplay_20260917/active/../../r1_fullrange_20260917/../r1_tworoads_20260917/stream/../../r1_bottomup_20260917/../r1_sizesplit_20260917/../r1_floorbatch_20260916/../r1_envelopecore_20260916/envelope.hpp:4,
                 from /data/wenqianz/pivoter_repo/research/r1_skyline_index_20260918/../r1_terminal_20260918/../r1_orderreplay_20260917/active/../../r1_fullrange_20260917/../r1_tworoads_20260917/stream/../../r1_bottomup_20260917/../r1_sizesplit_20260917/../r1_floorbatch_20260916/floor.hpp:3,
                 from /data/wenqianz/pivoter_repo/research/r1_skyline_index_20260918/../r1_terminal_20260918/../r1_orderreplay_20260917/active/../../r1_fullrange_20260917/../r1_tworoads_20260917/stream/../../r1_bottomup_20260917/../r1_sizesplit_20260917/split.hpp:3,
                 from /data/wenqianz/pivoter_repo/research/r1_skyline_index_20260918/../r1_terminal_20260918/../r1_orderreplay_20260917/active/../../r1_fullrange_20260917/../r1_tworoads_20260917/stream/../../r1_bottomup_20260917/bottomup.hpp:3,
                 from /data/wenqianz/pivoter_repo/research/r1_skyline_index_20260918/../r1_terminal_20260918/../r1_orderreplay_20260917/active/../../r1_fullrange_20260917/../r1_tworoads_20260917/stream/../capped.hpp:3,
                 from /data/wenqianz/pivoter_repo/research/r1_skyline_index_20260918/../r1_terminal_20260918/../r1_orderreplay_20260917/active/../../r1_fullrange_20260917/../r1_tworoads_20260917/stream/../components.hpp:3,
                 from /data/wenqianz/pivoter_repo/research/r1_skyline_index_20260918/../r1_terminal_20260918/../r1_orderreplay_20260917/active/../../r1_fullrange_20260917/../r1_tworoads_20260917/stream/stream.hpp:3,
                 from /data/wenqianz/pivoter_repo/research/r1_skyline_index_20260918/../r1_terminal_20260918/../r1_orderreplay_20260917/active/../../r1_fullrange_20260917/generated.hpp:3,
                 from /data/wenqianz/pivoter_repo/research/r1_skyline_index_20260918/../r1_terminal_20260918/../r1_orderreplay_20260917/active/../order.hpp:3,
                 from /data/wenqianz/pivoter_repo/research/r1_skyline_index_20260918/../r1_terminal_20260918/../r1_orderreplay_20260917/active/active.hpp:3,
                 from /data/wenqianz/pivoter_repo/research/r1_skyline_index_20260918/../r1_terminal_20260918/terminal.hpp:3,
                 from /data/wenqianz/pivoter_repo/research/r1_skyline_index_20260918/common.hpp:6,
                 from /data/wenqianz/pivoter_repo/research/r1_skyline_index_20260918/count.cpp:1,
                 from /data/wenqianz/pivoter_repo/research/r1_skyline_index_20260918/chain_index_tool.cpp:10:
In function ‘void* memcpy(void*, const void*, size_t)’,
    inlined from ‘static double chainindex::Traits<double>::load(const unsigned char*) [with long unsigned int Wb = 16]’ at /data/wenqianz/pivoter_repo/research/r1_skyline_index_20260918/chain_index.hpp:52:174,
    inlined from ‘chainindex::ChainIndex<double>::value(uint32_t, int) const::<lambda(auto:45)> [with auto:45 = std::integral_constant<long unsigned int, 16>]’ at /data/wenqianz/pivoter_repo/research/r1_skyline_index_20260918/chain_index.hpp:112:200,
    inlined from ‘auto chainindex::with_width(unsigned int, F&&) [with F = chainindex::ChainIndex<double>::value(uint32_t, int) const::<lambda(auto:45)>]’ at /data/wenqianz/pivoter_repo/research/r1_skyline_index_20260918/chain_index.hpp:60:81,
    inlined from ‘T chainindex::ChainIndex<T>::value(uint32_t, int) const [with T = double]’ at /data/wenqianz/pivoter_repo/research/r1_skyline_index_20260918/chain_index.hpp:112:122,
    inlined from ‘bench<boost::multiprecision::number<boost::multiprecision::backends::cpp_int_backend<256, 256, boost::multiprecision::unsigned_magnitude, boost::multiprecision::unchecked, void> > >(const Input&, const terminal::Index&, unsigned int, const string&, double)::<lambda()>’ at /data/wenqianz/pivoter_repo/research/r1_skyline_index_20260918/chain_index_tool.cpp:289:144:
/usr/include/x86_64-linux-gnu/bits/string_fortified.h:29:33: warning: ‘void* __builtin___memcpy_chk(void*, const void*, long unsigned int, long unsigned int)’ forming offset [8, 15] is out of the bounds [0, 8] of object ‘u’ with type ‘uint64_t’ {aka ‘long unsigned int’} [-Warray-bounds]
   29 |   return __builtin___memcpy_chk (__dest, __src, __len,
      |          ~~~~~~~~~~~~~~~~~~~~~~~^~~~~~~~~~~~~~~~~~~~~~
   30 |                                  __glibc_objsize0 (__dest));
      |                                  ~~~~~~~~~~~~~~~~~~~~~~~~~~
In file included from /data/wenqianz/pivoter_repo/research/r1_skyline_index_20260918/chain_index_tool.cpp:12:
/data/wenqianz/pivoter_repo/research/r1_skyline_index_20260918/chain_index.hpp: In lambda function:
/data/wenqianz/pivoter_repo/research/r1_skyline_index_20260918/chain_index.hpp:52:156: note: ‘u’ declared here
   52 |     template<size_t Wb> static double load(const unsigned char* p) { if constexpr (Wb == 8) { double x; std::memcpy(&x, p, 8); return x; } else { uint64_t u = 0; std::memcpy(&u, p, Wb); return static_cast<double>(u); } }
      |                                                                                                                                                            ^
In file included from /usr/include/string.h:535,
                 from /usr/include/boost/range/detail/implementation_help.hpp:18,
                 from /usr/include/boost/range/end.hpp:20,
                 from /usr/include/boost/range/functions.hpp:19,
                 from /usr/include/boost/range/iterator_range_core.hpp:38,
                 from /usr/include/boost/lexical_cast.hpp:30,
                 from /usr/include/boost/multiprecision/detail/number_base.hpp:20,
                 from /usr/include/boost/multiprecision/traits/is_variable_precision.hpp:10,
                 from /usr/include/boost/multiprecision/detail/precision.hpp:9,
                 from /usr/include/boost/multiprecision/number.hpp:25,
                 from /usr/include/boost/multiprecision/cpp_int.hpp:12,
                 from /data/wenqianz/pivoter_repo/research/r1_skyline_index_20260918/../r1_terminal_20260918/../r1_orderreplay_20260917/active/../../r1_fullrange_20260917/../r1_tworoads_20260917/stream/../../r1_bottomup_20260917/../r1_sizesplit_20260917/../r1_floorbatch_20260916/../r1_envelopecore_20260916/envelope.hpp:4,
                 from /data/wenqianz/pivoter_repo/research/r1_skyline_index_20260918/../r1_terminal_20260918/../r1_orderreplay_20260917/active/../../r1_fullrange_20260917/../r1_tworoads_20260917/stream/../../r1_bottomup_20260917/../r1_sizesplit_20260917/../r1_floorbatch_20260916/floor.hpp:3,
                 from /data/wenqianz/pivoter_repo/research/r1_skyline_index_20260918/../r1_terminal_20260918/../r1_orderreplay_20260917/active/../../r1_fullrange_20260917/../r1_tworoads_20260917/stream/../../r1_bottomup_20260917/../r1_sizesplit_20260917/split.hpp:3,
                 from /data/wenqianz/pivoter_repo/research/r1_skyline_index_20260918/../r1_terminal_20260918/../r1_orderreplay_20260917/active/../../r1_fullrange_20260917/../r1_tworoads_20260917/stream/../../r1_bottomup_20260917/bottomup.hpp:3,
                 from /data/wenqianz/pivoter_repo/research/r1_skyline_index_20260918/../r1_terminal_20260918/../r1_orderreplay_20260917/active/../../r1_fullrange_20260917/../r1_tworoads_20260917/stream/../capped.hpp:3,
                 from /data/wenqianz/pivoter_repo/research/r1_skyline_index_20260918/../r1_terminal_20260918/../r1_orderreplay_20260917/active/../../r1_fullrange_20260917/../r1_tworoads_20260917/stream/../components.hpp:3,
                 from /data/wenqianz/pivoter_repo/research/r1_skyline_index_20260918/../r1_terminal_20260918/../r1_orderreplay_20260917/active/../../r1_fullrange_20260917/../r1_tworoads_20260917/stream/stream.hpp:3,
                 from /data/wenqianz/pivoter_repo/research/r1_skyline_index_20260918/../r1_terminal_20260918/../r1_orderreplay_20260917/active/../../r1_fullrange_20260917/generated.hpp:3,
                 from /data/wenqianz/pivoter_repo/research/r1_skyline_index_20260918/../r1_terminal_20260918/../r1_orderreplay_20260917/active/../order.hpp:3,
                 from /data/wenqianz/pivoter_repo/research/r1_skyline_index_20260918/../r1_terminal_20260918/../r1_orderreplay_20260917/active/active.hpp:3,
                 from /data/wenqianz/pivoter_repo/research/r1_skyline_index_20260918/../r1_terminal_20260918/terminal.hpp:3,
                 from /data/wenqianz/pivoter_repo/research/r1_skyline_index_20260918/common.hpp:6,
                 from /data/wenqianz/pivoter_repo/research/r1_skyline_index_20260918/count.cpp:1,
                 from /data/wenqianz/pivoter_repo/research/r1_skyline_index_20260918/chain_index_tool.cpp:10:
In function ‘void* memcpy(void*, const void*, size_t)’,
    inlined from ‘static double chainindex::Traits<double>::load(const unsigned char*) [with long unsigned int Wb = 32]’ at /data/wenqianz/pivoter_repo/research/r1_skyline_index_20260918/chain_index.hpp:52:174,
    inlined from ‘chainindex::ChainIndex<double>::value(uint32_t, int) const::<lambda(auto:45)> [with auto:45 = std::integral_constant<long unsigned int, 32>]’ at /data/wenqianz/pivoter_repo/research/r1_skyline_index_20260918/chain_index.hpp:112:200,
    inlined from ‘auto chainindex::with_width(unsigned int, F&&) [with F = chainindex::ChainIndex<double>::value(uint32_t, int) const::<lambda(auto:45)>]’ at /data/wenqianz/pivoter_repo/research/r1_skyline_index_20260918/chain_index.hpp:60:138,
    inlined from ‘T chainindex::ChainIndex<T>::value(uint32_t, int) const [with T = double]’ at /data/wenqianz/pivoter_repo/research/r1_skyline_index_20260918/chain_index.hpp:112:122,
    inlined from ‘bench<boost::multiprecision::number<boost::multiprecision::backends::cpp_int_backend<256, 256, boost::multiprecision::unsigned_magnitude, boost::multiprecision::unchecked, void> > >(const Input&, const terminal::Index&, unsigned int, const string&, double)::<lambda()>’ at /data/wenqianz/pivoter_repo/research/r1_skyline_index_20260918/chain_index_tool.cpp:289:144:
/usr/include/x86_64-linux-gnu/bits/string_fortified.h:29:33: warning: ‘void* __builtin___memcpy_chk(void*, const void*, long unsigned int, long unsigned int)’ forming offset [8, 31] is out of the bounds [0, 8] of object ‘u’ with type ‘uint64_t’ {aka ‘long unsigned int’} [-Warray-bounds]
   29 |   return __builtin___memcpy_chk (__dest, __src, __len,
      |          ~~~~~~~~~~~~~~~~~~~~~~~^~~~~~~~~~~~~~~~~~~~~~
   30 |                                  __glibc_objsize0 (__dest));
      |                                  ~~~~~~~~~~~~~~~~~~~~~~~~~~
In file included from /data/wenqianz/pivoter_repo/research/r1_skyline_index_20260918/chain_index_tool.cpp:12:
/data/wenqianz/pivoter_repo/research/r1_skyline_index_20260918/chain_index.hpp: In lambda function:
/data/wenqianz/pivoter_repo/research/r1_skyline_index_20260918/chain_index.hpp:52:156: note: ‘u’ declared here
   52 |     template<size_t Wb> static double load(const unsigned char* p) { if constexpr (Wb == 8) { double x; std::memcpy(&x, p, 8); return x; } else { uint64_t u = 0; std::memcpy(&u, p, Wb); return static_cast<double>(u); } }
      |                                                                                                                                                            ^
In file included from /usr/include/string.h:535,
                 from /usr/include/boost/range/detail/implementation_help.hpp:18,
                 from /usr/include/boost/range/end.hpp:20,
                 from /usr/include/boost/range/functions.hpp:19,
                 from /usr/include/boost/range/iterator_range_core.hpp:38,
                 from /usr/include/boost/lexical_cast.hpp:30,
                 from /usr/include/boost/multiprecision/detail/number_base.hpp:20,
                 from /usr/include/boost/multiprecision/traits/is_variable_precision.hpp:10,
                 from /usr/include/boost/multiprecision/detail/precision.hpp:9,
                 from /usr/include/boost/multiprecision/number.hpp:25,
                 from /usr/include/boost/multiprecision/cpp_int.hpp:12,
                 from /data/wenqianz/pivoter_repo/research/r1_skyline_index_20260918/../r1_terminal_20260918/../r1_orderreplay_20260917/active/../../r1_fullrange_20260917/../r1_tworoads_20260917/stream/../../r1_bottomup_20260917/../r1_sizesplit_20260917/../r1_floorbatch_20260916/../r1_envelopecore_20260916/envelope.hpp:4,
                 from /data/wenqianz/pivoter_repo/research/r1_skyline_index_20260918/../r1_terminal_20260918/../r1_orderreplay_20260917/active/../../r1_fullrange_20260917/../r1_tworoads_20260917/stream/../../r1_bottomup_20260917/../r1_sizesplit_20260917/../r1_floorbatch_20260916/floor.hpp:3,
                 from /data/wenqianz/pivoter_repo/research/r1_skyline_index_20260918/../r1_terminal_20260918/../r1_orderreplay_20260917/active/../../r1_fullrange_20260917/../r1_tworoads_20260917/stream/../../r1_bottomup_20260917/../r1_sizesplit_20260917/split.hpp:3,
                 from /data/wenqianz/pivoter_repo/research/r1_skyline_index_20260918/../r1_terminal_20260918/../r1_orderreplay_20260917/active/../../r1_fullrange_20260917/../r1_tworoads_20260917/stream/../../r1_bottomup_20260917/bottomup.hpp:3,
                 from /data/wenqianz/pivoter_repo/research/r1_skyline_index_20260918/../r1_terminal_20260918/../r1_orderreplay_20260917/active/../../r1_fullrange_20260917/../r1_tworoads_20260917/stream/../capped.hpp:3,
                 from /data/wenqianz/pivoter_repo/research/r1_skyline_index_20260918/../r1_terminal_20260918/../r1_orderreplay_20260917/active/../../r1_fullrange_20260917/../r1_tworoads_20260917/stream/../components.hpp:3,
                 from /data/wenqianz/pivoter_repo/research/r1_skyline_index_20260918/../r1_terminal_20260918/../r1_orderreplay_20260917/active/../../r1_fullrange_20260917/../r1_tworoads_20260917/stream/stream.hpp:3,
                 from /data/wenqianz/pivoter_repo/research/r1_skyline_index_20260918/../r1_terminal_20260918/../r1_orderreplay_20260917/active/../../r1_fullrange_20260917/generated.hpp:3,
                 from /data/wenqianz/pivoter_repo/research/r1_skyline_index_20260918/../r1_terminal_20260918/../r1_orderreplay_20260917/active/../order.hpp:3,
                 from /data/wenqianz/pivoter_repo/research/r1_skyline_index_20260918/../r1_terminal_20260918/../r1_orderreplay_20260917/active/active.hpp:3,
                 from /data/wenqianz/pivoter_repo/research/r1_skyline_index_20260918/../r1_terminal_20260918/terminal.hpp:3,
                 from /data/wenqianz/pivoter_repo/research/r1_skyline_index_20260918/common.hpp:6,
                 from /data/wenqianz/pivoter_repo/research/r1_skyline_index_20260918/count.cpp:1,
                 from /data/wenqianz/pivoter_repo/research/r1_skyline_index_20260918/chain_index_tool.cpp:10:
In function ‘void* memcpy(void*, const void*, size_t)’,
    inlined from ‘static double chainindex::Traits<double>::load(const unsigned char*) [with long unsigned int Wb = 64]’ at /data/wenqianz/pivoter_repo/research/r1_skyline_index_20260918/chain_index.hpp:52:174,
    inlined from ‘chainindex::ChainIndex<double>::value(uint32_t, int) const::<lambda(auto:45)> [with auto:45 = std::integral_constant<long unsigned int, 64>]’ at /data/wenqianz/pivoter_repo/research/r1_skyline_index_20260918/chain_index.hpp:112:200,
    inlined from ‘auto chainindex::with_width(unsigned int, F&&) [with F = chainindex::ChainIndex<double>::value(uint32_t, int) const::<lambda(auto:45)>]’ at /data/wenqianz/pivoter_repo/research/r1_skyline_index_20260918/chain_index.hpp:61:26,
    inlined from ‘T chainindex::ChainIndex<T>::value(uint32_t, int) const [with T = double]’ at /data/wenqianz/pivoter_repo/research/r1_skyline_index_20260918/chain_index.hpp:112:122,
    inlined from ‘bench<boost::multiprecision::number<boost::multiprecision::backends::cpp_int_backend<256, 256, boost::multiprecision::unsigned_magnitude, boost::multiprecision::unchecked, void> > >(const Input&, const terminal::Index&, unsigned int, const string&, double)::<lambda()>’ at /data/wenqianz/pivoter_repo/research/r1_skyline_index_20260918/chain_index_tool.cpp:289:144:
/usr/include/x86_64-linux-gnu/bits/string_fortified.h:29:33: warning: ‘void* __builtin___memcpy_chk(void*, const void*, long unsigned int, long unsigned int)’ forming offset [8, 63] is out of the bounds [0, 8] of object ‘u’ with type ‘uint64_t’ {aka ‘long unsigned int’} [-Warray-bounds]
   29 |   return __builtin___memcpy_chk (__dest, __src, __len,
      |          ~~~~~~~~~~~~~~~~~~~~~~~^~~~~~~~~~~~~~~~~~~~~~
   30 |                                  __glibc_objsize0 (__dest));
      |                                  ~~~~~~~~~~~~~~~~~~~~~~~~~~
In file included from /data/wenqianz/pivoter_repo/research/r1_skyline_index_20260918/chain_index_tool.cpp:12:
/data/wenqianz/pivoter_repo/research/r1_skyline_index_20260918/chain_index.hpp: In lambda function:
/data/wenqianz/pivoter_repo/research/r1_skyline_index_20260918/chain_index.hpp:52:156: note: ‘u’ declared here
   52 |     template<size_t Wb> static double load(const unsigned char* p) { if constexpr (Wb == 8) { double x; std::memcpy(&x, p, 8); return x; } else { uint64_t u = 0; std::memcpy(&u, p, Wb); return static_cast<double>(u); } }
      |                                                                                                                                                            ^
In file included from /usr/include/string.h:535,
                 from /usr/include/boost/range/detail/implementation_help.hpp:18,
                 from /usr/include/boost/range/end.hpp:20,
                 from /usr/include/boost/range/functions.hpp:19,
                 from /usr/include/boost/range/iterator_range_core.hpp:38,
                 from /usr/include/boost/lexical_cast.hpp:30,
                 from /usr/include/boost/multiprecision/detail/number_base.hpp:20,
                 from /usr/include/boost/multiprecision/traits/is_variable_precision.hpp:10,
                 from /usr/include/boost/multiprecision/detail/precision.hpp:9,
                 from /usr/include/boost/multiprecision/number.hpp:25,
                 from /usr/include/boost/multiprecision/cpp_int.hpp:12,
                 from /data/wenqianz/pivoter_repo/research/r1_skyline_index_20260918/../r1_terminal_20260918/../r1_orderreplay_20260917/active/../../r1_fullrange_20260917/../r1_tworoads_20260917/stream/../../r1_bottomup_20260917/../r1_sizesplit_20260917/../r1_floorbatch_20260916/../r1_envelopecore_20260916/envelope.hpp:4,
                 from /data/wenqianz/pivoter_repo/research/r1_skyline_index_20260918/../r1_terminal_20260918/../r1_orderreplay_20260917/active/../../r1_fullrange_20260917/../r1_tworoads_20260917/stream/../../r1_bottomup_20260917/../r1_sizesplit_20260917/../r1_floorbatch_20260916/floor.hpp:3,
                 from /data/wenqianz/pivoter_repo/research/r1_skyline_index_20260918/../r1_terminal_20260918/../r1_orderreplay_20260917/active/../../r1_fullrange_20260917/../r1_tworoads_20260917/stream/../../r1_bottomup_20260917/../r1_sizesplit_20260917/split.hpp:3,
                 from /data/wenqianz/pivoter_repo/research/r1_skyline_index_20260918/../r1_terminal_20260918/../r1_orderreplay_20260917/active/../../r1_fullrange_20260917/../r1_tworoads_20260917/stream/../../r1_bottomup_20260917/bottomup.hpp:3,
                 from /data/wenqianz/pivoter_repo/research/r1_skyline_index_20260918/../r1_terminal_20260918/../r1_orderreplay_20260917/active/../../r1_fullrange_20260917/../r1_tworoads_20260917/stream/../capped.hpp:3,
                 from /data/wenqianz/pivoter_repo/research/r1_skyline_index_20260918/../r1_terminal_20260918/../r1_orderreplay_20260917/active/../../r1_fullrange_20260917/../r1_tworoads_20260917/stream/../components.hpp:3,
                 from /data/wenqianz/pivoter_repo/research/r1_skyline_index_20260918/../r1_terminal_20260918/../r1_orderreplay_20260917/active/../../r1_fullrange_20260917/../r1_tworoads_20260917/stream/stream.hpp:3,
                 from /data/wenqianz/pivoter_repo/research/r1_skyline_index_20260918/../r1_terminal_20260918/../r1_orderreplay_20260917/active/../../r1_fullrange_20260917/generated.hpp:3,
                 from /data/wenqianz/pivoter_repo/research/r1_skyline_index_20260918/../r1_terminal_20260918/../r1_orderreplay_20260917/active/../order.hpp:3,
                 from /data/wenqianz/pivoter_repo/research/r1_skyline_index_20260918/../r1_terminal_20260918/../r1_orderreplay_20260917/active/active.hpp:3,
                 from /data/wenqianz/pivoter_repo/research/r1_skyline_index_20260918/../r1_terminal_20260918/terminal.hpp:3,
                 from /data/wenqianz/pivoter_repo/research/r1_skyline_index_20260918/common.hpp:6,
                 from /data/wenqianz/pivoter_repo/research/r1_skyline_index_20260918/count.cpp:1,
                 from /data/wenqianz/pivoter_repo/research/r1_skyline_index_20260918/chain_index_tool.cpp:10:
In function ‘void* memcpy(void*, const void*, size_t)’,
    inlined from ‘static double chainindex::Traits<double>::load(const unsigned char*) [with long unsigned int Wb = 16]’ at /data/wenqianz/pivoter_repo/research/r1_skyline_index_20260918/chain_index.hpp:52:174,
    inlined from ‘chainindex::ChainIndex<double>::value(uint32_t, int) const::<lambda(auto:45)> [with auto:45 = std::integral_constant<long unsigned int, 16>]’ at /data/wenqianz/pivoter_repo/research/r1_skyline_index_20260918/chain_index.hpp:112:200,
    inlined from ‘auto chainindex::with_width(unsigned int, F&&) [with F = chainindex::ChainIndex<double>::value(uint32_t, int) const::<lambda(auto:45)>]’ at /data/wenqianz/pivoter_repo/research/r1_skyline_index_20260918/chain_index.hpp:60:81,
    inlined from ‘T chainindex::ChainIndex<T>::value(uint32_t, int) const [with T = double]’ at /data/wenqianz/pivoter_repo/research/r1_skyline_index_20260918/chain_index.hpp:112:122,
    inlined from ‘bench<__int128 unsigned>(const Input&, const terminal::Index&, unsigned int, const string&, double)::<lambda()>’ at /data/wenqianz/pivoter_repo/research/r1_skyline_index_20260918/chain_index_tool.cpp:289:144:
/usr/include/x86_64-linux-gnu/bits/string_fortified.h:29:33: warning: ‘void* __builtin___memcpy_chk(void*, const void*, long unsigned int, long unsigned int)’ forming offset [8, 15] is out of the bounds [0, 8] of object ‘u’ with type ‘uint64_t’ {aka ‘long unsigned int’} [-Warray-bounds]
   29 |   return __builtin___memcpy_chk (__dest, __src, __len,
      |          ~~~~~~~~~~~~~~~~~~~~~~~^~~~~~~~~~~~~~~~~~~~~~
   30 |                                  __glibc_objsize0 (__dest));
      |                                  ~~~~~~~~~~~~~~~~~~~~~~~~~~
In file included from /data/wenqianz/pivoter_repo/research/r1_skyline_index_20260918/chain_index_tool.cpp:12:
/data/wenqianz/pivoter_repo/research/r1_skyline_index_20260918/chain_index.hpp: In lambda function:
/data/wenqianz/pivoter_repo/research/r1_skyline_index_20260918/chain_index.hpp:52:156: note: ‘u’ declared here
   52 |     template<size_t Wb> static double load(const unsigned char* p) { if constexpr (Wb == 8) { double x; std::memcpy(&x, p, 8); return x; } else { uint64_t u = 0; std::memcpy(&u, p, Wb); return static_cast<double>(u); } }
      |                                                                                                                                                            ^
In file included from /usr/include/string.h:535,
                 from /usr/include/boost/range/detail/implementation_help.hpp:18,
                 from /usr/include/boost/range/end.hpp:20,
                 from /usr/include/boost/range/functions.hpp:19,
                 from /usr/include/boost/range/iterator_range_core.hpp:38,
                 from /usr/include/boost/lexical_cast.hpp:30,
                 from /usr/include/boost/multiprecision/detail/number_base.hpp:20,
                 from /usr/include/boost/multiprecision/traits/is_variable_precision.hpp:10,
                 from /usr/include/boost/multiprecision/detail/precision.hpp:9,
                 from /usr/include/boost/multiprecision/number.hpp:25,
                 from /usr/include/boost/multiprecision/cpp_int.hpp:12,
                 from /data/wenqianz/pivoter_repo/research/r1_skyline_index_20260918/../r1_terminal_20260918/../r1_orderreplay_20260917/active/../../r1_fullrange_20260917/../r1_tworoads_20260917/stream/../../r1_bottomup_20260917/../r1_sizesplit_20260917/../r1_floorbatch_20260916/../r1_envelopecore_20260916/envelope.hpp:4,
                 from /data/wenqianz/pivoter_repo/research/r1_skyline_index_20260918/../r1_terminal_20260918/../r1_orderreplay_20260917/active/../../r1_fullrange_20260917/../r1_tworoads_20260917/stream/../../r1_bottomup_20260917/../r1_sizesplit_20260917/../r1_floorbatch_20260916/floor.hpp:3,
                 from /data/wenqianz/pivoter_repo/research/r1_skyline_index_20260918/../r1_terminal_20260918/../r1_orderreplay_20260917/active/../../r1_fullrange_20260917/../r1_tworoads_20260917/stream/../../r1_bottomup_20260917/../r1_sizesplit_20260917/split.hpp:3,
                 from /data/wenqianz/pivoter_repo/research/r1_skyline_index_20260918/../r1_terminal_20260918/../r1_orderreplay_20260917/active/../../r1_fullrange_20260917/../r1_tworoads_20260917/stream/../../r1_bottomup_20260917/bottomup.hpp:3,
                 from /data/wenqianz/pivoter_repo/research/r1_skyline_index_20260918/../r1_terminal_20260918/../r1_orderreplay_20260917/active/../../r1_fullrange_20260917/../r1_tworoads_20260917/stream/../capped.hpp:3,
                 from /data/wenqianz/pivoter_repo/research/r1_skyline_index_20260918/../r1_terminal_20260918/../r1_orderreplay_20260917/active/../../r1_fullrange_20260917/../r1_tworoads_20260917/stream/../components.hpp:3,
                 from /data/wenqianz/pivoter_repo/research/r1_skyline_index_20260918/../r1_terminal_20260918/../r1_orderreplay_20260917/active/../../r1_fullrange_20260917/../r1_tworoads_20260917/stream/stream.hpp:3,
                 from /data/wenqianz/pivoter_repo/research/r1_skyline_index_20260918/../r1_terminal_20260918/../r1_orderreplay_20260917/active/../../r1_fullrange_20260917/generated.hpp:3,
                 from /data/wenqianz/pivoter_repo/research/r1_skyline_index_20260918/../r1_terminal_20260918/../r1_orderreplay_20260917/active/../order.hpp:3,
                 from /data/wenqianz/pivoter_repo/research/r1_skyline_index_20260918/../r1_terminal_20260918/../r1_orderreplay_20260917/active/active.hpp:3,
                 from /data/wenqianz/pivoter_repo/research/r1_skyline_index_20260918/../r1_terminal_20260918/terminal.hpp:3,
                 from /data/wenqianz/pivoter_repo/research/r1_skyline_index_20260918/common.hpp:6,
                 from /data/wenqianz/pivoter_repo/research/r1_skyline_index_20260918/count.cpp:1,
                 from /data/wenqianz/pivoter_repo/research/r1_skyline_index_20260918/chain_index_tool.cpp:10:
In function ‘void* memcpy(void*, const void*, size_t)’,
    inlined from ‘static double chainindex::Traits<double>::load(const unsigned char*) [with long unsigned int Wb = 32]’ at /data/wenqianz/pivoter_repo/research/r1_skyline_index_20260918/chain_index.hpp:52:174,
    inlined from ‘chainindex::ChainIndex<double>::value(uint32_t, int) const::<lambda(auto:45)> [with auto:45 = std::integral_constant<long unsigned int, 32>]’ at /data/wenqianz/pivoter_repo/research/r1_skyline_index_20260918/chain_index.hpp:112:200,
    inlined from ‘auto chainindex::with_width(unsigned int, F&&) [with F = chainindex::ChainIndex<double>::value(uint32_t, int) const::<lambda(auto:45)>]’ at /data/wenqianz/pivoter_repo/research/r1_skyline_index_20260918/chain_index.hpp:60:138,
    inlined from ‘T chainindex::ChainIndex<T>::value(uint32_t, int) const [with T = double]’ at /data/wenqianz/pivoter_repo/research/r1_skyline_index_20260918/chain_index.hpp:112:122,
    inlined from ‘bench<__int128 unsigned>(const Input&, const terminal::Index&, unsigned int, const string&, double)::<lambda()>’ at /data/wenqianz/pivoter_repo/research/r1_skyline_index_20260918/chain_index_tool.cpp:289:144:
/usr/include/x86_64-linux-gnu/bits/string_fortified.h:29:33: warning: ‘void* __builtin___memcpy_chk(void*, const void*, long unsigned int, long unsigned int)’ forming offset [8, 31] is out of the bounds [0, 8] of object ‘u’ with type ‘uint64_t’ {aka ‘long unsigned int’} [-Warray-bounds]
   29 |   return __builtin___memcpy_chk (__dest, __src, __len,
      |          ~~~~~~~~~~~~~~~~~~~~~~~^~~~~~~~~~~~~~~~~~~~~~
   30 |                                  __glibc_objsize0 (__dest));
      |                                  ~~~~~~~~~~~~~~~~~~~~~~~~~~
In file included from /data/wenqianz/pivoter_repo/research/r1_skyline_index_20260918/chain_index_tool.cpp:12:
/data/wenqianz/pivoter_repo/research/r1_skyline_index_20260918/chain_index.hpp: In lambda function:
/data/wenqianz/pivoter_repo/research/r1_skyline_index_20260918/chain_index.hpp:52:156: note: ‘u’ declared here
   52 |     template<size_t Wb> static double load(const unsigned char* p) { if constexpr (Wb == 8) { double x; std::memcpy(&x, p, 8); return x; } else { uint64_t u = 0; std::memcpy(&u, p, Wb); return static_cast<double>(u); } }
      |                                                                                                                                                            ^
In file included from /usr/include/string.h:535,
                 from /usr/include/boost/range/detail/implementation_help.hpp:18,
                 from /usr/include/boost/range/end.hpp:20,
                 from /usr/include/boost/range/functions.hpp:19,
                 from /usr/include/boost/range/iterator_range_core.hpp:38,
                 from /usr/include/boost/lexical_cast.hpp:30,
                 from /usr/include/boost/multiprecision/detail/number_base.hpp:20,
                 from /usr/include/boost/multiprecision/traits/is_variable_precision.hpp:10,
                 from /usr/include/boost/multiprecision/detail/precision.hpp:9,
                 from /usr/include/boost/multiprecision/number.hpp:25,
                 from /usr/include/boost/multiprecision/cpp_int.hpp:12,
                 from /data/wenqianz/pivoter_repo/research/r1_skyline_index_20260918/../r1_terminal_20260918/../r1_orderreplay_20260917/active/../../r1_fullrange_20260917/../r1_tworoads_20260917/stream/../../r1_bottomup_20260917/../r1_sizesplit_20260917/../r1_floorbatch_20260916/../r1_envelopecore_20260916/envelope.hpp:4,
                 from /data/wenqianz/pivoter_repo/research/r1_skyline_index_20260918/../r1_terminal_20260918/../r1_orderreplay_20260917/active/../../r1_fullrange_20260917/../r1_tworoads_20260917/stream/../../r1_bottomup_20260917/../r1_sizesplit_20260917/../r1_floorbatch_20260916/floor.hpp:3,
                 from /data/wenqianz/pivoter_repo/research/r1_skyline_index_20260918/../r1_terminal_20260918/../r1_orderreplay_20260917/active/../../r1_fullrange_20260917/../r1_tworoads_20260917/stream/../../r1_bottomup_20260917/../r1_sizesplit_20260917/split.hpp:3,
                 from /data/wenqianz/pivoter_repo/research/r1_skyline_index_20260918/../r1_terminal_20260918/../r1_orderreplay_20260917/active/../../r1_fullrange_20260917/../r1_tworoads_20260917/stream/../../r1_bottomup_20260917/bottomup.hpp:3,
                 from /data/wenqianz/pivoter_repo/research/r1_skyline_index_20260918/../r1_terminal_20260918/../r1_orderreplay_20260917/active/../../r1_fullrange_20260917/../r1_tworoads_20260917/stream/../capped.hpp:3,
                 from /data/wenqianz/pivoter_repo/research/r1_skyline_index_20260918/../r1_terminal_20260918/../r1_orderreplay_20260917/active/../../r1_fullrange_20260917/../r1_tworoads_20260917/stream/../components.hpp:3,
                 from /data/wenqianz/pivoter_repo/research/r1_skyline_index_20260918/../r1_terminal_20260918/../r1_orderreplay_20260917/active/../../r1_fullrange_20260917/../r1_tworoads_20260917/stream/stream.hpp:3,
                 from /data/wenqianz/pivoter_repo/research/r1_skyline_index_20260918/../r1_terminal_20260918/../r1_orderreplay_20260917/active/../../r1_fullrange_20260917/generated.hpp:3,
                 from /data/wenqianz/pivoter_repo/research/r1_skyline_index_20260918/../r1_terminal_20260918/../r1_orderreplay_20260917/active/../order.hpp:3,
                 from /data/wenqianz/pivoter_repo/research/r1_skyline_index_20260918/../r1_terminal_20260918/../r1_orderreplay_20260917/active/active.hpp:3,
                 from /data/wenqianz/pivoter_repo/research/r1_skyline_index_20260918/../r1_terminal_20260918/terminal.hpp:3,
                 from /data/wenqianz/pivoter_repo/research/r1_skyline_index_20260918/common.hpp:6,
                 from /data/wenqianz/pivoter_repo/research/r1_skyline_index_20260918/count.cpp:1,
                 from /data/wenqianz/pivoter_repo/research/r1_skyline_index_20260918/chain_index_tool.cpp:10:
In function ‘void* memcpy(void*, const void*, size_t)’,
    inlined from ‘static double chainindex::Traits<double>::load(const unsigned char*) [with long unsigned int Wb = 64]’ at /data/wenqianz/pivoter_repo/research/r1_skyline_index_20260918/chain_index.hpp:52:174,
    inlined from ‘chainindex::ChainIndex<double>::value(uint32_t, int) const::<lambda(auto:45)> [with auto:45 = std::integral_constant<long unsigned int, 64>]’ at /data/wenqianz/pivoter_repo/research/r1_skyline_index_20260918/chain_index.hpp:112:200,
    inlined from ‘auto chainindex::with_width(unsigned int, F&&) [with F = chainindex::ChainIndex<double>::value(uint32_t, int) const::<lambda(auto:45)>]’ at /data/wenqianz/pivoter_repo/research/r1_skyline_index_20260918/chain_index.hpp:61:26,
    inlined from ‘T chainindex::ChainIndex<T>::value(uint32_t, int) const [with T = double]’ at /data/wenqianz/pivoter_repo/research/r1_skyline_index_20260918/chain_index.hpp:112:122,
    inlined from ‘bench<__int128 unsigned>(const Input&, const terminal::Index&, unsigned int, const string&, double)::<lambda()>’ at /data/wenqianz/pivoter_repo/research/r1_skyline_index_20260918/chain_index_tool.cpp:289:144:
/usr/include/x86_64-linux-gnu/bits/string_fortified.h:29:33: warning: ‘void* __builtin___memcpy_chk(void*, const void*, long unsigned int, long unsigned int)’ forming offset [8, 63] is out of the bounds [0, 8] of object ‘u’ with type ‘uint64_t’ {aka ‘long unsigned int’} [-Warray-bounds]
   29 |   return __builtin___memcpy_chk (__dest, __src, __len,
      |          ~~~~~~~~~~~~~~~~~~~~~~~^~~~~~~~~~~~~~~~~~~~~~
   30 |                                  __glibc_objsize0 (__dest));
      |                                  ~~~~~~~~~~~~~~~~~~~~~~~~~~
In file included from /data/wenqianz/pivoter_repo/research/r1_skyline_index_20260918/chain_index_tool.cpp:12:
/data/wenqianz/pivoter_repo/research/r1_skyline_index_20260918/chain_index.hpp: In lambda function:
/data/wenqianz/pivoter_repo/research/r1_skyline_index_20260918/chain_index.hpp:52:156: note: ‘u’ declared here
   52 |     template<size_t Wb> static double load(const unsigned char* p) { if constexpr (Wb == 8) { double x; std::memcpy(&x, p, 8); return x; } else { uint64_t u = 0; std::memcpy(&u, p, Wb); return static_cast<double>(u); } }
      |                                                                                                                                                            ^
In file included from /usr/include/string.h:535,
                 from /usr/include/boost/range/detail/implementation_help.hpp:18,
                 from /usr/include/boost/range/end.hpp:20,
                 from /usr/include/boost/range/functions.hpp:19,
                 from /usr/include/boost/range/iterator_range_core.hpp:38,
                 from /usr/include/boost/lexical_cast.hpp:30,
                 from /usr/include/boost/multiprecision/detail/number_base.hpp:20,
                 from /usr/include/boost/multiprecision/traits/is_variable_precision.hpp:10,
                 from /usr/include/boost/multiprecision/detail/precision.hpp:9,
                 from /usr/include/boost/multiprecision/number.hpp:25,
                 from /usr/include/boost/multiprecision/cpp_int.hpp:12,
                 from /data/wenqianz/pivoter_repo/research/r1_skyline_index_20260918/../r1_terminal_20260918/../r1_orderreplay_20260917/active/../../r1_fullrange_20260917/../r1_tworoads_20260917/stream/../../r1_bottomup_20260917/../r1_sizesplit_20260917/../r1_floorbatch_20260916/../r1_envelopecore_20260916/envelope.hpp:4,
                 from /data/wenqianz/pivoter_repo/research/r1_skyline_index_20260918/../r1_terminal_20260918/../r1_orderreplay_20260917/active/../../r1_fullrange_20260917/../r1_tworoads_20260917/stream/../../r1_bottomup_20260917/../r1_sizesplit_20260917/../r1_floorbatch_20260916/floor.hpp:3,
                 from /data/wenqianz/pivoter_repo/research/r1_skyline_index_20260918/../r1_terminal_20260918/../r1_orderreplay_20260917/active/../../r1_fullrange_20260917/../r1_tworoads_20260917/stream/../../r1_bottomup_20260917/../r1_sizesplit_20260917/split.hpp:3,
                 from /data/wenqianz/pivoter_repo/research/r1_skyline_index_20260918/../r1_terminal_20260918/../r1_orderreplay_20260917/active/../../r1_fullrange_20260917/../r1_tworoads_20260917/stream/../../r1_bottomup_20260917/bottomup.hpp:3,
                 from /data/wenqianz/pivoter_repo/research/r1_skyline_index_20260918/../r1_terminal_20260918/../r1_orderreplay_20260917/active/../../r1_fullrange_20260917/../r1_tworoads_20260917/stream/../capped.hpp:3,
                 from /data/wenqianz/pivoter_repo/research/r1_skyline_index_20260918/../r1_terminal_20260918/../r1_orderreplay_20260917/active/../../r1_fullrange_20260917/../r1_tworoads_20260917/stream/../components.hpp:3,
                 from /data/wenqianz/pivoter_repo/research/r1_skyline_index_20260918/../r1_terminal_20260918/../r1_orderreplay_20260917/active/../../r1_fullrange_20260917/../r1_tworoads_20260917/stream/stream.hpp:3,
                 from /data/wenqianz/pivoter_repo/research/r1_skyline_index_20260918/../r1_terminal_20260918/../r1_orderreplay_20260917/active/../../r1_fullrange_20260917/generated.hpp:3,
                 from /data/wenqianz/pivoter_repo/research/r1_skyline_index_20260918/../r1_terminal_20260918/../r1_orderreplay_20260917/active/../order.hpp:3,
                 from /data/wenqianz/pivoter_repo/research/r1_skyline_index_20260918/../r1_terminal_20260918/../r1_orderreplay_20260917/active/active.hpp:3,
                 from /data/wenqianz/pivoter_repo/research/r1_skyline_index_20260918/../r1_terminal_20260918/terminal.hpp:3,
                 from /data/wenqianz/pivoter_repo/research/r1_skyline_index_20260918/common.hpp:6,
                 from /data/wenqianz/pivoter_repo/research/r1_skyline_index_20260918/count.cpp:1,
                 from /data/wenqianz/pivoter_repo/research/r1_skyline_index_20260918/chain_index_tool.cpp:10:
In function ‘void* memcpy(void*, const void*, size_t)’,
    inlined from ‘static double chainindex::Traits<double>::load(const unsigned char*) [with long unsigned int Wb = 16]’ at /data/wenqianz/pivoter_repo/research/r1_skyline_index_20260918/chain_index.hpp:52:174,
    inlined from ‘chainindex::ChainIndex<double>::value(uint32_t, int) const::<lambda(auto:45)> [with auto:45 = std::integral_constant<long unsigned int, 16>]’ at /data/wenqianz/pivoter_repo/research/r1_skyline_index_20260918/chain_index.hpp:112:200,
    inlined from ‘auto chainindex::with_width(unsigned int, F&&) [with F = chainindex::ChainIndex<double>::value(uint32_t, int) const::<lambda(auto:45)>]’ at /data/wenqianz/pivoter_repo/research/r1_skyline_index_20260918/chain_index.hpp:60:81,
    inlined from ‘T chainindex::ChainIndex<T>::value(uint32_t, int) const [with T = double]’ at /data/wenqianz/pivoter_repo/research/r1_skyline_index_20260918/chain_index.hpp:112:122,
    inlined from ‘bench<boost::multiprecision::number<boost::multiprecision::backends::cpp_int_backend<512, 512, boost::multiprecision::unsigned_magnitude, boost::multiprecision::unchecked, void> > >(const Input&, const terminal::Index&, unsigned int, const string&, double)::<lambda()>’ at /data/wenqianz/pivoter_repo/research/r1_skyline_index_20260918/chain_index_tool.cpp:289:144:
/usr/include/x86_64-linux-gnu/bits/string_fortified.h:29:33: warning: ‘void* __builtin___memcpy_chk(void*, const void*, long unsigned int, long unsigned int)’ forming offset [8, 15] is out of the bounds [0, 8] of object ‘u’ with type ‘uint64_t’ {aka ‘long unsigned int’} [-Warray-bounds]
   29 |   return __builtin___memcpy_chk (__dest, __src, __len,
      |          ~~~~~~~~~~~~~~~~~~~~~~~^~~~~~~~~~~~~~~~~~~~~~
   30 |                                  __glibc_objsize0 (__dest));
      |                                  ~~~~~~~~~~~~~~~~~~~~~~~~~~
In file included from /data/wenqianz/pivoter_repo/research/r1_skyline_index_20260918/chain_index_tool.cpp:12:
/data/wenqianz/pivoter_repo/research/r1_skyline_index_20260918/chain_index.hpp: In lambda function:
/data/wenqianz/pivoter_repo/research/r1_skyline_index_20260918/chain_index.hpp:52:156: note: ‘u’ declared here
   52 |     template<size_t Wb> static double load(const unsigned char* p) { if constexpr (Wb == 8) { double x; std::memcpy(&x, p, 8); return x; } else { uint64_t u = 0; std::memcpy(&u, p, Wb); return static_cast<double>(u); } }
      |                                                                                                                                                            ^
In file included from /usr/include/string.h:535,
                 from /usr/include/boost/range/detail/implementation_help.hpp:18,
                 from /usr/include/boost/range/end.hpp:20,
                 from /usr/include/boost/range/functions.hpp:19,
                 from /usr/include/boost/range/iterator_range_core.hpp:38,
                 from /usr/include/boost/lexical_cast.hpp:30,
                 from /usr/include/boost/multiprecision/detail/number_base.hpp:20,
                 from /usr/include/boost/multiprecision/traits/is_variable_precision.hpp:10,
                 from /usr/include/boost/multiprecision/detail/precision.hpp:9,
                 from /usr/include/boost/multiprecision/number.hpp:25,
                 from /usr/include/boost/multiprecision/cpp_int.hpp:12,
                 from /data/wenqianz/pivoter_repo/research/r1_skyline_index_20260918/../r1_terminal_20260918/../r1_orderreplay_20260917/active/../../r1_fullrange_20260917/../r1_tworoads_20260917/stream/../../r1_bottomup_20260917/../r1_sizesplit_20260917/../r1_floorbatch_20260916/../r1_envelopecore_20260916/envelope.hpp:4,
                 from /data/wenqianz/pivoter_repo/research/r1_skyline_index_20260918/../r1_terminal_20260918/../r1_orderreplay_20260917/active/../../r1_fullrange_20260917/../r1_tworoads_20260917/stream/../../r1_bottomup_20260917/../r1_sizesplit_20260917/../r1_floorbatch_20260916/floor.hpp:3,
                 from /data/wenqianz/pivoter_repo/research/r1_skyline_index_20260918/../r1_terminal_20260918/../r1_orderreplay_20260917/active/../../r1_fullrange_20260917/../r1_tworoads_20260917/stream/../../r1_bottomup_20260917/../r1_sizesplit_20260917/split.hpp:3,
                 from /data/wenqianz/pivoter_repo/research/r1_skyline_index_20260918/../r1_terminal_20260918/../r1_orderreplay_20260917/active/../../r1_fullrange_20260917/../r1_tworoads_20260917/stream/../../r1_bottomup_20260917/bottomup.hpp:3,
                 from /data/wenqianz/pivoter_repo/research/r1_skyline_index_20260918/../r1_terminal_20260918/../r1_orderreplay_20260917/active/../../r1_fullrange_20260917/../r1_tworoads_20260917/stream/../capped.hpp:3,
                 from /data/wenqianz/pivoter_repo/research/r1_skyline_index_20260918/../r1_terminal_20260918/../r1_orderreplay_20260917/active/../../r1_fullrange_20260917/../r1_tworoads_20260917/stream/../components.hpp:3,
                 from /data/wenqianz/pivoter_repo/research/r1_skyline_index_20260918/../r1_terminal_20260918/../r1_orderreplay_20260917/active/../../r1_fullrange_20260917/../r1_tworoads_20260917/stream/stream.hpp:3,
                 from /data/wenqianz/pivoter_repo/research/r1_skyline_index_20260918/../r1_terminal_20260918/../r1_orderreplay_20260917/active/../../r1_fullrange_20260917/generated.hpp:3,
                 from /data/wenqianz/pivoter_repo/research/r1_skyline_index_20260918/../r1_terminal_20260918/../r1_orderreplay_20260917/active/../order.hpp:3,
                 from /data/wenqianz/pivoter_repo/research/r1_skyline_index_20260918/../r1_terminal_20260918/../r1_orderreplay_20260917/active/active.hpp:3,
                 from /data/wenqianz/pivoter_repo/research/r1_skyline_index_20260918/../r1_terminal_20260918/terminal.hpp:3,
                 from /data/wenqianz/pivoter_repo/research/r1_skyline_index_20260918/common.hpp:6,
                 from /data/wenqianz/pivoter_repo/research/r1_skyline_index_20260918/count.cpp:1,
                 from /data/wenqianz/pivoter_repo/research/r1_skyline_index_20260918/chain_index_tool.cpp:10:
In function ‘void* memcpy(void*, const void*, size_t)’,
    inlined from ‘static double chainindex::Traits<double>::load(const unsigned char*) [with long unsigned int Wb = 32]’ at /data/wenqianz/pivoter_repo/research/r1_skyline_index_20260918/chain_index.hpp:52:174,
    inlined from ‘chainindex::ChainIndex<double>::value(uint32_t, int) const::<lambda(auto:45)> [with auto:45 = std::integral_constant<long unsigned int, 32>]’ at /data/wenqianz/pivoter_repo/research/r1_skyline_index_20260918/chain_index.hpp:112:200,
    inlined from ‘auto chainindex::with_width(unsigned int, F&&) [with F = chainindex::ChainIndex<double>::value(uint32_t, int) const::<lambda(auto:45)>]’ at /data/wenqianz/pivoter_repo/research/r1_skyline_index_20260918/chain_index.hpp:60:138,
    inlined from ‘T chainindex::ChainIndex<T>::value(uint32_t, int) const [with T = double]’ at /data/wenqianz/pivoter_repo/research/r1_skyline_index_20260918/chain_index.hpp:112:122,
    inlined from ‘bench<boost::multiprecision::number<boost::multiprecision::backends::cpp_int_backend<512, 512, boost::multiprecision::unsigned_magnitude, boost::multiprecision::unchecked, void> > >(const Input&, const terminal::Index&, unsigned int, const string&, double)::<lambda()>’ at /data/wenqianz/pivoter_repo/research/r1_skyline_index_20260918/chain_index_tool.cpp:289:144:
/usr/include/x86_64-linux-gnu/bits/string_fortified.h:29:33: warning: ‘void* __builtin___memcpy_chk(void*, const void*, long unsigned int, long unsigned int)’ forming offset [8, 31] is out of the bounds [0, 8] of object ‘u’ with type ‘uint64_t’ {aka ‘long unsigned int’} [-Warray-bounds]
   29 |   return __builtin___memcpy_chk (__dest, __src, __len,
      |          ~~~~~~~~~~~~~~~~~~~~~~~^~~~~~~~~~~~~~~~~~~~~~
   30 |                                  __glibc_objsize0 (__dest));
      |                                  ~~~~~~~~~~~~~~~~~~~~~~~~~~
In file included from /data/wenqianz/pivoter_repo/research/r1_skyline_index_20260918/chain_index_tool.cpp:12:
/data/wenqianz/pivoter_repo/research/r1_skyline_index_20260918/chain_index.hpp: In lambda function:
/data/wenqianz/pivoter_repo/research/r1_skyline_index_20260918/chain_index.hpp:52:156: note: ‘u’ declared here
   52 |     template<size_t Wb> static double load(const unsigned char* p) { if constexpr (Wb == 8) { double x; std::memcpy(&x, p, 8); return x; } else { uint64_t u = 0; std::memcpy(&u, p, Wb); return static_cast<double>(u); } }
      |                                                                                                                                                            ^
In file included from /usr/include/string.h:535,
                 from /usr/include/boost/range/detail/implementation_help.hpp:18,
                 from /usr/include/boost/range/end.hpp:20,
                 from /usr/include/boost/range/functions.hpp:19,
                 from /usr/include/boost/range/iterator_range_core.hpp:38,
                 from /usr/include/boost/lexical_cast.hpp:30,
                 from /usr/include/boost/multiprecision/detail/number_base.hpp:20,
                 from /usr/include/boost/multiprecision/traits/is_variable_precision.hpp:10,
                 from /usr/include/boost/multiprecision/detail/precision.hpp:9,
                 from /usr/include/boost/multiprecision/number.hpp:25,
                 from /usr/include/boost/multiprecision/cpp_int.hpp:12,
                 from /data/wenqianz/pivoter_repo/research/r1_skyline_index_20260918/../r1_terminal_20260918/../r1_orderreplay_20260917/active/../../r1_fullrange_20260917/../r1_tworoads_20260917/stream/../../r1_bottomup_20260917/../r1_sizesplit_20260917/../r1_floorbatch_20260916/../r1_envelopecore_20260916/envelope.hpp:4,
                 from /data/wenqianz/pivoter_repo/research/r1_skyline_index_20260918/../r1_terminal_20260918/../r1_orderreplay_20260917/active/../../r1_fullrange_20260917/../r1_tworoads_20260917/stream/../../r1_bottomup_20260917/../r1_sizesplit_20260917/../r1_floorbatch_20260916/floor.hpp:3,
                 from /data/wenqianz/pivoter_repo/research/r1_skyline_index_20260918/../r1_terminal_20260918/../r1_orderreplay_20260917/active/../../r1_fullrange_20260917/../r1_tworoads_20260917/stream/../../r1_bottomup_20260917/../r1_sizesplit_20260917/split.hpp:3,
                 from /data/wenqianz/pivoter_repo/research/r1_skyline_index_20260918/../r1_terminal_20260918/../r1_orderreplay_20260917/active/../../r1_fullrange_20260917/../r1_tworoads_20260917/stream/../../r1_bottomup_20260917/bottomup.hpp:3,
                 from /data/wenqianz/pivoter_repo/research/r1_skyline_index_20260918/../r1_terminal_20260918/../r1_orderreplay_20260917/active/../../r1_fullrange_20260917/../r1_tworoads_20260917/stream/../capped.hpp:3,
                 from /data/wenqianz/pivoter_repo/research/r1_skyline_index_20260918/../r1_terminal_20260918/../r1_orderreplay_20260917/active/../../r1_fullrange_20260917/../r1_tworoads_20260917/stream/../components.hpp:3,
                 from /data/wenqianz/pivoter_repo/research/r1_skyline_index_20260918/../r1_terminal_20260918/../r1_orderreplay_20260917/active/../../r1_fullrange_20260917/../r1_tworoads_20260917/stream/stream.hpp:3,
                 from /data/wenqianz/pivoter_repo/research/r1_skyline_index_20260918/../r1_terminal_20260918/../r1_orderreplay_20260917/active/../../r1_fullrange_20260917/generated.hpp:3,
                 from /data/wenqianz/pivoter_repo/research/r1_skyline_index_20260918/../r1_terminal_20260918/../r1_orderreplay_20260917/active/../order.hpp:3,
                 from /data/wenqianz/pivoter_repo/research/r1_skyline_index_20260918/../r1_terminal_20260918/../r1_orderreplay_20260917/active/active.hpp:3,
                 from /data/wenqianz/pivoter_repo/research/r1_skyline_index_20260918/../r1_terminal_20260918/terminal.hpp:3,
                 from /data/wenqianz/pivoter_repo/research/r1_skyline_index_20260918/common.hpp:6,
                 from /data/wenqianz/pivoter_repo/research/r1_skyline_index_20260918/count.cpp:1,
                 from /data/wenqianz/pivoter_repo/research/r1_skyline_index_20260918/chain_index_tool.cpp:10:
In function ‘void* memcpy(void*, const void*, size_t)’,
    inlined from ‘static double chainindex::Traits<double>::load(const unsigned char*) [with long unsigned int Wb = 64]’ at /data/wenqianz/pivoter_repo/research/r1_skyline_index_20260918/chain_index.hpp:52:174,
    inlined from ‘chainindex::ChainIndex<double>::value(uint32_t, int) const::<lambda(auto:45)> [with auto:45 = std::integral_constant<long unsigned int, 64>]’ at /data/wenqianz/pivoter_repo/research/r1_skyline_index_20260918/chain_index.hpp:112:200,
    inlined from ‘auto chainindex::with_width(unsigned int, F&&) [with F = chainindex::ChainIndex<double>::value(uint32_t, int) const::<lambda(auto:45)>]’ at /data/wenqianz/pivoter_repo/research/r1_skyline_index_20260918/chain_index.hpp:61:26,
    inlined from ‘T chainindex::ChainIndex<T>::value(uint32_t, int) const [with T = double]’ at /data/wenqianz/pivoter_repo/research/r1_skyline_index_20260918/chain_index.hpp:112:122,
    inlined from ‘bench<boost::multiprecision::number<boost::multiprecision::backends::cpp_int_backend<512, 512, boost::multiprecision::unsigned_magnitude, boost::multiprecision::unchecked, void> > >(const Input&, const terminal::Index&, unsigned int, const string&, double)::<lambda()>’ at /data/wenqianz/pivoter_repo/research/r1_skyline_index_20260918/chain_index_tool.cpp:289:144:
/usr/include/x86_64-linux-gnu/bits/string_fortified.h:29:33: warning: ‘void* __builtin___memcpy_chk(void*, const void*, long unsigned int, long unsigned int)’ forming offset [8, 63] is out of the bounds [0, 8] of object ‘u’ with type ‘uint64_t’ {aka ‘long unsigned int’} [-Warray-bounds]
   29 |   return __builtin___memcpy_chk (__dest, __src, __len,
      |          ~~~~~~~~~~~~~~~~~~~~~~~^~~~~~~~~~~~~~~~~~~~~~
   30 |                                  __glibc_objsize0 (__dest));
      |                                  ~~~~~~~~~~~~~~~~~~~~~~~~~~
In file included from /data/wenqianz/pivoter_repo/research/r1_skyline_index_20260918/chain_index_tool.cpp:12:
/data/wenqianz/pivoter_repo/research/r1_skyline_index_20260918/chain_index.hpp: In lambda function:
/data/wenqianz/pivoter_repo/research/r1_skyline_index_20260918/chain_index.hpp:52:156: note: ‘u’ declared here
   52 |     template<size_t Wb> static double load(const unsigned char* p) { if constexpr (Wb == 8) { double x; std::memcpy(&x, p, 8); return x; } else { uint64_t u = 0; std::memcpy(&u, p, Wb); return static_cast<double>(u); } }
      |                                                                                                                                                            ^
In file included from /usr/include/string.h:535,
                 from /usr/include/boost/range/detail/implementation_help.hpp:18,
                 from /usr/include/boost/range/end.hpp:20,
                 from /usr/include/boost/range/functions.hpp:19,
                 from /usr/include/boost/range/iterator_range_core.hpp:38,
                 from /usr/include/boost/lexical_cast.hpp:30,
                 from /usr/include/boost/multiprecision/detail/number_base.hpp:20,
                 from /usr/include/boost/multiprecision/traits/is_variable_precision.hpp:10,
                 from /usr/include/boost/multiprecision/detail/precision.hpp:9,
                 from /usr/include/boost/multiprecision/number.hpp:25,
                 from /usr/include/boost/multiprecision/cpp_int.hpp:12,
                 from /data/wenqianz/pivoter_repo/research/r1_skyline_index_20260918/../r1_terminal_20260918/../r1_orderreplay_20260917/active/../../r1_fullrange_20260917/../r1_tworoads_20260917/stream/../../r1_bottomup_20260917/../r1_sizesplit_20260917/../r1_floorbatch_20260916/../r1_envelopecore_20260916/envelope.hpp:4,
                 from /data/wenqianz/pivoter_repo/research/r1_skyline_index_20260918/../r1_terminal_20260918/../r1_orderreplay_20260917/active/../../r1_fullrange_20260917/../r1_tworoads_20260917/stream/../../r1_bottomup_20260917/../r1_sizesplit_20260917/../r1_floorbatch_20260916/floor.hpp:3,
                 from /data/wenqianz/pivoter_repo/research/r1_skyline_index_20260918/../r1_terminal_20260918/../r1_orderreplay_20260917/active/../../r1_fullrange_20260917/../r1_tworoads_20260917/stream/../../r1_bottomup_20260917/../r1_sizesplit_20260917/split.hpp:3,
                 from /data/wenqianz/pivoter_repo/research/r1_skyline_index_20260918/../r1_terminal_20260918/../r1_orderreplay_20260917/active/../../r1_fullrange_20260917/../r1_tworoads_20260917/stream/../../r1_bottomup_20260917/bottomup.hpp:3,
                 from /data/wenqianz/pivoter_repo/research/r1_skyline_index_20260918/../r1_terminal_20260918/../r1_orderreplay_20260917/active/../../r1_fullrange_20260917/../r1_tworoads_20260917/stream/../capped.hpp:3,
                 from /data/wenqianz/pivoter_repo/research/r1_skyline_index_20260918/../r1_terminal_20260918/../r1_orderreplay_20260917/active/../../r1_fullrange_20260917/../r1_tworoads_20260917/stream/../components.hpp:3,
                 from /data/wenqianz/pivoter_repo/research/r1_skyline_index_20260918/../r1_terminal_20260918/../r1_orderreplay_20260917/active/../../r1_fullrange_20260917/../r1_tworoads_20260917/stream/stream.hpp:3,
                 from /data/wenqianz/pivoter_repo/research/r1_skyline_index_20260918/../r1_terminal_20260918/../r1_orderreplay_20260917/active/../../r1_fullrange_20260917/generated.hpp:3,
                 from /data/wenqianz/pivoter_repo/research/r1_skyline_index_20260918/../r1_terminal_20260918/../r1_orderreplay_20260917/active/../order.hpp:3,
                 from /data/wenqianz/pivoter_repo/research/r1_skyline_index_20260918/../r1_terminal_20260918/../r1_orderreplay_20260917/active/active.hpp:3,
                 from /data/wenqianz/pivoter_repo/research/r1_skyline_index_20260918/../r1_terminal_20260918/terminal.hpp:3,
                 from /data/wenqianz/pivoter_repo/research/r1_skyline_index_20260918/common.hpp:6,
                 from /data/wenqianz/pivoter_repo/research/r1_skyline_index_20260918/count.cpp:1,
                 from /data/wenqianz/pivoter_repo/research/r1_skyline_index_20260918/chain_index_tool.cpp:10:
In function ‘void* memcpy(void*, const void*, size_t)’,
    inlined from ‘static double chainindex::Traits<double>::load(const unsigned char*) [with long unsigned int Wb = 16]’ at /data/wenqianz/pivoter_repo/research/r1_skyline_index_20260918/chain_index.hpp:52:174,
    inlined from ‘chainindex::ChainIndex<double>::value(uint32_t, int) const::<lambda(auto:45)> [with auto:45 = std::integral_constant<long unsigned int, 16>]’ at /data/wenqianz/pivoter_repo/research/r1_skyline_index_20260918/chain_index.hpp:112:200,
    inlined from ‘auto chainindex::with_width(unsigned int, F&&) [with F = chainindex::ChainIndex<double>::value(uint32_t, int) const::<lambda(auto:45)>]’ at /data/wenqianz/pivoter_repo/research/r1_skyline_index_20260918/chain_index.hpp:60:81,
    inlined from ‘T chainindex::ChainIndex<T>::value(uint32_t, int) const [with T = double]’ at /data/wenqianz/pivoter_repo/research/r1_skyline_index_20260918/chain_index.hpp:112:122,
    inlined from ‘bench<long unsigned int>(const Input&, const terminal::Index&, unsigned int, const string&, double)::<lambda()>’ at /data/wenqianz/pivoter_repo/research/r1_skyline_index_20260918/chain_index_tool.cpp:289:144:
/usr/include/x86_64-linux-gnu/bits/string_fortified.h:29:33: warning: ‘void* __builtin___memcpy_chk(void*, const void*, long unsigned int, long unsigned int)’ forming offset [8, 15] is out of the bounds [0, 8] of object ‘u’ with type ‘uint64_t’ {aka ‘long unsigned int’} [-Warray-bounds]
   29 |   return __builtin___memcpy_chk (__dest, __src, __len,
      |          ~~~~~~~~~~~~~~~~~~~~~~~^~~~~~~~~~~~~~~~~~~~~~
   30 |                                  __glibc_objsize0 (__dest));
      |                                  ~~~~~~~~~~~~~~~~~~~~~~~~~~
In file included from /data/wenqianz/pivoter_repo/research/r1_skyline_index_20260918/chain_index_tool.cpp:12:
/data/wenqianz/pivoter_repo/research/r1_skyline_index_20260918/chain_index.hpp: In lambda function:
/data/wenqianz/pivoter_repo/research/r1_skyline_index_20260918/chain_index.hpp:52:156: note: ‘u’ declared here
   52 |     template<size_t Wb> static double load(const unsigned char* p) { if constexpr (Wb == 8) { double x; std::memcpy(&x, p, 8); return x; } else { uint64_t u = 0; std::memcpy(&u, p, Wb); return static_cast<double>(u); } }
      |                                                                                                                                                            ^
In file included from /usr/include/string.h:535,
                 from /usr/include/boost/range/detail/implementation_help.hpp:18,
                 from /usr/include/boost/range/end.hpp:20,
                 from /usr/include/boost/range/functions.hpp:19,
                 from /usr/include/boost/range/iterator_range_core.hpp:38,
                 from /usr/include/boost/lexical_cast.hpp:30,
                 from /usr/include/boost/multiprecision/detail/number_base.hpp:20,
                 from /usr/include/boost/multiprecision/traits/is_variable_precision.hpp:10,
                 from /usr/include/boost/multiprecision/detail/precision.hpp:9,
                 from /usr/include/boost/multiprecision/number.hpp:25,
                 from /usr/include/boost/multiprecision/cpp_int.hpp:12,
                 from /data/wenqianz/pivoter_repo/research/r1_skyline_index_20260918/../r1_terminal_20260918/../r1_orderreplay_20260917/active/../../r1_fullrange_20260917/../r1_tworoads_20260917/stream/../../r1_bottomup_20260917/../r1_sizesplit_20260917/../r1_floorbatch_20260916/../r1_envelopecore_20260916/envelope.hpp:4,
                 from /data/wenqianz/pivoter_repo/research/r1_skyline_index_20260918/../r1_terminal_20260918/../r1_orderreplay_20260917/active/../../r1_fullrange_20260917/../r1_tworoads_20260917/stream/../../r1_bottomup_20260917/../r1_sizesplit_20260917/../r1_floorbatch_20260916/floor.hpp:3,
                 from /data/wenqianz/pivoter_repo/research/r1_skyline_index_20260918/../r1_terminal_20260918/../r1_orderreplay_20260917/active/../../r1_fullrange_20260917/../r1_tworoads_20260917/stream/../../r1_bottomup_20260917/../r1_sizesplit_20260917/split.hpp:3,
                 from /data/wenqianz/pivoter_repo/research/r1_skyline_index_20260918/../r1_terminal_20260918/../r1_orderreplay_20260917/active/../../r1_fullrange_20260917/../r1_tworoads_20260917/stream/../../r1_bottomup_20260917/bottomup.hpp:3,
                 from /data/wenqianz/pivoter_repo/research/r1_skyline_index_20260918/../r1_terminal_20260918/../r1_orderreplay_20260917/active/../../r1_fullrange_20260917/../r1_tworoads_20260917/stream/../capped.hpp:3,
                 from /data/wenqianz/pivoter_repo/research/r1_skyline_index_20260918/../r1_terminal_20260918/../r1_orderreplay_20260917/active/../../r1_fullrange_20260917/../r1_tworoads_20260917/stream/../components.hpp:3,
                 from /data/wenqianz/pivoter_repo/research/r1_skyline_index_20260918/../r1_terminal_20260918/../r1_orderreplay_20260917/active/../../r1_fullrange_20260917/../r1_tworoads_20260917/stream/stream.hpp:3,
                 from /data/wenqianz/pivoter_repo/research/r1_skyline_index_20260918/../r1_terminal_20260918/../r1_orderreplay_20260917/active/../../r1_fullrange_20260917/generated.hpp:3,
                 from /data/wenqianz/pivoter_repo/research/r1_skyline_index_20260918/../r1_terminal_20260918/../r1_orderreplay_20260917/active/../order.hpp:3,
                 from /data/wenqianz/pivoter_repo/research/r1_skyline_index_20260918/../r1_terminal_20260918/../r1_orderreplay_20260917/active/active.hpp:3,
                 from /data/wenqianz/pivoter_repo/research/r1_skyline_index_20260918/../r1_terminal_20260918/terminal.hpp:3,
                 from /data/wenqianz/pivoter_repo/research/r1_skyline_index_20260918/common.hpp:6,
                 from /data/wenqianz/pivoter_repo/research/r1_skyline_index_20260918/count.cpp:1,
                 from /data/wenqianz/pivoter_repo/research/r1_skyline_index_20260918/chain_index_tool.cpp:10:
In function ‘void* memcpy(void*, const void*, size_t)’,
    inlined from ‘static double chainindex::Traits<double>::load(const unsigned char*) [with long unsigned int Wb = 32]’ at /data/wenqianz/pivoter_repo/research/r1_skyline_index_20260918/chain_index.hpp:52:174,
    inlined from ‘chainindex::ChainIndex<double>::value(uint32_t, int) const::<lambda(auto:45)> [with auto:45 = std::integral_constant<long unsigned int, 32>]’ at /data/wenqianz/pivoter_repo/research/r1_skyline_index_20260918/chain_index.hpp:112:200,
    inlined from ‘auto chainindex::with_width(unsigned int, F&&) [with F = chainindex::ChainIndex<double>::value(uint32_t, int) const::<lambda(auto:45)>]’ at /data/wenqianz/pivoter_repo/research/r1_skyline_index_20260918/chain_index.hpp:60:138,
    inlined from ‘T chainindex::ChainIndex<T>::value(uint32_t, int) const [with T = double]’ at /data/wenqianz/pivoter_repo/research/r1_skyline_index_20260918/chain_index.hpp:112:122,
    inlined from ‘bench<long unsigned int>(const Input&, const terminal::Index&, unsigned int, const string&, double)::<lambda()>’ at /data/wenqianz/pivoter_repo/research/r1_skyline_index_20260918/chain_index_tool.cpp:289:144:
/usr/include/x86_64-linux-gnu/bits/string_fortified.h:29:33: warning: ‘void* __builtin___memcpy_chk(void*, const void*, long unsigned int, long unsigned int)’ forming offset [8, 31] is out of the bounds [0, 8] of object ‘u’ with type ‘uint64_t’ {aka ‘long unsigned int’} [-Warray-bounds]
   29 |   return __builtin___memcpy_chk (__dest, __src, __len,
      |          ~~~~~~~~~~~~~~~~~~~~~~~^~~~~~~~~~~~~~~~~~~~~~
   30 |                                  __glibc_objsize0 (__dest));
      |                                  ~~~~~~~~~~~~~~~~~~~~~~~~~~
In file included from /data/wenqianz/pivoter_repo/research/r1_skyline_index_20260918/chain_index_tool.cpp:12:
/data/wenqianz/pivoter_repo/research/r1_skyline_index_20260918/chain_index.hpp: In lambda function:
/data/wenqianz/pivoter_repo/research/r1_skyline_index_20260918/chain_index.hpp:52:156: note: ‘u’ declared here
   52 |     template<size_t Wb> static double load(const unsigned char* p) { if constexpr (Wb == 8) { double x; std::memcpy(&x, p, 8); return x; } else { uint64_t u = 0; std::memcpy(&u, p, Wb); return static_cast<double>(u); } }
      |                                                                                                                                                            ^
In file included from /usr/include/string.h:535,
                 from /usr/include/boost/range/detail/implementation_help.hpp:18,
                 from /usr/include/boost/range/end.hpp:20,
                 from /usr/include/boost/range/functions.hpp:19,
                 from /usr/include/boost/range/iterator_range_core.hpp:38,
                 from /usr/include/boost/lexical_cast.hpp:30,
                 from /usr/include/boost/multiprecision/detail/number_base.hpp:20,
                 from /usr/include/boost/multiprecision/traits/is_variable_precision.hpp:10,
                 from /usr/include/boost/multiprecision/detail/precision.hpp:9,
                 from /usr/include/boost/multiprecision/number.hpp:25,
                 from /usr/include/boost/multiprecision/cpp_int.hpp:12,
                 from /data/wenqianz/pivoter_repo/research/r1_skyline_index_20260918/../r1_terminal_20260918/../r1_orderreplay_20260917/active/../../r1_fullrange_20260917/../r1_tworoads_20260917/stream/../../r1_bottomup_20260917/../r1_sizesplit_20260917/../r1_floorbatch_20260916/../r1_envelopecore_20260916/envelope.hpp:4,
                 from /data/wenqianz/pivoter_repo/research/r1_skyline_index_20260918/../r1_terminal_20260918/../r1_orderreplay_20260917/active/../../r1_fullrange_20260917/../r1_tworoads_20260917/stream/../../r1_bottomup_20260917/../r1_sizesplit_20260917/../r1_floorbatch_20260916/floor.hpp:3,
                 from /data/wenqianz/pivoter_repo/research/r1_skyline_index_20260918/../r1_terminal_20260918/../r1_orderreplay_20260917/active/../../r1_fullrange_20260917/../r1_tworoads_20260917/stream/../../r1_bottomup_20260917/../r1_sizesplit_20260917/split.hpp:3,
                 from /data/wenqianz/pivoter_repo/research/r1_skyline_index_20260918/../r1_terminal_20260918/../r1_orderreplay_20260917/active/../../r1_fullrange_20260917/../r1_tworoads_20260917/stream/../../r1_bottomup_20260917/bottomup.hpp:3,
                 from /data/wenqianz/pivoter_repo/research/r1_skyline_index_20260918/../r1_terminal_20260918/../r1_orderreplay_20260917/active/../../r1_fullrange_20260917/../r1_tworoads_20260917/stream/../capped.hpp:3,
                 from /data/wenqianz/pivoter_repo/research/r1_skyline_index_20260918/../r1_terminal_20260918/../r1_orderreplay_20260917/active/../../r1_fullrange_20260917/../r1_tworoads_20260917/stream/../components.hpp:3,
                 from /data/wenqianz/pivoter_repo/research/r1_skyline_index_20260918/../r1_terminal_20260918/../r1_orderreplay_20260917/active/../../r1_fullrange_20260917/../r1_tworoads_20260917/stream/stream.hpp:3,
                 from /data/wenqianz/pivoter_repo/research/r1_skyline_index_20260918/../r1_terminal_20260918/../r1_orderreplay_20260917/active/../../r1_fullrange_20260917/generated.hpp:3,
                 from /data/wenqianz/pivoter_repo/research/r1_skyline_index_20260918/../r1_terminal_20260918/../r1_orderreplay_20260917/active/../order.hpp:3,
                 from /data/wenqianz/pivoter_repo/research/r1_skyline_index_20260918/../r1_terminal_20260918/../r1_orderreplay_20260917/active/active.hpp:3,
                 from /data/wenqianz/pivoter_repo/research/r1_skyline_index_20260918/../r1_terminal_20260918/terminal.hpp:3,
                 from /data/wenqianz/pivoter_repo/research/r1_skyline_index_20260918/common.hpp:6,
                 from /data/wenqianz/pivoter_repo/research/r1_skyline_index_20260918/count.cpp:1,
                 from /data/wenqianz/pivoter_repo/research/r1_skyline_index_20260918/chain_index_tool.cpp:10:
In function ‘void* memcpy(void*, const void*, size_t)’,
    inlined from ‘static double chainindex::Traits<double>::load(const unsigned char*) [with long unsigned int Wb = 64]’ at /data/wenqianz/pivoter_repo/research/r1_skyline_index_20260918/chain_index.hpp:52:174,
    inlined from ‘chainindex::ChainIndex<double>::value(uint32_t, int) const::<lambda(auto:45)> [with auto:45 = std::integral_constant<long unsigned int, 64>]’ at /data/wenqianz/pivoter_repo/research/r1_skyline_index_20260918/chain_index.hpp:112:200,
    inlined from ‘auto chainindex::with_width(unsigned int, F&&) [with F = chainindex::ChainIndex<double>::value(uint32_t, int) const::<lambda(auto:45)>]’ at /data/wenqianz/pivoter_repo/research/r1_skyline_index_20260918/chain_index.hpp:61:26,
    inlined from ‘T chainindex::ChainIndex<T>::value(uint32_t, int) const [with T = double]’ at /data/wenqianz/pivoter_repo/research/r1_skyline_index_20260918/chain_index.hpp:112:122,
    inlined from ‘bench<long unsigned int>(const Input&, const terminal::Index&, unsigned int, const string&, double)::<lambda()>’ at /data/wenqianz/pivoter_repo/research/r1_skyline_index_20260918/chain_index_tool.cpp:289:144:
/usr/include/x86_64-linux-gnu/bits/string_fortified.h:29:33: warning: ‘void* __builtin___memcpy_chk(void*, const void*, long unsigned int, long unsigned int)’ forming offset [8, 63] is out of the bounds [0, 8] of object ‘u’ with type ‘uint64_t’ {aka ‘long unsigned int’} [-Warray-bounds]
   29 |   return __builtin___memcpy_chk (__dest, __src, __len,
      |          ~~~~~~~~~~~~~~~~~~~~~~~^~~~~~~~~~~~~~~~~~~~~~
   30 |                                  __glibc_objsize0 (__dest));
      |                                  ~~~~~~~~~~~~~~~~~~~~~~~~~~
In file included from /data/wenqianz/pivoter_repo/research/r1_skyline_index_20260918/chain_index_tool.cpp:12:
/data/wenqianz/pivoter_repo/research/r1_skyline_index_20260918/chain_index.hpp: In lambda function:
/data/wenqianz/pivoter_repo/research/r1_skyline_index_20260918/chain_index.hpp:52:156: note: ‘u’ declared here
   52 |     template<size_t Wb> static double load(const unsigned char* p) { if constexpr (Wb == 8) { double x; std::memcpy(&x, p, 8); return x; } else { uint64_t u = 0; std::memcpy(&u, p, Wb); return static_cast<double>(u); } }
      |                                                                                                                                                            ^
